sym,ot,side,entry,exit,kind,r
BTCUSDT,1580521500000,1,9398.0,9444.99,tp,0.1377552775978003
XRPUSDT,1580521500000,1,0.2412,0.24240599999999998,tp,0.09256704980842789
ETHUSDT,1580521500000,1,182.83,183.74415,tp,0.07838046272493383
BTCUSDT,1580645700000,1,9421.4,9468.506999999998,tp,0.11448724128626525
XRPUSDT,1580773500000,1,0.2543,0.2555715,tp,0.06860606060605985
XRPUSDT,1580862600000,1,0.2716,0.272958,tp,0.061737649063031155
XRPUSDT,1580879700000,1,0.2776,0.27898799999999996,tp,0.05123966942148557
ETHUSDT,1580898600000,1,193.5,194.46749999999997,tp,0.0771829304685145
BTCUSDT,1580918400000,1,9480.0,9527.4,tp,0.11364597242746188
ETHUSDT,1580919300000,1,199.0,199.99499999999998,tp,0.0751079679396495
ETHUSDT,1580944500000,1,205.88,206.90939999999998,tp,0.06401976681337225
XRPUSDT,1580962500000,1,0.281,0.282405,tp,0.06991930477963942
ETHUSDT,1580976900000,1,208.47,209.51234999999997,tp,0.06128176957445083
ETHUSDT,1580999400000,1,213.61,214.67804999999998,tp,0.06117412935323213
XRPUSDT,1581037200000,1,0.2851,0.2865255,tp,0.04534284581846906
ETHUSDT,1581037200000,1,216.7,217.78349999999998,tp,0.07208157174832056
ETHUSDT,1581156000000,1,224.6,225.72299999999996,tp,0.05654056088838501
BTCUSDT,1581198300000,1,9867.3,9916.636499999999,tp,0.13798453185285933
XRPUSDT,1581216300000,1,0.281,0.282405,tp,0.05160935350756511
ETHUSDT,1581220800000,1,227.67,228.80834999999996,tp,0.09143946233323112
XRPUSDT,1581228900000,1,0.2842,0.28562099999999996,tp,0.09046937151948817
ZECUSDT,1581231600000,1,72.03,72.39014999999999,tp,0.059685300207037946
BTCUSDT,1581292800000,1,10150.0,10200.749999999998,tp,0.12432583891590546
BTCUSDT,1581427800000,1,9855.84,9905.1192,tp,0.15876423156582128
XRPUSDT,1581434100000,1,0.274,0.27537,tp,0.1102811244979907
ETHUSDT,1581435000000,1,229.18,230.3259,tp,0.0887161639597821
BNBUSDT,1581442200000,1,25.245,25.371225,tp,0.06644312952005157
ZECUSDT,1581454800000,1,72.29,72.65145,tp,0.06042997286578847
XRPUSDT,1581470100000,1,0.2847,0.2861235,tp,0.09201923076922867
XRPUSDT,1581489900000,1,0.2902,0.291651,tp,0.07865047233468186
ZECUSDT,1581491700000,1,74.64,75.0132,tp,0.06812685375313653
ETHUSDT,1581491700000,1,249.29,250.53644999999997,tp,0.05598430053265967
BNBUSDT,1581492600000,1,25.864,25.993319999999997,tp,0.06601669534187027
BTCUSDT,1581516000000,1,10362.0,10413.81,tp,0.11552847283333487
ETHUSDT,1581525900000,1,257.82,259.10909999999996,tp,0.048551193658832606
XRPUSDT,1581541200000,1,0.3039,0.30541949999999995,tp,0.03885277246653785
ETHUSDT,1581543900000,1,267.81,269.14905,tp,0.04742386178324248
BNBUSDT,1581557400000,1,26.98,27.1149,tp,0.054791761091805787
XRPUSDT,1581561900000,1,0.3286,0.33024299999999995,tp,0.03659432387312077
BTCUSDT,1581577200000,1,10432.0,10484.159999999998,tp,0.1318013587651685
ETHUSDT,1581696900000,1,275.68,277.05839999999995,tp,0.03428163594612904
BNBUSDT,1581699600000,1,26.0,26.129999999999995,tp,0.05886741268226306
BTCUSDT,1581705900000,1,10310.0,10361.55,tp,0.12253810511817981
XRPUSDT,1581730200000,1,0.3407,0.34240349999999997,tp,0.05713574097135635
ZECUSDT,1581781500000,1,74.44,70.02607377158922,stop,-1.0150715636466265
ETHUSDT,1581956100000,1,256.0,257.28,tp,0.03215936853974749
BNBUSDT,1581958800000,1,23.086,23.201429999999995,tp,0.029296292772649956
XRPUSDT,1581967800000,1,0.2851,0.2865255,tp,0.030477715505737232
BNBUSDT,1581983100000,1,23.452,23.56926,tp,0.04871563907438969
ETHUSDT,1581993000000,1,268.81,270.15405,tp,0.0471711332983003
BTCUSDT,1582000200000,1,9738.15,9786.84075,tp,0.10767076989347049
ETHUSDT,1582040700000,1,272.0,273.35999999999996,tp,0.04324983180972593
BTCUSDT,1582041600000,1,9821.0,9870.105,tp,0.09612351239598588
XRPUSDT,1582045200000,1,0.2954,0.29687699999999995,tp,0.037970456005136786
ZECUSDT,1582050600000,1,65.2,65.526,tp,0.03403426791277186
ETHUSDT,1582058700000,1,284.81,286.23404999999997,tp,0.037966237139146014
BNBUSDT,1582081200000,1,24.23,24.351149999999997,tp,0.04810776011489004
ZECUSDT,1582107300000,1,66.35,66.68175,tp,0.06098782448885796
BTCUSDT,1582132500000,1,10198.88,10249.874399999999,tp,0.11966244280801583
ZECUSDT,1582148700000,1,68.6,61.48229421060192,stop,-1.0082060401523023
ETHUSDT,1582148700000,1,283.89,260.66446266948554,stop,-1.0106620241336974
BNBUSDT,1582240500000,1,22.19,22.30095,tp,0.04939116946429517
ETHUSDT,1582250400000,1,260.28,261.5813999999999,tp,0.03581003106968328
ZECUSDT,1582253100000,1,62.39,62.70195,tp,0.050386473429951006
BNBUSDT,1582254900000,1,22.461,22.573304999999998,tp,0.06321839080459729
XRPUSDT,1582257600000,1,0.2768,0.278184,tp,0.060010804970286415
ETHUSDT,1582293600000,1,264.19,265.51095,tp,0.07374410213710678
ZECUSDT,1582302600000,1,62.85,63.164249999999996,tp,0.06313047833708875
BNBUSDT,1582426800000,1,22.213,22.324064999999997,tp,0.0741526908635772
BTCUSDT,1582428600000,1,9690.0,9738.449999999999,tp,0.19804109071218712
XRPUSDT,1582430400000,1,0.2783,0.2796915,tp,0.07246263807667237
ETHUSDT,1582452900000,1,272.23,273.59114999999997,tp,0.09297609934506776
ZECUSDT,1582453800000,1,63.45,63.76725,tp,0.061566060606059424
BNBUSDT,1582469100000,1,22.857,22.971284999999998,tp,0.07601524946129515
ETHUSDT,1582503300000,1,274.3,275.6715,tp,0.10892722585762141
BTCUSDT,1582504200000,1,9950.0,9999.749999999998,tp,0.13462915152189675
XRPUSDT,1582511400000,1,0.2842,0.27152945831867753,stop,-1.020358481262329
ZECUSDT,1582562700000,1,63.85,60.25825023463163,stop,-1.0159380083420226
ETHUSDT,1582767000000,-1,215.34,214.26330000000002,tp,0.02888911781875591
XRPUSDT,1582875900000,-1,0.2347,0.2335265,tp,0.05485647334504952
ETHUSDT,1582880400000,-1,223.6,222.482,tp,0.04050632911392389
BTCUSDT,1582884000000,-1,8610.0,8566.95,tp,0.0655440341917731
BNBUSDT,1582976700000,-1,17.87,20.259193967464984,stop,-1.0080555344317703
ETHUSDT,1582978500000,-1,225.31,224.18345,tp,0.057128953771290014
BTCUSDT,1582982100000,-1,8670.0,8626.65,tp,0.11578350898697055
XRPUSDT,1582984800000,-1,0.2343,0.23312850000000002,tp,0.06729885057471215
ETHUSDT,1583022600000,-1,221.15,220.04425,tp,0.06622886473429951
XRPUSDT,1583022600000,-1,0.2323,0.2311385,tp,0.08497237569060867
BTCUSDT,1583080200000,-1,8553.0,8510.235,tp,0.12065261736329636
ETHUSDT,1583088300000,-1,214.66,213.5867,tp,0.04724690338563122
XRPUSDT,1583089200000,-1,0.226,0.22487000000000001,tp,0.06197530864197487
BNBUSDT,1583089200000,-1,18.667,18.573665000000002,tp,0.05215069546375847
XRPUSDT,1583222400000,-1,0.2352,0.23402399999999998,tp,0.08476964769647768
ETHUSDT,1583222400000,-1,227.69,226.55155,tp,0.0676888690210107
XRPUSDT,1583248500000,-1,0.2335,0.23233250000000003,tp,0.08164479440069913
ETHUSDT,1583248500000,-1,226.04,224.9098,tp,0.06748556430446205
BNBUSDT,1583258400000,-1,19.454,19.35673,tp,0.05790749887741464
ETHUSDT,1583334000000,-1,222.7,221.5865,tp,0.08134063926940556
BNBUSDT,1583399700000,-1,19.623,20.94304721938776,stop,-1.0150721084565797
BTCUSDT,1583399700000,-1,8703.72,9040.151681920213,stop,-1.0255271562083788
BNBUSDT,1583558100000,-1,21.003,20.897985,tp,0.06806330559634603
XRPUSDT,1583585100000,-1,0.2415,0.2402925,tp,0.12818061088977406
BNBUSDT,1583600400000,-1,20.885,20.780575000000002,tp,0.0988210227272719
BTCUSDT,1583600400000,-1,9027.0,8981.865,tp,0.1263593609613658
XRPUSDT,1583603100000,-1,0.2385,0.23730749999999998,tp,0.09033238366571787
BNBUSDT,1583634600000,-1,19.748,19.64926,tp,0.0653508989974312
ETHUSDT,1583636400000,-1,232.0,230.84,tp,0.07467632850241523
ETHUSDT,1583649000000,-1,229.39,228.24304999999998,tp,0.067408552292633
XRPUSDT,1583670600000,-1,0.2308,0.22964600000000002,tp,0.09178109452736202
ZECUSDT,1583671500000,-1,48.22,47.978899999999996,tp,0.028337009263343947
BTCUSDT,1583671500000,-1,8707.28,8663.7436,tp,0.1719121289882408
BNBUSDT,1583680500000,-1,18.75,18.65625,tp,0.06572656318512675
ETHUSDT,1583686800000,-1,212.0,210.94,tp,0.03619248146685972
BTCUSDT,1583686800000,-1,8299.06,8257.564699999999,tp,0.07051852806045819
ZECUSDT,1583707500000,-1,43.61,43.39195,tp,0.03443978430197692
BNBUSDT,1583710200000,-1,17.618,17.529909999999997,tp,0.035920796142403205
ETHUSDT,1583712900000,-1,203.06,202.0447,tp,0.02791692541226789
BTCUSDT,1583712900000,-1,8115.94,8075.360299999999,tp,0.06404189399728709
BNBUSDT,1583730000000,-1,16.715,16.631425,tp,0.02925758782408636
BNBUSDT,1583767800000,-1,16.12,16.0394,tp,0.03513022543226104
ETHUSDT,1583767800000,-1,196.18,195.19910000000002,tp,0.03341880341880309
BNBUSDT,1583915400000,-1,16.569,16.486155,tp,0.06813534917206525
ZECUSDT,1583918100000,-1,40.68,40.4766,tp,0.046944444444444906
ETHUSDT,1583920800000,-1,197.51,196.52245,tp,0.04639330741133499
ETHUSDT,1583939700000,-1,194.79,193.81605,tp,0.058288288288288484
BNBUSDT,1583941500000,-1,16.239,16.157805,tp,0.054916518349013364
ZECUSDT,1583947800000,-1,39.03,38.83485,tp,0.04239344262295046
BTCUSDT,1583949600000,-1,7672.85,7634.485750000001,tp,0.052531434080203186
XRPUSDT,1583984700000,-1,0.1996,0.198602,tp,0.04468347338935575
BNBUSDT,1583989200000,-1,15.423,15.345884999999999,tp,0.03778354336545632
ETHUSDT,1583990100000,-1,181.88,180.9706,tp,0.03110996163627762
ZECUSDT,1583993700000,-1,37.41,37.22295,tp,0.03210163652024111
BNBUSDT,1584003600000,-1,14.443,14.370785,tp,0.03201111111111104
BTCUSDT,1584055800000,-1,5561.17,5533.36415,tp,0.017618689349466716
XRPUSDT,1584056700000,-1,0.1435,0.14278249999999998,tp,0.012973720608575549
ZECUSDT,1584066600000,-1,23.35,23.23325,tp,0.007236877164934697
ETHUSDT,1584066600000,-1,94.16,176.32185185185185,stop,-1.0020387291119155
BNBUSDT,1584067500000,-1,8.873,8.828634999999998,tp,0.007724924282914814
ZECUSDT,1584178200000,-1,25.48,25.3526,tp,0.020166666666666905
BTCUSDT,1584224100000,-1,5261.09,5234.78455,tp,0.027993013025563368
BNBUSDT,1584225900000,-1,10.37,10.31815,tp,0.03125543105419613
XRPUSDT,1584225900000,-1,0.1477,0.1469615,tp,0.040000000000000244
ETHUSDT,1584226800000,-1,125.14,124.5143,tp,0.03565380725328681
ZECUSDT,1584306000000,-1,25.04,24.9148,tp,0.0446827524575512
BTCUSDT,1584308700000,-1,5207.06,5831.741146757753,stop,-1.0088687710813347
ETHUSDT,1584316800000,-1,121.73,121.12135,tp,0.04301213418986413
BNBUSDT,1584320400000,-1,10.134,10.08333,tp,0.022229551451187397
ETHUSDT,1584345600000,-1,108.74,108.1963,tp,0.02487927680512647
BNBUSDT,1584513000000,-1,10.153,10.102235,tp,0.044813702591480445
ETHUSDT,1584515700000,-1,113.52,112.9524,tp,0.03104522682039655
XRPUSDT,1584515700000,-1,0.1439,0.1431805,tp,0.037126213592233705
BTCUSDT,1584516600000,-1,5136.3,5110.6185000000005,tp,0.030355918703406693
ZECUSDT,1584558900000,-1,24.21,28.271446629213486,stop,-1.0066128837209307
ETHUSDT,1584729900000,-1,136.04,135.35979999999998,tp,0.018698013336083393
XRPUSDT,1584729900000,-1,0.1618,0.160991,tp,0.030693257359924175
ZECUSDT,1584743400000,-1,31.92,31.7604,tp,0.015315723270440356
BTCUSDT,1584883800000,-1,6100.57,6070.06715,tp,0.04217179919792678
ZECUSDT,1584893700000,-1,31.22,31.0639,tp,0.032074303405572484
BNBUSDT,1584901800000,-1,11.43,11.37285,tp,0.02979594497685638
XRPUSDT,1584907200000,-1,0.1502,0.149449,tp,0.043792851932895754
ETHUSDT,1584909000000,-1,123.3,122.6835,tp,0.030103572960715884
ZECUSDT,1584917100000,-1,29.73,29.58135,tp,0.02849407783417933
BTCUSDT,1584918000000,-1,5855.68,5826.4016,tp,0.03176332709190184
XRPUSDT,1584921600000,-1,0.1476,0.14686200000000002,tp,0.04167020523708357
ZECUSDT,1585106100000,-1,31.89,31.73055,tp,0.05184640522875812
ETHUSDT,1585139400000,-1,134.98,134.30509999999998,tp,0.04087767584097904
ZECUSDT,1585139400000,-1,31.28,31.1236,tp,0.04416666666666706
ZECUSDT,1585203300000,-1,31.5,31.3425,tp,0.0674396135265696
ZECUSDT,1585316700000,-1,31.58,31.422099999999997,tp,0.061294403892944674
BTCUSDT,1585351800000,-1,6522.34,6489.7283,tp,0.0391510106191469
ZECUSDT,1585353600000,-1,31.34,31.1833,tp,0.05045879009338246
BNBUSDT,1585353600000,-1,12.086,12.02557,tp,0.045831669044222596
XRPUSDT,1585355400000,-1,0.1691,0.1682545,tp,0.02858110969927997
BTCUSDT,1585367100000,-1,6174.9,6144.0255,tp,0.05008218355476832
ZECUSDT,1585370700000,-1,29.88,29.7306,tp,0.045767012687428006
BNBUSDT,1585416600000,-1,11.902,11.84249,tp,0.03945428832875763
ETHUSDT,1585416600000,-1,127.16,126.5242,tp,0.043531044051335725
BTCUSDT,1585418400000,-1,6115.0,6084.425,tp,0.071925885391843
ZECUSDT,1585418400000,-1,29.44,29.2928,tp,0.06032820512820572
BTCUSDT,1585468800000,-1,6125.0,6094.375,tp,0.10575115820196973
BNBUSDT,1585473300000,-1,11.857,11.797714999999998,tp,0.10052329291640175
ZECUSDT,1585474200000,-1,29.54,29.3923,tp,0.0884494382022476
ETHUSDT,1585507500000,-1,127.63,126.99185,tp,0.08400987654320895
XRPUSDT,1585509300000,-1,0.1698,0.16895100000000002,tp,0.0703634475597085
ZECUSDT,1585510200000,-1,29.14,28.9943,tp,0.07921088435374238
BTCUSDT,1585510200000,-1,6060.0,6029.7,tp,0.07753833752375174
ZECUSDT,1585584000000,-1,28.19,30.74931576144835,stop,-1.0114139296187687
ZECUSDT,1585653300000,-1,30.41,30.25795,tp,0.06508038585208964
BTCUSDT,1585656000000,-1,6370.22,6338.3689,tp,0.07617153652920833
BTCUSDT,1585745100000,-1,6240.0,6208.8,tp,0.08930723907536167
BNBUSDT,1585747800000,-1,12.222,12.16089,tp,0.10455148790408754
ETHUSDT,1585747800000,-1,131.15,130.49425,tp,0.10311111111111304
XRPUSDT,1585756800000,-1,0.1713,0.1704435,tp,0.11373333333333488
ZECUSDT,1585756800000,-1,30.35,30.19825,tp,0.08410256410256403
BNBUSDT,1585768500000,-1,12.051,11.990745,tp,0.08827282728272778
ZECUSDT,1585821600000,-1,29.87,31.709347352546917,stop,-1.016377482993197
BTCUSDT,1585926900000,-1,6743.68,6709.9616000000005,tp,0.04760970199207649
ZECUSDT,1585929600000,-1,32.07,31.90965,tp,0.055951134380454036
ETHUSDT,1585931400000,-1,140.25,139.54875,tp,0.046819133785707547
XRPUSDT,1585931400000,-1,0.1775,0.17661249999999998,tp,0.07014836795252324
ZECUSDT,1586102400000,-1,32.91,32.74545,tp,0.12454545454545327
ETHUSDT,1586149200000,-1,141.91,148.47837563586268,stop,-1.0214747853463086
XRPUSDT,1586154600000,-1,0.1781,0.18521947969543148,stop,-1.024715079365078
BTCUSDT,1586154600000,-1,6729.1,7048.420648136587,stop,-1.0209695165496009
BNBUSDT,1586154600000,-1,13.023,14.213668544093819,stop,-1.0113406751054848
BNBUSDT,1586285100000,-1,14.736,14.662320000000001,tp,0.05082295988934961
BTCUSDT,1586432700000,-1,7250.0,7213.75,tp,0.09962405368499624
BNBUSDT,1586432700000,-1,14.897,14.822515000000001,tp,0.08863690476190371
XRPUSDT,1586432700000,-1,0.1977,0.19671149999999998,tp,0.08178608515057094
ETHUSDT,1586485800000,-1,168.13,167.28934999999998,tp,0.07277416558300911
BNBUSDT,1586488500000,-1,14.828,14.75386,tp,0.09080915092891105
XRPUSDT,1586489400000,-1,0.1972,0.19621399999999997,tp,0.12036697247706656
ZECUSDT,1586496600000,-1,37.08,36.8946,tp,0.02990707070707095
BNBUSDT,1586504700000,-1,14.022,13.95189,tp,0.04774138519276669
ETHUSDT,1586505600000,-1,157.62,156.8319,tp,0.04632993649387179
XRPUSDT,1586517300000,-1,0.188,0.18706,tp,0.05319057815845806
ZECUSDT,1586533500000,-1,35.06,34.8847,tp,0.03487333834963634
BTCUSDT,1586533500000,-1,6799.68,6765.6816,tp,0.07821621637189524
BNBUSDT,1586536200000,-1,13.708,13.63946,tp,0.055899495417568
ETHUSDT,1586536200000,-1,155.51,154.73245,tp,0.05711117271971097
XRPUSDT,1586536200000,-1,0.1849,0.18397550000000001,tp,0.06407699037620271
XRPUSDT,1586577600000,1,0.19,0.19094999999999998,tp,0.08902923976607988
BNBUSDT,1586578500000,1,13.996,14.06598,tp,0.07558974358974273
ZECUSDT,1586584800000,1,36.95,37.13475,tp,0.05926282051281856
BNBUSDT,1586691000000,1,13.892,13.961459999999997,tp,0.11966429954809137
ZECUSDT,1586699100000,1,36.47,36.65235,tp,0.07960975609756073
BTCUSDT,1586700000000,1,6889.76,6924.208799999999,tp,0.16211574946988394
XRPUSDT,1586700900000,1,0.1928,0.193764,tp,0.09411192214111856
ETHUSDT,1586701800000,1,160.33,161.13165,tp,0.06685369908561856
BTCUSDT,1586736900000,1,7139.0,6774.396112052101,stop,-1.0176511455834207
ZECUSDT,1586737800000,1,37.82,34.96029295328584,stop,-1.0116138743455503
BNBUSDT,1586775600000,1,14.526,14.598629999999998,tp,0.06452554744525409
ZECUSDT,1586811600000,1,35.84,36.0192,tp,0.06328042328042155
XRPUSDT,1586811600000,1,0.1872,0.188136,tp,0.06815622161671134
ETHUSDT,1586815200000,1,156.56,157.34279999999998,tp,0.06093807184821183
BTCUSDT,1586815200000,1,6830.0,6864.15,tp,0.06943786591985969
BNBUSDT,1586827800000,1,14.96,15.034799999999999,tp,0.06835269993164546
BNBUSDT,1586868300000,1,15.515,15.592574999999998,tp,0.06009622786758869
ZECUSDT,1586872800000,1,36.05,36.23024999999999,tp,0.07575853018372458
BTCUSDT,1586872800000,1,6895.0,6929.474999999999,tp,0.08544713334817873
ETHUSDT,1586877300000,1,158.98,159.77489999999997,tp,0.0724943310657581
XRPUSDT,1586991600000,1,0.1883,0.18020548732171154,stop,-1.0211495391705083
ZECUSDT,1587020400000,1,36.01,36.19004999999999,tp,0.06999999999999797
BNBUSDT,1587024000000,1,15.13,15.205649999999999,tp,0.05021751621111241
XRPUSDT,1587024900000,1,0.1864,0.187332,tp,0.055407407407406656
BNBUSDT,1587078900000,1,15.582,15.659909999999998,tp,0.08532348515934594
ZECUSDT,1587160800000,1,39.29,39.48645,tp,0.06520729684908759
ETHUSDT,1587166200000,1,173.66,174.52829999999997,tp,0.059740482942337365
BNBUSDT,1587176100000,1,15.851,15.930254999999999,tp,0.0667296984977397
ZECUSDT,1587181500000,1,41.25,41.45625,tp,0.05461259479063554
BTCUSDT,1587214800000,1,7129.37,7165.016849999999,tp,0.07521391802066806
XRPUSDT,1587214800000,1,0.1922,0.193161,tp,0.08139682539682451
BNBUSDT,1587216600000,1,16.126,16.20663,tp,0.10900809716599143
ZECUSDT,1587224700000,1,41.89,42.09945,tp,0.0799619591060378
ZECUSDT,1587295800000,1,44.21,44.43105,tp,0.05799934832192855
BNBUSDT,1587304800000,1,16.612,15.849455452366682,stop,-1.0197457089247832
ZECUSDT,1587332700000,1,46.86,47.0943,tp,0.0361467889908254
ZECUSDT,1587347100000,1,47.44,47.67719999999999,tp,0.05015822784810006
BNBUSDT,1587355200000,1,16.3,16.3815,tp,0.0828923624348694
BTCUSDT,1587384000000,1,7178.0,6927.449721026367,stop,-1.0262664933439078
ETHUSDT,1587410100000,1,184.2,170.39246353322523,stop,-1.0117235135135145
ZECUSDT,1587523500000,1,43.03,43.245149999999995,tp,0.04032748538011599
ETHUSDT,1587536100000,1,173.25,174.11624999999998,tp,0.09251896207584596
BNBUSDT,1587539700000,1,15.296,15.372479999999998,tp,0.09633191890617428
BTCUSDT,1587540600000,1,6918.0,6952.589999999999,tp,0.1448744328042959
ZECUSDT,1587542400000,1,43.59,43.80795,tp,0.06151578947368264
XRPUSDT,1587561300000,1,0.1855,0.18642749999999997,tp,0.07525835866261166
ZECUSDT,1587571200000,1,44.41,44.63204999999999,tp,0.056581033935933105
BTCUSDT,1587605400000,1,7128.61,7164.253049999999,tp,0.10556823902164511
ETHUSDT,1587645000000,1,183.98,184.89989999999997,tp,0.09052220595412215
XRPUSDT,1587647700000,1,0.19,0.19094999999999998,tp,0.13489361702127348
BNBUSDT,1587793500000,1,16.041,16.121205,tp,0.1271058358061313
XRPUSDT,1587793500000,1,0.1947,0.1956735,tp,0.11099715099715014
BTCUSDT,1587797100000,1,7546.97,7584.704849999999,tp,0.14495189359091937
ZECUSDT,1587808800000,1,44.66,44.88329999999999,tp,0.0914519427402841
ETHUSDT,1587822300000,1,195.32,196.29659999999998,tp,0.07499043245311811
BNBUSDT,1587898800000,1,16.278,16.359389999999998,tp,0.12567129629629406
ETHUSDT,1587899700000,1,196.3,197.2815,tp,0.10776090822048737
XRPUSDT,1587908700000,1,0.1964,0.19738199999999997,tp,0.12192248062015297
BNBUSDT,1587948300000,1,16.43,16.51215,tp,0.10946322067594229
BTCUSDT,1587956400000,1,7709.57,7748.117849999999,tp,0.12282820090801065
ZECUSDT,1587993300000,1,45.11,43.13637508301971,stop,-1.0207635989879806
BTCUSDT,1588027500000,1,7724.14,7762.7607,tp,0.1413977521102527
XRPUSDT,1588066200000,1,0.1983,0.19929149999999998,tp,0.10726045883940363
ETHUSDT,1588077000000,1,196.29,197.27144999999996,tp,0.09655866470299146
ZECUSDT,1588116600000,1,44.53,44.752649999999996,tp,0.09402953586497655
BTCUSDT,1588125600000,1,7760.0,7798.799999999999,tp,0.191539809467394
BNBUSDT,1588140000000,1,16.395,16.476975,tp,0.17494271249667045
ZECUSDT,1588166100000,1,45.66,45.888299999999994,tp,0.0821326164874544
XRPUSDT,1588170600000,1,0.2204,0.22150199999999998,tp,0.07712554112553882
BNBUSDT,1588171500000,1,16.919,17.003594999999997,tp,0.11524004085801347
ETHUSDT,1588176000000,1,209.8,210.849,tp,0.07121620476311391
BTCUSDT,1588193100000,1,8829.07,8873.215349999999,tp,0.044245352202004595
BNBUSDT,1588206600000,1,17.361,17.447805,tp,0.05390914015942944
ZECUSDT,1588212900000,1,47.82,48.059099999999994,tp,0.04937853107344504
XRPUSDT,1588220100000,1,0.2318,0.23295899999999997,tp,0.0682819383259891
BTCUSDT,1588229100000,1,9320.0,9366.599999999999,tp,0.04572396431173722
BNBUSDT,1588239900000,1,18.014,16.6176092482199,stop,-1.0113053805073429
ETHUSDT,1588312800000,1,212.87,213.93435,tp,0.05792646661259728
XRPUSDT,1588314600000,1,0.2182,0.21929099999999999,tp,0.0634482758620678
BTCUSDT,1588329900000,1,8840.0,8884.199999999999,tp,0.09257541306654352
XRPUSDT,1588425300000,1,0.2194,0.220497,tp,0.10580024067388559
BNBUSDT,1588428000000,1,17.472,17.559359999999998,tp,0.16204487624334324
BTCUSDT,1588430700000,1,8893.85,8938.319249999999,tp,0.12962024765036614
ZECUSDT,1588435200000,1,45.84,46.069199999999995,tp,0.1319252873563172
ETHUSDT,1588465800000,1,215.29,216.36644999999996,tp,0.06251209823040613
BNBUSDT,1588471200000,1,17.568,17.655839999999998,tp,0.12649775381850348
ZECUSDT,1588552200000,1,46.86,44.445515254960526,stop,-1.017487474120082
ZECUSDT,1588605300000,1,44.0,44.22,tp,0.06173669467787076
BTCUSDT,1588606200000,1,8787.0,8830.935,tp,0.08258684830161397
ETHUSDT,1588606200000,1,205.28,206.30639999999997,tp,0.05509004485505614
XRPUSDT,1588626000000,1,0.2185,0.21959249999999997,tp,0.06122733612273187
BTCUSDT,1588628700000,1,8888.0,8932.439999999999,tp,0.08779706288192125
ETHUSDT,1588630500000,1,208.0,209.03999999999996,tp,0.05979354838709461
BNBUSDT,1588640400000,1,17.065,17.150325,tp,0.1062193227710435
ETHUSDT,1588662000000,1,209.1,210.14549999999997,tp,0.06782973911638637
BTCUSDT,1588736700000,1,9000.0,9044.999999999998,tp,0.09420219041354419
XRPUSDT,1588738500000,1,0.2177,0.21878849999999997,tp,0.11205128205127865
BNBUSDT,1588755600000,1,16.904,16.988519999999998,tp,0.12633072041806268
ZECUSDT,1588764600000,1,44.25,44.47125,tp,0.11699009900989986
XRPUSDT,1588764600000,1,0.2204,0.22150199999999998,tp,0.11156565656565266
BTCUSDT,1588802400000,1,9300.0,9346.499999999998,tp,0.08130858689275729
ETHUSDT,1588809600000,1,210.13,196.89636479773728,stop,-1.014134555146713
BTCUSDT,1588858200000,1,9384.15,9431.070749999999,tp,0.09908717721425356
XRPUSDT,1588878000000,1,0.2184,0.219492,tp,0.06185654008438731
BTCUSDT,1588893300000,1,9899.52,9949.0176,tp,0.053292721957305625
ZECUSDT,1588955400000,1,44.99,45.214949999999995,tp,0.05713923247700416
BNBUSDT,1588956300000,1,17.104,17.189519999999998,tp,0.13206716850028893
BNBUSDT,1588988700000,1,17.4,17.487,tp,0.07751865463860101
XRPUSDT,1589004000000,1,0.2221,0.22321049999999998,tp,0.0685802469135793
BTCUSDT,1589068800000,1,9997.5,9405.200325447158,stop,-1.0150851683582647
ETHUSDT,1589069700000,1,215.63,195.1995314669134,stop,-1.0090766178266173
BTCUSDT,1589202000000,1,8888.88,8933.324399999998,tp,0.053405932090534285
ZECUSDT,1589220900000,1,41.75,37.850933908045974,stop,-1.0092223076923073
BNBUSDT,1589257800000,1,15.19,15.265949999999998,tp,0.04995485512599453
XRPUSDT,1589263200000,1,0.1954,0.19637699999999997,tp,0.06224343675417539
ZECUSDT,1589263200000,1,40.55,40.75274999999999,tp,0.059371345029238076
XRPUSDT,1589278500000,1,0.1965,0.19748249999999998,tp,0.07875875875875639
BTCUSDT,1589292900000,1,8777.77,8821.65885,tp,0.0707176182891701
ETHUSDT,1589292900000,1,191.08,192.03539999999998,tp,0.05751172660263362
BNBUSDT,1589294700000,1,15.992,16.07196,tp,0.05574438687392046
XRPUSDT,1589295600000,1,0.1983,0.19929149999999998,tp,0.06731128074639384
BTCUSDT,1589370300000,1,8971.0,9015.855,tp,0.1089241070616265
ZECUSDT,1589376600000,1,42.59,42.802949999999996,tp,0.08795069337441866
BNBUSDT,1589382900000,1,16.116,16.196579999999997,tp,0.10223913732952461
XRPUSDT,1589383800000,1,0.201,0.202005,tp,0.09714975845410462
BTCUSDT,1589400000000,1,9149.0,9194.744999999999,tp,0.07983939631858857
ETHUSDT,1589415300000,1,199.52,200.5176,tp,0.07481979458449867
BTCUSDT,1589436900000,1,9397.0,9443.984999999999,tp,0.09017472183795786
BNBUSDT,1589445900000,1,16.32,16.4016,tp,0.10509085061906823
XRPUSDT,1589446800000,1,0.2035,0.20451749999999996,tp,0.08563617245005083
ZECUSDT,1589449500000,1,43.29,43.506449999999994,tp,0.07998153277931429
BTCUSDT,1589449500000,1,9729.0,9777.644999999999,tp,0.07808596586236406
XRPUSDT,1589604300000,1,0.2009,0.2019045,tp,0.06077097505668883
ETHUSDT,1589604300000,1,199.89,200.88944999999995,tp,0.06255495580067076
BNBUSDT,1589675400000,1,16.149,16.229744999999998,tp,0.06899199999999726
BNBUSDT,1589716800000,1,16.231,16.312155,tp,0.15189908899789506
BTCUSDT,1589716800000,1,9532.19,9579.85095,tp,0.06211059696168569
ETHUSDT,1589717700000,1,202.36,203.37179999999998,tp,0.08789593495934657
ZECUSDT,1589726700000,1,46.16,46.39079999999999,tp,0.0706773823191719
BTCUSDT,1589764500000,1,9831.54,9880.6977,tp,0.08667085247237868
XRPUSDT,1589769000000,1,0.2048,0.20582399999999998,tp,0.10548717948717601
ETHUSDT,1589775300000,1,215.65,216.72824999999997,tp,0.08000741770977973
BTCUSDT,1589876100000,1,9730.0,9778.65,tp,0.09768933012434715
BNBUSDT,1589876100000,1,16.591,16.673955,tp,0.14367099567099154
BNBUSDT,1589932800000,1,17.165,17.250825,tp,0.12381055285431208
ZECUSDT,1589934600000,1,49.33,49.576649999999994,tp,0.049408239700373696
ETHUSDT,1589955300000,1,214.5,215.5725,tp,0.10602469135802356
XRPUSDT,1589989500000,1,0.2058,0.19804503640776697,stop,-1.0242609500805144
XRPUSDT,1590149700000,1,0.2006,0.20160299999999998,tp,0.07184986595174071
BTCUSDT,1590161400000,1,9159.87,9205.66935,tp,0.08518006081062113
ETHUSDT,1590163200000,1,204.4,205.422,tp,0.0947000231642337
ZECUSDT,1590165900000,1,48.17,48.410849999999996,tp,0.06615859938207905
BNBUSDT,1590165900000,1,16.653,16.736264999999996,tp,0.09170584192439586
ETHUSDT,1590300000000,1,208.43,209.47214999999997,tp,0.12826360153256278
ZECUSDT,1590336000000,1,47.63,45.71616088278465,stop,-1.0226927919112858
BTCUSDT,1590337800000,1,9265.42,8894.175132991662,stop,-1.0227598200735573
XRPUSDT,1590364800000,1,0.202,0.19120534388916377,stop,-1.016827314814815
BTCUSDT,1590433200000,1,8888.88,8933.324399999998,tp,0.07797120708748365
BNBUSDT,1590464700000,1,16.387,16.468935,tp,0.09273935794088291
ETHUSDT,1590567300000,1,202.85,203.86424999999997,tp,0.147507246376808
BNBUSDT,1590568200000,1,16.267,16.348335,tp,0.1416362053959959
XRPUSDT,1590569100000,1,0.1962,0.197181,tp,0.1159292035398211
BTCUSDT,1590575400000,1,8963.0,9007.814999999999,tp,0.11592891948332909
ETHUSDT,1590622200000,1,207.16,208.19579999999996,tp,0.12049425788631672
ZECUSDT,1590626700000,1,46.11,46.34054999999999,tp,0.10830985915492695
BNBUSDT,1590667200000,1,16.517,16.599584999999998,tp,0.1630177514792862
BTCUSDT,1590667200000,1,9230.0,9276.15,tp,0.11658282980866004
XRPUSDT,1590682500000,1,0.1982,0.19919099999999998,tp,0.1175703703703699
ZECUSDT,1590706800000,1,47.14,47.375699999999995,tp,0.11252380952380718
BTCUSDT,1590710400000,1,9549.0,9596.744999999999,tp,0.10929692972714164
ETHUSDT,1590712200000,1,220.79,221.89394999999996,tp,0.09610226411006112
ETHUSDT,1590812100000,1,222.57,223.68284999999997,tp,0.1212903225806434
BNBUSDT,1590813000000,1,17.193,17.278965,tp,0.10476016445865424
ZECUSDT,1590819300000,1,48.05,48.29024999999999,tp,0.10189719130895414
XRPUSDT,1590835500000,1,0.2013,0.20230649999999997,tp,0.12874003189792244
ETHUSDT,1590837300000,1,234.58,235.75289999999998,tp,0.06187784147064475
ZECUSDT,1590843600000,1,48.64,48.883199999999995,tp,0.08239966201943202
ZECUSDT,1590859800000,1,52.77,53.03385,tp,0.04695879659908393
BNBUSDT,1590867900000,1,17.501,17.588504999999998,tp,0.09003855050115248
XRPUSDT,1590879600000,1,0.2065,0.20753249999999998,tp,0.0845121951219507
BNBUSDT,1590885900000,1,17.758,17.84679,tp,0.1016923956546592
ZECUSDT,1591025400000,1,52.98,53.244899999999994,tp,0.0498683298683293
ETHUSDT,1591044300000,1,239.94,241.13969999999998,tp,0.0612957317073159
BTCUSDT,1591044300000,1,9572.44,9620.3022,tp,0.09887638593094457
XRPUSDT,1591045200000,1,0.2063,0.2073315,tp,0.10765624999999931
BNBUSDT,1591046100000,1,17.466,17.55333,tp,0.10404761904761614
ZECUSDT,1591054200000,1,54.21,54.481049999999996,tp,0.059599451303154034
XRPUSDT,1591093800000,1,0.2132,0.21426599999999998,tp,0.10314009661835542
BTCUSDT,1591109100000,1,10179.0,9864.155505254672,stop,-1.0297637337999892
ETHUSDT,1591109100000,1,252.8,241.79075053271248,stop,-1.020864384414996
ZECUSDT,1591109100000,1,55.12,51.35433176385368,stop,-1.012955632869449
BNBUSDT,1591109100000,1,18.173,17.45085184905142,stop,-1.022956936516172
ZECUSDT,1591195500000,1,51.58,51.83789999999999,tp,0.09075043630017154
ETHUSDT,1591209000000,1,239.46,240.6573,tp,0.10871201814058813
BNBUSDT,1591218000000,1,17.445,17.532224999999997,tp,0.12786549707601824
ETHUSDT,1591234200000,1,243.74,244.9587,tp,0.0970560190703207
ZECUSDT,1591236000000,1,53.14,53.405699999999996,tp,0.07961222967934248
XRPUSDT,1591242300000,1,0.2054,0.20642699999999997,tp,0.11138211382113554
BTCUSDT,1591276500000,1,9644.0,9692.22,tp,0.14034207426152837
BNBUSDT,1591334100000,1,17.63,17.718149999999998,tp,0.13656213704994002
BTCUSDT,1591408800000,-1,9615.08,9567.0046,tp,0.13904253580959627
BNBUSDT,1591537500000,1,17.841,17.036179429282477,stop,-1.020109290252596
ETHUSDT,1591659000000,1,245.48,246.70739999999995,tp,0.09047436248971474
ZECUSDT,1591765200000,1,54.34,54.6117,tp,0.07036175710594192
ZECUSDT,1591813800000,1,54.98,55.25489999999999,tp,0.08629019607842989
BTCUSDT,1591813800000,1,9800.0,9848.999999999998,tp,0.137116921750972
BNBUSDT,1591813800000,1,17.453,17.540264999999998,tp,0.19175438596491406
ETHUSDT,1591815600000,1,244.4,245.62199999999999,tp,0.16118978338182682
ZECUSDT,1591831800000,1,55.32,55.596599999999995,tp,0.07163271904299909
XRPUSDT,1591883100000,1,0.2055,0.19582970573929961,stop,-1.0192381136950917
XRPUSDT,1592118000000,-1,0.191,0.190045,tp,0.15053254437870003
ZECUSDT,1592487000000,-1,52.51,52.24745,tp,0.10581946545637864
XRPUSDT,1592495100000,-1,0.1909,0.1899455,tp,0.1420484171322156
BNBUSDT,1592511300000,-1,16.184,16.103080000000002,tp,0.14576992753622886
ETHUSDT,1592512200000,-1,230.77,229.61615,tp,0.15521885521885564
ZECUSDT,1592526600000,-1,51.87,51.61065,tp,0.10605222734254928
BTCUSDT,1592534700000,-1,9303.91,9257.390449999999,tp,0.14859221069880266
ZECUSDT,1592691300000,1,51.42,51.677099999999996,tp,0.14723891273247236
BNBUSDT,1592697600000,1,16.07,16.15035,tp,0.19967721911855837
ZECUSDT,1592802000000,1,51.69,51.948449999999994,tp,0.10772916666666527
BTCUSDT,1592802000000,1,9394.43,9441.40215,tp,0.20708002820376958
ETHUSDT,1592802900000,1,234.66,235.83329999999998,tp,0.1268662351672038
ZECUSDT,1592817300000,1,52.65,52.91324999999999,tp,0.10431604938271295
BNBUSDT,1592826300000,1,16.216,16.29708,tp,0.2031674491392803
XRPUSDT,1592829000000,1,0.1879,0.1888395,tp,0.16383442265794793
BTCUSDT,1592829900000,1,9450.0,9497.249999999998,tp,0.2182281284606802
ZECUSDT,1592844300000,1,53.04,53.30519999999999,tp,0.09998116760828395
BNBUSDT,1592858700000,1,16.4,16.481999999999996,tp,0.17778499864608036
ETHUSDT,1592973000000,1,244.9,246.12449999999998,tp,0.1681888147768045
BNBUSDT,1592973900000,1,16.456,16.538279999999997,tp,0.17670152855993093
BTCUSDT,1592994600000,1,9678.25,9402.135855601533,stop,-1.0323490456538558
XRPUSDT,1592994600000,1,0.1899,0.185107570977918,stop,-1.0366937500000013
ZECUSDT,1593078300000,1,55.58,55.857899999999994,tp,0.05917065390749496
ZECUSDT,1593234900000,-1,54.93,54.65535,tp,0.11557661927330214
BNBUSDT,1593266400000,-1,15.686,15.607569999999999,tp,0.18196283391405582
ZECUSDT,1593267300000,-1,54.06,53.7897,tp,0.08997914059240701
XRPUSDT,1593271800000,-1,0.1818,0.180891,tp,0.17042253521126643
ETHUSDT,1593271800000,-1,228.67,227.52665,tp,0.16447562511242952
BTCUSDT,1593279900000,-1,9107.34,9061.8033,tp,0.17744283149926104
XRPUSDT,1593520200000,-1,0.176,0.17512,tp,0.12395061728394965
ZECUSDT,1593520200000,-1,51.72,51.4614,tp,0.12032577079697579
BNBUSDT,1593610200000,-1,15.365,15.808076120746076,stop,-1.0338941134751778
ETHUSDT,1593620100000,-1,222.12,231.34541533474408,stop,-1.023823116531166
BTCUSDT,1593702000000,-1,9058.19,9012.89905,tp,0.17271598215394954
XRPUSDT,1593702000000,-1,0.1747,0.1738265,tp,0.1488034188034176
ETHUSDT,1593702000000,-1,227.5,226.3625,tp,0.13555654894948435
BNBUSDT,1593702000000,-1,15.685,15.606575000000001,tp,0.1599081866870686
ETHUSDT,1593884700000,-1,225.27,230.27272207671135,stop,-1.043728010994505
XRPUSDT,1593927900000,-1,0.1766,0.175717,tp,0.14176706827309268
BTCUSDT,1593942300000,-1,9065.82,9020.490899999999,tp,0.29575223405557965
ETHUSDT,1593943200000,-1,226.35,225.21824999999998,tp,0.18570666666666846
BNBUSDT,1593983700000,-1,15.333,15.256335,tp,0.2062563067608486
XRPUSDT,1593983700000,-1,0.1754,0.174523,tp,0.12425531914893488
ZECUSDT,1593983700000,-1,50.33,50.07835,tp,0.05263212977498648
BTCUSDT,1594016100000,-1,8986.51,9195.074044577063,stop,-1.0418831556515966
ETHUSDT,1594106100000,-1,237.35,236.16325,tp,0.0897790422000943
ZECUSDT,1594112400000,-1,54.28,54.0086,tp,0.06812716399118673
XRPUSDT,1594115100000,-1,0.1851,0.1841745,tp,0.08804761904761824
XRPUSDT,1594172700000,-1,0.1837,0.19144185761047466,stop,-1.0234917475728162
BTCUSDT,1594215900000,-1,9237.05,9459.558921108626,stop,-1.0403875086458532
ZECUSDT,1594261800000,-1,56.82,56.5359,tp,0.07663967611336074
ETHUSDT,1594305900000,-1,244.5,243.2775,tp,0.10658805546456988
ZECUSDT,1594359000000,-1,55.68,55.4016,tp,0.09433673469387667
ETHUSDT,1594359000000,-1,238.1,236.90949999999998,tp,0.1219069647905439
XRPUSDT,1594363500000,-1,0.1958,0.194821,tp,0.0636855036855042
BNBUSDT,1594364400000,-1,16.551,16.468245,tp,0.1003154382772204
ZECUSDT,1594875600000,-1,61.03,60.72485,tp,0.08349794238683074
DOGEUSDT,1594884600000,-1,0.002976,0.00296112,tp,0.04772782503037702
BNBUSDT,1595012400000,-1,17.235,17.148825,tp,0.09306277056277132
ZECUSDT,1595152800000,-1,58.11,57.819449999999996,tp,0.04568487727632665
BTCUSDT,1595316600000,-1,9080.0,9306.746182448525,stop,-1.0389925368438464
BNBUSDT,1595648700000,1,19.645,19.743225,tp,0.05650560828300239
XRPUSDT,1595653200000,1,0.208,0.20903999999999998,tp,0.09804475853945695
ZECUSDT,1595700000000,1,64.34,64.6617,tp,0.08969696969696775
BTCUSDT,1595709000000,1,9650.0,9698.249999999998,tp,0.20968010434085635
ETHUSDT,1595709000000,1,297.8,299.289,tp,0.05378714208535828
DOGEUSDT,1595719800000,1,0.00325,0.0032662499999999996,tp,0.08286792452830057
XRPUSDT,1595728800000,1,0.2173,0.21838649999999998,tp,0.08211520302171776
ZECUSDT,1595750400000,1,65.75,66.07875,tp,0.072852803093068
BNBUSDT,1595751300000,1,19.923,20.022614999999995,tp,0.08770088553623828
BTCUSDT,1595756700000,1,9740.0,9788.699999999999,tp,0.24628643276404863
ETHUSDT,1595811600000,1,314.59,316.16294999999997,tp,0.05850823616509303
BTCUSDT,1595818800000,1,10064.93,10115.254649999999,tp,0.13605614856366116
ZECUSDT,1595846700000,1,69.2,69.54599999999999,tp,0.05773898586865989
BTCUSDT,1595867400000,1,10399.0,10450.994999999999,tp,0.07654381645359154
BNBUSDT,1595880900000,1,19.552,19.649759999999997,tp,0.04294136914510212
XRPUSDT,1595881800000,1,0.2251,0.22622549999999997,tp,0.0643254817987136
ZECUSDT,1595889000000,1,71.89,72.24945,tp,0.039723833195249476
BNBUSDT,1595898900000,1,20.222,20.32311,tp,0.041675425038639205
XRPUSDT,1595950200000,1,0.2257,0.2268285,tp,0.0663742690058463
ZECUSDT,1595952900000,1,72.09,72.45044999999999,tp,0.047395833333331604
DOGEUSDT,1595961900000,1,0.003187,0.0032029349999999996,tp,0.08077840552416553
XRPUSDT,1595968200000,1,0.2306,0.231753,tp,0.04639598997493667
DOGEUSDT,1595988900000,1,0.003233,0.003249165,tp,0.07504036908881105
XRPUSDT,1595997000000,1,0.2398,0.240999,tp,0.04230366492146516
BTCUSDT,1596011400000,1,11067.91,11123.249549999999,tp,0.09885530896577081
ZECUSDT,1596013200000,1,72.5,72.8625,tp,0.06971401105503434
ZECUSDT,1596025800000,1,74.09,74.46045,tp,0.05556801195814522
BTCUSDT,1596038400000,1,11166.02,11221.8501,tp,0.08226546884266389
XRPUSDT,1596056400000,1,0.2435,0.24471749999999998,tp,0.06093808630393914
ETHUSDT,1596132000000,1,327.48,329.1174,tp,0.04195738464958133
DOGEUSDT,1596134700000,1,0.003202,0.0032180099999999994,tp,0.14432432432431955
ZECUSDT,1596155400000,1,71.6,71.95799999999998,tp,0.07307849133537034
BNBUSDT,1596171600000,1,20.479,20.581394999999997,tp,0.05422151731429961
ETHUSDT,1596193200000,1,341.44,343.14719999999994,tp,0.07229206349206113
BTCUSDT,1596207600000,1,11205.55,11261.577749999999,tp,0.13293530395159148
XRPUSDT,1596213000000,1,0.2476,0.24883799999999995,tp,0.09390151515151243
ZECUSDT,1596213900000,1,72.5,72.8625,tp,0.07903050108932384
ETHUSDT,1596231000000,1,347.15,348.8857499999999,tp,0.06274138242194312
ZECUSDT,1596234600000,1,74.65,75.02325,tp,0.06712519667340945
XRPUSDT,1596237300000,1,0.2575,0.2587875,tp,0.05186967418546351
DOGEUSDT,1596240000000,1,0.003229,0.0032451449999999996,tp,0.1105641025640994
ETHUSDT,1596253500000,1,349.83,351.57914999999997,tp,0.07851278600269099
ZECUSDT,1596254400000,1,78.8,79.19399999999999,tp,0.04764839148164826
XRPUSDT,1596254400000,1,0.2611,0.26240549999999996,tp,0.05869809203142343
BNBUSDT,1596259800000,1,20.829,20.933145,tp,0.09137719298245534
BTCUSDT,1596259800000,1,11439.14,11496.335699999998,tp,0.09795138822008405
ZECUSDT,1596272400000,1,80.2,80.601,tp,0.04061383647798706
XRPUSDT,1596282300000,1,0.2697,0.27104849999999997,tp,0.058502961766288504
ZECUSDT,1596292200000,1,82.21,82.62104999999998,tp,0.041833143435876796
ETHUSDT,1596298500000,1,358.8,360.594,tp,0.0746082996998852
XRPUSDT,1596299400000,1,0.2719,0.27325949999999993,tp,0.029268817204300166
ETHUSDT,1596311100000,1,385.5,387.42749999999995,tp,0.05084912142927136
BTCUSDT,1596312000000,1,11754.89,11813.664449999998,tp,0.09045777621999758
BNBUSDT,1596312000000,1,21.22,21.326099999999997,tp,0.07156105360599034
XRPUSDT,1596315600000,1,0.2944,0.29587199999999997,tp,0.02331753554502329
ZECUSDT,1596320100000,1,92.67,93.13335,tp,0.030156948849312262
ETHUSDT,1596332700000,1,394.8,396.77399999999994,tp,0.035653680822810646
XRPUSDT,1596335400000,1,0.2983,0.2997915,tp,0.031377497371187814
BNBUSDT,1596336300000,1,21.81,21.919049999999995,tp,0.05634292334427307
BTCUSDT,1596341700000,1,11980.0,12039.899999999998,tp,0.077487258786763
ETHUSDT,1596390300000,1,385.42,387.34709999999995,tp,0.031872460913454616
DOGEUSDT,1596427200000,1,0.003386,0.0034029299999999998,tp,0.05656666666666543
XRPUSDT,1596438000000,1,0.3001,0.30160049999999994,tp,0.042706131078222964
BNBUSDT,1596440700000,1,21.446,21.55323,tp,0.07089229754246912
ETHUSDT,1596453300000,1,387.3,389.2365,tp,0.053635136538261
XRPUSDT,1596455100000,1,0.3045,0.3060225,tp,0.040694722778890594
BTCUSDT,1596464100000,1,11269.82,11326.1691,tp,0.13443829253093903
ETHUSDT,1596503700000,1,399.44,401.43719999999996,tp,0.04583319041902384
DOGEUSDT,1596582000000,1,0.003547,0.0035647349999999994,tp,0.06863768115941889
ZECUSDT,1596591000000,1,85.49,85.91744999999999,tp,0.06093536521282098
BNBUSDT,1596602700000,1,23.014,23.129069999999995,tp,0.06244919930022626
ZECUSDT,1596622500000,1,88.1,88.54049999999998,tp,0.05823905558288058
BTCUSDT,1596643200000,1,11657.99,11716.279949999998,tp,0.0954418155875241
ZECUSDT,1596654900000,1,94.0,94.46999999999998,tp,0.043235628266301715
BTCUSDT,1596663000000,1,11729.0,11787.644999999999,tp,0.09706375128343143
BTCUSDT,1596720600000,1,11766.0,11824.829999999998,tp,0.13753396029257672
ZECUSDT,1596726000000,1,96.99,97.47494999999998,tp,0.05032944228274794
ETHUSDT,1596809700000,1,403.0,372.85244462785477,stop,-1.011749205467045
BNBUSDT,1596818700000,1,23.14,22.12817443015024,stop,-1.0207760767616925
BTCUSDT,1596825000000,1,11893.09,11341.938963046914,stop,-1.0195497083239853
BNBUSDT,1596887100000,1,22.362,22.473809999999997,tp,0.10073774179037195
BNBUSDT,1596929400000,1,22.721,22.834604999999996,tp,0.07126577317971378
DOGEUSDT,1596932100000,1,0.003517,0.003534585,tp,0.10594431903686755
ETHUSDT,1596935700000,1,393.76,395.7287999999999,tp,0.07111826802647803
BNBUSDT,1597030200000,1,22.556,22.668779999999998,tp,0.08485190409026586
DOGEUSDT,1597067100000,1,0.003506,0.0035235299999999995,tp,0.08791979949874451
ZECUSDT,1597079700000,1,97.36,89.22459919942521,stop,-1.0104190772301551
DOGEUSDT,1597118400000,1,0.003549,0.0035667449999999996,tp,0.08689823278488533
BNBUSDT,1597150800000,1,22.684,21.469588896232658,stop,-1.0167950617283938
XRPUSDT,1597177800000,1,0.3187,0.2675549126637554,stop,-1.0049697278911558
BTCUSDT,1597221000000,1,11430.0,11487.15,tp,0.0875058699909247
ZECUSDT,1597222800000,1,82.47,82.88234999999999,tp,0.033141256502600185
XRPUSDT,1597230000000,1,0.2853,0.2867265,tp,0.058527607361963246
ETHUSDT,1597236300000,1,382.37,384.28184999999996,tp,0.07169255165337302
BTCUSDT,1597244400000,1,11546.02,11603.7501,tp,0.09906835091686964
ETHUSDT,1597261500000,1,387.38,389.3169,tp,0.08507162851967665
DOGEUSDT,1597285800000,1,0.003499,0.0035164949999999997,tp,0.07374407582938275
DOGEUSDT,1597345200000,1,0.003471,0.003488355,tp,0.05639158576051688
BTCUSDT,1597352400000,1,11630.0,11688.15,tp,0.12927872059035905
XRPUSDT,1597363200000,1,0.2941,0.29557049999999996,tp,0.051416122004356864
DOGEUSDT,1597396500000,1,0.003497,0.003514485,tp,0.07413756613756549
BNBUSDT,1597397400000,1,21.987,22.096934999999995,tp,0.05435916450376805
BNBUSDT,1597415400000,1,22.979,23.093894999999996,tp,0.04623060420096669
XRPUSDT,1597420800000,1,0.2993,0.30079649999999997,tp,0.06586319218240849
BTCUSDT,1597421700000,1,11798.0,11856.989999999998,tp,0.10107225090593899
ZECUSDT,1597422600000,1,86.08,86.51039999999999,tp,0.05993084370677619
DOGEUSDT,1597444200000,1,0.003535,0.0035526749999999995,tp,0.0944799999999975
BNBUSDT,1597467600000,1,23.356,23.47278,tp,0.06929252605899236
DOGEUSDT,1597504500000,1,0.003589,0.003606945,tp,0.06841156946419968
BNBUSDT,1597598100000,1,23.346,23.462729999999997,tp,0.06838162130523669
ZECUSDT,1597653900000,1,85.0,85.425,tp,0.07407407407407357
XRPUSDT,1597667400000,1,0.3067,0.30823349999999994,tp,0.04860979462875089
BTCUSDT,1597670100000,1,11930.0,11989.65,tp,0.1469302951532912
BNBUSDT,1597680000000,1,23.314,23.430569999999996,tp,0.09173537495091935
XRPUSDT,1597698000000,1,0.3261,0.3277305,tp,0.0368355855855851
ZECUSDT,1597808700000,1,89.71,79.07246538204872,stop,-1.007061677805135
DOGEUSDT,1597932000000,1,0.003458,0.00347529,tp,0.08644194756554142
ETHUSDT,1597934700000,1,413.05,415.11524999999995,tp,0.08514468128925688
XRPUSDT,1597937400000,1,0.2927,0.29416349999999997,tp,0.10194444444444017
ZECUSDT,1597968900000,1,79.93,80.32965,tp,0.057542723511422096
ZECUSDT,1597986000000,1,80.51,80.91255,tp,0.04429042904290323
DOGEUSDT,1597990500000,1,0.0035,0.0035175,tp,0.07584664536741084
BNBUSDT,1598044500000,1,23.313,21.958478929153095,stop,-1.0154006869525136
XRPUSDT,1598044500000,1,0.2947,0.27824308429443684,stop,-1.0160619969627944
ZECUSDT,1598107500000,1,75.03,75.40514999999999,tp,0.05375581811671915
DOGEUSDT,1598130900000,1,0.003432,0.0034491599999999997,tp,0.0746016260162584
ZECUSDT,1598130900000,1,76.96,77.34479999999999,tp,0.05111001480019723
ETHUSDT,1598138100000,1,394.02,395.9900999999999,tp,0.10297833463847236
XRPUSDT,1598140800000,1,0.2853,0.2867265,tp,0.11009633911368094
DOGEUSDT,1598206500000,1,0.003435,0.0034521749999999996,tp,0.08527881040891945
ETHUSDT,1598212800000,1,393.58,395.54789999999997,tp,0.08540306426289804
BTCUSDT,1598212800000,1,11647.8,11706.038999999999,tp,0.2150589730132853
ZECUSDT,1598227200000,1,83.66,84.07829999999998,tp,0.040424505547514485
ETHUSDT,1598263200000,1,404.45,406.4722499999999,tp,0.10052559811577692
XRPUSDT,1598265900000,1,0.289,0.29044499999999995,tp,0.12944071588366612
BTCUSDT,1598357700000,1,11780.0,11509.509004760243,stop,-1.0404229114718941
ZECUSDT,1598364000000,1,82.57,75.52137192908145,stop,-1.010178619528619
ETHUSDT,1598364000000,1,408.99,384.3032117272971,stop,-1.014788803108285
ZECUSDT,1598411700000,1,75.72,76.09859999999999,tp,0.03641577060931818
BNBUSDT,1598415300000,1,22.014,22.124069999999996,tp,0.06752411575562499
BTCUSDT,1598450400000,1,11408.95,11465.99475,tp,0.16057412303338425
ETHUSDT,1598450400000,1,387.28,389.2163999999999,tp,0.06665806118497242
XRPUSDT,1598458500000,1,0.2788,0.28019399999999994,tp,0.0911165444172741
BNBUSDT,1598572800000,1,22.988,23.102939999999997,tp,0.05903186510226182
ZECUSDT,1598594400000,1,74.51,74.88255,tp,0.054064422728916345
ETHUSDT,1598596200000,1,388.64,390.5831999999999,tp,0.08137014956594195
ETHUSDT,1598614200000,1,392.0,393.96,tp,0.09168946568455416
XRPUSDT,1598624100000,1,0.2688,0.27014399999999994,tp,0.10185606060605758
BTCUSDT,1598629500000,1,11473.0,11530.364999999998,tp,0.12749635050595726
ZECUSDT,1598630400000,1,76.68,77.0634,tp,0.05855568225009394
ETHUSDT,1598685300000,1,397.91,399.89955,tp,0.10387227109807488
XRPUSDT,1598690700000,1,0.2724,0.27376199999999995,tp,0.08993399339933827
ZECUSDT,1598691600000,1,76.6,76.98299999999999,tp,0.0722347417840368
BTCUSDT,1598751000000,1,11543.0,11600.714999999998,tp,0.2291557167489082
ETHUSDT,1598751000000,1,404.5,406.5225,tp,0.0949287348231559
XRPUSDT,1598755500000,1,0.2768,0.278184,tp,0.13489051094890456
DOGEUSDT,1598756400000,1,0.00332,0.0033366,tp,0.07296174863387923
BNBUSDT,1598799600000,1,23.427,23.544134999999997,tp,0.1085833044683039
ETHUSDT,1598802300000,1,416.17,418.25084999999996,tp,0.08832935940231844
ZECUSDT,1598814900000,1,81.37,81.77685,tp,0.05442217768870959
ETHUSDT,1598829300000,1,425.77,427.8988499999999,tp,0.0690817854396811
BTCUSDT,1598831100000,1,11665.0,11723.324999999999,tp,0.18580478293740513
XRPUSDT,1598832000000,1,0.2832,0.284616,tp,0.0986248912097457
BNBUSDT,1598953500000,1,23.468,23.58534,tp,0.09431786216596233
ZECUSDT,1598976000000,1,81.49,81.89744999999999,tp,0.055755088079356536
ZECUSDT,1598990400000,1,84.51,84.93254999999999,tp,0.05799795709907885
BTCUSDT,1598995800000,1,11989.0,12048.944999999998,tp,0.12712868884457068
BNBUSDT,1598997600000,1,25.101,25.226504999999996,tp,0.05182147411374528
XRPUSDT,1598998500000,1,0.2955,0.29697749999999995,tp,0.072987654320986
DOGEUSDT,1599044400000,1,0.003267,0.003110863959352078,stop,-1.0189278577138285
ETHUSDT,1599044400000,1,486.8,440.5342854513101,stop,-1.0090457388427088
DOGEUSDT,1599108300000,-1,0.00305,0.00303475,tp,0.11483992467043351
ZECUSDT,1599113700000,-1,71.79,71.43105,tp,0.052701597918990276
ETHUSDT,1599115500000,-1,430.0,427.85,tp,0.048795173866028656
XRPUSDT,1599129900000,-1,0.2687,0.2673565,tp,0.06949416342412461
BTCUSDT,1599134400000,-1,11230.0,11173.85,tp,0.09429990778725018
BNBUSDT,1599134400000,-1,24.15,24.029249999999998,tp,0.03436549488905543
ETHUSDT,1599180300000,-1,390.29,388.33855,tp,0.02782618201694483
ZECUSDT,1599286500000,-1,58.3,58.0085,tp,0.03928970065956364
BNBUSDT,1599294600000,-1,20.5,20.3975,tp,0.04701560430701871
ETHUSDT,1599294600000,-1,378.31,376.41845,tp,0.046262589044460706
XRPUSDT,1599295500000,-1,0.2504,0.249148,tp,0.05324813631522915
BTCUSDT,1599296400000,-1,10356.48,10304.6976,tp,0.0839524637540181
ZECUSDT,1599303600000,-1,55.8,55.520999999999994,tp,0.03716340525171477
BTCUSDT,1599309000000,-1,10126.0,10075.37,tp,0.06565912028634961
BNBUSDT,1599309900000,-1,19.092,18.99654,tp,0.030386375392940784
ETHUSDT,1599311700000,-1,347.55,345.81225,tp,0.024739151273826712
XRPUSDT,1599323400000,-1,0.2421,0.2408895,tp,0.04326567433468672
DOGEUSDT,1599331500000,-1,0.002737,0.002723315,tp,0.04762904636920327
ETHUSDT,1599331500000,-1,335.0,333.325,tp,0.017989435057865363
BNBUSDT,1599332400000,-1,18.468,18.37566,tp,0.021931855574501186
ZECUSDT,1599455700000,-1,56.94,56.6553,tp,0.04353866820188086
BTCUSDT,1599457500000,-1,10181.01,10130.10495,tp,0.09686516749623213
ETHUSDT,1599459300000,-1,341.81,340.10095,tp,0.04179800018346915
BNBUSDT,1599461100000,-1,21.887,21.777565,tp,0.02949655971115234
DOGEUSDT,1599476400000,-1,0.002733,0.0027193350000000002,tp,0.07086900129701666
ETHUSDT,1599480000000,-1,334.99,333.31505,tp,0.034153917121550456
BNBUSDT,1599480000000,-1,21.31,21.20345,tp,0.02666038920276172
BTCUSDT,1599480900000,-1,10021.0,9970.895,tp,0.08522521027356252
BTCUSDT,1599559200000,-1,10135.0,10084.325,tp,0.11461687173956608
DOGEUSDT,1599561000000,-1,0.002739,0.002725305,tp,0.06558558558558654
ETHUSDT,1599571800000,-1,333.33,331.66335,tp,0.044727065067688025
DOGEUSDT,1599603300000,-1,0.002702,0.00268849,tp,0.06111490329920357
BNBUSDT,1599696900000,-1,21.6,24.641832558139534,stop,-1.007695933448931
ETHUSDT,1599704100000,-1,330.68,369.95930751459156,stop,-1.0089477479206657
BNBUSDT,1599786000000,-1,24.163,24.042185,tp,0.04209883010302084
DOGEUSDT,1599795000000,-1,0.002764,0.00275018,tp,0.09790780141843872
ZECUSDT,1599924600000,-1,55.48,64.79460782545979,stop,-1.0066084239495239
ZECUSDT,1600000200000,-1,63.45,63.13275,tp,0.05329968454258709
DOGEUSDT,1600015500000,-1,0.002757,0.002743215,tp,0.0824868913857686
BTCUSDT,1600089300000,-1,10242.53,10596.63017586978,stop,-1.0284292393878338
BNBUSDT,1600127100000,-1,30.135,29.984325000000002,tp,0.02560854767136267
BNBUSDT,1600142400000,-1,29.153,29.007234999999998,tp,0.026947893152746573
ZECUSDT,1600151400000,-1,62.6,62.287,tp,0.05450338354071212
SOLUSDT,1600155000000,-1,3.2224,3.206288,tp,0.051689541696766046
ETHUSDT,1600160400000,-1,371.0,369.145,tp,0.06971982860102705
ETHUSDT,1600183800000,-1,366.8,364.966,tp,0.054250716705759865
ZECUSDT,1600186500000,-1,61.29,60.98355,tp,0.052071611253196634
BNBUSDT,1600193700000,-1,27.85,27.71075,tp,0.028990682013937914
ZECUSDT,1600208100000,-1,60.16,59.859199999999994,tp,0.05487565594341823
BNBUSDT,1600214400000,-1,26.916,26.78142,tp,0.03166563284596063
SOLUSDT,1600268400000,-1,2.5102,2.497649,tp,0.021870296446567974
XRPUSDT,1600301700000,-1,0.2306,0.2537804177545691,stop,-1.010400649350649
BTCUSDT,1600315200000,-1,10901.0,10846.495,tp,0.12177496623067002
DOGEUSDT,1600330500000,-1,0.002797,0.002783015,tp,0.08400300978179173
SOLUSDT,1600335000000,-1,2.4677,2.4553615,tp,0.02222493998278716
BNBUSDT,1600337700000,-1,26.642,26.508789999999998,tp,0.03756011564769811
BTCUSDT,1600347600000,-1,10838.2,10784.009,tp,0.14354751996177162
DOGEUSDT,1600436700000,-1,0.00279,0.00277605,tp,0.14848000000000025
ETHUSDT,1600449300000,-1,381.69,379.78155,tp,0.09361325966850881
SOLUSDT,1600514100000,-1,3.0267,3.0115665,tp,0.027422713439051973
ZECUSDT,1600604100000,-1,57.24,56.9538,tp,0.05837672281776428
ETHUSDT,1600604100000,-1,377.83,375.94084999999995,tp,0.09969889064976395
DOGEUSDT,1600604100000,-1,0.002773,0.002759135,tp,0.1679393939393929
XRPUSDT,1600604100000,-1,0.2478,0.246561,tp,0.11224489795918233
BNBUSDT,1600606800000,-1,26.162,26.03119,tp,0.04249959369413304
BTCUSDT,1600606800000,-1,10861.96,10807.650199999998,tp,0.15878172960429526
SOLUSDT,1600611300000,-1,2.8473,2.8330635,tp,0.04478672985781982
ETHUSDT,1600632900000,-1,370.0,368.15,tp,0.0918651910210728
BNBUSDT,1600638300000,-1,25.634,25.50583,tp,0.04438956762845531
ZECUSDT,1600676100000,-1,56.53,56.247350000000004,tp,0.08195865070728929
SOLUSDT,1600677000000,-1,2.7027,2.6891865,tp,0.027791946827421355
XRPUSDT,1600677000000,-1,0.2441,0.2428795,tp,0.1031111111111126
DOGEUSDT,1600681500000,-1,0.002738,0.00272431,tp,0.10971887550200644
BTCUSDT,1600681500000,-1,10785.0,10731.075,tp,0.15797159826698728
ETHUSDT,1600689600000,-1,353.4,351.633,tp,0.06004352835744446
BNBUSDT,1600692300000,-1,23.495,23.377525000000002,tp,0.02812569538415249
XRPUSDT,1600697700000,-1,0.2355,0.2343225,tp,0.06345479082321187
BTCUSDT,1600699500000,-1,10506.0,10453.47,tp,0.08026525391787266
DOGEUSDT,1600699500000,-1,0.002625,0.002611875,tp,0.042281553398058676
ZECUSDT,1600699500000,-1,53.57,53.30215,tp,0.03991036414565868
ZECUSDT,1600759800000,-1,52.18,51.9191,tp,0.06530173775671404
ZECUSDT,1600836300000,-1,52.97,52.705149999999996,tp,0.08363780150257111
BNBUSDT,1600840800000,-1,23.72,23.601399999999998,tp,0.05687736358725054
DOGEUSDT,1600845300000,-1,0.002608,0.00259496,tp,0.1324681933842262
BTCUSDT,1600845300000,-1,10436.13,10383.949349999999,tp,0.2105686942908372
ETHUSDT,1600845300000,-1,337.33,335.64335,tp,0.05840914027542404
ZECUSDT,1600892100000,-1,51.6,51.342,tp,0.06524444444444535
DOGEUSDT,1600893000000,-1,0.002588,0.00257506,tp,0.09373515981735134
SOLUSDT,1600893900000,-1,2.7184,2.704808,tp,0.02015082275505414
BNBUSDT,1600894800000,-1,23.01,22.89495,tp,0.05162502813414358
ETHUSDT,1600902900000,-1,321.33,319.72335,tp,0.06058356940509929
BTCUSDT,1600905600000,-1,10251.0,10199.745,tp,0.13636907976769017
ETHUSDT,1601012700000,-1,343.31,341.59345,tp,0.07824489330137985
SOLUSDT,1601020800000,-1,2.9925,2.9775375,tp,0.03443635943635989
ZECUSDT,1601022600000,-1,53.91,53.640449999999994,tp,0.07393689986282653
BTCUSDT,1601026200000,-1,10613.39,10560.323049999999,tp,0.16941337232997059
XRPUSDT,1601035200000,-1,0.2304,0.24023353605560385,stop,-1.0232085241730273
XRPUSDT,1601115300000,-1,0.2406,0.239397,tp,0.09617617617617678
SOLUSDT,1601127000000,-1,3.067,3.0516650000000003,tp,0.047077789347834006
ZECUSDT,1601128800000,-1,54.31,54.038450000000005,tp,0.07772287862513365
ETHUSDT,1601167500000,-1,338.6,359.50810246034797,stop,-1.0163349446935714
DOGEUSDT,1601193600000,-1,0.002679,0.002665605,tp,0.1171491228070164
ZECUSDT,1601193600000,-1,55.02,54.7449,tp,0.07167155425219993
SOLUSDT,1601195400000,-1,3.0282,3.013059,tp,0.05873611717348017
DOGEUSDT,1601317800000,-1,0.002687,0.002673565,tp,0.12771428571428586
SOLUSDT,1601326800000,-1,3.0103,2.9952484999999998,tp,0.060579710144928425
ZECUSDT,1601333100000,-1,56.55,56.26725,tp,0.07001239157372999
SOLUSDT,1601456400000,-1,2.9017,2.8871915,tp,0.05440323414657002
DOGEUSDT,1601458200000,-1,0.00264,0.0026268,tp,0.0885306465155339
BNBUSDT,1601459100000,-1,28.052,27.911739999999998,tp,0.06207847060131222
BNBUSDT,1601560800000,-1,28.659,28.515705,tp,0.09623129937804571
SOLUSDT,1601567100000,-1,2.9096,2.895052,tp,0.0803344389165287
XRPUSDT,1601568000000,-1,0.2383,0.2371085,tp,0.09616161616161713
BTCUSDT,1601568900000,-1,10661.31,10608.00345,tp,0.15499989080823556
ETHUSDT,1601569800000,-1,350.1,348.34950000000003,tp,0.08071222106601865
ZECUSDT,1601570700000,-1,64.92,64.5954,tp,0.03675551734021256
ZECUSDT,1601630100000,-1,62.08,61.7696,tp,0.03947812251392208
ETHUSDT,1601630100000,-1,339.68,337.9816,tp,0.07582002577463974
BNBUSDT,1601630100000,-1,26.59,26.45705,tp,0.04196301564722644
XRPUSDT,1601633700000,-1,0.2305,0.2293475,tp,0.08084210526315776
BTCUSDT,1601633700000,-1,10458.0,10405.71,tp,0.13904782877066865
SOLUSDT,1601637300000,-1,2.5073,2.4947635,tp,0.03196199030232012
BNBUSDT,1601703900000,1,27.5,27.637499999999996,tp,0.06605789316621699
DOGEUSDT,1601713800000,1,0.002614,0.0026270699999999996,tp,0.12422301304863179
ETHUSDT,1601723700000,1,347.8,349.539,tp,0.10057398973469116
SOLUSDT,1601750700000,1,2.6517,2.6649584999999996,tp,0.08729330708661172
BTCUSDT,1601793000000,1,10559.15,10611.945749999999,tp,0.2745933383967186
XRPUSDT,1601815500000,1,0.2343,0.23547149999999997,tp,0.13952380952380472
ETHUSDT,1601834400000,1,349.91,351.65954999999997,tp,0.1418093503339357
SOLUSDT,1601860500000,1,2.5462,2.5589309999999994,tp,0.05520931492011751
BTCUSDT,1601906400000,1,10694.0,10747.47,tp,0.1984084109119519
ZECUSDT,1601916300000,1,63.96,64.2798,tp,0.06687370600413943
ZECUSDT,1601940600000,1,65.22,65.5461,tp,0.06586102719033166
BNBUSDT,1601965800000,1,28.687,28.830434999999998,tp,0.10230536255121768
SOLUSDT,1602169200000,1,2.3575,2.3692874999999995,tp,0.02461714167055935
ZECUSDT,1602172800000,1,62.68,62.993399999999994,tp,0.05369968051118115
BNBUSDT,1602177300000,1,27.546,27.683729999999997,tp,0.06723114355231036
BNBUSDT,1602209700000,1,27.836,27.975179999999995,tp,0.09050632911392127
XRPUSDT,1602238500000,1,0.2521,0.2533605,tp,0.08171521035598682
BNBUSDT,1602239400000,1,28.0,28.139999999999997,tp,0.10203874705775613
DOGEUSDT,1602250200000,1,0.002638,0.00265119,tp,0.14136546184738707
BNBUSDT,1602293400000,1,28.457,28.599285,tp,0.09888049986982429
ETHUSDT,1602293400000,1,366.5,368.3325,tp,0.11862792574656851
ZECUSDT,1602295200000,1,64.54,64.8627,tp,0.05867570621468884
XRPUSDT,1602344700000,1,0.2584,0.259692,tp,0.13221374045801199
ZECUSDT,1602362700000,1,65.83,66.15915,tp,0.0690442524220998
ZECUSDT,1602380700000,1,67.9,68.23949999999999,tp,0.05624122263527243
ZECUSDT,1602410400000,1,69.11,69.45554999999999,tp,0.04902792506185774
BNBUSDT,1602423000000,1,28.4,28.541999999999994,tp,0.13243885394828467
BNBUSDT,1602463500000,1,28.7,28.843499999999995,tp,0.11140473418703617
ZECUSDT,1602477000000,1,73.7,74.0685,tp,0.049248170326014334
BNBUSDT,1602495000000,1,30.32,30.4716,tp,0.063380885196216
ETHUSDT,1602509400000,1,375.31,377.18654999999995,tp,0.13186467348543973
ZECUSDT,1602510300000,1,74.65,75.02325,tp,0.039724430312665496
BNBUSDT,1602523800000,1,30.665,30.818324999999994,tp,0.04270611933041467
SOLUSDT,1602536400000,1,2.6608,2.674104,tp,0.04989524878413689
BTCUSDT,1602537300000,1,11548.0,11605.739999999998,tp,0.116591446086029
ETHUSDT,1602538200000,1,389.3,391.24649999999997,tp,0.07675483966306913
BNBUSDT,1602558900000,1,31.1,31.255499999999998,tp,0.06547301188419302
XRPUSDT,1602567000000,1,0.2573,0.25858649999999994,tp,0.14880230880230652
BNBUSDT,1602661500000,1,30.919,31.073594999999997,tp,0.08044946739412684
XRPUSDT,1602690300000,1,0.2582,0.2481991199226305,stop,-1.0235768414481885
DOGEUSDT,1602748800000,1,0.002694,0.002603283673469389,stop,-1.0272621212121207
SOLUSDT,1602748800000,1,2.3198,2.3313989999999998,tp,0.06317170487590404
BNBUSDT,1602774000000,1,31.0,31.154999999999998,tp,0.1127519695734839
BTCUSDT,1602788400000,1,11449.62,11506.8681,tp,0.173672725626454
ETHUSDT,1602821700000,1,384.13,367.41893869761645,stop,-1.0208872426141462
BNBUSDT,1602821700000,1,31.701,30.114129020962512,stop,-1.0180281969661253
SOLUSDT,1602909000000,1,2.2077,2.2187384999999997,tp,0.045641580384277486
BNBUSDT,1602923400000,1,30.351,30.502754999999997,tp,0.09218024578971185
BTCUSDT,1602946800000,1,11366.88,11423.714399999997,tp,0.23660407959577323
DOGEUSDT,1603002600000,1,0.002589,0.002601945,tp,0.16204651162790393
SOLUSDT,1603002600000,1,2.2175,2.2285874999999997,tp,0.12007563479200434
ZECUSDT,1603004400000,1,63.23,63.54614999999999,tp,0.08557354925775819
NEARUSDT,1603053900000,1,0.848,0.8522399999999999,tp,0.04088601532566964
ZECUSDT,1603062900000,1,63.93,64.24964999999999,tp,0.09670809792843363
ETHUSDT,1603065600000,1,377.7,379.58849999999995,tp,0.20832713754646398
SOLUSDT,1603079100000,1,2.2494,2.115788215648855,stop,-1.0150435742971902
BTCUSDT,1603112400000,1,11492.04,11549.5002,tp,0.27148446490218314
FILUSDT,1603143000000,1,29.7,29.848499999999998,tp,0.023957343596527923
ZECUSDT,1603160100000,1,64.66,64.98329999999999,tp,0.07138729899154847
BTCUSDT,1603178100000,1,11784.14,11843.060699999998,tp,0.19545068788330403
NEARUSDT,1603179900000,1,0.841,0.7546950476694917,stop,-1.0083072903225807
BNBUSDT,1603179900000,1,30.822,29.534209252351598,stop,-1.0217873119844727
ETHUSDT,1603192500000,1,382.34,366.850029315197,stop,-1.0224989146164978
BTCUSDT,1603201500000,1,11848.0,11907.239999999998,tp,0.14766578290462604
XRPUSDT,1603249200000,1,0.2458,0.24702899999999997,tp,0.12340852130325622
DOGEUSDT,1603251000000,1,0.002609,0.002622045,tp,0.12517985611510504
NEARUSDT,1603255500000,1,0.7205,0.7241025,tp,0.03509429429429378
ETHUSDT,1603260900000,1,379.88,381.77939999999995,tp,0.09881697440880824
ZECUSDT,1603275300000,1,61.59,61.897949999999994,tp,0.04406538734896816
BTCUSDT,1603280700000,1,12232.9,12294.064499999999,tp,0.11919796582725371
XRPUSDT,1603287000000,1,0.2494,0.250647,tp,0.09857988165680466
SOLUSDT,1603294200000,1,1.9946,2.0045729999999997,tp,0.04950712199773416
BNBUSDT,1603300500000,1,30.146,30.296729999999997,tp,0.0919147640791451
FILUSDT,1603323900000,1,30.53,26.973699429670077,stop,-1.0072055255036585
NEARUSDT,1603332900000,1,0.7452,0.7489259999999999,tp,0.035742413713225736
XRPUSDT,1603336500000,1,0.2558,0.257079,tp,0.08221153846153667
BNBUSDT,1603350900000,1,30.4,30.551999999999996,tp,0.09330268903700153
ZECUSDT,1603351800000,1,64.32,64.64159999999998,tp,0.0529156429156412
XRPUSDT,1603356300000,1,0.2582,0.25949099999999997,tp,0.09060367454068156
SOLUSDT,1603358100000,1,1.9928,2.0027639999999995,tp,0.06511408850994489
ETHUSDT,1603361700000,1,400.38,402.3819,tp,0.06220048899755424
ZECUSDT,1603366200000,1,65.57,65.89784999999999,tp,0.05939065673662813
DOGEUSDT,1603368900000,1,0.002671,0.002684355,tp,0.11105590062111488
NEARUSDT,1603374300000,1,0.7784,0.7822919999999999,tp,0.03172539489671844
BTCUSDT,1603385100000,1,12994.83,13059.804149999998,tp,0.07153881815912222
ETHUSDT,1603386000000,1,416.63,418.7131499999999,tp,0.05681709890408909
ETHUSDT,1603404900000,1,419.8,421.89899999999994,tp,0.06579073138245572
XRPUSDT,1603404900000,1,0.2624,0.263712,tp,0.07398030942334576
SOLUSDT,1603468800000,1,2.0794,1.8852598720161058,stop,-1.0092252791682714
FILUSDT,1603498500000,1,23.289,23.405445,tp,0.019059092825733183
DOGEUSDT,1603528200000,1,0.002682,0.0026119533519553084,stop,-1.0354243315508034
BTCUSDT,1603548000000,1,12975.0,13039.874999999998,tp,0.17359902072923145
ETHUSDT,1603548900000,1,414.39,416.46194999999994,tp,0.1293651536421748
NEARUSDT,1603560600000,1,0.7529,0.7566645,tp,0.04315037164093708
XRPUSDT,1603560600000,1,0.2562,0.25748099999999996,tp,0.14863768115941675
ZECUSDT,1603561500000,1,65.18,65.5059,tp,0.06082867783984901
DOGEUSDT,1603589400000,1,0.002639,0.0026521949999999996,tp,0.2047286821705382
NEARUSDT,1603605600000,1,0.76,0.7637999999999999,tp,0.06442227763923372
NEARUSDT,1603668600000,1,0.8387,0.8428935,tp,0.02969680898081827
FILUSDT,1603671300000,1,32.05,32.210249999999995,tp,0.017342825147976096
BTCUSDT,1603678500000,1,13047.0,13112.234999999999,tp,0.19647640834356533
DOGEUSDT,1603680300000,1,0.00267,0.0026833499999999997,tp,0.14716253443525834
SOLUSDT,1603717200000,1,1.8499,1.8591495,tp,0.06693434617471448
BNBUSDT,1603718100000,1,31.2,31.355999999999995,tp,0.07966125437758435
BTCUSDT,1603719000000,1,13137.16,13202.8458,tp,0.17987597790599477
ETHUSDT,1603726200000,1,409.36,394.1595073411053,stop,-1.0246341707717586
XRPUSDT,1603794600000,1,0.2503,0.2515515,tp,0.14132208157524154
BTCUSDT,1603795500000,1,13170.0,13235.849999999999,tp,0.17179129369763402
ETHUSDT,1603797300000,1,395.89,397.86945,tp,0.12945205479452007
SOLUSDT,1603802700000,1,1.7176,1.7261879999999998,tp,0.03721789883268401
BNBUSDT,1603806300000,1,31.66,31.818299999999997,tp,0.07893880086983389
BTCUSDT,1603814400000,1,13510.51,13578.062549999999,tp,0.08565290831405761
ZECUSDT,1603817100000,1,61.75,62.058749999999996,tp,0.0689947089947081
FILUSDT,1603841400000,1,34.928,35.102639999999994,tp,0.02685047559614936
BTCUSDT,1603852200000,1,13744.0,13812.72,tp,0.07760072934395673
XRPUSDT,1603854900000,1,0.2535,0.2547675,tp,0.10227593152064235
ETHUSDT,1603944000000,1,390.26,392.21129999999994,tp,0.09661052501696293
DOGEUSDT,1603973700000,1,0.002606,0.0025262474137931028,stop,-1.0300922535211283
NEARUSDT,1604025000000,1,0.7204,0.6534896673596673,stop,-1.0092783156127594
SOLUSDT,1604035800000,1,1.5576,1.3634114492567915,stop,-1.006670016701998
XRPUSDT,1604048400000,1,0.2468,0.2340551640340219,stop,-1.0174464705882345
SOLUSDT,1604074500000,1,1.428,1.4351399999999999,tp,0.0367438005992219
ZECUSDT,1604079000000,1,58.74,59.033699999999996,tp,0.045980506822611206
BTCUSDT,1604089800000,1,13510.0,13577.55,tp,0.08058738278680878
DOGEUSDT,1604106000000,1,0.002586,0.0025989299999999997,tp,0.07402002861230053
SOLUSDT,1604115000000,1,1.4677,1.4750385,tp,0.07336060493367978
FILUSDT,1604124000000,1,34.878,28.169735651528974,stop,-1.0039892955135337
BTCUSDT,1604132100000,1,13656.36,13724.6418,tp,0.10597347160115568
FILUSDT,1604144700000,1,29.999,30.148994999999996,tp,0.038575716931723035
XRPUSDT,1604145600000,1,0.2417,0.24290849999999997,tp,0.1264836601307162
SOLUSDT,1604160900000,1,1.5172,1.524786,tp,0.06572666233484824
SOLUSDT,1604187900000,1,1.5347,1.5423734999999998,tp,0.07182389937106808
NEARUSDT,1604199600000,1,0.653,0.656265,tp,0.04904654654654598
SOLUSDT,1604244600000,1,1.5543,1.5620714999999998,tp,0.07112025605852595
ETHUSDT,1604263500000,1,392.86,394.8243,tp,0.0783176359196685
SOLUSDT,1604264400000,1,1.6254,1.6335269999999997,tp,0.06222095346845375
XRPUSDT,1604265300000,1,0.24,0.24119999999999997,tp,0.14234074074073863
DOGEUSDT,1604269800000,1,0.002575,0.002587875,tp,0.22897777777777348
FILUSDT,1604275200000,1,31.468,31.625339999999998,tp,0.0680140123955797
XRPUSDT,1604280600000,1,0.2418,0.24300899999999998,tp,0.132839506172839
BTCUSDT,1604320200000,1,13807.0,13277.41477312172,stop,-1.0238177792624938
BNBUSDT,1604362500000,1,29.1,27.448623463361027,stop,-1.0157905793812883
ZECUSDT,1604370600000,1,59.32,54.20495962994113,stop,-1.0100673128505238
NEARUSDT,1604377800000,1,0.6481,0.5772687162683116,stop,-1.0077424162257496
XRPUSDT,1604409300000,1,0.2367,0.23788349999999997,tp,0.07386727688787026
BTCUSDT,1604412000000,1,13632.74,13700.903699999999,tp,0.10115980345326725
FILUSDT,1604480400000,1,28.896,29.04048,tp,0.06872536909593463
ZECUSDT,1604508300000,1,53.81,54.079049999999995,tp,0.0621683967704712
NEARUSDT,1604521800000,1,0.5499,0.5526495,tp,0.05835319036272104
DOGEUSDT,1604529000000,1,0.002543,0.0025557149999999996,tp,0.09329670329669956
FILUSDT,1604544300000,1,29.092,29.237459999999995,tp,0.07448646573238447
XRPUSDT,1604549700000,1,0.239,0.24019499999999996,tp,0.12261538461538224
NEARUSDT,1604552400000,1,0.5719,0.5747594999999999,tp,0.064573839662445
BNBUSDT,1604553300000,1,27.5,27.637499999999996,tp,0.08551564310544352
SOLUSDT,1604560500000,1,1.4102,1.4172509999999998,tp,0.08171296296296221
BTCUSDT,1604568600000,1,14416.0,14488.079999999998,tp,0.09091219337888624
DOGEUSDT,1604574000000,1,0.002567,0.0025798349999999995,tp,0.1663430420711931
XRPUSDT,1604584800000,1,0.2413,0.24250649999999996,tp,0.09667661691542068
BTCUSDT,1604584800000,1,14790.0,14863.949999999999,tp,0.07567715973920018
ETHUSDT,1604592000000,1,414.03,416.1001499999999,tp,0.045707529010613396
BNBUSDT,1604592900000,1,27.73,27.86865,tp,0.0552341311134229
ZECUSDT,1604597400000,1,55.94,56.21969999999999,tp,0.05351312987934538
DOGEUSDT,1604612700000,1,0.002637,0.0026501849999999998,tp,0.11883277216610369
BTCUSDT,1604616300000,1,15366.53,15443.36265,tp,0.050331179717447196
NEARUSDT,1604618100000,1,0.6969,0.7003844999999999,tp,0.021804351133423928
ETHUSDT,1604621700000,1,420.0,422.09999999999997,tp,0.06606174876266678
ZECUSDT,1604624400000,1,57.52,57.807599999999994,tp,0.052276422764225866
DOGEUSDT,1604639700000,1,0.002674,0.0026873699999999997,tp,0.08996666666666345
XRPUSDT,1604646000000,1,0.252,0.25326,tp,0.08902998236331465
SOLUSDT,1604646000000,1,1.6106,1.618653,tp,0.030157126823792985
BNBUSDT,1604656800000,1,28.684,28.827419999999996,tp,0.059877504411915444
FILUSDT,1604657700000,1,30.262,30.413309999999996,tp,0.05043154761904599
ZECUSDT,1604659500000,1,58.39,58.68194999999999,tp,0.052970521541948666
SOLUSDT,1604659500000,1,1.669,1.6773449999999999,tp,0.028927915224543226
ETHUSDT,1604659500000,1,442.57,444.78284999999994,tp,0.05478769951315574
DOGEUSDT,1604662200000,1,0.002738,0.0027516899999999998,tp,0.08328018223234497
XRPUSDT,1604672100000,1,0.26,0.2613,tp,0.0646344485749672
SOLUSDT,1604673900000,1,1.7549,1.7636744999999998,tp,0.025654469324594645
FILUSDT,1604673900000,1,32.049,32.209244999999996,tp,0.03788031171886406
ZECUSDT,1604684700000,1,59.3,59.59649999999999,tp,0.043495357728016736
SOLUSDT,1604688300000,1,1.8125,1.8215624999999998,tp,0.02253431954463762
ETHUSDT,1604700900000,1,447.38,449.61689999999993,tp,0.05481224091684795
ZECUSDT,1604701800000,1,60.39,60.69194999999999,tp,0.04548181477315201
SOLUSDT,1604705400000,1,1.8847,1.8941234999999998,tp,0.02057463744411691
XRPUSDT,1604711700000,1,0.2618,0.2631089999999999,tp,0.06041379310344588
NEARUSDT,1604712600000,1,0.7511,0.7548554999999999,tp,0.04368115942028888
ZECUSDT,1604715300000,1,62.36,62.67179999999999,tp,0.04998008761449481
BNBUSDT,1604747700000,1,29.44,29.5872,tp,0.06483069481090507
SOLUSDT,1604751300000,1,2.3715,2.3833575,tp,0.017370249728555387
DOGEUSDT,1604774700000,1,0.002821,0.002636321396954674,stop,-1.0135614266396225
BTCUSDT,1604774700000,1,15734.0,14773.59306499303,stop,-1.0146135069418691
ETHUSDT,1604777400000,1,465.92,424.81602643039497,stop,-1.0098183992947902
DOGEUSDT,1604830500000,1,0.002714,0.0027275699999999995,tp,0.1245819014891145
ZECUSDT,1604833200000,1,58.37,58.661849999999994,tp,0.07882828282828204
ETHUSDT,1604835900000,1,443.66,445.87829999999997,tp,0.0813158134866299
BTCUSDT,1604836800000,1,15125.0,15200.624999999998,tp,0.10876408846614993
XRPUSDT,1604836800000,1,0.2526,0.25386299999999995,tp,0.10496365524402577
BNBUSDT,1604839500000,1,28.298,28.439489999999996,tp,0.09653496473786881
NEARUSDT,1604842200000,1,0.7484,0.7521419999999999,tp,0.054293968941855
SOLUSDT,1604849400000,1,2.2193,2.2303965,tp,0.017285339763093696
BTCUSDT,1604853900000,1,15355.0,15431.774999999998,tp,0.09936519294988048
BNBUSDT,1604889000000,1,28.74,28.883699999999994,tp,0.0773664861974444
DOGEUSDT,1604911500000,1,0.002738,0.0027516899999999998,tp,0.113769470404983
FILUSDT,1604916000000,1,30.88,31.034399999999994,tp,0.09784956452889654
NEARUSDT,1604921400000,1,0.86,0.8642999999999998,tp,0.037453914552156714
ETHUSDT,1604922300000,1,457.23,459.51615,tp,0.06640834145109382
BTCUSDT,1604925000000,1,15598.0,15675.989999999998,tp,0.08204363272116512
NEARUSDT,1604968200000,1,0.925,0.9296249999999999,tp,0.03417357656163539
SOLUSDT,1604979000000,1,2.0855,2.0959274999999997,tp,0.04359824780976039
ZECUSDT,1604986200000,1,61.48,61.78739999999999,tp,0.05583673469387656
XRPUSDT,1604993400000,1,0.2559,0.2571795,tp,0.10324269889224434
ETHUSDT,1604995200000,1,450.78,453.0338999999999,tp,0.08089008282963707
BNBUSDT,1605000600000,1,28.3,28.441499999999998,tp,0.10038819462908603
SOLUSDT,1605003300000,1,2.2239,2.2350195,tp,0.043580896686159755
DOGEUSDT,1605015900000,1,0.002786,0.0027999299999999995,tp,0.09830687830687612
SOLUSDT,1605027600000,1,2.2455,2.2567274999999998,tp,0.03114481612300014
NEARUSDT,1605043800000,1,0.9381,0.9427905,tp,0.02717204533968624
SOLUSDT,1605049200000,1,2.3,2.3114999999999997,tp,0.03376144112606163
ETHUSDT,1605053700000,1,453.64,455.90819999999997,tp,0.09097626914989423
NEARUSDT,1605101400000,1,0.9889,0.8713438756440046,stop,-1.007041544508179
XRPUSDT,1605103200000,1,0.2575,0.2587875,tp,0.08437908496732005
BTCUSDT,1605111300000,1,15684.75,15763.173749999998,tp,0.11554454316354615
ZECUSDT,1605147300000,1,60.31,60.611549999999994,tp,0.07836734693877322
BTCUSDT,1605189600000,1,15973.29,16053.156449999999,tp,0.10795673989829926
ZECUSDT,1605214800000,1,62.71,63.02354999999999,tp,0.06250435648493753
BTCUSDT,1605221100000,1,16208.78,16289.8239,tp,0.07043995664770965
DOGEUSDT,1605229200000,1,0.002787,0.0028009349999999996,tp,0.09541880341880071
BNBUSDT,1605258000000,1,28.113,28.253565,tp,0.15060521042084005
NEARUSDT,1605258900000,1,0.8267,0.8308334999999999,tp,0.04260125207614571
ZECUSDT,1605260700000,1,63.39,63.70694999999999,tp,0.058393021120292224
DOGEUSDT,1605274200000,1,0.002822,0.0028361099999999998,tp,0.12225108225108154
NEARUSDT,1605278700000,1,0.8708,0.8751539999999999,tp,0.028558973116976586
ZECUSDT,1605278700000,1,63.89,64.20944999999999,tp,0.06955954323001384
SOLUSDT,1605283200000,1,2.055,2.0652749999999997,tp,0.036449035447842094
XRPUSDT,1605288600000,1,0.2618,0.2631089999999999,tp,0.07650655021833762
ZECUSDT,1605296700000,1,65.09,65.41544999999999,tp,0.05515113083914414
NEARUSDT,1605296700000,1,0.9012,0.9057059999999999,tp,0.0259356036267575
ETHUSDT,1605306600000,1,474.3,476.6715,tp,0.07725365853658432
XRPUSDT,1605313800000,1,0.266,0.26733,tp,0.07800732600732523
FILUSDT,1605394800000,1,29.144,29.289719999999996,tp,0.09077054661379207
SOLUSDT,1605413700000,1,1.9694,1.9792469999999998,tp,0.05127565601454775
DOGEUSDT,1605427200000,1,0.002789,0.0028029449999999994,tp,0.1144615384615345
SOLUSDT,1605449700000,1,2.1755,2.1863775,tp,0.038393193877998034
ZECUSDT,1605463200000,1,65.9,60.36544920394237,stop,-1.01036166779508
ETHUSDT,1605477600000,1,462.71,440.5747838205742,stop,-1.0189086043360447
BNBUSDT,1605477600000,1,28.317,27.09932313928106,stop,-1.0211421911779757
ZECUSDT,1605507300000,1,62.97,63.28484999999999,tp,0.06550363447559561
ETHUSDT,1605510900000,1,453.6,455.868,tp,0.10492492492492334
SOLUSDT,1605519900000,1,2.2668,2.2781339999999997,tp,0.031719254829173635
BNBUSDT,1605523500000,1,27.765,27.903824999999998,tp,0.1456232795910314
DOGEUSDT,1605523500000,1,0.002801,0.0028150049999999998,tp,0.11197604790418945
ZECUSDT,1605533400000,1,63.79,64.10895,tp,0.0888243430152126
NEARUSDT,1605533400000,1,0.887,0.8914349999999999,tp,0.03036165131354387
XRPUSDT,1605533400000,1,0.2757,0.27707849999999995,tp,0.07410977242302277
BTCUSDT,1605535200000,1,16341.7,16423.408499999998,tp,0.10206570482792718
DOGEUSDT,1605539700000,1,0.002972,0.0029868599999999996,tp,0.05763005780346747
ETHUSDT,1605547800000,1,461.94,464.24969999999996,tp,0.08696567936060014
ZECUSDT,1605552300000,1,65.7,66.0285,tp,0.0660441767068256
BTCUSDT,1605553200000,1,16649.07,16732.315349999997,tp,0.09648447616987205
ETHUSDT,1605574800000,1,466.6,468.933,tp,0.09549726440660522
XRPUSDT,1605575700000,1,0.2907,0.2921535,tp,0.053957759412304906
BNBUSDT,1605579300000,1,28.238,28.379189999999998,tp,0.11304365198281696
NEARUSDT,1605604500000,1,0.9266,0.9312329999999999,tp,0.04780989081567001
XRPUSDT,1605618900000,1,0.3032,0.304716,tp,0.04916264090176997
FILUSDT,1605627900000,1,29.561,29.708804999999998,tp,0.06049796747967394
ETHUSDT,1605627900000,1,469.36,471.7068,tp,0.11270386266094272
BNBUSDT,1605644100000,1,28.661,28.804305,tp,0.1063070077864277
ZECUSDT,1605645900000,1,66.39,66.72194999999999,tp,0.05923351158645146
XRPUSDT,1605659400000,1,0.3056,0.30712799999999996,tp,0.06356589147286712
ETHUSDT,1605660300000,1,485.93,488.35964999999993,tp,0.058329904898188636
DOGEUSDT,1605670200000,1,0.002968,0.0029828399999999996,tp,0.05811320754716774
ZECUSDT,1605678300000,1,67.2,61.897863562693395,stop,-1.011090429505136
BNBUSDT,1605678300000,1,28.83,27.307980585807435,stop,-1.0170448427363064
DOGEUSDT,1605753000000,1,0.002931,0.0029456549999999997,tp,0.08099378881987415
XRPUSDT,1605789000000,1,0.2948,0.296274,tp,0.06818915801614633
BNBUSDT,1605793500000,1,28.211,28.352054999999996,tp,0.09462008879952959
NEARUSDT,1605802500000,1,0.8577,0.8619884999999999,tp,0.04677773262901165
XRPUSDT,1605808800000,1,0.3,0.30149999999999993,tp,0.05160683760683585
ETHUSDT,1605838500000,1,479.09,481.4854499999999,tp,0.10540602866084318
BTCUSDT,1605846600000,1,18061.99,18152.29995,tp,0.0581422820039924
NEARUSDT,1605857400000,1,0.9005,0.9050024999999998,tp,0.04656908063687579
ETHUSDT,1605857400000,1,489.05,491.49524999999994,tp,0.08497885926309194
FILUSDT,1605865500000,1,29.178,29.32389,tp,0.09403458442903648
ZECUSDT,1605868200000,1,63.68,63.99839999999999,tp,0.06262834684352539
BNBUSDT,1605869100000,1,28.375,28.516874999999995,tp,0.11754646840148278
DOGEUSDT,1605870900000,1,0.002971,0.002985855,tp,0.06822451317296588
NEARUSDT,1605881700000,1,0.9256,0.9302279999999998,tp,0.045757799066567004
XRPUSDT,1605892500000,1,0.3175,0.31908749999999997,tp,0.04792227204783138
ETHUSDT,1605893400000,1,509.7,512.2484999999999,tp,0.05067640047675675
XRPUSDT,1605907800000,1,0.3241,0.32572049999999997,tp,0.044817115251896945
BTCUSDT,1605919500000,1,18760.0,18853.8,tp,0.06961400626455784
XRPUSDT,1605920400000,1,0.3367,0.33838349999999995,tp,0.04135052179250943
ETHUSDT,1605921300000,1,514.8,517.3739999999999,tp,0.06594036697247588
DOGEUSDT,1605924900000,1,0.003023,0.0030381149999999997,tp,0.06379746835442852
ZECUSDT,1605924900000,1,64.48,64.80239999999999,tp,0.05891091364775339
NEARUSDT,1605925800000,1,0.9888,0.993744,tp,0.03969505466947497
NEARUSDT,1605940200000,1,1.0656,1.0709279999999999,tp,0.025887351298857886
ZECUSDT,1605948300000,1,64.92,65.24459999999999,tp,0.05859294223420815
FILUSDT,1605951000000,1,29.268,29.41434,tp,0.10753654970760142
BNBUSDT,1605951900000,1,29.163,29.308814999999996,tp,0.09627252530239128
DOGEUSDT,1605958200000,1,0.003284,0.0033004199999999997,tp,0.03155022347682825
ZECUSDT,1605965400000,1,67.45,67.78725,tp,0.04765327695560218
XRPUSDT,1605967200000,1,0.419,0.42109499999999994,tp,0.01986817325800338
SOLUSDT,1605970800000,1,2.3568,2.3685839999999994,tp,0.02801923762023415
DOGEUSDT,1605971700000,1,0.00351,0.0035275499999999995,tp,0.03134920634920533
BNBUSDT,1605971700000,1,29.763,29.911814999999997,tp,0.062341437908494765
ETHUSDT,1605972600000,1,534.97,537.64485,tp,0.058304845623745015
SOLUSDT,1605983400000,1,2.4288,2.4409439999999996,tp,0.022118988307636547
ZECUSDT,1606001400000,1,72.38,72.74189999999999,tp,0.034154929577463994
NEARUSDT,1606001400000,1,1.181,1.1869049999999999,tp,0.02459698387935444
ETHUSDT,1606003200000,1,548.53,551.2726499999999,tp,0.048136707196843535
BTCUSDT,1606045500000,1,18882.65,17715.077729558237,stop,-1.0144139461591648
ETHUSDT,1606066200000,1,551.29,554.0464499999999,tp,0.043199657040414216
SOLUSDT,1606069800000,1,2.246,2.25723,tp,0.027773371453164455
ZECUSDT,1606077900000,1,70.53,70.88265,tp,0.04596627756160806
NEARUSDT,1606084200000,1,1.117,1.122585,tp,0.03225611075059451
ETHUSDT,1606085100000,1,577.54,580.4276999999998,tp,0.04115846295901538
SOLUSDT,1606112100000,1,2.2816,2.293008,tp,0.031224793612125733
ETHUSDT,1606113900000,1,582.93,585.8446499999999,tp,0.03561988250692395
ZECUSDT,1606121100000,1,71.67,72.02834999999999,tp,0.043588342440799975
BNBUSDT,1606122000000,1,30.838,30.992189999999997,tp,0.05162329307267554
BTCUSDT,1606125600000,1,18660.92,18754.224599999998,tp,0.08685652412834795
NEARUSDT,1606125600000,1,1.199,1.204995,tp,0.03958394758394737
SOLUSDT,1606127400000,1,2.3194,2.3309969999999995,tp,0.03540909090908977
ETHUSDT,1606129200000,1,594.29,597.2614499999999,tp,0.04669761610937907
XRPUSDT,1606129200000,1,0.4775,0.4798874999999999,tp,0.01988275223696333
FILUSDT,1606139100000,1,29.4,29.546999999999997,tp,0.0843212264488849
XRPUSDT,1606141800000,1,0.5214,0.5240069999999999,tp,0.02050951683748103
ETHUSDT,1606142700000,1,602.38,605.3919,tp,0.042863282013033785
ZECUSDT,1606159800000,1,78.89,79.28444999999999,tp,0.03251074278698522
DOGEUSDT,1606175100000,1,0.003625,0.0036431249999999997,tp,0.03361760660247496
BNBUSDT,1606176900000,1,30.877,31.031384999999997,tp,0.07008009024252573
ETHUSDT,1606178700000,1,609.45,612.49725,tp,0.04426492469606194
ZECUSDT,1606179600000,1,79.74,80.13869999999999,tp,0.030845999426440344
SOLUSDT,1606182300000,1,2.3298,2.341449,tp,0.032569538729329384
FILUSDT,1606184100000,1,29.716,29.864579999999997,tp,0.0946564885496153
NEARUSDT,1606192200000,1,1.2733,1.2796665,tp,0.03846153846153809
ZECUSDT,1606193100000,1,81.21,81.61604999999999,tp,0.03450631031922741
XRPUSDT,1606194900000,1,0.674,0.6773699999999999,tp,0.015011240883916744
DOGEUSDT,1606196700000,1,0.00388,0.0038994,tp,0.02027354435326269
FILUSDT,1606206600000,1,30.232,30.383159999999997,tp,0.05551750901702867
ZECUSDT,1606207500000,1,83.24,83.65619999999998,tp,0.025096443640746858
BTCUSDT,1606233600000,1,19333.0,19429.664999999997,tp,0.05255240199295213
NEARUSDT,1606248900000,1,1.264,1.27032,tp,0.03019094766619463
XRPUSDT,1606248900000,1,0.729,0.7326449999999999,tp,0.013198023768192985
BNBUSDT,1606262400000,1,34.148,34.31874,tp,0.02582024925637187
DOGEUSDT,1606264200000,1,0.004162,0.0041828099999999995,tp,0.02401911186059536
SOLUSDT,1606266000000,1,2.3088,2.320344,tp,0.02940585615464741
NEARUSDT,1606267800000,1,1.2851,1.2915254999999999,tp,0.036977011494252685
FILUSDT,1606286700000,1,30.596,30.748979999999996,tp,0.05334027145396859
SOLUSDT,1606314600000,1,2.38,2.3918999999999997,tp,0.03392987297880576
XRPUSDT,1606320000000,1,0.7124,0.715962,tp,0.021335127457576167
BTCUSDT,1606359600000,1,19385.81,18272.78984132382,stop,-1.0155964384058451
SOLUSDT,1606436100000,1,1.9032,1.9127159999999999,tp,0.023155717761556817
NEARUSDT,1606437000000,1,1.0151,1.0201754999999997,tp,0.030683239171373482
XRPUSDT,1606438800000,1,0.549,0.5517449999999999,tp,0.014018004310890758
ETHUSDT,1606438800000,1,526.7,529.3335,tp,0.029552686544148592
FILUSDT,1606492800000,1,30.251,30.402254999999997,tp,0.042188555706473174
XRPUSDT,1606511700000,1,0.5524,0.5551619999999999,tp,0.023870065612562608
NEARUSDT,1606518900000,1,0.9901,0.9950504999999998,tp,0.052832200453150555
ETHUSDT,1606520700000,1,516.52,519.1025999999999,tp,0.05139820195698507
ZECUSDT,1606520700000,1,69.22,69.56609999999999,tp,0.04863899106673579
DOGEUSDT,1606523400000,1,0.003267,0.0032833349999999996,tp,0.05367816091953925
XRPUSDT,1606525200000,1,0.5691,0.5719455,tp,0.02785444809541143
BNBUSDT,1606563000000,1,28.61,28.753049999999995,tp,0.03327406890941727
ZECUSDT,1606567500000,1,71.94,72.29969999999999,tp,0.05922633744855793
DOGEUSDT,1606569300000,1,0.003359,0.0033757949999999996,tp,0.07411056376573452
BTCUSDT,1606570200000,1,17197.94,17283.929699999997,tp,0.10759181939309119
FILUSDT,1606579200000,1,30.168,30.318839999999994,tp,0.14125407925407443
XRPUSDT,1606580100000,1,0.6251,0.6282254999999999,tp,0.029677267373379484
ETHUSDT,1606588200000,1,542.17,544.8808499999999,tp,0.06567320734243447
BTCUSDT,1606591800000,1,17736.21,17824.89105,tp,0.08456710173311752
ETHUSDT,1606641300000,1,548.0,550.7399999999999,tp,0.07773100907029186
DOGEUSDT,1606641300000,1,0.003428,0.0034451399999999997,tp,0.09191716766866935
BNBUSDT,1606642200000,1,29.593,29.740964999999996,tp,0.06965416006106297
NEARUSDT,1606647600000,1,1.0329,1.0380644999999997,tp,0.06341582645890367
BNBUSDT,1606675500000,1,29.838,29.98719,tp,0.08055499427493613
BTCUSDT,1606683600000,1,18226.98,18318.114899999997,tp,0.09660831727234505
BNBUSDT,1606698000000,1,30.479,30.631394999999998,tp,0.08178976319849654
SOLUSDT,1606698000000,1,1.9547,1.9644735,tp,0.026432985513118897
XRPUSDT,1606698000000,1,0.6286,0.6317429999999999,tp,0.030553558590940742
FILUSDT,1606698900000,1,30.187,30.337934999999998,tp,0.1573625228042714
BTCUSDT,1606706100000,1,18475.98,18568.359899999996,tp,0.0920318643746995
DOGEUSDT,1606708800000,1,0.003492,0.0035094599999999994,tp,0.07227202472951891
BTCUSDT,1606737600000,1,18618.41,18711.50205,tp,0.09201943809896923
ETHUSDT,1606740300000,1,593.65,596.6182499999999,tp,0.06286378281307535
BNBUSDT,1606744800000,1,30.689,30.842444999999998,tp,0.08945136612021748
SOLUSDT,1606744800000,1,1.9766,1.9864829999999998,tp,0.06390626262626181
XRPUSDT,1606747500000,1,0.641,0.6442049999999999,tp,0.033618636304147576
ZECUSDT,1606748400000,1,77.81,78.19905,tp,0.04447863247863218
ETHUSDT,1606780800000,1,614.85,617.9242499999999,tp,0.044333117397248795
ZECUSDT,1606784400000,1,79.99,80.38994999999998,tp,0.04730439917330857
NEARUSDT,1606789800000,1,1.0854,1.0908269999999998,tp,0.036022520284814334
SOLUSDT,1606801500000,1,1.99,1.9999499999999997,tp,0.06323030591218694
NEARUSDT,1606806000000,1,1.1047,1.1102234999999998,tp,0.051572590011612435
BNBUSDT,1606820400000,1,31.785,31.943924999999997,tp,0.0723023586246077
ETHUSDT,1606823100000,1,618.57,621.6628499999999,tp,0.06855510697316498
ZECUSDT,1606824900000,1,81.45,73.98499541284401,stop,-1.0094153653653655
BTCUSDT,1606825800000,1,19856.0,18543.225243764216,stop,-1.0134189539354694
NEARUSDT,1606872600000,1,1.1002,1.105701,tp,0.03430954587581077
FILUSDT,1606884300000,1,30.718,30.871589999999998,tp,0.0706488462417169
NEARUSDT,1606896000000,1,1.1541,1.1598704999999998,tp,0.03797094311745816
BTCUSDT,1606900500000,1,19235.94,19332.119699999996,tp,0.057184767419603384
SOLUSDT,1606914900000,1,2.0779,2.0882894999999997,tp,0.04885444190006278
NEARUSDT,1606920300000,1,1.1832,1.1891159999999998,tp,0.04745708582834185
SOLUSDT,1606931100000,1,2.1416,2.1523079999999997,tp,0.037230156669262375
ZECUSDT,1606952700000,1,76.72,77.10359999999999,tp,0.07153039832284865
XRPUSDT,1606953600000,1,0.6296,0.632748,tp,0.05070815878715217
ETHUSDT,1606983300000,1,602.08,605.0903999999999,tp,0.05138390099473675
BTCUSDT,1606990500000,1,19314.43,19411.002149999997,tp,0.0833156571986832
ETHUSDT,1607041800000,1,617.0,620.0849999999999,tp,0.06352862781280294
NEARUSDT,1607042700000,1,1.1625,1.1683124999999999,tp,0.08566482504603677
BNBUSDT,1607042700000,1,30.75,30.903749999999995,tp,0.06685290455308111
FILUSDT,1607097600000,1,30.875,29.43765869614439,stop,-1.0194566006600654
NEARUSDT,1607130900000,1,1.2119,1.0729588965347752,stop,-1.007336280814577
XRPUSDT,1607159700000,1,0.5892,0.5921459999999998,tp,0.040430107526880296
FILUSDT,1607169600000,1,29.682,29.830409999999997,tp,0.12350243801224055
SOLUSDT,1607184900000,1,1.9337,1.9433684999999998,tp,0.0651922915088773
NEARUSDT,1607184900000,1,1.0842,1.089621,tp,0.04618154856476981
FILUSDT,1607186700000,1,29.886,30.035429999999995,tp,0.12298531978235934
NEARUSDT,1607211900000,1,1.1037,1.1092184999999999,tp,0.04695265332062254
SOLUSDT,1607211900000,1,1.9649,1.9747244999999998,tp,0.07288765603328476
ZECUSDT,1607217300000,1,72.46,72.82229999999998,tp,0.09214081826831405
XRPUSDT,1607295600000,1,0.6153,0.6183764999999999,tp,0.04710959681998751
ETHUSDT,1607295600000,1,598.67,601.6633499999999,tp,0.10963044273691795
FILUSDT,1607348700000,1,29.758,29.906789999999997,tp,0.16781861709618232
NEARUSDT,1607349600000,1,1.0326,1.0377629999999998,tp,0.08921353156646937
SOLUSDT,1607355900000,1,1.8762,1.885581,tp,0.10233128834355697
ZECUSDT,1607356800000,1,75.29,75.66645,tp,0.06929500342231189
FILUSDT,1607363100000,1,30.05,30.200249999999997,tp,0.13887080013854844
BNBUSDT,1607419800000,1,29.552,28.415576825514933,stop,-1.0237541776605092
ETHUSDT,1607419800000,1,593.86,572.8625185617576,stop,-1.0259183175960547
DOGEUSDT,1607459400000,1,0.003584,0.0031970058479532165,stop,-1.007848065764023
BTCUSDT,1607468400000,1,19485.95,18249.40433571981,stop,-1.0140204560330794
NEARUSDT,1607508900000,1,0.9626,0.9674129999999999,tp,0.039216879691619765
ETHUSDT,1607514300000,1,560.31,563.1115499999999,tp,0.05448650213504912
BNBUSDT,1607514300000,1,27.865,28.004324999999994,tp,0.07350326022524978
FILUSDT,1607534100000,1,30.735,30.888674999999996,tp,0.05253155919481284
BTCUSDT,1607547600000,1,18380.9,18472.8045,tp,0.06264786898254729
SOLUSDT,1607553900000,1,1.6534,1.6616669999999998,tp,0.04483323185170049
NEARUSDT,1607562900000,1,1.0145,1.0195724999999998,tp,0.03998831092927964
FILUSDT,1607623200000,1,31.1,31.255499999999998,tp,0.09143024963289058
BNBUSDT,1607684400000,1,28.253,26.83960058355438,stop,-1.0180399257688217
ETHUSDT,1607696100000,1,549.33,552.07665,tp,0.056247186412930875
ZECUSDT,1607698800000,1,64.78,65.1039,tp,0.05584192439862467
BTCUSDT,1607701500000,1,18042.64,18132.853199999998,tp,0.06765841118518301
XRPUSDT,1607724000000,1,0.5625,0.5653124999999999,tp,0.035312306740876716
BNBUSDT,1607724000000,1,27.336,27.472679999999997,tp,0.0822989543368679
BTCUSDT,1607732100000,1,18134.0,18224.67,tp,0.10211304851768456
SOLUSDT,1607737500000,1,1.4994,1.506897,tp,0.04280641954267782
ZECUSDT,1607740200000,1,65.26,65.5863,tp,0.07307606263981889
ETHUSDT,1607748300000,1,554.99,557.76495,tp,0.07929989998571228
SOLUSDT,1607772600000,1,1.5174,1.5249869999999999,tp,0.06734238710389584
NEARUSDT,1607773500000,1,0.9198,0.9243989999999999,tp,0.07685393258426826
BNBUSDT,1607774400000,1,27.91,28.049549999999996,tp,0.12160469667318691
BTCUSDT,1607796000000,1,18448.07,18540.310349999996,tp,0.15720581125146593
ZECUSDT,1607799600000,1,65.99,66.31994999999999,tp,0.08878147029204374
ETHUSDT,1607805000000,1,568.0,570.8399999999999,tp,0.09493199833124397
BNBUSDT,1607836500000,1,28.235,28.376174999999996,tp,0.14754406580493254
BTCUSDT,1607841900000,1,18850.0,18944.249999999996,tp,0.1107309139501308
DOGEUSDT,1607845500000,1,0.003177,0.003192885,tp,0.05318276871601767
ZECUSDT,1607849100000,1,66.84,67.1742,tp,0.10152099886492504
FILUSDT,1607852700000,1,30.11,30.260549999999995,tp,0.3115903801396327
BNBUSDT,1607858100000,1,28.888,29.032439999999998,tp,0.12355555555555228
SOLUSDT,1607861700000,1,1.5538,1.561569,tp,0.07903748733535856
XRPUSDT,1607868900000,1,0.5225,0.5251124999999999,tp,0.04532470334411919
ZECUSDT,1607875200000,1,68.76,69.10379999999999,tp,0.08057309941520199
DOGEUSDT,1607876100000,1,0.003227,0.0032431349999999994,tp,0.10055813953488087
BNBUSDT,1607877000000,1,29.15,29.295749999999995,tp,0.12667969598262413
DOGEUSDT,1607913900000,1,0.003261,0.0032773049999999995,tp,0.07626386456508795
NEARUSDT,1607915700000,1,0.9748,0.9796739999999999,tp,0.07841155234656932
NEARUSDT,1607934600000,1,0.9855,0.9904274999999999,tp,0.07422021796316976
SOLUSDT,1607936400000,1,1.5966,1.6045829999999999,tp,0.06158657074340402
FILUSDT,1607962500000,1,30.261,29.569422098995837,stop,-1.0406186359530236
BNBUSDT,1607969700000,1,29.896,30.045479999999998,tp,0.07584300298015198
NEARUSDT,1607969700000,1,0.9918,0.996759,tp,0.06148148148148065
ZECUSDT,1607970600000,1,67.89,68.22945,tp,0.07125065410779678
BNBUSDT,1607992200000,1,30.16,30.310799999999997,tp,0.08587565798833244
BTCUSDT,1607993100000,1,19299.0,19395.495,tp,0.1568030814064376
ETHUSDT,1607996700000,1,588.67,591.6133499999999,tp,0.12566160405008864
SOLUSDT,1608028200000,1,1.7336,1.742268,tp,0.044404017434147736
NEARUSDT,1608061500000,1,1.0105,1.0155524999999999,tp,0.11382799325463513
XRPUSDT,1608076800000,1,0.5067,0.46419177845728954,stop,-1.0103740446795995
BTCUSDT,1608113700000,1,19500.0,19597.499999999996,tp,0.16243661201162005
DOGEUSDT,1608116400000,1,0.003241,0.0032572049999999996,tp,0.14859106529209345
ZECUSDT,1608124500000,1,68.65,68.99325,tp,0.10785602503912328
ETHUSDT,1608125400000,1,597.7,600.6885,tp,0.11093979033305254
BNBUSDT,1608126300000,1,29.489,29.636445,tp,0.13667477696674543
SOLUSDT,1608129000000,1,1.6873,1.6957364999999998,tp,0.04246690507559937
FILUSDT,1608136200000,1,29.262,29.408309999999997,tp,0.18655232650467987
XRPUSDT,1608138000000,1,0.5219,0.5245095,tp,0.025942885278187403
BNBUSDT,1608156900000,1,30.438,30.590189999999996,tp,0.07515510329941279
XRPUSDT,1608157800000,1,0.5314,0.5340569999999999,tp,0.029026644915714085
DOGEUSDT,1608162300000,1,0.003411,0.0034280549999999997,tp,0.07866436384570989
NEARUSDT,1608162300000,1,1.0392,1.0443959999999999,tp,0.063401608253679
SOLUSDT,1608165900000,1,1.7682,1.7770409999999999,tp,0.036572661427029834
ZECUSDT,1608165900000,1,73.05,73.41524999999999,tp,0.06596443844249181
BTCUSDT,1608183900000,1,22025.9,22136.0295,tp,0.05637191371884995
ETHUSDT,1608192900000,1,652.33,655.59165,tp,0.06003587196467823
BTCUSDT,1608197400000,1,23034.0,23149.17,tp,0.04797898230484899
DOGEUSDT,1608199200000,1,0.00348,0.0034973999999999995,tp,0.07863305322128585
BNBUSDT,1608203700000,1,31.265,31.421324999999996,tp,0.06764721728354937
XRPUSDT,1608214500000,1,0.5794,0.582297,tp,0.027183246073297748
NEARUSDT,1608250500000,1,1.0671,0.9820898323342072,stop,-1.010974985302763
BNBUSDT,1608279300000,1,30.604,30.757019999999997,tp,0.08127287191726232
ZECUSDT,1608285600000,1,76.1,76.48049999999999,tp,0.056166758900571614
SOLUSDT,1608286500000,1,1.6989,1.7073945,tp,0.058619084561674695
NEARUSDT,1608287400000,1,1.0145,1.0195724999999998,tp,0.08505025125627816
SOLUSDT,1608336000000,1,1.6967,1.7051835,tp,0.06545594756120972
BNBUSDT,1608337800000,1,31.041,31.196204999999996,tp,0.10352157254705661
BTCUSDT,1608345000000,1,23105.97,23221.49985,tp,0.09045333552383172
DOGEUSDT,1608345900000,1,0.003882,0.0039014099999999997,tp,0.0428602860286021
NEARUSDT,1608349500000,1,1.0212,1.026306,tp,0.1086852589641401
BNBUSDT,1608368400000,1,32.3,32.461499999999994,tp,0.07152357320099102
NEARUSDT,1608371100000,1,1.087,1.0924349999999998,tp,0.07338047138046955
SOLUSDT,1608377400000,1,1.7479,1.7566395,tp,0.07330189667819263
ZECUSDT,1608386400000,1,75.45,75.82724999999999,tp,0.08289950576606066
BTCUSDT,1608388200000,1,23256.86,23373.144299999996,tp,0.08897767558812232
DOGEUSDT,1608393600000,1,0.004005,0.004025025,tp,0.04295466666666659
XRPUSDT,1608397200000,1,0.5962,0.5991809999999999,tp,0.043780219780218364
ZECUSDT,1608453000000,1,74.43,74.80215,tp,0.0835040582143837
BTCUSDT,1608493500000,1,23826.02,23945.1501,tp,0.07936353748951704
NEARUSDT,1608499800000,1,1.0712,1.0765559999999998,tp,0.07853150684931379
DOGEUSDT,1608507900000,1,0.004641,0.004664204999999999,tp,0.021485035412382204
BNBUSDT,1608519600000,1,35.446,35.62322999999999,tp,0.04488054607508382
ZECUSDT,1608522300000,1,77.1,77.48549999999999,tp,0.046567522908216204
DOGEUSDT,1608523200000,1,0.004975,0.004999875,tp,0.02044957472660972
FILUSDT,1608541200000,1,28.826,27.877021046890153,stop,-1.0279070151216303
NEARUSDT,1608622200000,1,1.4459,1.1034607600703827,stop,-1.0030612371475955
BTCUSDT,1608641100000,1,23092.57,23208.032849999996,tp,0.058082750758350045
SOLUSDT,1608645600000,1,1.5556,1.563378,tp,0.06030197444831463
BNBUSDT,1608645600000,1,32.899,33.063494999999996,tp,0.05515738295821127
ZECUSDT,1608650100000,1,68.26,68.6013,tp,0.04545303408146169
NEARUSDT,1608656400000,1,1.1786,1.184493,tp,0.03271720318449253
BTCUSDT,1608678900000,1,23670.0,23788.35,tp,0.080955581586076
XRPUSDT,1608697800000,1,0.4951,0.3934864054951691,stop,-1.0036787605737403
ETHUSDT,1608760800000,1,675.46,587.3609228053816,stop,-1.0063336971786039
ZECUSDT,1608813900000,1,58.12,58.41059999999999,tp,0.04009612083762311
NEARUSDT,1608814800000,1,0.9805,0.9854025,tp,0.0437322695035454
SOLUSDT,1608817500000,1,1.3012,1.3077059999999998,tp,0.031902923331494325
BNBUSDT,1608817500000,1,32.094,32.25447,tp,0.050240162716106276
DOGEUSDT,1608822000000,1,0.004099,0.004119495,tp,0.03959076849869084
NEARUSDT,1608830100000,1,1.0383,1.0434914999999998,tp,0.04534285096257659
DOGEUSDT,1608835500000,1,0.004442,0.00446421,tp,0.03160804899387573
NEARUSDT,1608846300000,1,1.0637,1.0690184999999999,tp,0.04670173131711394
BTCUSDT,1608849000000,1,23496.0,23613.479999999996,tp,0.09323669919804412
XRPUSDT,1608849900000,1,0.2899,0.2913495,tp,0.018580070041387984
ETHUSDT,1608851700000,1,611.3,614.3564999999999,tp,0.06367308887507578
ZECUSDT,1608851700000,1,61.54,61.847699999999996,tp,0.05268707482993141
SOLUSDT,1608854400000,1,1.3506,1.3573529999999998,tp,0.05469387755101858
FILUSDT,1608855300000,1,23.313,23.429564999999997,tp,0.05145509499136348
ZECUSDT,1608885000000,1,62.56,62.8728,tp,0.060259740259739375
ETHUSDT,1608887700000,1,616.44,619.5222,tp,0.08070353722884359
BTCUSDT,1608888600000,1,23836.0,23955.179999999997,tp,0.11422228282189971
BNBUSDT,1608889500000,1,32.844,33.008219999999994,tp,0.07367243019416596
ZECUSDT,1608913800000,1,64.57,64.89284999999998,tp,0.04868356807511556
DOGEUSDT,1608924600000,1,0.004586,0.004608929999999999,tp,0.05261230329041299
BNBUSDT,1608943500000,1,33.514,33.68157,tp,0.061578995685301716
ZECUSDT,1608946200000,1,65.21,65.53604999999999,tp,0.05820769401823341
BTCUSDT,1608952500000,1,24827.64,24951.778199999997,tp,0.07780780956527635
ETHUSDT,1608953400000,1,630.0,633.15,tp,0.07885489018209059
BTCUSDT,1608998400000,1,25477.0,25604.385,tp,0.08023281067305672
BNBUSDT,1609001100000,1,33.66,33.82829999999999,tp,0.06912055436665471
NEARUSDT,1609001100000,1,1.0277,1.0328385,tp,0.04503227218028593
DOGEUSDT,1609031700000,1,0.004642,0.0046652099999999995,tp,0.04485287023637083
BNBUSDT,1609036200000,1,33.98,34.149899999999995,tp,0.07441580473923212
BTCUSDT,1609066800000,1,27815.0,27954.074999999997,tp,0.057393171432643254
SOLUSDT,1609070400000,1,1.4424,1.2667656195945476,stop,-1.0068518893387308
ETHUSDT,1609077600000,1,654.32,657.5916,tp,0.06400058659627383
DOGEUSDT,1609079400000,1,0.004727,0.004750635,tp,0.04094066882416269
ZECUSDT,1609081200000,1,68.82,69.16409999999999,tp,0.040390955506929054
BNBUSDT,1609083000000,1,34.545,34.717725,tp,0.043388795413472896
BNBUSDT,1609139700000,1,34.979,35.153895,tp,0.0566517587332284
ETHUSDT,1609140600000,1,721.0,724.6049999999999,tp,0.03698577352471984
DOGEUSDT,1609142400000,1,0.004696,0.004719479999999999,tp,0.05058064516128914
ZECUSDT,1609149600000,1,69.25,69.59625,tp,0.05721466831479144
SOLUSDT,1609156800000,1,1.3918,1.3987589999999999,tp,0.0337060490923343
BTCUSDT,1609162200000,1,27390.0,27526.949999999997,tp,0.06499950823032709
ZECUSDT,1609164000000,1,69.93,70.27965,tp,0.04434961277066497
SOLUSDT,1609173000000,1,1.4129,1.4199644999999999,tp,0.04030425819293274
ETHUSDT,1609183800000,1,743.6,747.318,tp,0.03887460143223003
XRPUSDT,1609202700000,1,0.3165,0.231536481277533,stop,-1.0025888717948717
BNBUSDT,1609206300000,1,36.268,36.44934,tp,0.05929553895759319
ZECUSDT,1609218000000,1,70.56,64.3534254299408,stop,-1.0098501602564107
SOLUSDT,1609219800000,1,1.5222,1.5298109999999998,tp,0.03736341034503579
SOLUSDT,1609273800000,1,1.651,1.659255,tp,0.023592666877792743
ETHUSDT,1609290900000,1,740.21,743.9110499999999,tp,0.05929824561403327
FILUSDT,1609292700000,1,21.528,21.635639999999995,tp,0.03783366249725569
DOGEUSDT,1609295400000,1,0.00456,0.0045828,tp,0.04645849200304626
BTCUSDT,1609300800000,1,27874.72,28014.093599999997,tp,0.06535973040292821
NEARUSDT,1609304400000,1,1.2475,1.2537375,tp,0.03747059264254075
DOGEUSDT,1609338600000,1,0.004611,0.004634054999999999,tp,0.0442532855436066
XRPUSDT,1609341300000,1,0.2245,0.22562249999999998,tp,0.017726396917147905
BTCUSDT,1609357500000,1,28656.9,28800.1845,tp,0.064528908749676
FILUSDT,1609371900000,1,21.714,21.822569999999995,tp,0.05473053892215388
DOGEUSDT,1609373700000,1,0.004692,0.0047154599999999994,tp,0.0448873072360605
BTCUSDT,1609388100000,1,29063.72,29209.0386,tp,0.05986196156811362
FILUSDT,1609406100000,1,21.823,21.932115,tp,0.06575593627892953
XRPUSDT,1609413300000,1,0.2206,0.22170299999999996,tp,0.02720588235294033
NEARUSDT,1609434000000,1,1.3329,1.3395644999999998,tp,0.032834367774126114
NEARUSDT,1609459200000,1,1.4,1.4069999999999998,tp,0.036874794826340505
DOGEUSDT,1609465500000,1,0.004742,0.004765709999999999,tp,0.06770766488413474
ZECUSDT,1609471800000,1,66.0,66.33,tp,0.04797968806673898
SOLUSDT,1609480800000,1,1.6001,1.6081005,tp,0.04255347415969102
BNBUSDT,1609498800000,1,38.8,38.99399999999999,tp,0.05466638720044591
ZECUSDT,1609499700000,1,66.46,66.79229999999998,tp,0.05828296101620517
SOLUSDT,1609503300000,1,1.625,1.6331249999999997,tp,0.042877470355729703
SOLUSDT,1609516800000,1,1.64,1.6481999999999997,tp,0.03736381212327886
DOGEUSDT,1609524000000,1,0.005009,0.005034045,tp,0.04319248826291003
DOGEUSDT,1609545600000,1,0.00553,0.00555765,tp,0.022735936059022185
SOLUSDT,1609557300000,1,1.8541,1.8633704999999998,tp,0.01706626409570161
NEARUSDT,1609560900000,1,1.3674,1.3742369999999997,tp,0.03852476290832322
BTCUSDT,1609567200000,1,29500.0,29647.499999999996,tp,0.11010613216345225
ETHUSDT,1609590600000,1,746.3,750.0314999999998,tp,0.07777379374853562
BNBUSDT,1609593300000,1,37.819,38.008095,tp,0.08659817351597882
NEARUSDT,1609595100000,1,1.3964,1.403382,tp,0.04249848759830511
BTCUSDT,1609601400000,1,31450.0,31607.249999999996,tp,0.059933131733327365
DOGEUSDT,1609601400000,1,0.007899,0.007938494999999999,tp,0.014246010399856112
ETHUSDT,1609613100000,1,781.35,785.2567499999999,tp,0.04502721879892412
DOGEUSDT,1609614000000,1,0.010892,0.01094646,tp,0.010024922118379919
NEARUSDT,1609641900000,1,1.4949,1.5023744999999997,tp,0.04055656872678059
BTCUSDT,1609660800000,1,34220.0,34391.1,tp,0.0495059146369652
BNBUSDT,1609668000000,1,38.455,38.64727499999999,tp,0.11846778518347972
SOLUSDT,1609674300000,1,2.2776,2.288988,tp,0.017248201771416546
DOGEUSDT,1609678800000,1,0.013388,0.013454939999999999,tp,0.00906213894609909
ETHUSDT,1609678800000,1,834.0,838.17,tp,0.045278026297952675
ZECUSDT,1609683300000,1,59.58,59.87789999999999,tp,0.04352599054889008
BNBUSDT,1609684200000,1,40.908,41.112539999999996,tp,0.04330112466339182
ETHUSDT,1609694100000,1,926.62,931.2530999999999,tp,0.02619604949405865
XRPUSDT,1609697700000,1,0.227,0.22813499999999998,tp,0.028834278512916665
ETHUSDT,1609713900000,1,985.79,990.7189499999998,tp,0.017657734981984176
FILUSDT,1609723800000,1,22.049,22.159245,tp,0.04063371010940099
NEARUSDT,1609724700000,1,1.5083,1.5158414999999998,tp,0.04717829457364262
SOLUSDT,1609724700000,1,2.2555,2.2667775,tp,0.018054425025935402
ZECUSDT,1609727400000,1,62.01,62.320049999999995,tp,0.04385279098432782
ETHUSDT,1609733700000,1,1022.51,1027.6225499999998,tp,0.02203021901261559
XRPUSDT,1609741800000,1,0.2402,0.24140099999999998,tp,0.03195746095048135
BNBUSDT,1609743600000,1,42.307,42.518535,tp,0.04254990470458369
SOLUSDT,1609790400000,1,2.3584,2.370192,tp,0.015355489977907593
SOLUSDT,1609805700000,1,2.45,2.46225,tp,0.013899804086201915
NEARUSDT,1609808400000,1,1.4182,1.4252909999999999,tp,0.05538760820931791
NEARUSDT,1609846200000,1,1.4352,1.4423759999999999,tp,0.03474856970791858
ETHUSDT,1609865100000,1,1066.48,1071.8123999999998,tp,0.028579952267301888
BTCUSDT,1609866000000,1,32450.05,32612.300249999997,tp,0.043379291776130494
BNBUSDT,1609886700000,1,41.25,41.45625,tp,0.045270348119495776
NEARUSDT,1609887600000,1,1.5174,1.5249869999999999,tp,0.029245510135296984
DOGEUSDT,1609890300000,1,0.009978,0.01002789,tp,0.025009304056567958
BTCUSDT,1609905600000,1,34450.0,34622.24999999999,tp,0.04040392495103313
ETHUSDT,1609906500000,1,1114.5,1120.0725,tp,0.026696325295844786
DOGEUSDT,1609911900000,1,0.010345,0.010396724999999999,tp,0.019027442567265195
ETHUSDT,1609932600000,1,1146.0,1151.7299999999998,tp,0.027567744976934976
SOLUSDT,1609938900000,1,2.1,2.1105,tp,0.02094813493832653
BNBUSDT,1609940700000,1,42.032,42.24215999999999,tp,0.06625450556338949
ZECUSDT,1609943400000,1,63.79,64.10895,tp,0.03695238095238022
FILUSDT,1609943400000,1,22.022,22.132109999999997,tp,0.09732804232804092
BTCUSDT,1609962300000,1,35399.99,35576.989949999996,tp,0.04162775204507713
BTCUSDT,1609977600000,1,36674.97,36858.344849999994,tp,0.03396983309047516
XRPUSDT,1609992000000,1,0.2654,0.266727,tp,0.018990971853424903
BTCUSDT,1609992000000,1,37440.0,37627.2,tp,0.03217685285619613
BNBUSDT,1609996500000,1,42.42,42.632099999999994,tp,0.07194981349609769
FILUSDT,1609998300000,1,22.562,22.674809999999997,tp,0.06213360461173046
XRPUSDT,1610018100000,1,0.318,0.31959,tp,0.012069510268562247
BTCUSDT,1610022600000,1,37795.42,37984.397099999995,tp,0.047258431461253005
ETHUSDT,1610023500000,1,1226.52,1232.6526,tp,0.025227010477406286
ZECUSDT,1610024400000,1,72.61,72.97304999999999,tp,0.024252332590206385
SOLUSDT,1610026200000,1,2.4226,2.434713,tp,0.010753303873363462
ETHUSDT,1610036100000,1,1250.71,1256.96355,tp,0.04011647068234473
BTCUSDT,1610041500000,1,39666.0,39864.329999999994,tp,0.04524804284562615
NEARUSDT,1610109900000,1,1.5719,1.5797595,tp,0.033466793771845825
SOLUSDT,1610111700000,1,3.5346,3.552273,tp,0.011468503358765538
ZECUSDT,1610134200000,1,69.29,69.63645,tp,0.0266437702728479
DOGEUSDT,1610147700000,1,0.009895,0.009944474999999998,tp,0.02787371942295544
BNBUSDT,1610163900000,1,42.915,43.129574999999996,tp,0.042970297029702245
ZECUSDT,1610187300000,1,69.73,70.07865,tp,0.03587925497752019
DOGEUSDT,1610194500000,1,0.0105,0.0105525,tp,0.028726659925850332
XRPUSDT,1610198100000,1,0.3288,0.33044399999999996,tp,0.02850160771704146
BTCUSDT,1610199000000,1,41045.93,41251.159649999994,tp,0.04090970518472906
ZECUSDT,1610201700000,1,73.03,73.39514999999999,tp,0.03501673840267689
SOLUSDT,1610217000000,1,3.35,3.3667499999999997,tp,0.02235819755177916
FILUSDT,1610221500000,1,22.293,22.404465,tp,0.0660489174610206
ZECUSDT,1610223300000,1,77.14,77.52569999999999,tp,0.028411558991348115
XRPUSDT,1610228700000,1,0.334,0.33566999999999997,tp,0.03231654676258891
BNBUSDT,1610236800000,1,44.032,44.25215999999999,tp,0.06601183786618497
ZECUSDT,1610236800000,1,78.48,78.8724,tp,0.02908923812149584
ETHUSDT,1610240400000,1,1302.9,1309.4144999999999,tp,0.03756807471387717
ZECUSDT,1610262900000,1,83.84,84.25919999999999,tp,0.024571014492753014
ZECUSDT,1610289000000,1,89.23,89.67614999999999,tp,0.015155048584705998
DOGEUSDT,1610309700000,1,0.010768,0.009139875445816186,stop,-1.0053330573826265
ETHUSDT,1610309700000,1,1347.14,1179.7157827999908,stop,-1.0066939539118236
NEARUSDT,1610323200000,1,1.7349,1.7435745,tp,0.026273932253313436
BTCUSDT,1610409600000,1,35300.0,35476.49999999999,tp,0.01777861593090997
SOLUSDT,1610410500000,1,3.065,3.0803249999999998,tp,0.020550085794725437
XRPUSDT,1610423100000,1,0.2906,0.292053,tp,0.027997128499640728
BNBUSDT,1610429400000,1,38.541,38.73370499999999,tp,0.035523618692276895
ETHUSDT,1610429400000,1,1103.66,1109.1783,tp,0.023864726497520743
FILUSDT,1610433000000,1,21.786,21.89493,tp,0.06840075258701608
ZECUSDT,1610433900000,1,95.24,95.71619999999999,tp,0.016930723021737898
NEARUSDT,1610436600000,1,1.6024,1.610412,tp,0.030950252343186373
SOLUSDT,1610450100000,1,3.4226,3.439713,tp,0.03253662808587128
ZECUSDT,1610532000000,1,104.84,105.3642,tp,0.019477196885428004
XRPUSDT,1610536500000,1,0.3009,0.30240449999999996,tp,0.038381134480559985
NEARUSDT,1610537400000,1,1.551,1.5587549999999997,tp,0.03960731816153364
FILUSDT,1610547300000,1,21.574,21.68187,tp,0.101013071895424
BNBUSDT,1610551800000,1,38.684,38.877419999999994,tp,0.05203858693825318
ZECUSDT,1610552700000,1,112.95,113.51474999999999,tp,0.019953112789788622
NEARUSDT,1610563500000,1,1.5767,1.5845835,tp,0.050707751564756536
ETHUSDT,1610566200000,1,1098.7,1104.1934999999999,tp,0.03883439041578438
BNBUSDT,1610568900000,1,39.445,39.642224999999996,tp,0.08293287146380988
BTCUSDT,1610572500000,1,36400.0,36581.99999999999,tp,0.029813753552514994
XRPUSDT,1610582400000,1,0.3072,0.30873599999999995,tp,0.050408496732025646
NEARUSDT,1610594100000,1,1.6108,1.6188539999999998,tp,0.062479498311624034
BNBUSDT,1610605800000,1,40.512,40.71456,tp,0.07099609882964839
NEARUSDT,1610606700000,1,1.6915,1.6999574999999998,tp,0.046677676851086
ETHUSDT,1610608500000,1,1138.63,1144.32315,tp,0.03968303455442854
BTCUSDT,1610611200000,1,38273.36,38464.7268,tp,0.04447801847537499
BNBUSDT,1610631900000,1,41.478,41.68539,tp,0.06408229311141816
DOGEUSDT,1610632800000,1,0.009,0.009045,tp,0.021194483403459523
BTCUSDT,1610633700000,1,38959.74,39154.5387,tp,0.044357681181647984
SOLUSDT,1610637300000,1,3.4982,3.515691,tp,0.04110944791758321
ETHUSDT,1610637300000,1,1201.75,1207.75875,tp,0.035962937369504205
FILUSDT,1610639100000,1,21.883,21.992414999999998,tp,0.13988270724361818
BNBUSDT,1610670600000,1,42.039,42.249195,tp,0.06780371759203217
ETHUSDT,1610670600000,1,1249.32,1255.5665999999999,tp,0.03410031912282104
XRPUSDT,1610674200000,1,0.3019,0.30340949999999994,tp,0.0520886615515751
DOGEUSDT,1610704800000,1,0.009748,0.009796739999999998,tp,0.026110219368645566
ZECUSDT,1610726400000,1,117.07,96.99552867459644,stop,-1.0045901957141083
BNBUSDT,1610768700000,1,41.531,41.738654999999994,tp,0.04541861418614098
SOLUSDT,1610768700000,1,3.4131,3.4301654999999998,tp,0.045460090161760086
BNBUSDT,1610787600000,1,41.893,42.102464999999995,tp,0.05717470350358376
SOLUSDT,1610791200000,1,3.5254,3.5430269999999995,tp,0.036936343681404034
XRPUSDT,1610795700000,1,0.2872,0.288636,tp,0.05809954751131224
NEARUSDT,1610796600000,1,2.0892,2.099646,tp,0.02297600524117589
BTCUSDT,1610798400000,1,37746.54,37935.272699999994,tp,0.03916981130124798
BNBUSDT,1610802000000,1,43.294,43.51046999999999,tp,0.06017406983598436
ETHUSDT,1610806500000,1,1239.07,1245.26535,tp,0.039928751717307004
FILUSDT,1610811000000,1,21.98,22.089899999999997,tp,0.08738813325448122
ZECUSDT,1610814600000,1,107.09,107.62544999999999,tp,0.031497330114840655
SOLUSDT,1610829000000,1,3.5749,3.5927744999999995,tp,0.02179613830264878
NEARUSDT,1610847900000,1,2.1365,2.1471824999999995,tp,0.02531695560008062
SOLUSDT,1610856900000,1,3.7157,3.7342784999999994,tp,0.021496339297317653
NEARUSDT,1610881200000,1,2.6574,2.6706869999999996,tp,0.01160545462466745
FILUSDT,1610891100000,1,25.081,25.206404999999997,tp,0.023471097458809837
BNBUSDT,1610900100000,1,44.226,44.447129999999994,tp,0.043075501070246165
SOLUSDT,1610903700000,1,3.6796,3.6979979999999997,tp,0.02566116131712815
BNBUSDT,1610913600000,1,45.435,45.662175,tp,0.038848384774968506
SOLUSDT,1610958600000,1,4.0,4.02,tp,0.027126692635874028
XRPUSDT,1610960400000,1,0.2827,0.28411349999999996,tp,0.06414414414414225
ETHUSDT,1610978400000,1,1249.28,1255.5263999999997,tp,0.04978063772951429
ETHUSDT,1611015300000,1,1258.32,1264.6115999999997,tp,0.06014342819640638
BNBUSDT,1611019800000,1,45.545,45.772724999999994,tp,0.08747227423303758
XRPUSDT,1611026100000,1,0.2893,0.29074649999999996,tp,0.07288220551378242
DOGEUSDT,1611038700000,1,0.009505,0.009552525,tp,0.04038010769718071
BTCUSDT,1611042300000,1,37089.17,37274.615849999995,tp,0.06367612810439902
ZECUSDT,1611046800000,1,105.91,106.43954999999998,tp,0.05105679367361484
BNBUSDT,1611047700000,1,45.79,46.01895,tp,0.07738360323886546
NEARUSDT,1611050400000,1,2.4465,2.4587324999999995,tp,0.037994605009632886
ETHUSDT,1611057600000,1,1407.44,1414.4771999999998,tp,0.037690703457125545
ZECUSDT,1611059400000,1,108.14,108.68069999999999,tp,0.04269264836138076
ZECUSDT,1611075600000,1,109.73,110.27865,tp,0.03383705052344077
BNBUSDT,1611080100000,1,46.21,43.14926560832444,stop,-1.0133927995971799
NEARUSDT,1611108900000,1,2.3716,2.3834579999999996,tp,0.022987275882012125
BTCUSDT,1611141300000,1,37661.36,34101.282953414244,stop,-1.0090998645202958
NEARUSDT,1611184500000,1,2.433,2.4451649999999994,tp,0.023553461399056744
XRPUSDT,1611185400000,1,0.2941,0.29557049999999996,tp,0.047357429718875105
BNBUSDT,1611186300000,1,42.368,42.57984,tp,0.05487851434857036
SOLUSDT,1611186300000,1,3.7103,3.7288514999999998,tp,0.039936889958549764
DOGEUSDT,1611187200000,1,0.009075,0.009120374999999998,tp,0.050988641144297846
XRPUSDT,1611202500000,1,0.2988,0.300294,tp,0.04342733188720167
BTCUSDT,1611230400000,1,35368.18,31740.48499352484,stop,-1.0083120164980868
NEARUSDT,1611260100000,1,2.3735,2.3853674999999996,tp,0.020716289386130328
BNBUSDT,1611315000000,1,40.25,40.451249999999995,tp,0.04991891055400673
ZECUSDT,1611316800000,1,85.84,86.2692,tp,0.03377412087373842
NEARUSDT,1611318600000,1,2.305,2.316525,tp,0.031269599376883145
DOGEUSDT,1611321300000,1,0.00848,0.0085224,tp,0.03838192090395443
ETHUSDT,1611324000000,1,1223.23,1229.3461499999999,tp,0.029649756918586564
SOLUSDT,1611326700000,1,3.29,3.30645,tp,0.038638976886072596
XRPUSDT,1611326700000,1,0.2741,0.2754705,tp,0.039413447782546476
ZECUSDT,1611331200000,1,88.17,88.61085,tp,0.037548617681067806
BTCUSDT,1611340200000,1,32543.87,32706.589349999995,tp,0.03455315479813258
NEARUSDT,1611341100000,1,2.488,2.5004399999999998,tp,0.03316941509496007
FILUSDT,1611379800000,1,22.852,22.96626,tp,0.05904798612449315
SOLUSDT,1611383400000,1,3.4926,3.5100629999999997,tp,0.042108308471204635
XRPUSDT,1611384300000,1,0.2786,0.279993,tp,0.04752525252525173
DOGEUSDT,1611386100000,1,0.008744,0.008787719999999999,tp,0.04632884666138704
BNBUSDT,1611388800000,1,41.221,41.42710499999999,tp,0.057280565077384896
ZECUSDT,1611390600000,1,89.51,89.95755,tp,0.04387522935779739
NEARUSDT,1611457200000,1,2.5095,2.5220474999999998,tp,0.03330950489806658
SOLUSDT,1611462600000,1,3.5578,3.5755889999999995,tp,0.05209933267694888
XRPUSDT,1611464400000,1,0.2749,0.2762744999999999,tp,0.073200531208496
BNBUSDT,1611475200000,1,41.947,42.156735,tp,0.08265800354400246
SOLUSDT,1611477000000,1,3.7292,3.7478459999999996,tp,0.0528082652230818
ZECUSDT,1611477900000,1,88.76,89.2038,tp,0.051436831454176934
NEARUSDT,1611482400000,1,2.6193,2.6323964999999996,tp,0.03179003956389027
ETHUSDT,1611485100000,1,1336.18,1342.8609,tp,0.04897404360382887
DOGEUSDT,1611487800000,1,0.008768,0.00881184,tp,0.08680514342235379
ETHUSDT,1611512100000,1,1352.32,1359.0815999999998,tp,0.045200411440704844
ETHUSDT,1611529200000,1,1368.49,1375.3324499999999,tp,0.040533818622989805
BTCUSDT,1611535500000,1,32650.0,32813.25,tp,0.06012184402696389
NEARUSDT,1611539100000,1,2.639,2.6521949999999994,tp,0.04596219931271351
XRPUSDT,1611543600000,1,0.2783,0.2796915,tp,0.0698696461824951
BTCUSDT,1611557100000,1,33401.8,33568.809,tp,0.05494680707538193
ZECUSDT,1611565200000,1,92.18,92.6409,tp,0.05144927536231833
ZECUSDT,1611578700000,1,95.2,95.67599999999999,tp,0.03869455390522261
SOLUSDT,1611587700000,1,3.6877,3.7061385,tp,0.05585831062670238
SOLUSDT,1611601200000,1,3.8466,3.8658329999999994,tp,0.028712400074362373
BTCUSDT,1611632700000,1,34700.0,31578.486650564668,stop,-1.0096105827397672
NEARUSDT,1611665100000,1,2.5583,2.206126115366624,stop,-1.0059510937665919
SOLUSDT,1611681300000,1,3.97,3.9898499999999997,tp,0.03089125635857486
ZECUSDT,1611688500000,1,88.08,88.5204,tp,0.04130241274303083
ETHUSDT,1611696600000,1,1353.93,1360.69965,tp,0.03187957231288666
BNBUSDT,1611704700000,1,41.437,41.64418499999999,tp,0.08204200642451033
XRPUSDT,1611756000000,1,0.269,0.24991959308807132,stop,-1.0124433202357563
NEARUSDT,1611756000000,1,2.3987,2.054087397711224,stop,-1.0056625411109907
BNBUSDT,1611800100000,1,41.408,41.61503999999999,tp,0.05376611597019545
DOGEUSDT,1611801000000,1,0.007718,0.007756589999999999,tp,0.036147732585319246
SOLUSDT,1611811800000,1,3.7584,3.7771919999999994,tp,0.0336882674554082
ZECUSDT,1611827100000,1,81.78,82.18889999999999,tp,0.04397003745318239
ETHUSDT,1611828000000,1,1298.59,1305.0829499999998,tp,0.03617698131555097
SOLUSDT,1611830700000,1,3.8048,3.8238239999999997,tp,0.06330381273127769
XRPUSDT,1611840600000,1,0.2611,0.26240549999999996,tp,0.06254761904761705
SOLUSDT,1611848700000,1,3.8722,3.8915609999999994,tp,0.05533650290543968
ZECUSDT,1611850500000,1,84.13,84.55064999999999,tp,0.04634842921256575
BTCUSDT,1611859500000,1,32426.18,32588.310899999997,tp,0.04772226334671777
BNBUSDT,1611866700000,1,42.49,42.70245,tp,0.07304392499357736
BTCUSDT,1611878400000,1,33499.0,33666.494999999995,tp,0.05658892645370412
XRPUSDT,1611878400000,1,0.267,0.268335,tp,0.06457280385078103
ETHUSDT,1611881100000,1,1362.94,1369.7547,tp,0.04872292755787824
NEARUSDT,1611884700000,1,2.3099,2.3214494999999995,tp,0.0325310853530022
BNBUSDT,1611911700000,1,42.999,43.213995,tp,0.07245765901392393
ETHUSDT,1611912600000,1,1378.0,1384.8899999999999,tp,0.03709179735996116
ZECUSDT,1611932400000,1,88.49,88.93244999999999,tp,0.03392362093352144
NEARUSDT,1611967500000,1,2.2157,2.2267784999999995,tp,0.055541401273883184
XRPUSDT,1611994500000,1,0.3002,0.301701,tp,0.02973066468989322
BNBUSDT,1611997200000,1,43.29,43.506449999999994,tp,0.08011279064392146
SOLUSDT,1612014300000,1,3.935,3.9546749999999995,tp,0.05522031053294015
BNBUSDT,1612020600000,1,44.676,44.899379999999994,tp,0.09034116755117169
SOLUSDT,1612044000000,1,4.2322,4.253360999999999,tp,0.029687641782709377
BTCUSDT,1612044900000,1,34572.0,34744.85999999999,tp,0.05956705367312828
ETHUSDT,1612046700000,1,1385.0,1391.925,tp,0.05628327555095971
BNBUSDT,1612055700000,1,45.156,45.38177999999999,tp,0.08622590318434706
NEARUSDT,1612056600000,1,2.2523,2.2635615,tp,0.03940347682836891
SOLUSDT,1612065600000,1,4.3318,4.353459,tp,0.03502209309363774
SOLUSDT,1612082700000,1,4.5707,4.5935535,tp,0.03308562197091966
XRPUSDT,1612087200000,1,0.4764,0.47878199999999993,tp,0.013299937382592029
ZECUSDT,1612092600000,1,86.11,86.54055,tp,0.058114478114477515
DOGEUSDT,1612113300000,1,0.031383,0.031539914999999995,tp,0.014309842683488486
BNBUSDT,1612156500000,1,44.8,45.023999999999994,tp,0.07989499911016056
ZECUSDT,1612159200000,1,88.54,88.9827,tp,0.04463833521373822
ETHUSDT,1612161000000,1,1326.2,1332.831,tp,0.04983932124488385
FILUSDT,1612164600000,1,23.373,23.489864999999998,tp,0.044790773043560016
NEARUSDT,1612165500000,1,2.2145,2.2255724999999997,tp,0.03986963121707156
BTCUSDT,1612170900000,1,34484.1,34656.52049999999,tp,0.04977388088814843
BNBUSDT,1612170900000,1,45.948,46.17773999999999,tp,0.07334370139968655
XRPUSDT,1612177200000,1,0.6868,0.6902339999999999,tp,0.011153998888094468
SOLUSDT,1612179000000,1,4.3245,4.346122499999999,tp,0.06019577323509907
SOLUSDT,1612206000000,1,4.409,4.431044999999999,tp,0.04240115025161647
BNBUSDT,1612214100000,1,49.499,49.746494999999996,tp,0.03330537527042683
ETHUSDT,1612215900000,1,1341.87,1348.5793499999997,tp,0.05758060543758651
ZECUSDT,1612224000000,1,88.69,89.13344999999998,tp,0.0649249908525407
ZECUSDT,1612240200000,1,93.0,93.46499999999999,tp,0.04180471380471279
NEARUSDT,1612240200000,1,2.3679,2.3797395,tp,0.03156839309428889
SOLUSDT,1612246500000,1,4.9117,4.936258499999999,tp,0.03249839940901181
BTCUSDT,1612249200000,1,34200.0,34370.99999999999,tp,0.07539758282332606
ETHUSDT,1612255500000,1,1429.0,1436.1449999999998,tp,0.0513865399586571
XRPUSDT,1612266300000,1,0.3982,0.40019099999999996,tp,0.018484330484330163
FILUSDT,1612269900000,1,22.813,22.927064999999995,tp,0.1120429320648827
ETHUSDT,1612298700000,1,1508.0,1515.5399999999997,tp,0.03698087979676296
BTCUSDT,1612299600000,1,35720.0,35898.6,tp,0.060061545274525195
XRPUSDT,1612320300000,1,0.3916,0.39355799999999996,tp,0.027085478887744048
BTCUSDT,1612322100000,1,36041.0,36221.204999999994,tp,0.06230881506110599
ZECUSDT,1612323000000,1,95.34,95.8167,tp,0.053914023960534976
NEARUSDT,1612341000000,1,2.5636,2.576418,tp,0.03564465571285801
FILUSDT,1612358100000,1,22.9,23.014499999999995,tp,0.12733777038269017
SOLUSDT,1612364400000,1,5.3747,5.4015735,tp,0.035182220486788686
ETHUSDT,1612365300000,1,1565.18,1573.0058999999999,tp,0.052215918085096284
DOGEUSDT,1612384200000,1,0.033248,0.03341424,tp,0.024466211754347093
BTCUSDT,1612389600000,1,37273.12,37459.4856,tp,0.06692228420879041
ETHUSDT,1612394100000,1,1650.53,1658.7826499999999,tp,0.040224294063626556
SOLUSDT,1612394100000,1,5.7104,5.738951999999999,tp,0.03314077543585682
BNBUSDT,1612398600000,1,52.514,52.77657,tp,0.03918318720798147
ZECUSDT,1612400400000,1,96.36,96.84179999999999,tp,0.06816542948038062
SOLUSDT,1612412100000,1,6.0012,6.031205999999999,tp,0.0350626588379626
DOGEUSDT,1612415700000,1,0.040455,0.04065727499999999,tp,0.01316229534255252
NEARUSDT,1612422000000,1,2.6402,2.6534009999999997,tp,0.03546207775653174
BNBUSDT,1612445400000,1,53.632,53.90015999999999,tp,0.05044984160506755
XRPUSDT,1612457100000,1,0.4183,0.4203915,tp,0.023635346756151778
BNBUSDT,1612464300000,1,54.5,54.772499999999994,tp,0.04781407145043393
SOLUSDT,1612470600000,1,5.9662,5.9960309999999994,tp,0.04492202343999814
XRPUSDT,1612479600000,1,0.45,0.45225,tp,0.016707482993197083
BNBUSDT,1612485000000,1,56.658,56.941289999999995,tp,0.04718440157643533
SOLUSDT,1612493100000,1,6.858,6.892289999999999,tp,0.028233724379303948
NEARUSDT,1612494900000,1,2.65,2.6632499999999997,tp,0.03326025172553739
ZECUSDT,1612503000000,1,91.87,92.32934999999999,tp,0.05310275255800405
FILUSDT,1612512000000,1,23.274,23.390369999999997,tp,0.09499846954392101
BNBUSDT,1612527300000,1,59.474,59.77136999999999,tp,0.05427397571217678
ZECUSDT,1612527300000,1,94.11,94.58054999999999,tp,0.0552163742690046
NEARUSDT,1612539000000,1,2.9043,2.9188215,tp,0.0288628713595782
FILUSDT,1612548900000,1,24.436,24.558179999999997,tp,0.044631368812666064
BNBUSDT,1612553400000,1,61.556,61.86377999999999,tp,0.04129034414748626
BNBUSDT,1612566000000,1,66.885,67.219425,tp,0.0305275125056841
ZECUSDT,1612568700000,1,95.85,96.32924999999999,tp,0.048562041950972266
BTCUSDT,1612569600000,1,38388.73,38580.67365,tp,0.05613515746412156
SOLUSDT,1612575900000,1,7.0587,6.271117161339422,stop,-1.007564361500568
BTCUSDT,1612664100000,-1,38700.0,38506.5,tp,0.05310647138770487
ETHUSDT,1612710900000,1,1753.35,1555.3063099855235,stop,-1.0074606820059666
BTCUSDT,1612713600000,-1,37967.03,37777.19485,tp,0.05005842483783783
BNBUSDT,1612713600000,-1,67.65,67.31175,tp,0.033625242940436895
FILUSDT,1612714500000,-1,23.864,23.74468,tp,0.058670601979955495
ETHUSDT,1612769400000,1,1632.73,1640.8936499999998,tp,0.04447424921864238
SOLUSDT,1612774800000,1,7.4799,7.517299499999999,tp,0.031027030336424583
BTCUSDT,1612781100000,1,39274.0,39470.369999999995,tp,0.06426068703038712
FILUSDT,1612787400000,1,24.781,24.904904999999996,tp,0.07488567990372874
ETHUSDT,1612787400000,1,1653.4,1661.667,tp,0.05655430711610352
XRPUSDT,1612792800000,1,0.4595,0.46179749999999997,tp,0.026724713394281834
DOGEUSDT,1612792800000,1,0.078691,0.07908445499999998,tp,0.01419340171209172
BNBUSDT,1612792800000,1,73.931,74.30065499999999,tp,0.03371494237180089
SOLUSDT,1612801800000,1,7.7319,7.770559499999999,tp,0.02807616878597999
NEARUSDT,1612806300000,1,3.4464,3.4636319999999996,tp,0.02143405097748015
BNBUSDT,1612818000000,1,76.284,76.66542,tp,0.03408275968073003
FILUSDT,1612822500000,1,25.567,25.694834999999998,tp,0.04021487668117396
ETHUSDT,1612828800000,1,1766.4,1775.232,tp,0.03381932000095525
BNBUSDT,1612835100000,1,80.472,80.87435999999998,tp,0.035134667013075924
ZECUSDT,1612840500000,-1,90.03,101.59289824120604,stop,-1.008346804695142
XRPUSDT,1612844100000,1,0.4651,0.46742549999999994,tp,0.042462380300956205
BNBUSDT,1612847700000,1,83.565,83.98282499999999,tp,0.031019282216482404
BTCUSDT,1612854000000,1,47664.03,47902.35014999999,tp,0.032527546543631054
FILUSDT,1612870200000,1,32.496,32.65848,tp,0.020045607954026563
BNBUSDT,1612880100000,1,97.352,97.83876,tp,0.01703389572486708
ZECUSDT,1612885500000,1,105.46,105.98729999999998,tp,0.035206404803601564
FILUSDT,1612903500000,1,38.825,39.019124999999995,tp,0.014911611126933818
ZECUSDT,1612909800000,1,109.38,109.92689999999999,tp,0.03659022931206339
SOLUSDT,1612918800000,1,8.0382,8.078390999999998,tp,0.04249993392012083
XRPUSDT,1612921500000,1,0.481,0.4834049999999999,tp,0.037816764132552604
BNBUSDT,1612930500000,1,116.8,117.38399999999999,tp,0.021849462365590978
ZECUSDT,1612938600000,1,114.75,115.32374999999999,tp,0.03557714550080904
DOGEUSDT,1612939500000,1,0.075,0.07537499999999998,tp,0.02279972248953658
DOGEUSDT,1612971000000,1,0.0769,0.07728449999999999,tp,0.01671226694792945
SOLUSDT,1612987200000,1,8.43,8.47215,tp,0.03566853677348418
SOLUSDT,1613014200000,1,9.0799,9.125299499999999,tp,0.026277275414989247
NEARUSDT,1613020500000,1,3.3312,3.3478559999999997,tp,0.03190714524047814
SOLUSDT,1613026800000,1,9.3947,9.441673499999998,tp,0.032221111879808494
ZECUSDT,1613031300000,1,119.27,119.86634999999998,tp,0.03419968754438217
BTCUSDT,1613036700000,1,45395.98,45622.9599,tp,0.05745043322415915
FILUSDT,1613039400000,1,41.4,41.60699999999999,tp,0.02710794363630362
ZECUSDT,1613052900000,1,129.37,130.01684999999998,tp,0.02796026347046633
ETHUSDT,1613053800000,1,1795.46,1804.4372999999998,tp,0.05862341220625152
XRPUSDT,1613053800000,1,0.5279,0.5305394999999999,tp,0.03920564216777885
NEARUSDT,1613055600000,1,3.455,3.472275,tp,0.03427483558324622
XRPUSDT,1613097900000,1,0.5379,0.5405895,tp,0.040254110612853486
SOLUSDT,1613099700000,1,9.4328,9.479963999999999,tp,0.03691254678916816
XRPUSDT,1613120400000,1,0.5736,0.576468,tp,0.02543853857158561
BNBUSDT,1613128500000,1,130.45,131.10224999999997,tp,0.026149782890907493
NEARUSDT,1613134800000,1,4.15,4.17075,tp,0.02193997390169596
FILUSDT,1613134800000,1,42.521,42.733605,tp,0.03186203542636905
ETHUSDT,1613160000000,1,1846.92,1856.1545999999998,tp,0.06013453751714023
DOGEUSDT,1613160900000,1,0.0689,0.0692445,tp,0.030023573174160167
ZECUSDT,1613169000000,1,145.93,146.65965,tp,0.03026909990720661
NEARUSDT,1613176200000,1,4.9495,4.974247499999999,tp,0.014213366542133243
ZECUSDT,1613191500000,1,150.82,151.5741,tp,0.03902401829965654
ZECUSDT,1613212200000,1,155.16,155.93579999999997,tp,0.02652143417089489
SOLUSDT,1613214000000,1,9.8961,8.774758829097628,stop,-1.0074339738020448
BNBUSDT,1613259000000,1,134.416,135.08808,tp,0.0443024984884875
XRPUSDT,1613259900000,1,0.6279,0.6310395,tp,0.028016877637130417
BTCUSDT,1613264400000,1,47484.0,47721.42,tp,0.08349551420665473
FILUSDT,1613268000000,1,42.879,43.093394999999994,tp,0.0351863347736995
SOLUSDT,1613271600000,1,9.2042,9.250221,tp,0.044640793132631786
BNBUSDT,1613303100000,1,135.608,136.28603999999999,tp,0.046423660744672385
FILUSDT,1613309400000,1,43.902,44.121509999999994,tp,0.03982966067324458
FILUSDT,1613327400000,1,51.426,51.68313,tp,0.014458729427530268
BTCUSDT,1613355300000,1,49545.64,45642.2081454629,stop,-1.0111081989782378
SOLUSDT,1613355300000,1,8.9882,7.9030858975143214,stop,-1.0069190249997115
ETHUSDT,1613355300000,1,1872.86,1715.6391622575186,stop,-1.0103666742115582
NEARUSDT,1613396700000,1,4.2613,4.2826065,tp,0.022856079041501734
DOGEUSDT,1613404800000,1,0.061218,0.06152409,tp,0.019037979342549877
ETHUSDT,1613412000000,1,1817.44,1826.5271999999998,tp,0.06403242467216201
NEARUSDT,1613444400000,1,4.3597,4.381498499999999,tp,0.018744838090334042
BTCUSDT,1613534400000,1,49674.0,49922.369999999995,tp,0.07126054242393551
BTCUSDT,1613552400000,1,51145.81,51401.53904999999,tp,0.05518342324100397
BNBUSDT,1613553300000,1,132.618,133.28108999999998,tp,0.05379014212276845
XRPUSDT,1613554200000,1,0.5314,0.5340569999999999,tp,0.02816219062664464
ETHUSDT,1613555100000,1,1813.04,1822.1051999999997,tp,0.06285467247699915
SOLUSDT,1613574000000,1,8.2566,8.297883,tp,0.04360293537441804
FILUSDT,1613574000000,1,42.865,43.079325,tp,0.04092312089168236
NEARUSDT,1613577600000,1,4.2324,4.253562,tp,0.030874083798270738
SOLUSDT,1613591100000,1,8.3582,8.399991,tp,0.03885465297230002
BNBUSDT,1613595600000,1,165.991,166.820955,tp,0.021850212854055442
ETHUSDT,1613606400000,1,1854.53,1863.8026499999999,tp,0.08037947223571199
SOLUSDT,1613617200000,1,8.4721,8.514460499999998,tp,0.04976032949217787
XRPUSDT,1613628900000,1,0.557,0.559785,tp,0.031424947145876535
BNBUSDT,1613634300000,1,176.92,177.80459999999997,tp,0.024348854700854097
SOLUSDT,1613658600000,1,8.6579,8.701189499999998,tp,0.054209784956331976
BNBUSDT,1613661300000,1,196.368,197.34983999999997,tp,0.018131043274562723
NEARUSDT,1613664900000,1,4.41,4.432049999999999,tp,0.02834851039909961
DOGEUSDT,1613668500000,1,0.053591,0.05385895499999999,tp,0.02426911645501155
ETHUSDT,1613673000000,1,1924.77,1934.3938499999997,tp,0.06756350888208477
ZECUSDT,1613719800000,1,180.99,181.89495,tp,0.01575446695733922
SOLUSDT,1613727900000,1,9.5321,9.579760499999999,tp,0.0349798655255596
ZECUSDT,1613733300000,1,186.9,187.8345,tp,0.02596015608954573
XRPUSDT,1613735100000,1,0.5451,0.5478255,tp,0.04538493549729392
SOLUSDT,1613741400000,1,10.7351,10.788775499999998,tp,0.029675253034009034
FILUSDT,1613741400000,1,43.4,43.617,tp,0.05619919678714826
BNBUSDT,1613744100000,1,292.181,293.64190499999995,tp,0.013642960481317142
BTCUSDT,1613749500000,1,53420.0,53687.09999999999,tp,0.08089421692445686
ETHUSDT,1613751300000,1,1951.06,1960.8152999999998,tp,0.07644434001977385
BTCUSDT,1613766600000,1,55130.0,55405.649999999994,tp,0.06373482951399811
NEARUSDT,1613788200000,1,4.4583,4.4805915,tp,0.03617332765577737
XRPUSDT,1613860200000,1,0.5778,0.5048650801862391,stop,-1.006576024590164
BNBUSDT,1613900700000,1,284.629,286.052145,tp,0.01904325967554801
XRPUSDT,1613904300000,1,0.5361,0.5387805,tp,0.03863857374392178
SOLUSDT,1613905200000,1,10.4588,10.511093999999998,tp,0.04510927990520642
FILUSDT,1613914200000,1,45.0,45.224999999999994,tp,0.04898889695405413
BNBUSDT,1613917800000,1,297.013,298.49806499999994,tp,0.019001725550068325
BTCUSDT,1613938500000,1,58011.57,58301.62785,tp,0.0756429021938801
ETHUSDT,1613988000000,1,1971.23,1799.7786873764883,stop,-1.0099724506441208
DOGEUSDT,1614003300000,1,0.06,0.04821464226289517,stop,-1.0038865099534098
XRPUSDT,1614070800000,1,0.6159,0.3708326357557201,stop,-1.0014375272083016
SOLUSDT,1614089700000,1,15.2976,15.374087999999997,tp,0.011806890121952693
ZECUSDT,1614129300000,1,128.54,129.18269999999998,tp,0.020356162234250907
XRPUSDT,1614132000000,1,0.4888,0.49124399999999996,tp,0.021378413524056752
ETHUSDT,1614133800000,1,1608.79,1616.8339499999997,tp,0.023684264509794606
DOGEUSDT,1614141900000,1,0.050043,0.050293214999999995,tp,0.023601951037363577
BTCUSDT,1614141900000,1,50597.59,50850.57794999999,tp,0.030796156897054987
FILUSDT,1614142800000,1,37.5,37.68749999999999,tp,0.026252748403307546
BNBUSDT,1614158100000,1,273.296,274.66247999999996,tp,0.012880184006660057
NEARUSDT,1614160800000,1,3.4,3.4169999999999994,tp,0.025294695663458405
ETHUSDT,1614168900000,1,1698.62,1707.1130999999998,tp,0.034418656257249464
SOLUSDT,1614173400000,1,16.3079,16.389439499999998,tp,0.025553953736914162
ZECUSDT,1614184200000,1,133.13,133.79565,tp,0.026631047788661304
ZECUSDT,1614213900000,1,135.35,136.02675,tp,0.02844458438287152
NEARUSDT,1614258000000,1,3.9586,3.9783929999999996,tp,0.022214761345195577
ZECUSDT,1614261600000,1,136.8,137.484,tp,0.035117586912065304
ETHUSDT,1614296700000,1,1657.98,1474.243618957015,stop,-1.0076225047541427
NEARUSDT,1614347100000,1,4.4658,4.488128999999999,tp,0.013485838287483376
ETHUSDT,1614355200000,1,1532.51,1540.1725499999998,tp,0.03217795609608204
XRPUSDT,1614358800000,1,0.4434,0.445617,tp,0.035831824582578414
BNBUSDT,1614358800000,1,235.608,236.78603999999999,tp,0.022468480962286406
SOLUSDT,1614366000000,1,15.1558,15.231578999999998,tp,0.02893379147165111
ZECUSDT,1614410100000,1,123.77,124.38884999999998,tp,0.04020403206217995
FILUSDT,1614429900000,1,38.0,38.19,tp,0.02858924513063205
XRPUSDT,1614430800000,1,0.4465,0.4487325,tp,0.04436525612472097
ETHUSDT,1614456900000,1,1511.12,1518.6755999999998,tp,0.04772436428475575
BNBUSDT,1614527100000,1,235.5,197.41442002135346,stop,-1.0049242705277281
NEARUSDT,1614541500000,1,3.7456,3.7643279999999995,tp,0.021251228483979902
ETHUSDT,1614544200000,1,1385.49,1392.41745,tp,0.03118464533575663
DOGEUSDT,1614546000000,1,0.048563,0.048805814999999995,tp,0.032666901917291706
NEARUSDT,1614560400000,1,3.94,3.9596999999999993,tp,0.024336497987524987
BNBUSDT,1614561300000,1,215.985,217.064925,tp,0.030093335562241554
SOLUSDT,1614562200000,1,13.78,13.848899999999999,tp,0.025437909217979573
ZECUSDT,1614587400000,1,114.33,114.90164999999999,tp,0.03975006508721626
BNBUSDT,1614590100000,1,229.711,230.859555,tp,0.029053812802856117
ETHUSDT,1614594600000,1,1511.5,1519.0575,tp,0.05039553087464962
FILUSDT,1614594600000,1,36.726,36.90962999999999,tp,0.058503498727733465
DOGEUSDT,1614596400000,1,0.049667,0.049915335,tp,0.05882214369846766
SOLUSDT,1614600000000,1,14.7879,14.861839499999999,tp,0.03474323257649536
BTCUSDT,1614604500000,1,48150.0,48390.74999999999,tp,0.04597291072679086
SOLUSDT,1614612600000,1,15.3207,15.3973035,tp,0.03513142830974912
FILUSDT,1614613500000,1,37.28,37.4664,tp,0.05594433845808525
XRPUSDT,1614613500000,1,0.4363,0.43848149999999997,tp,0.05391358024691231
BNBUSDT,1614613500000,1,258.377,259.668885,tp,0.020836824636813415
ETHUSDT,1614614400000,1,1544.68,1552.4034,tp,0.046175469942303204
ZECUSDT,1614614400000,1,119.2,119.79599999999999,tp,0.037004965859713766
NEARUSDT,1614615300000,1,4.2025,4.223512499999999,tp,0.0305394907207588
BTCUSDT,1614642300000,1,49455.0,49702.274999999994,tp,0.053671080556114754
DOGEUSDT,1614643200000,1,0.050695,0.05094847499999999,tp,0.03907357153625751
ETHUSDT,1614650400000,1,1565.94,1573.7696999999998,tp,0.049046738307617674
SOLUSDT,1614711600000,1,14.9892,13.639455552206375,stop,-1.0095999526397588
FILUSDT,1614745800000,1,38.995,39.18997499999999,tp,0.06861488417072985
ZECUSDT,1614752100000,1,126.28,126.91139999999999,tp,0.041990049751242764
DOGEUSDT,1614757500000,1,0.05086,0.051114299999999994,tp,0.08574596774193242
BTCUSDT,1614758400000,1,49659.41,49907.70705,tp,0.07381847725678983
ETHUSDT,1614762000000,1,1588.02,1595.9600999999998,tp,0.05901022813758642
FILUSDT,1614765600000,1,41.066,41.27133,tp,0.04589398623993676
XRPUSDT,1614769200000,1,0.4549,0.4571745,tp,0.046687179487178605
DOGEUSDT,1614772800000,1,0.051824,0.05208312,tp,0.08211948790895963
ETHUSDT,1614790800000,1,1615.4,1623.4769999999999,tp,0.052679635345630395
NEARUSDT,1614796200000,1,4.2592,4.280495999999999,tp,0.03333372172055469
SOLUSDT,1614798000000,1,14.6289,14.702044499999998,tp,0.052960347735121094
XRPUSDT,1614823200000,1,0.4563,0.4585814999999999,tp,0.05180141843971485
XRPUSDT,1614868200000,1,0.4598,0.4620989999999999,tp,0.04063408190224466
NEARUSDT,1614878100000,1,4.4175,4.4395875,tp,0.02865029783524571
DOGEUSDT,1614899700000,1,0.050603,0.050856015,tp,0.043601903900410584
NEARUSDT,1614901500000,1,4.52,4.542599999999999,tp,0.02272310379053412
BTCUSDT,1614902400000,1,51850.0,47396.70719475939,stop,-1.0101109165294577
SOLUSDT,1614951900000,1,12.6051,12.668125499999999,tp,0.0590584699262559
ZECUSDT,1614951900000,1,118.55,119.14274999999998,tp,0.054801985913864946
ETHUSDT,1614953700000,1,1493.06,1500.5252999999998,tp,0.058030637967809454
BTCUSDT,1614956400000,1,48304.0,48545.52,tp,0.05806973925279183
ZECUSDT,1614966300000,1,120.47,121.07234999999999,tp,0.04511871377827532
ETHUSDT,1614969900000,1,1514.72,1522.2936,tp,0.04710330187948336
FILUSDT,1614978000000,1,40.144,40.344719999999995,tp,0.0601599760783426
FILUSDT,1614996000000,1,40.671,40.874354999999994,tp,0.0654077459706503
XRPUSDT,1615014000000,1,0.466,0.46832999999999997,tp,0.059649793059533655
ETHUSDT,1615051800000,1,1595.6,1603.5779999999997,tp,0.06300278820480863
SOLUSDT,1615061700000,1,12.9,12.9645,tp,0.04625631109678717
ZECUSDT,1615069800000,1,124.95,125.57475,tp,0.05098470948012167
NEARUSDT,1615077900000,1,4.0986,4.1190929999999994,tp,0.08183756851021082
ETHUSDT,1615102200000,1,1674.02,1682.3900999999998,tp,0.0492835014171767
ZECUSDT,1615110300000,1,127.15,127.78575,tp,0.07749771689497573
SOLUSDT,1615113000000,1,13.253,13.319264999999998,tp,0.06795323873994243
NEARUSDT,1615125600000,1,4.19,4.2109499999999995,tp,0.0858847040737856
BTCUSDT,1615125600000,1,50932.55,51187.21275,tp,0.07435563588575776
ZECUSDT,1615158900000,1,128.22,128.8611,tp,0.06537487335359629
FILUSDT,1615159800000,1,41.763,41.97181499999999,tp,0.07060940073482642
XRPUSDT,1615163400000,1,0.4672,0.46953599999999995,tp,0.09907790143084061
BTCUSDT,1615165200000,1,51480.0,51737.399999999994,tp,0.07150337480830128
XRPUSDT,1615198500000,1,0.4733,0.47566649999999994,tp,0.06231742940603536
FILUSDT,1615224600000,1,41.687,41.89543499999999,tp,0.0772903942254283
NEARUSDT,1615227300000,1,4.4863,4.5087315,tp,0.044338415894554485
DOGEUSDT,1615238100000,1,0.057947,0.05823673499999999,tp,0.034014502307184336
ETHUSDT,1615239900000,1,1782.2,1791.1109999999999,tp,0.05375329269210398
NEARUSDT,1615248000000,1,4.6196,4.642697999999999,tp,0.03793880440805133
BTCUSDT,1615252500000,1,52193.03,52453.995149999995,tp,0.080177254369424
ZECUSDT,1615252500000,1,129.02,129.6651,tp,0.08866700977869067
ETHUSDT,1615258800000,1,1845.73,1854.9586499999998,tp,0.05428020556129687
FILUSDT,1615261500000,1,42.0,42.209999999999994,tp,0.0833695059709606
SOLUSDT,1615263300000,1,13.935,14.004674999999999,tp,0.043641877391059875
BTCUSDT,1615269600000,1,54188.49,54459.43244999999,tp,0.06204980879054562
BNBUSDT,1615281300000,1,260.0,261.29999999999995,tp,0.028738874895045185
ZECUSDT,1615286700000,1,134.32,134.99159999999998,tp,0.056274509803920285
NEARUSDT,1615296600000,1,5.4999,5.5273995,tp,0.02058989409095454
SOLUSDT,1615297500000,1,14.3971,14.469085499999998,tp,0.05450084122573104
ZECUSDT,1615320000000,1,136.06,136.7403,tp,0.05053118637793739
BNBUSDT,1615323600000,1,281.07,282.47534999999993,tp,0.03180004321023896
SOLUSDT,1615326300000,1,14.8874,14.961836999999997,tp,0.04578611162051336
BTCUSDT,1615329900000,1,54500.0,54772.49999999999,tp,0.07585319308346136
DOGEUSDT,1615329900000,1,0.05841,0.05870204999999999,tp,0.05107567638217152
ZECUSDT,1615332600000,1,137.89,138.57944999999998,tp,0.05487393289656499
XRPUSDT,1615335300000,1,0.4856,0.4880279999999999,tp,0.08445023902650804
BTCUSDT,1615395600000,1,56592.18,56875.14089999999,tp,0.05869287237420978
ZECUSDT,1615398300000,1,136.78,137.4639,tp,0.05783692437684793
ZECUSDT,1615427100000,1,142.35,143.06175,tp,0.038474971672331965
NEARUSDT,1615449600000,1,5.578,5.60589,tp,0.022156975188285556
SOLUSDT,1615449600000,1,15.0686,13.79496883515684,stop,-1.010289651160517
NEARUSDT,1615468500000,1,5.8619,5.8912094999999995,tp,0.021206648624991598
BTCUSDT,1615470300000,1,56564.81,56847.63404999999,tp,0.0587458899579906
NEARUSDT,1615482000000,1,5.9933,6.023266499999999,tp,0.02347856599801121
SOLUSDT,1615482000000,1,14.6452,14.718426,tp,0.04854638833664557
BTCUSDT,1615495500000,1,57312.84,57599.40419999999,tp,0.05429475121412757
NEARUSDT,1615512600000,1,6.312,6.343559999999999,tp,0.01989993365335762
XRPUSDT,1615512600000,1,0.459,0.46129499999999996,tp,0.057535959974982655
SOLUSDT,1615515300000,1,16.3334,16.415067,tp,0.033549949422186566
NEARUSDT,1615529700000,1,6.8887,6.923143499999999,tp,0.019396822792770163
FILUSDT,1615540500000,1,42.57,42.782849999999996,tp,0.08929057948234116
BTCUSDT,1615570200000,1,57494.02,57781.49009999999,tp,0.05280730266408416
FILUSDT,1615572000000,1,44.083,44.303414999999994,tp,0.041180288068724834
FILUSDT,1615614300000,1,45.203,45.429015,tp,0.05149963007227748
NEARUSDT,1615629600000,1,7.1731,7.208965499999999,tp,0.02482625316040558
BTCUSDT,1615629600000,1,57588.88,57876.82439999999,tp,0.08102458676495018
SOLUSDT,1615630500000,1,14.6684,14.741741999999999,tp,0.0573606191019887
ETHUSDT,1615632300000,1,1854.0,1863.2699999999998,tp,0.05982264905962221
BNBUSDT,1615633200000,1,275.665,277.043325,tp,0.04603682542829984
DOGEUSDT,1615636800000,1,0.0574,0.057686999999999995,tp,0.06877375403370291
SOLUSDT,1615643100000,1,14.912,14.986559999999999,tp,0.0553866341391279
FILUSDT,1615647600000,1,48.388,48.62993999999999,tp,0.03302169325567555
NEARUSDT,1615653000000,1,7.2361,7.2722805,tp,0.023438265786993085
ZECUSDT,1615655700000,1,157.03,157.81515,tp,0.028735222967729693
DOGEUSDT,1615657500000,1,0.0577,0.0579885,tp,0.06216666666666611
XRPUSDT,1615659300000,1,0.4593,0.4615964999999999,tp,0.055551537070522634
SOLUSDT,1615661100000,1,15.1755,15.251377499999998,tp,0.05321293258082786
ETHUSDT,1615662000000,1,1904.53,1914.0526499999999,tp,0.04679604540461309
DOGEUSDT,1615680900000,1,0.061868,0.06217733999999999,tp,0.02879948650940936
FILUSDT,1615749300000,1,56.52,56.8026,tp,0.024267624914441725
SOLUSDT,1615751100000,1,14.8948,14.969273999999999,tp,0.05489764270836087
BTCUSDT,1615799700000,1,60650.0,56685.06967918908,stop,-1.0135817812264138
ETHUSDT,1615799700000,1,1890.4,1745.3967911642135,stop,-1.0114351052291795
SOLUSDT,1615840200000,1,14.3665,14.4383325,tp,0.058134626066756845
DOGEUSDT,1615842900000,1,0.057397,0.05768398499999999,tp,0.04848108747044862
NEARUSDT,1615881600000,1,6.1685,6.199342499999999,tp,0.024163539211977995
FILUSDT,1615884300000,1,54.362,54.63381,tp,0.04120342112203687
NEARUSDT,1615907700000,1,6.3085,6.3400425,tp,0.027573076923076544
DOGEUSDT,1615914900000,1,0.058496,0.05878847999999999,tp,0.06686519482001058
FILUSDT,1615938300000,1,62.577,62.88988499999999,tp,0.02504040676476126
ZECUSDT,1615989600000,1,139.68,140.3784,tp,0.04514806745743515
FILUSDT,1615996800000,1,75.738,76.11668999999999,tp,0.021639431828564128
SOLUSDT,1615997700000,1,13.867,13.936335,tp,0.057511017317359775
BNBUSDT,1616004000000,1,255.864,257.14331999999996,tp,0.06468792782561837
ETHUSDT,1616005800000,1,1810.0,1819.0499999999997,tp,0.049498083741518754
BTCUSDT,1616005800000,1,56868.59,57152.93294999999,tp,0.06996934536176784
ZECUSDT,1616007600000,1,144.4,145.12199999999999,tp,0.045862096326270224
BTCUSDT,1616018400000,1,58411.25,58703.306249999994,tp,0.05336912843581174
SOLUSDT,1616025600000,1,14.2645,14.335822499999999,tp,0.048366272079120094
DOGEUSDT,1616030100000,1,0.058597,0.058889985,tp,0.08889999242940284
BNBUSDT,1616034600000,1,275.0,276.37499999999994,tp,0.049071122445363206
XRPUSDT,1616036400000,1,0.4742,0.47657099999999997,tp,0.052428256070639154
ZECUSDT,1616082300000,1,147.14,147.87569999999997,tp,0.06016748366012926
XRPUSDT,1616085900000,1,0.4809,0.48330449999999997,tp,0.06724637681159344
SOLUSDT,1616088600000,1,14.3799,14.451799499999998,tp,0.07310521770055252
ZECUSDT,1616141700000,1,146.34,147.0717,tp,0.0635070680910749
NEARUSDT,1616148000000,1,6.1163,6.146881499999999,tp,0.05871743295019039
FILUSDT,1616148900000,1,81.85,82.25924999999998,tp,0.03206842145770694
SOLUSDT,1616165100000,1,14.2246,14.295722999999999,tp,0.08925376868705596
ZECUSDT,1616166900000,1,148.08,148.8204,tp,0.07617431546471222
NEARUSDT,1616175000000,1,6.2689,6.3002445,tp,0.04267472103364297
ZECUSDT,1616197500000,1,149.81,150.55904999999998,tp,0.07480628790691735
XRPUSDT,1616211000000,1,0.4736,0.47596799999999995,tp,0.09782586295723582
SOLUSDT,1616224500000,1,14.4694,14.541746999999999,tp,0.09735913718375001
XRPUSDT,1616227200000,1,0.4821,0.4845104999999999,tp,0.06831746031745833
DOGEUSDT,1616227200000,1,0.05928,0.059576399999999995,tp,0.10167794662239667
ZECUSDT,1616236200000,1,154.46,155.23229999999998,tp,0.07945987654320685
SOLUSDT,1616238900000,1,14.5971,14.670085499999997,tp,0.09069381178147318
BTCUSDT,1616245200000,1,59261.77,59558.07884999999,tp,0.07220780715720551
ETHUSDT,1616245200000,1,1842.87,1852.0843499999996,tp,0.07462103775489407
NEARUSDT,1616252400000,1,6.4622,6.494510999999999,tp,0.06946603627427228
FILUSDT,1616254200000,1,84.288,84.70943999999999,tp,0.05940580241098236
ZECUSDT,1616263200000,1,158.61,159.40305,tp,0.05422541228744729
NEARUSDT,1616269500000,1,6.5722,6.605060999999999,tp,0.04125094055680911
XRPUSDT,1616284800000,1,0.5333,0.5359664999999999,tp,0.02999590667212333
ZECUSDT,1616375700000,-1,145.36,144.63320000000002,tp,0.07429669485011516
FILUSDT,1616433300000,-1,78.425,78.03287499999999,tp,0.05496036140554515
NEARUSDT,1616437800000,-1,5.7627,5.7338865,tp,0.04920433416682709
DOGEUSDT,1616439600000,1,0.060589,0.056539086070945724,stop,-1.0132625366139423
ETHUSDT,1616440500000,-1,1761.0,1752.195,tp,0.09405734910768059
ZECUSDT,1616442300000,-1,145.64,144.9118,tp,0.05583117505995099
SOLUSDT,1616445000000,-1,15.4275,15.350362500000001,tp,0.03925715267306664
FILUSDT,1616447700000,-1,76.724,76.34038000000001,tp,0.05011464716347023
ZECUSDT,1616479200000,-1,138.7,138.0065,tp,0.041323496534764186
BTCUSDT,1616479200000,-1,53635.81,53367.63095,tp,0.05333808896528518
NEARUSDT,1616481000000,-1,5.22,5.193899999999999,tp,0.029773155540212516
ZECUSDT,1616531400000,-1,138.2,137.509,tp,0.05373879142300213
SOLUSDT,1616534100000,-1,14.2663,14.1949685,tp,0.05024900706773134
ETHUSDT,1616534100000,-1,1678.54,1670.1472999999999,tp,0.06762196045180702
BNBUSDT,1616544900000,1,277.401,251.6399999986502,stop,-1.0092798416205195
NEARUSDT,1616546700000,-1,5.2691,5.2427545,tp,0.03223821828472956
BTCUSDT,1616562000000,-1,54237.56,53966.3722,tp,0.0680263678254571
NEARUSDT,1616610600000,-1,5.2689,5.2425555,tp,0.04042762651899773
ZECUSDT,1616613300000,-1,137.37,136.68315,tp,0.068950081730164
ETHUSDT,1616613300000,-1,1674.66,1666.2867,tp,0.07595043861146147
XRPUSDT,1616613300000,-1,0.5381,0.5354095,tp,0.032425750037690854
DOGEUSDT,1616616900000,-1,0.053043,0.052777785,tp,0.059503695584970116
SOLUSDT,1616624100000,-1,14.074,14.00363,tp,0.05004148036416563
ETHUSDT,1616635800000,-1,1580.02,1572.1199,tp,0.040482042561962514
FILUSDT,1616663700000,1,90.597,91.04998499999998,tp,0.029254771597651115
NEARUSDT,1616697000000,1,4.8815,4.9059075,tp,0.02831486069457085
XRPUSDT,1616706000000,1,0.5158,0.518379,tp,0.028197430696416486
DOGEUSDT,1616710500000,1,0.052223,0.05248411499999999,tp,0.046907835753988186
ETHUSDT,1616719500000,1,1614.77,1622.8438499999997,tp,0.060204352959769135
XRPUSDT,1616721300000,1,0.5295,0.5321474999999999,tp,0.03562479061976427
FILUSDT,1616723100000,1,93.4,93.86699999999999,tp,0.03488837309022317
NEARUSDT,1616728500000,1,5.0929,5.118364499999999,tp,0.03385540168044773
BTCUSDT,1616743800000,1,52800.0,53063.99999999999,tp,0.060340203233473604
SOLUSDT,1616744700000,1,13.7722,13.841060999999998,tp,0.03932885139667897
BNBUSDT,1616745600000,1,243.567,244.784835,tp,0.05270845145717496
DOGEUSDT,1616760900000,1,0.05287,0.05313435,tp,0.06721825056397458
ZECUSDT,1616760900000,1,127.8,128.439,tp,0.057639919082939584
NEARUSDT,1616765400000,1,5.2226,5.2487129999999995,tp,0.042826227390180265
FILUSDT,1616768100000,1,102.051,102.56125499999999,tp,0.03339765881373281
ZECUSDT,1616775300000,1,129.99,130.63995,tp,0.05820162276314237
BNBUSDT,1616776200000,1,248.443,249.685215,tp,0.05252838009703349
SOLUSDT,1616779800000,1,14.2989,14.370394499999998,tp,0.04014791114104786
DOGEUSDT,1616793300000,1,0.053383,0.05364991499999999,tp,0.08174758024407741
BNBUSDT,1616793300000,1,251.989,253.24894499999996,tp,0.0646734234234213
BTCUSDT,1616793300000,1,54060.0,54330.299999999996,tp,0.07754378427918698
ETHUSDT,1616794200000,1,1669.69,1678.0384499999998,tp,0.0849495642452392
SOLUSDT,1616798700000,1,14.4586,14.530892999999999,tp,0.05643533766650028
ZECUSDT,1616802300000,1,132.68,133.3434,tp,0.060279386712094915
SOLUSDT,1616823000000,1,15.0074,15.082436999999999,tp,0.05910041676495903
BNBUSDT,1616852700000,1,257.175,258.460875,tp,0.07753394813024003
SOLUSDT,1616863500000,1,16.1671,16.2479355,tp,0.03943436557961041
FILUSDT,1616865300000,1,135.156,135.83177999999998,tp,0.01939464301710936
ZECUSDT,1616873400000,1,133.2,133.86599999999999,tp,0.0479102736653205
BNBUSDT,1616875200000,1,264.39,265.71194999999994,tp,0.048326880543583396
ETHUSDT,1616877000000,1,1706.0,1714.5299999999997,tp,0.08924721068171404
SOLUSDT,1616891400000,1,16.3654,16.447226999999998,tp,0.043942019704760485
NEARUSDT,1616903100000,1,5.5319,5.5595595,tp,0.05063229816503196
BNBUSDT,1616904900000,1,276.724,278.10761999999994,tp,0.04434571323868993
SOLUSDT,1616922000000,1,17.6313,17.719456499999996,tp,0.039379990186893477
BTCUSDT,1616922000000,1,56300.0,56581.49999999999,tp,0.08405024897789866
SOLUSDT,1616936400000,1,18.387,18.478935,tp,0.03789177475839802
NEARUSDT,1616940900000,1,5.6101,5.638150499999999,tp,0.047266918873474735
ZECUSDT,1616946300000,1,135.78,136.4589,tp,0.07557408951904362
SOLUSDT,1616952600000,1,19.2854,19.381826999999998,tp,0.02743624427947025
XRPUSDT,1616984100000,1,0.5588,0.5615939999999999,tp,0.06088562890518806
FILUSDT,1616994000000,1,128.8,129.444,tp,0.03540599212463493
BTCUSDT,1617004800000,1,55948.62,56228.363099999995,tp,0.0955364971728236
NEARUSDT,1617019200000,1,5.8006,5.829603,tp,0.0493686931865556
ETHUSDT,1617024600000,1,1778.14,1787.0307,tp,0.0854213822920025
XRPUSDT,1617037200000,1,0.5657,0.5685284999999999,tp,0.05924183006535753
SOLUSDT,1617041700000,1,18.78,18.8739,tp,0.044296987379957145
SOLUSDT,1617073200000,1,19.7939,19.8928695,tp,0.04244817648599893
NEARUSDT,1617090300000,1,5.953,5.982765,tp,0.04976287305261738
ETHUSDT,1617098400000,1,1830.9,1840.0545,tp,0.08534739439652533
BNBUSDT,1617113700000,1,300.48,301.9824,tp,0.03831292207730622
DOGEUSDT,1617113700000,1,0.0553,0.055576499999999994,tp,0.06399769419224495
NEARUSDT,1617117300000,1,6.4564,6.488682,tp,0.027318339824935693
BNBUSDT,1617135300000,1,305.603,307.131015,tp,0.04213164987650722
BNBUSDT,1617149700000,1,312.0,313.55999999999995,tp,0.04258004709955844
ETHUSDT,1617151500000,1,1852.24,1861.5011999999997,tp,0.10548688179386126
ZECUSDT,1617206400000,1,156.3,157.0815,tp,0.03835312747426729
FILUSDT,1617209100000,1,188.28,189.2214,tp,0.020971555983423512
ETHUSDT,1617223500000,1,1920.88,1930.4843999999998,tp,0.061550739528324905
XRPUSDT,1617230700000,1,0.5625,0.5653124999999999,tp,0.05284780578897999
ZECUSDT,1617237000000,1,158.04,158.83019999999996,tp,0.044000277604273455
DOGEUSDT,1617257700000,1,0.054288,0.054559439999999994,tp,0.07784229390680733
BNBUSDT,1617261300000,1,309.102,310.64750999999995,tp,0.05824889248376426
NEARUSDT,1617268500000,1,6.1194,6.149996999999999,tp,0.05138131519845405
ZECUSDT,1617283800000,1,159.6,160.39799999999997,tp,0.050190902663208414
BNBUSDT,1617286500000,1,321.871,323.480355,tp,0.0392665103591726
ETHUSDT,1617298200000,1,1952.98,1962.7449,tp,0.07730855091704687
ZECUSDT,1617321600000,1,165.99,166.81994999999998,tp,0.04289395696430711
BTCUSDT,1617332400000,1,59342.89,59639.60444999999,tp,0.11292587096076895
ZECUSDT,1617336900000,1,174.22,175.09109999999998,tp,0.04509386491194033
XRPUSDT,1617349500000,1,0.584,0.5869199999999999,tp,0.05265049415992662
XRPUSDT,1617382800000,1,0.5914,0.594357,tp,0.05215025906735722
ETHUSDT,1617397200000,1,2087.6,2098.0379999999996,tp,0.05440556992551219
XRPUSDT,1617410700000,1,0.6124,0.615462,tp,0.039013750592696655
SOLUSDT,1617419700000,1,20.83,20.934149999999995,tp,0.03690368703250039
NEARUSDT,1617431400000,1,6.2019,6.2329095,tp,0.03682595765980586
SOLUSDT,1617432300000,1,21.3777,21.484588499999997,tp,0.04343808024541716
BNBUSDT,1617453900000,1,347.827,349.566135,tp,0.060032749868568755
SOLUSDT,1617486300000,1,22.6871,22.8005355,tp,0.03574773842965258
BTCUSDT,1617486300000,1,59650.0,57678.03568355686,stop,-1.027786574758216
ZECUSDT,1617491700000,1,177.31,178.19654999999997,tp,0.040081122190297816
FILUSDT,1617494400000,1,180.833,181.73716499999998,tp,0.02751414228733417
SOLUSDT,1617518700000,1,23.866,23.985329999999998,tp,0.02435977882782778
ZECUSDT,1617520500000,1,180.25,181.15124999999998,tp,0.03037550986081244
BNBUSDT,1617525900000,1,338.113,339.803565,tp,0.05043438775927949
NEARUSDT,1617538500000,1,5.986,6.015929999999999,tp,0.04350216025850402
ETHUSDT,1617540300000,1,2060.0,2070.2999999999997,tp,0.08473065219179007
BTCUSDT,1617544800000,1,58000.0,58289.99999999999,tp,0.11072120711517812
XRPUSDT,1617544800000,1,0.597,0.5999849999999999,tp,0.06609128630705192
SOLUSDT,1617547500000,1,24.5855,24.708427499999996,tp,0.029555834378919937
ZECUSDT,1617551100000,1,189.05,189.99525,tp,0.031147501505117026
DOGEUSDT,1617559200000,1,0.057614,0.05790206999999999,tp,0.06738988199555883
XRPUSDT,1617576300000,1,0.6186,0.6216929999999999,tp,0.056762688614538634
XRPUSDT,1617613200000,1,0.706,0.7095299999999999,tp,0.025169565981373553
ZECUSDT,1617622200000,1,190.51,191.46254999999996,tp,0.04432124593212343
DOGEUSDT,1617624000000,1,0.058308,0.05859953999999999,tp,0.06725267208208445
NEARUSDT,1617625800000,1,6.1775,6.2083875,tp,0.0467396441873208
XRPUSDT,1617634800000,1,0.7276,0.7312379999999999,tp,0.024264144682262626
BNBUSDT,1617635700000,1,371.8,373.659,tp,0.03969383241827322
FILUSDT,1617638400000,1,180.697,181.600485,tp,0.05765081456730216
ZECUSDT,1617654600000,1,194.55,195.52275,tp,0.051657082424482186
DOGEUSDT,1617656400000,1,0.05866,0.05895329999999999,tp,0.06696096044714325
XRPUSDT,1617657300000,1,0.8855,0.8899274999999999,tp,0.01550476687997882
ETHUSDT,1617670800000,1,2142.0,2152.7099999999996,tp,0.06581072991019758
BNBUSDT,1617687900000,1,378.152,380.04275999999993,tp,0.04526868571462444
NEARUSDT,1617692400000,1,6.5268,6.559433999999999,tp,0.042657141925170686
XRPUSDT,1617698700000,1,0.95,0.9547499999999999,tp,0.018103854490622642
BNBUSDT,1617706800000,1,390.0,391.94999999999993,tp,0.03872949153206515
DOGEUSDT,1617719400000,1,0.061178,0.06148389,tp,0.03620742712188587
SOLUSDT,1617732900000,1,23.8526,23.971862999999995,tp,0.026889360493290007
BNBUSDT,1617744600000,1,402.1,404.1105,tp,0.03376074564140936
SOLUSDT,1617768000000,1,25.359,25.485795,tp,0.0260983563524751
ZECUSDT,1617772500000,1,192.94,193.9047,tp,0.05109479394059643
SOLUSDT,1617805800000,1,26.5491,26.681845499999998,tp,0.018018527842110384
FILUSDT,1617838200000,1,154.082,154.85240999999996,tp,0.019644114096943516
ZECUSDT,1617852600000,1,175.97,176.84984999999998,tp,0.03279113098565216
ETHUSDT,1617858000000,1,2014.53,2024.6026499999998,tp,0.06584602348186595
BTCUSDT,1617861600000,1,56901.89,57186.39944999999,tp,0.10371847916586628
NEARUSDT,1617862500000,1,6.3355,6.367177499999999,tp,0.03191519861179117
ZECUSDT,1617868800000,1,178.87,179.76434999999998,tp,0.046329966329964986
SOLUSDT,1617871500000,1,27.6171,27.755185499999996,tp,0.04033984100451802
BTCUSDT,1617888600000,1,57415.03,57702.105149999996,tp,0.10250489873134003
BNBUSDT,1617894000000,1,415.782,417.86090999999993,tp,0.037173679540465174
ZECUSDT,1617895800000,1,180.17,181.07084999999998,tp,0.04933771209633239
ETHUSDT,1617896700000,1,2041.0,2051.205,tp,0.07524916455510226
NEARUSDT,1617898500000,1,6.3792,6.411096,tp,0.036686196794761004
XRPUSDT,1617913800000,1,1.0158,1.0208789999999999,tp,0.03189100305379272
ZECUSDT,1617927300000,1,185.45,186.37724999999998,tp,0.05904625655698528
BTCUSDT,1617928200000,1,58050.0,58340.24999999999,tp,0.10305823288627285
ETHUSDT,1617928200000,1,2086.67,2097.10335,tp,0.09819540391935576
SOLUSDT,1617937200000,1,27.423,27.560114999999996,tp,0.04827910197248694
FILUSDT,1617939900000,1,156.126,156.90662999999998,tp,0.04684526593178033
DOGEUSDT,1617953400000,1,0.061994,0.06230396999999999,tp,0.08038327526132205
ZECUSDT,1617957900000,1,188.12,189.0606,tp,0.054467472654000544
BNBUSDT,1617959700000,1,420.466,422.56832999999995,tp,0.04186832214198111
SOLUSDT,1617963300000,1,28.3581,28.499890499999996,tp,0.03956190713928976
BTCUSDT,1617966000000,1,58466.0,58758.329999999994,tp,0.12850267124672735
FILUSDT,1617970500000,1,172.156,173.01677999999998,tp,0.029397006572913345
BNBUSDT,1617992100000,1,445.0,447.22499999999997,tp,0.0453882188827588
NEARUSDT,1618018200000,1,6.6445,6.677722499999999,tp,0.0604725267243123
FILUSDT,1618025400000,1,185.174,186.09986999999998,tp,0.038877287036747296
XRPUSDT,1618038900000,1,1.0876,1.0930379999999997,tp,0.031091244501205196
DOGEUSDT,1618038900000,1,0.062527,0.06283963499999999,tp,0.07549929167796751
XRPUSDT,1618058700000,1,1.1917,1.1976585,tp,0.02422764227642266
XRPUSDT,1618071300000,1,1.308,1.3145399999999998,tp,0.020118197866297514
ZECUSDT,1618078500000,1,207.24,208.2762,tp,0.04398716532533716
NEARUSDT,1618113600000,1,6.6661,6.699430499999999,tp,0.055706448046392736
ZECUSDT,1618116300000,1,226.36,227.49179999999998,tp,0.03469965198971005
NEARUSDT,1618136100000,1,7.0147,7.0497735,tp,0.03333451877141135
DOGEUSDT,1618140600000,1,0.0767,0.0770835,tp,0.023873352037891517
NEARUSDT,1618149600000,1,7.2355,7.271677499999999,tp,0.028988503031734055
SOLUSDT,1618150500000,1,26.7445,26.878222499999996,tp,0.04988204249071904
BNBUSDT,1618164000000,1,497.952,500.44175999999993,tp,0.04673427346105468
SOLUSDT,1618165800000,1,27.9447,28.0844235,tp,0.04558598412174648
BTCUSDT,1618210800000,1,60685.82,60989.24909999999,tp,0.08099974509576115
SOLUSDT,1618273800000,1,28.6906,28.834052999999997,tp,0.05681501763733583
DOGEUSDT,1618276500000,1,0.072584,0.07294691999999998,tp,0.043918281508185435
BTCUSDT,1618281000000,1,60650.0,60953.24999999999,tp,0.13355044617690012
ETHUSDT,1618282800000,1,2165.2,2176.0259999999994,tp,0.10814825896697089
XRPUSDT,1618291800000,1,1.4906,1.4980529999999999,tp,0.01648860871488593
ETHUSDT,1618295400000,1,2180.0,2190.8999999999996,tp,0.10758552914439826
BTCUSDT,1618300800000,1,61200.0,61505.99999999999,tp,0.1142032201750898
ZECUSDT,1618308000000,1,228.06,229.20029999999997,tp,0.0480817659765015
XRPUSDT,1618311600000,1,1.6668,1.675134,tp,0.021739243637309988
DOGEUSDT,1618314300000,1,0.077669,0.078057345,tp,0.03270892775916954
ETHUSDT,1618324200000,1,2240.0,2251.2,tp,0.06562472561243213
XRPUSDT,1618326900000,1,1.74,1.7486999999999997,tp,0.01941238780174991
BTCUSDT,1618329600000,1,63478.0,63795.38999999999,tp,0.0734145803908519
SOLUSDT,1618336800000,1,27.9767,28.116583499999997,tp,0.04915888177460421
DOGEUSDT,1618361100000,1,0.097189,0.09767494499999999,tp,0.014484433649811949
ZECUSDT,1618368300000,1,232.15,233.31074999999998,tp,0.04852077159049463
ETHUSDT,1618369200000,1,2306.14,2317.6706999999997,tp,0.07243457808824902
BNBUSDT,1618375500000,1,574.6,577.473,tp,0.044860811002326695
BTCUSDT,1618376400000,1,64000.0,64319.99999999999,tp,0.11410741744486423
XRPUSDT,1618380000000,1,1.895,1.904475,tp,0.021363283416527785
DOGEUSDT,1618380900000,1,0.120757,0.12136078499999998,tp,0.011350898331487343
NEARUSDT,1618389000000,1,6.7446,6.778322999999999,tp,0.04542189521073665
NEARUSDT,1618401600000,1,6.7952,6.8291759999999995,tp,0.03574166372329618
ETHUSDT,1618435800000,1,2400.0,2411.9999999999995,tp,0.06604712418972897
NEARUSDT,1618455600000,1,6.4987,6.5311935,tp,0.04813625411539561
ZECUSDT,1618464600000,1,245.46,246.6873,tp,0.03501495087569372
SOLUSDT,1618472700000,1,26.7139,26.847469499999995,tp,0.04415972033276331
NEARUSDT,1618497000000,1,6.6277,6.660838499999999,tp,0.051836194480125886
ZECUSDT,1618502400000,1,251.14,252.39569999999995,tp,0.03620298593166701
NEARUSDT,1618511400000,1,6.6998,6.733298999999999,tp,0.04624245239200981
BTCUSDT,1618515900000,1,63229.27,63545.41634999999,tp,0.1152659917117009
XRPUSDT,1618519500000,1,1.8023,1.8113114999999997,tp,0.031797295523170885
SOLUSDT,1618520400000,1,27.7735,27.912367499999995,tp,0.04769747596308417
DOGEUSDT,1618543800000,1,0.250008,0.25125803999999996,tp,0.008164388100236852
FILUSDT,1618546500000,1,182.45,183.36224999999996,tp,0.03660529189164828
DOGEUSDT,1618572600000,1,0.297983,0.29947291499999995,tp,0.008264855453280836
ETHUSDT,1618608600000,1,2447.37,2459.6068499999997,tp,0.04603112456869155
ZECUSDT,1618615800000,1,270.34,271.69169999999997,tp,0.03173794678141728
FILUSDT,1618621200000,1,187.8,188.739,tp,0.026386976582223182
ETHUSDT,1618623900000,1,2481.95,2494.3597499999996,tp,0.0563388554387626
BTCUSDT,1618630200000,1,62093.52,62403.98759999999,tp,0.08892537860405639
BNBUSDT,1618631100000,1,529.416,532.06308,tp,0.05201100395195097
ZECUSDT,1618640100000,1,280.72,282.1236,tp,0.035737558864706226
XRPUSDT,1618645500000,1,1.702,1.7105099999999998,tp,0.02334214629516585
SOLUSDT,1618646400000,1,26.103,26.233514999999997,tp,0.054554715346597324
NEARUSDT,1618675200000,1,6.3043,5.74466489942915,stop,-1.0097517679804047
DOGEUSDT,1618689600000,1,0.324723,0.32634661499999995,tp,0.009260108086043448
XRPUSDT,1618706700000,-1,1.5194,1.511803,tp,0.028734873487349037
FILUSDT,1618710300000,-1,175.0,174.125,tp,0.03937004844040021
ZECUSDT,1618715700000,1,297.7,242.09800733128006,stop,-1.0041364184254156
SOLUSDT,1618715700000,-1,23.1219,23.0062905,tp,0.0347349676679423
BTCUSDT,1618717500000,-1,58644.7,58351.4765,tp,0.07146875464241194
NEARUSDT,1618828200000,-1,4.9988,4.973806,tp,0.02990754869401358
ZECUSDT,1618842600000,-1,245.47,244.24265,tp,0.027129309131841865
NEARUSDT,1618843500000,-1,4.8402,4.815999000000001,tp,0.025139849663240135
XRPUSDT,1618843500000,-1,1.325,1.3183749999999999,tp,0.016604558781802965
ETHUSDT,1618848000000,-1,2105.66,2095.1317,tp,0.0388632070230024
FILUSDT,1619056800000,-1,147.0,146.265,tp,0.052921308720285117
BTCUSDT,1619056800000,-1,53610.0,53341.95,tp,0.06401441431083892
DOGEUSDT,1619062200000,-1,0.2866,0.285167,tp,0.016536836324749473
BNBUSDT,1619118000000,-1,535.955,533.2752250000001,tp,0.026995377348630008
BTCUSDT,1619121600000,-1,52697.54,52434.0523,tp,0.048364453598633075
FILUSDT,1619125200000,-1,145.813,145.083935,tp,0.048936946019743036
XRPUSDT,1619126100000,-1,1.25,1.24375,tp,0.019263394587888935
ETHUSDT,1619127000000,-1,2414.29,2402.21855,tp,0.027670483471537742
NEARUSDT,1619127900000,-1,4.8702,4.845848999999999,tp,0.02067768168323242
SOLUSDT,1619142300000,-1,35.951,35.771245,tp,0.014379515185489935
BNBUSDT,1619323200000,-1,489.052,486.60674,tp,0.04130666751185946
ETHUSDT,1619332200000,-1,2202.53,2191.51735,tp,0.04188108770116977
BTCUSDT,1619334900000,-1,49458.31,49211.018449999996,tp,0.08239028431547826
DOGEUSDT,1619368200000,-1,0.26706,0.26572470000000004,tp,0.03398344484976127
BNBUSDT,1619385300000,-1,490.86,488.4057,tp,0.04453617168570424
FILUSDT,1619386200000,-1,132.611,131.94794499999998,tp,0.04090573155836011
DOGEUSDT,1619389800000,-1,0.239111,0.23791544499999998,tp,0.016784821794158734
XRPUSDT,1619395200000,-1,1.0187,1.0136064999999999,tp,0.022562029864152136
ETHUSDT,1619409600000,-1,2196.21,2476.667726312723,stop,-1.0083892655443318
SOLUSDT,1619467200000,-1,45.1257,44.9000715,tp,0.028922501109331766
BNBUSDT,1619473500000,-1,526.204,523.5729799999999,tp,0.046309998355753404
DOGEUSDT,1619586900000,-1,0.267007,0.265671965,tp,0.059081352631345174
BTCUSDT,1619589600000,-1,54617.82,54344.7309,tp,0.1024481700805283
BNBUSDT,1619589600000,-1,558.197,555.406015,tp,0.05264137917990574
XRPUSDT,1619591400000,-1,1.3456,1.3388719999999998,tp,0.03152601969057699
ZECUSDT,1619591400000,-1,232.48,231.3176,tp,0.044974314238634946
SOLUSDT,1619592300000,-1,42.0,41.79,tp,0.029194245743698163
ETHUSDT,1619599500000,-1,2603.51,2590.49245,tp,0.05567719003909317
FILUSDT,1619601300000,-1,150.169,149.418155,tp,0.055388730981441314
SOLUSDT,1619667900000,-1,43.6,43.382,tp,0.02624921267792012
NEARUSDT,1619712900000,-1,4.3932,5.396611953396021,stop,-1.005109348496771
SOLUSDT,1619715600000,-1,43.0486,42.833357,tp,0.03150978034267362
DOGEUSDT,1619717400000,-1,0.303266,0.30174966999999997,tp,0.036393398195073215
XRPUSDT,1619759700000,-1,1.3508,1.5212403255710472,stop,-1.0084790867680553
ETHUSDT,1619901000000,-1,2701.32,2948.74778330175,stop,-1.0113217293416084
NEARUSDT,1619928000000,-1,5.3392,5.312504,tp,0.04969900445314911
ZECUSDT,1619932500000,-1,249.75,248.50125,tp,0.06648438547111672
SOLUSDT,1619942400000,-1,46.5094,46.276853,tp,0.02903943300912271
ZECUSDT,1619971200000,-1,245.0,243.775,tp,0.05114443567482221
ETHUSDT,1620018000000,-1,2875.0,3061.3533911982227,stop,-1.0156062935208132
BTCUSDT,1620027000000,-1,56370.6,58875.7890875433,stop,-1.0223264582746585
DOGEUSDT,1620073800000,-1,0.3751,0.4197402836546676,stop,-1.0089325881653581
SOLUSDT,1620088200000,-1,44.8,44.576,tp,0.033080384328488956
NEARUSDT,1620089100000,-1,5.236,5.20982,tp,0.07525021570319289
XRPUSDT,1620090900000,-1,1.4604,1.453098,tp,0.030288689067675928
BNBUSDT,1620094500000,-1,646.0,642.77,tp,0.036195280382555046
NEARUSDT,1620138600000,-1,5.0749,5.0495255000000006,tp,0.0435195374026364
FILUSDT,1620138600000,-1,151.96,151.2002,tp,0.056665539906104324
XRPUSDT,1620140400000,-1,1.4135,1.4064325,tp,0.029221057025095202
BTCUSDT,1620140400000,-1,55002.0,54726.99,tp,0.0628595603732266
BNBUSDT,1620140400000,-1,628.0,624.86,tp,0.03458848020466243
SOLUSDT,1620140400000,-1,44.784,44.56008,tp,0.02888216604771274
DOGEUSDT,1620639900000,-1,0.514403,0.511830985,tp,0.01830244365669052
FILUSDT,1620643500000,-1,144.11,143.38945,tp,0.06348007548007585
SOLUSDT,1620646200000,-1,44.165,43.944175,tp,0.05501430554905492
DOGEUSDT,1620657000000,-1,0.491987,0.489527065,tp,0.016121314121491422
NEARUSDT,1620657900000,-1,5.0046,4.979577,tp,0.04606035456578364
XRPUSDT,1620657900000,-1,1.5148,1.507226,tp,0.034451275045537175
BTCUSDT,1620668700000,-1,57226.0,56939.87,tp,0.06242122397601606
SOLUSDT,1620669600000,-1,43.5,43.2825,tp,0.04477286085283695
NEARUSDT,1620672300000,-1,4.932,4.9073400000000005,tp,0.045637285545599565
DOGEUSDT,1620673200000,-1,0.475022,0.47264689,tp,0.014363405975303946
BNBUSDT,1620675900000,-1,655.0,651.725,tp,0.046613098490448444
XRPUSDT,1620676800000,-1,1.47,1.46265,tp,0.03127096774193531
FILUSDT,1620676800000,-1,137.5,136.8125,tp,0.05060407508777743
ZECUSDT,1620676800000,-1,300.68,299.1766,tp,0.023954856333871715
ETHUSDT,1620682200000,-1,3971.39,3951.53305,tp,0.029129379821413
FILUSDT,1620822600000,-1,140.002,139.30199000000002,tp,0.0565750373737676
XRPUSDT,1620824400000,-1,1.4494,1.442153,tp,0.03736609464378578
BTCUSDT,1620825300000,-1,56259.81,55978.510949999996,tp,0.0822593208949704
DOGEUSDT,1620830700000,-1,0.48849,0.48604755,tp,0.030124074846644523
BNBUSDT,1620833400000,-1,658.11,654.81945,tp,0.062944813153962
FILUSDT,1620841500000,-1,136.984,136.29908,tp,0.04861963654495139
BTCUSDT,1620843300000,-1,54754.2,54480.429,tp,0.06018332902731624
XRPUSDT,1620843300000,-1,1.3787,1.3718065,tp,0.0298337395071762
DOGEUSDT,1620846000000,-1,0.444444,0.44222178,tp,0.022057511701797077
ETHUSDT,1620846000000,-1,4043.38,4023.1631,tp,0.03136526491130641
BNBUSDT,1620863100000,-1,620.795,617.691025,tp,0.028880686224772373
SOLUSDT,1620863100000,-1,43.501,43.283494999999995,tp,0.018920819692009455
BTCUSDT,1620864000000,-1,51243.0,50986.784999999996,tp,0.0321368198576813
XRPUSDT,1620864900000,-1,1.3,1.2935,tp,0.01692651522732568
ETHUSDT,1620865800000,-1,3926.75,3907.11625,tp,0.018415201598649504
NEARUSDT,1620866700000,-1,5.1716,5.145741999999999,tp,0.017407702114188663
DOGEUSDT,1620866700000,-1,0.42481,0.42268595000000003,tp,0.01090339941327368
BTCUSDT,1620927000000,-1,48500.0,48257.5,tp,0.03546303674900085
BNBUSDT,1620930600000,-1,559.85,557.05075,tp,0.020590453836752263
ETHUSDT,1620930600000,-1,3603.0,3584.985,tp,0.020500876383433703
ZECUSDT,1620931500000,-1,277.17,275.78415,tp,0.014536853510927917
BNBUSDT,1621026000000,-1,595.22,592.2439,tp,0.04661264551921932
ZECUSDT,1621026000000,-1,297.39,295.90305,tp,0.028254990341274593
NEARUSDT,1621047600000,-1,5.5995,6.493383205391954,stop,-1.006901029136594
SOLUSDT,1621060200000,-1,41.561,41.353195,tp,0.0302991153542963
DOGEUSDT,1621061100000,-1,0.525,0.522375,tp,0.019481778669341275
BNBUSDT,1621064700000,-1,585.0,582.075,tp,0.04608861831865476
ZECUSDT,1621072800000,-1,292.19,290.72905,tp,0.026847991163882833
BTCUSDT,1621074600000,-1,48229.27,47988.123649999994,tp,0.04926365927024704
FILUSDT,1621075500000,-1,116.166,115.58516999999999,tp,0.033396490769577326
ETHUSDT,1621075500000,-1,3855.0,3835.725,tp,0.03831484455919682
XRPUSDT,1621091700000,-1,1.3377,1.5434912973612986,stop,-1.0071252611324901
DOGEUSDT,1621094400000,-1,0.5057,0.5031715,tp,0.023028221420802988
ETHUSDT,1621097100000,-1,3785.0,3766.075,tp,0.034183392793921775
SOLUSDT,1621097100000,-1,40.104,39.90348,tp,0.03372132701421751
BNBUSDT,1621101600000,-1,571.54,568.6822999999999,tp,0.04083137768755887
BTCUSDT,1621106100000,-1,47562.25,47324.43875,tp,0.04499530993456593
NEARUSDT,1621106100000,-1,6.0532,6.022934,tp,0.018111208649394972
FILUSDT,1621107000000,-1,111.0,110.445,tp,0.03554290034828675
ZECUSDT,1621121400000,-1,270.27,268.91864999999996,tp,0.024255156779566363
BTCUSDT,1621123200000,-1,46888.0,46653.56,tp,0.0398933848168408
ETHUSDT,1621123200000,-1,3655.0,3636.725,tp,0.031070716612308705
ETHUSDT,1621170900000,-1,3733.4,3714.733,tp,0.054749740118992044
XRPUSDT,1621176300000,-1,1.5166,1.5090169999999998,tp,0.03404644855060232
ZECUSDT,1621177200000,-1,276.55,275.16725,tp,0.04037525652301333
DOGEUSDT,1621178100000,-1,0.51346,0.5108927,tp,0.0490541122434342
NEARUSDT,1621179900000,-1,6.1298,6.099151,tp,0.029830995519189912
FILUSDT,1621179900000,-1,111.22,110.6639,tp,0.05254132916489039
BNBUSDT,1621182600000,-1,573.0,570.135,tp,0.048608467393680334
ETHUSDT,1621184400000,-1,3580.0,3562.1,tp,0.0433854799282796
BTCUSDT,1621184400000,-1,47439.16,47201.9642,tp,0.059222913122249365
SOLUSDT,1621186200000,-1,45.803,45.573985,tp,0.016674070701635568
XRPUSDT,1621192500000,-1,1.425,1.417875,tp,0.022999918877261456
NEARUSDT,1621192500000,-1,5.7352,5.706524,tp,0.025124713540801705
FILUSDT,1621194300000,-1,104.73,104.20635,tp,0.02882824236354549
ZECUSDT,1621194300000,-1,255.86,254.5807,tp,0.023900604871669194
BTCUSDT,1621198800000,-1,44368.52,44146.67739999999,tp,0.029217969237187592
BNBUSDT,1621199700000,-1,540.0,537.3,tp,0.028249336172674475
DOGEUSDT,1621204200000,-1,0.50043,0.49792785000000006,tp,0.02412425823802984
NEARUSDT,1621216800000,-1,5.5541,5.5263295,tp,0.022260520237019115
BTCUSDT,1621223100000,-1,43866.0,43646.67,tp,0.026936120967451294
ZECUSDT,1621223100000,-1,245.72,244.4914,tp,0.021157383307305204
FILUSDT,1621226700000,-1,99.418,98.92091,tp,0.02108982973096955
ETHUSDT,1621271700000,-1,3217.57,3201.4821500000003,tp,0.02808411041186784
FILUSDT,1621272600000,-1,97.433,96.945835,tp,0.029866396388095733
FILUSDT,1621342800000,-1,101.351,100.844245,tp,0.04161432762081201
NEARUSDT,1621345500000,-1,5.6703,5.6419485,tp,0.024387659505734398
BNBUSDT,1621345500000,-1,510.976,508.42112,tp,0.04564234528851527
ETHUSDT,1621348200000,-1,3345.97,3329.2401499999996,tp,0.034644620471392475
ZECUSDT,1621348200000,-1,242.48,241.2676,tp,0.031119766309639762
DOGEUSDT,1621386000000,-1,0.47115,0.46879425,tp,0.03053688119213231
BTCUSDT,1621386000000,-1,42476.39,42264.00805,tp,0.03385973564628397
ETHUSDT,1621388700000,-1,3260.0,3243.7,tp,0.02972723392697821
XRPUSDT,1621389600000,-1,1.52,1.5124,tp,0.022334329018696905
FILUSDT,1621390500000,-1,96.634,96.15083,tp,0.03069934421521236
NEARUSDT,1621394100000,-1,5.2928,5.266336,tp,0.022234753682876463
ZECUSDT,1621394100000,-1,234.4,233.228,tp,0.021280738177623933
SOLUSDT,1621398600000,-1,51.139,50.883305,tp,0.016327733852427032
BTCUSDT,1621399500000,-1,40128.0,39927.36,tp,0.030507267818174966
DOGEUSDT,1621402200000,-1,0.41682,0.41473590000000005,tp,0.01914000687994477
DOGEUSDT,1621424700000,-1,0.3812,0.37929399999999996,tp,0.01334891854912527
NEARUSDT,1621424700000,-1,4.8211,4.7969945,tp,0.014842951059167346
SOLUSDT,1621424700000,-1,44.608,44.38496,tp,0.00992286816995608
BTCUSDT,1621424700000,-1,38500.0,38307.5,tp,0.026012188999166727
ETHUSDT,1621429200000,-1,2432.0,2419.84,tp,0.012371552242118843
BNBUSDT,1621431000000,-1,340.07,338.36965,tp,0.008914294819447562
XRPUSDT,1621431000000,-1,1.0794,1.0740029999999998,tp,0.00771699408240131
XRPUSDT,1621578600000,-1,1.1153,1.1097234999999999,tp,0.022074320576816787
ETHUSDT,1621581300000,-1,2713.48,2699.9126,tp,0.022367404633630572
ZECUSDT,1621581300000,-1,173.37,172.50315,tp,0.01934102235511889
NEARUSDT,1621584000000,-1,3.8045,3.7854775,tp,0.015157096424702182
BNBUSDT,1621584000000,-1,378.01,376.11995,tp,0.02137130712008473
SOLUSDT,1621584000000,-1,43.19,42.97405,tp,0.015646414053426205
FILUSDT,1621596600000,-1,86.013,85.582935,tp,0.023749697961325176
SOLUSDT,1621600200000,-1,41.546,41.33827,tp,0.01636647848900289
BTCUSDT,1621606500000,-1,38737.2,38543.513999999996,tp,0.022568137097439708
DOGEUSDT,1621606500000,-1,0.38101,0.37910495,tp,0.022241132263064234
ZECUSDT,1621608300000,-1,168.32,167.4784,tp,0.015357026713124266
NEARUSDT,1621626300000,-1,3.326,3.30937,tp,0.012103663003663116
BTCUSDT,1621626300000,-1,36060.0,35879.7,tp,0.017974268005003975
BNBUSDT,1621626300000,-1,315.35,313.77325,tp,0.010978838103908423
ETHUSDT,1621627200000,-1,2356.84,2345.0558,tp,0.013526901080588221
XRPUSDT,1621629900000,-1,0.9696,0.964752,tp,0.012806223384635917
ZECUSDT,1621657800000,-1,145.01,144.28494999999998,tp,0.008168682062251827
FILUSDT,1621658700000,-1,69.896,69.54652,tp,0.009907397335769853
DOGEUSDT,1621658700000,-1,0.3305,0.3288475,tp,0.011006304197245104
SOLUSDT,1621660500000,-1,35.75,35.57125,tp,0.009197444038098341
XRPUSDT,1621663200000,-1,0.8647,0.8603765,tp,0.013191388691743662
SOLUSDT,1621701900000,-1,34.283,34.111585,tp,0.017145023121825816
SOLUSDT,1621726200000,-1,32.0,31.84,tp,0.014887362539592172
SOLUSDT,1621738800000,-1,29.948,29.79826,tp,0.01562743241821829
ZECUSDT,1621746000000,-1,139.92,139.22039999999998,tp,0.017460287738351683
BNBUSDT,1621750500000,-1,293.0,291.535,tp,0.026806651570254983
ETHUSDT,1621750500000,-1,2251.28,2240.0236,tp,0.028295533232786604
SOLUSDT,1621752300000,-1,28.892,28.74754,tp,0.016506956944087162
NEARUSDT,1621752300000,-1,3.0238,3.008681,tp,0.01488482686877682
BTCUSDT,1621752300000,-1,36600.0,36417.0,tp,0.046057354204865626
ZECUSDT,1621758600000,-1,127.66,127.0217,tp,0.021761038961039005
NEARUSDT,1621772100000,-1,2.6219,2.6087905,tp,0.0149941872981702
BTCUSDT,1621774800000,-1,33771.68,33602.8216,tp,0.021017744664545878
ETHUSDT,1621774800000,-1,1984.55,1974.62725,tp,0.014933558485926906
DOGEUSDT,1621774800000,-1,0.305,0.303475,tp,0.017057412394954875
SOLUSDT,1621785600000,-1,22.365,22.253175,tp,0.008764795144157785
BTCUSDT,1621787400000,-1,32566.82,32403.9859,tp,0.01581933107238633
XRPUSDT,1621787400000,-1,0.6804,0.676998,tp,0.010097174131576058
BNBUSDT,1621787400000,-1,230.0,228.85,tp,0.010476842970676952
NEARUSDT,1621788300000,-1,2.33,2.31835,tp,0.010025036466157175
ETHUSDT,1621789200000,-1,1864.88,1855.5556000000001,tp,0.011390786290416163
DOGEUSDT,1621789200000,-1,0.27917,0.27777415,tp,0.011566030961582943
FILUSDT,1621790100000,-1,60.936,60.63132,tp,0.014178512997636677
SOLUSDT,1621917900000,-1,28.6,28.457,tp,0.014568103931303252
ZECUSDT,1621938600000,-1,137.96,137.27020000000002,tp,0.017529056700699708
DOGEUSDT,1621938600000,-1,0.33551,0.33383244999999995,tp,0.017702273152229376
NEARUSDT,1621938600000,-1,2.9897,2.9747515,tp,0.018457442643489207
XRPUSDT,1621945800000,-1,0.9005,0.8959975,tp,0.015701456099049493
FILUSDT,1622036700000,-1,71.389,71.032055,tp,0.031734173819742195
ETHUSDT,1622042100000,-1,2725.0,2711.375,tp,0.029362646184556005
DOGEUSDT,1622042100000,-1,0.343,0.341285,tp,0.03171479300999945
ZECUSDT,1622042100000,-1,147.97,147.23015,tp,0.023321470937128993
XRPUSDT,1622048400000,-1,0.98,0.9751,tp,0.02649080086580091
SOLUSDT,1622058300000,-1,33.168,33.002159999999996,tp,0.01635239758692907
NEARUSDT,1622081700000,-1,3.272,3.2556399999999996,tp,0.024473376353824884
SOLUSDT,1622081700000,-1,32.724,32.560379999999995,tp,0.02082015858345109
DOGEUSDT,1622082600000,-1,0.33592,0.3342404,tp,0.03969408626056039
ZECUSDT,1622086200000,-1,143.64,142.9218,tp,0.022740374964871978
ETHUSDT,1622087100000,-1,2665.0,2651.675,tp,0.028818941322367602
FILUSDT,1622087100000,-1,70.008,69.65795999999999,tp,0.03141395539185661
DOGEUSDT,1622142000000,-1,0.33294,0.3312753,tp,0.050530320322605675
ZECUSDT,1622148300000,-1,147.24,146.5038,tp,0.033035864623673875
NEARUSDT,1622150100000,-1,3.2011,3.1850945,tp,0.02898973380575981
XRPUSDT,1622157300000,-1,0.972,0.96714,tp,0.03984773662551425
ETHUSDT,1622160000000,-1,2735.18,2721.5040999999997,tp,0.041633792689317536
FILUSDT,1622176200000,-1,70.074,69.72363,tp,0.04512173012172975
NEARUSDT,1622176200000,-1,3.1583,3.1425085,tp,0.02791398704943788
ETHUSDT,1622178000000,-1,2666.0,2652.67,tp,0.04010233074110522
ZECUSDT,1622178900000,-1,144.93,144.20535,tp,0.02623708984553501
DOGEUSDT,1622180700000,-1,0.328,0.32636000000000004,tp,0.03866124085869248
BNBUSDT,1622181600000,-1,343.0,341.285,tp,0.024917099863200717
BTCUSDT,1622183400000,-1,36670.86,36487.5057,tp,0.03396620319186637
XRPUSDT,1622185200000,-1,0.9014,0.8968929999999999,tp,0.027159592271413614
SOLUSDT,1622187000000,-1,30.897,30.742514999999997,tp,0.02529166666666682
ZECUSDT,1622194200000,-1,134.75,134.07625,tp,0.021633843909555448
NEARUSDT,1622196000000,-1,2.8661,2.8517695,tp,0.018835726470247015
ETHUSDT,1622196000000,-1,2512.18,2499.6191,tp,0.031093874488868918
DOGEUSDT,1622200500000,-1,0.30902,0.3074749,tp,0.023081314553990918
BNBUSDT,1622202300000,-1,321.0,319.395,tp,0.02115109210539516
SOLUSDT,1622236500000,-1,28.612,28.46894,tp,0.02019628684807233
BTCUSDT,1622237400000,-1,35122.0,34946.39,tp,0.034809565454893124
NEARUSDT,1622276100000,-1,2.8484,2.834158,tp,0.026659974665997205
DOGEUSDT,1622286900000,-1,0.30249,0.30097755,tp,0.045143732944562795
ZECUSDT,1622292300000,-1,162.69,161.87655,tp,0.02098547348668646
ETHUSDT,1622295000000,-1,2375.0,2363.125,tp,0.03223344464703992
BTCUSDT,1622295000000,-1,34553.6,34380.831999999995,tp,0.03645591596917997
BNBUSDT,1622295000000,-1,319.19,317.59405,tp,0.030586874819312233
XRPUSDT,1622295000000,-1,0.8515,0.8472425,tp,0.02921721099015049
NEARUSDT,1622295000000,-1,2.6762,2.6628190000000003,tp,0.024246086240043714
FILUSDT,1622301300000,-1,65.511,65.18344499999999,tp,0.04422187198129085
SOLUSDT,1622302200000,-1,26.741,26.607295,tp,0.02577159151321812
DOGEUSDT,1622304900000,-1,0.29084,0.28938579999999997,tp,0.030449562289562655
ZECUSDT,1622308500000,-1,153.33,152.56335,tp,0.017803468208092445
XRPUSDT,1622310300000,-1,0.8109,0.8068455,tp,0.023393939393939172
ETHUSDT,1622313900000,-1,2284.49,2273.0675499999998,tp,0.025452485515415704
BNBUSDT,1622315700000,-1,300.38,298.8781,tp,0.024125446509656354
SOLUSDT,1622317500000,-1,26.035,25.904825,tp,0.024151718983557797
NEARUSDT,1622319300000,-1,2.5508,2.538046,tp,0.020634901316456986
ZECUSDT,1622321100000,-1,143.94,143.2203,tp,0.01586300384540878
BNBUSDT,1622337300000,-1,295.64,294.16179999999997,tp,0.026895714514762418
ZECUSDT,1622337300000,-1,141.19,140.48405,tp,0.017132457276821552
ETHUSDT,1622337300000,-1,2208.04,2196.9998,tp,0.027106178114212075
BNBUSDT,1622426400000,-1,317.1,315.5145,tp,0.03921736699897574
NEARUSDT,1622428200000,-1,2.9918,2.976841,tp,0.0237655800575266
DOGEUSDT,1622491200000,-1,0.2945,0.3268880469307335,stop,-1.0095882176918027
NEARUSDT,1622534400000,-1,3.17,3.15415,tp,0.03121122599704561
ETHUSDT,1622536200000,-1,2593.25,2580.28375,tp,0.036601545265550484
DOGEUSDT,1622537100000,-1,0.32132,0.3197134,tp,0.027328732106339695
ZECUSDT,1622538900000,-1,154.53,153.75735,tp,0.032382455033133445
SOLUSDT,1622538900000,-1,31.285,31.128575,tp,0.03175608506277196
DOGEUSDT,1622559600000,-1,0.31703,0.31544485,tp,0.03272642535342506
NEARUSDT,1622561400000,-1,3.07,3.0546499999999996,tp,0.03000614597930075
ETHUSDT,1622565900000,-1,2546.05,2533.31975,tp,0.03410076676200862
ZECUSDT,1622565900000,-1,151.67,150.91164999999998,tp,0.03433715034467077
XRPUSDT,1622565900000,-1,0.9922,0.987239,tp,0.02764295676429561
BNBUSDT,1622636100000,-1,342.0,396.88473949777045,stop,-1.0068696782743805
NEARUSDT,1622669400000,-1,3.3253,3.3086735,tp,0.04082047491453409
BTCUSDT,1622696400000,-1,33650.0,38303.860115865216,stop,-1.0078190289789801
FILUSDT,1622714400000,-1,66.453,73.405944442563,stop,-1.0100296569024116
DOGEUSDT,1622733300000,-1,0.40096,0.39895519999999995,tp,0.026273815379570818
DOGEUSDT,1622768400000,-1,0.38631,0.38437845,tp,0.020726067292077745
NEARUSDT,1622769300000,-1,3.39,3.37305,tp,0.02922728155968657
ZECUSDT,1622770200000,-1,165.65,164.82175,tp,0.0485061511423548
BNBUSDT,1622782800000,-1,394.93,392.95535,tp,0.04141629209052905
ZECUSDT,1622783700000,-1,159.96,159.1602,tp,0.034462470257408784
ETHUSDT,1622784600000,-1,2673.0,2659.6349999999998,tp,0.05308670681054971
SOLUSDT,1622786400000,-1,36.9,36.7155,tp,0.01940815895159585
NEARUSDT,1622787300000,-1,3.226,3.20987,tp,0.02579064228331517
XRPUSDT,1622793600000,-1,0.9333,0.9286335,tp,0.029149036201222483
BTCUSDT,1622793600000,-1,36600.0,36417.0,tp,0.04831447842689409
DOGEUSDT,1622793600000,-1,0.36872,0.3668764,tp,0.020436267335702835
NEARUSDT,1622809800000,-1,3.0452,3.0299739999999997,tp,0.02315297721615958
BTCUSDT,1622886300000,-1,36219.24,36038.1438,tp,0.04572535765553555
ZECUSDT,1622893500000,-1,150.71,149.95645000000002,tp,0.025702644126570962
NEARUSDT,1622925900000,-1,3.0938,3.078331,tp,0.03427470686767161
ETHUSDT,1622927700000,-1,2585.0,2572.075,tp,0.034334338143738506
BTCUSDT,1622929500000,-1,35200.0,35024.0,tp,0.05546530622225053
ZECUSDT,1622930400000,-1,149.01,148.26495,tp,0.03686114207853297
BNBUSDT,1622932200000,-1,383.91,381.99045,tp,0.03689253134299258
NEARUSDT,1622980800000,-1,3.1368,3.1211160000000002,tp,0.061398039215685596
ZECUSDT,1622987100000,-1,150.25,149.49875,tp,0.06112607099143201
DOGEUSDT,1623085200000,-1,0.35529,0.35351355,tp,0.02153766628658285
ZECUSDT,1623085200000,-1,148.07,147.32965,tp,0.05832593907128115
BNBUSDT,1623088800000,-1,385.27,383.34364999999997,tp,0.053507999720534154
NEARUSDT,1623089700000,-1,3.1445,3.1287775,tp,0.047650721336370064
ETHUSDT,1623091500000,-1,2713.73,2700.16135,tp,0.0557360045686775
BTCUSDT,1623098700000,-1,35440.0,35262.8,tp,0.08322963963183629
BNBUSDT,1623102300000,-1,363.3,361.4835,tp,0.033817843000233314
NEARUSDT,1623102300000,-1,3.0204,3.005298,tp,0.03885081877553693
FILUSDT,1623107700000,-1,86.201,85.769995,tp,0.03718745611476584
ZECUSDT,1623109500000,-1,137.44,136.7528,tp,0.03128143712574807
ETHUSDT,1623119400000,-1,2569.3,2556.4535,tp,0.03242213681201157
DOGEUSDT,1623122100000,-1,0.32707,0.32543465000000005,tp,0.02399192586475795
ZECUSDT,1623129300000,-1,131.02,130.3649,tp,0.022361633182112914
ZECUSDT,1623162600000,-1,126.53,125.89735,tp,0.028551731931965824
NEARUSDT,1623162600000,-1,2.7808,2.766896,tp,0.028963072994032547
SOLUSDT,1623163500000,-1,34.874,34.69963,tp,0.016816808104253102
BNBUSDT,1623166200000,-1,326.84,325.20579999999995,tp,0.025124049851449205
XRPUSDT,1623168000000,-1,0.8103,0.8062485,tp,0.03352262090483611
DOGEUSDT,1623168000000,-1,0.3112,0.309644,tp,0.02861364745242913
SOLUSDT,1623266100000,-1,41.304,41.097480000000004,tp,0.024425213390730338
SOLUSDT,1623297600000,-1,40.912,40.70744,tp,0.03582347269699371
ETHUSDT,1623302100000,-1,2547.0,2534.265,tp,0.05713967573768885
NEARUSDT,1623302100000,-1,3.1431,3.1273845,tp,0.038836273599505367
BNBUSDT,1623303900000,-1,363.03,361.21484999999996,tp,0.042994506310319695
NEARUSDT,1623315600000,-1,3.1216,3.105992,tp,0.037364592726179376
XRPUSDT,1623315600000,-1,0.8754,0.871023,tp,0.05638445412030284
DOGEUSDT,1623317400000,-1,0.33066,0.3290067,tp,0.044130945193533895
ZECUSDT,1623330900000,-1,140.87,140.16565,tp,0.03662410790283534
FILUSDT,1623333600000,-1,75.5,75.1225,tp,0.04122815694032278
ETHUSDT,1623340800000,-1,2504.35,2491.82825,tp,0.05683082099902191
NEARUSDT,1623340800000,-1,3.06,3.0447,tp,0.03382224812009185
SOLUSDT,1623343500000,-1,40.653,40.449735,tp,0.036121681465162675
DOGEUSDT,1623345300000,-1,0.32773,0.32609135,tp,0.037752977477867586
ZECUSDT,1623346200000,-1,135.7,135.02149999999997,tp,0.03534938807737935
BNBUSDT,1623346200000,-1,352.32,350.5584,tp,0.03723684559310769
FILUSDT,1623347100000,-1,73.532,73.16434,tp,0.03857994107310383
ETHUSDT,1623357000000,-1,2446.2,2433.9689999999996,tp,0.04487221225916295
NEARUSDT,1623372300000,-1,2.9301,2.9154495,tp,0.028503411377804173
ZECUSDT,1623373200000,-1,131.69,131.03155,tp,0.035055611055610454
BTCUSDT,1623374100000,-1,36104.76,35924.2362,tp,0.04090741045243065
ETHUSDT,1623375000000,-1,2423.36,2411.2432000000003,tp,0.047492177461278914
SOLUSDT,1623393900000,-1,39.012,38.81694,tp,0.038491981248457555
DOGEUSDT,1623423600000,-1,0.32,0.3184,tp,0.047214084923805084
ZECUSDT,1623425400000,-1,131.15,130.49425,tp,0.04654765076827508
SOLUSDT,1623428100000,-1,38.15,37.95925,tp,0.03868262248133411
FILUSDT,1623428100000,-1,72.474,72.11163,tp,0.06663897542402183
XRPUSDT,1623429000000,-1,0.851,0.846745,tp,0.04818465024072511
ETHUSDT,1623434400000,-1,2405.24,2393.2138,tp,0.05627609794378856
SOLUSDT,1623446100000,-1,36.5,36.3175,tp,0.030769296284466743
ZECUSDT,1623447000000,-1,126.43,125.79785000000001,tp,0.0414131953003037
XRPUSDT,1623448800000,-1,0.8416,0.837392,tp,0.05981788966256008
FILUSDT,1623448800000,-1,71.5,71.1425,tp,0.061070962497058824
ETHUSDT,1623452400000,-1,2365.55,2353.7222500000003,tp,0.0549187725104924
NEARUSDT,1623455100000,-1,3.0163,3.0012185000000002,tp,0.024824784996373393
SOLUSDT,1623462300000,-1,35.02,34.8449,tp,0.024609921597581186
BTCUSDT,1623463200000,-1,36380.13,36198.229349999994,tp,0.06087698201781146
ZECUSDT,1623464100000,-1,121.5,120.8925,tp,0.03215171407731595
ETHUSDT,1623465900000,-1,2280.0,2268.6,tp,0.043563881574845836
NEARUSDT,1623492900000,-1,2.82,2.8059,tp,0.024090131691465715
ETHUSDT,1623543300000,-1,2371.0,2359.145,tp,0.06314374945895027
ZECUSDT,1623544200000,-1,125.15,124.52425000000001,tp,0.043656703373535895
BTCUSDT,1623554100000,-1,35000.45,34825.44775,tp,0.05299579486757337
FILUSDT,1623554100000,-1,69.348,69.00126,tp,0.0689313813365197
DOGEUSDT,1623555900000,-1,0.30951,0.30796245,tp,0.07000849040584177
ZECUSDT,1623556800000,-1,121.69,121.08155,tp,0.03942156145909534
SOLUSDT,1623593700000,-1,35.437,35.259814999999996,tp,0.04074464105884082
XRPUSDT,1623686400000,-1,0.8666,0.9131054313929314,stop,-1.0186526634382556
SOLUSDT,1623726900000,-1,36.988,40.64802588935479,stop,-1.010550642471464
BNBUSDT,1623732300000,-1,326.22,377.82509126777,stop,-1.0069553958318167
XRPUSDT,1623747600000,-1,0.8805,0.8760975,tp,0.06606437041219619
FILUSDT,1623756600000,-1,73.295,72.92852500000001,tp,0.05898745898504258
BNBUSDT,1623769200000,-1,366.74,364.9063,tp,0.055867705468989365
FILUSDT,1623803400000,-1,72.13,71.76934999999999,tp,0.0541625713155972
ETHUSDT,1623805200000,-1,2523.0,2510.3849999999998,tp,0.058021735380370254
DOGEUSDT,1623841200000,-1,0.31623,0.31464885000000004,tp,0.06657604973394327
SOLUSDT,1623841200000,-1,38.71,38.51645,tp,0.05599333912539898
NEARUSDT,1623841200000,-1,3.1613,3.1454935,tp,0.050955897187588424
FILUSDT,1623844800000,-1,70.08,69.7296,tp,0.0726468677735325
XRPUSDT,1623854700000,-1,0.8353,0.8311235,tp,0.08126613099586111
DOGEUSDT,1623856500000,-1,0.30819,0.30664905000000003,tp,0.07200702987697624
NEARUSDT,1623856500000,-1,3.021,3.0058949999999998,tp,0.04061287165468639
BTCUSDT,1623856500000,-1,38860.0,38665.7,tp,0.06907796196604331
ETHUSDT,1623860100000,-1,2435.0,2422.825,tp,0.06591018476975269
BNBUSDT,1623861000000,-1,350.17,348.41915,tp,0.057698205478884663
FILUSDT,1623861900000,-1,69.133,68.787335,tp,0.059846773146343964
NEARUSDT,1623934800000,-1,3.0754,3.060023,tp,0.06159245888487746
DOGEUSDT,1623938400000,-1,0.30752,0.3059824,tp,0.10329973118279759
FILUSDT,1623948300000,-1,69.485,69.137575,tp,0.07695095178546668
ETHUSDT,1623948300000,-1,2372.0,2360.14,tp,0.050847337239899225
XRPUSDT,1623948300000,-1,0.845,0.8407749999999999,tp,0.09753535353535431
BTCUSDT,1623950100000,-1,38270.0,38078.65,tp,0.04847446134895911
BNBUSDT,1623951000000,-1,351.92,350.16040000000004,tp,0.07597080291970709
DOGEUSDT,1623951900000,-1,0.30506,0.3035347,tp,0.0826405602012378
BTCUSDT,1624074300000,-1,35100.0,34924.5,tp,0.056465953727589335
ZECUSDT,1624123800000,-1,129.65,129.00175000000002,tp,0.057518964747879556
SOLUSDT,1624125600000,-1,35.736,35.55732,tp,0.04899269472167925
XRPUSDT,1624140000000,-1,0.7842,0.7802790000000001,tp,0.07580174927113635
ETHUSDT,1624140000000,-1,2212.7,2201.6364999999996,tp,0.05742200681402262
NEARUSDT,1624141800000,-1,2.8759,2.8615205,tp,0.048263337116912615
BNBUSDT,1624147200000,-1,334.5,332.8275,tp,0.07864949120640025
FILUSDT,1624148100000,-1,64.8,64.476,tp,0.07650368266926919
DOGEUSDT,1624148100000,-1,0.28642,0.2849879,tp,0.07326151083750115
SOLUSDT,1624149900000,-1,34.861,34.686695,tp,0.04326686731878516
XRPUSDT,1624185900000,-1,0.725,0.721375,tp,0.053885469128893713
DOGEUSDT,1624190400000,-1,0.26386,0.26254069999999996,tp,0.04570503565647361
ZECUSDT,1624191300000,-1,121.88,121.2706,tp,0.0482473406899289
BTCUSDT,1624192200000,-1,33650.0,33481.75,tp,0.05223588671739523
BNBUSDT,1624197600000,-1,316.15,314.56924999999995,tp,0.054066960809759465
SOLUSDT,1624248000000,-1,32.189,32.028055,tp,0.030164617826096887
FILUSDT,1624248900000,-1,60.3,59.9985,tp,0.05227474694930265
DOGEUSDT,1624249800000,-1,0.26352,0.2622024,tp,0.03561558511898646
BTCUSDT,1624249800000,-1,34246.95,34075.715249999994,tp,0.05683193790065072
ETHUSDT,1624251600000,-1,2113.17,2102.60415,tp,0.044715951482594475
XRPUSDT,1624251600000,-1,0.7251,0.7214745,tp,0.03855072463768061
BNBUSDT,1624252500000,-1,324.04,322.4198,tp,0.05432790609617605
ZECUSDT,1624252500000,-1,125.12,124.4944,tp,0.04421410669531004
NEARUSDT,1624257000000,-1,2.6568,2.643516,tp,0.045102985518325256
XRPUSDT,1624273200000,-1,0.6795,0.6761024999999999,tp,0.02446969696969733
ZECUSDT,1624273200000,-1,111.31,110.75345,tp,0.022437395659432455
ETHUSDT,1624275000000,-1,1933.82,1924.1508999999999,tp,0.020371936742135315
SOLUSDT,1624275900000,-1,30.119,29.968405,tp,0.015818598429159794
DOGEUSDT,1624293900000,-1,0.21207,0.21100965000000002,tp,0.01098178845063352
SOLUSDT,1624300200000,-1,28.2,28.058999999999997,tp,0.0136164669738865
ZECUSDT,1624309200000,-1,105.74,105.2113,tp,0.0202551143200963
BTCUSDT,1624310100000,-1,31888.0,31728.56,tp,0.02368803690399847
XRPUSDT,1624312800000,-1,0.6514,0.648143,tp,0.02828375286041152
ETHUSDT,1624314600000,-1,1890.26,1880.8087,tp,0.029042547013113602
FILUSDT,1624314600000,-1,49.643,49.394785,tp,0.021914051841746423
DOGEUSDT,1624314600000,-1,0.19826,0.1972687,tp,0.01255212865383997
SOLUSDT,1624314600000,-1,26.8,26.666,tp,0.016605986865708935
BNBUSDT,1624318200000,-1,278.62,277.2269,tp,0.023294761566143095
NEARUSDT,1624320000000,-1,2.2668,2.2554659999999997,tp,0.024908945642891
ZECUSDT,1624348800000,-1,100.81,100.30595,tp,0.020885489828833325
SOLUSDT,1624352400000,-1,24.913,24.788435,tp,0.014535427758466495
NEARUSDT,1624357800000,-1,2.1416,2.130892,tp,0.02447180370210973
BNBUSDT,1624357800000,-1,260.0,258.7,tp,0.02489869493114163
ETHUSDT,1624365000000,-1,1852.88,1843.6156,tp,0.032442307948386845
XRPUSDT,1624365000000,-1,0.5587,0.5559065,tp,0.01982740021574974
SOLUSDT,1624365000000,-1,21.97,21.860149999999997,tp,0.01239764047712237
SOLUSDT,1624468500000,-1,29.486,29.33857,tp,0.018532606964223132
NEARUSDT,1624471200000,-1,2.2338,2.222631,tp,0.030771146860405375
ZECUSDT,1624471200000,-1,109.47,108.92265,tp,0.02922367101303882
ETHUSDT,1624473900000,-1,1956.0,1946.22,tp,0.04448873088580472
XRPUSDT,1624478400000,-1,0.6109,0.6078455,tp,0.026605624591235753
ETHUSDT,1624500900000,-1,1907.21,1897.67395,tp,0.04291732775208422
BNBUSDT,1624547700000,-1,231.65,311.191107458995,stop,-1.0037167140555394
BTCUSDT,1624557600000,-1,29250.0,35144.09662365168,stop,-1.005664462923546
ZECUSDT,1624583700000,-1,111.54,110.98230000000001,tp,0.04770598949962479
NEARUSDT,1624599000000,-1,2.1297,2.1190515000000003,tp,0.04182770203517023
FILUSDT,1624605300000,-1,56.152,55.87124,tp,0.04219388330888175
ZECUSDT,1624606200000,-1,109.85,109.30075,tp,0.035113035113035145
SOLUSDT,1624608000000,-1,31.05,30.894750000000002,tp,0.026811039789059393
BTCUSDT,1624614300000,-1,34059.44,33889.1428,tp,0.05403048688345369
XRPUSDT,1624615200000,-1,0.6342,0.631029,tp,0.03591050693854476
BNBUSDT,1624616100000,-1,289.57,288.12215,tp,0.038237418414339676
DOGEUSDT,1624616100000,-1,0.25623,0.25494885,tp,0.019347327303411398
ETHUSDT,1624617000000,-1,1913.0,1903.435,tp,0.05096529226161851
FILUSDT,1624619700000,-1,54.3,54.028499999999994,tp,0.04061126166817272
NEARUSDT,1624619700000,-1,2.0518,2.041541,tp,0.033824926674102584
SOLUSDT,1624624200000,-1,30.21,30.05895,tp,0.024470974358974565
ETHUSDT,1624633200000,-1,1831.0,1821.845,tp,0.03773077441496357
ZECUSDT,1624635900000,-1,105.13,104.60435,tp,0.02657480063795849
FILUSDT,1624637700000,-1,51.828,51.56886,tp,0.029033879505216242
NEARUSDT,1624637700000,-1,2.0127,2.0026365,tp,0.026605449645673844
DOGEUSDT,1624639500000,-1,0.24621,0.24497895,tp,0.01726700363571888
SOLUSDT,1624639500000,-1,28.625,28.481875,tp,0.017763519994967992
NEARUSDT,1624662900000,-1,1.9024,1.8928880000000001,tp,0.023084870848708375
ZECUSDT,1624663800000,-1,101.34,100.83330000000001,tp,0.025574568993142113
BTCUSDT,1624665600000,-1,31471.0,31313.645,tp,0.03365310445919287
BTCUSDT,1624693500000,-1,31250.0,31093.75,tp,0.044490107976463765
ZECUSDT,1624694400000,-1,98.19,97.69905,tp,0.028055853920515468
FILUSDT,1624695300000,-1,50.781,50.527094999999996,tp,0.03889765896564354
SOLUSDT,1625014800000,-1,33.628,33.45986,tp,0.0368458426224096
BNBUSDT,1625015700000,-1,298.22,296.7289,tp,0.04634734288174131
ETHUSDT,1625022900000,-1,2153.84,2143.0708,tp,0.05514316366977065
SOLUSDT,1625029200000,-1,32.089,31.928555,tp,0.02971579827249916
XRPUSDT,1625029200000,-1,0.6754,0.672023,tp,0.03473996644728315
FILUSDT,1625031900000,-1,60.131,59.830345,tp,0.02229363790754522
BTCUSDT,1625031900000,-1,34936.42,34761.7379,tp,0.06801958489742471
NEARUSDT,1625031900000,-1,1.9986,1.988607,tp,0.027904271347979754
BNBUSDT,1625045400000,-1,292.66,291.1967,tp,0.03807756178567957
BTCUSDT,1625046300000,-1,34661.23,34487.92385000001,tp,0.06368346635000288
FILUSDT,1625062500000,-1,59.143,58.847285,tp,0.03188474345905554
BNBUSDT,1625065200000,-1,289.0,287.555,tp,0.05040526981634137
XRPUSDT,1625065200000,-1,0.6653,0.6619735,tp,0.04345654673895203
ZECUSDT,1625067900000,-1,123.11,122.49445,tp,0.02972202078801062
NEARUSDT,1625132700000,-1,1.925,1.915375,tp,0.03201064803260963
ZECUSDT,1625132700000,-1,120.15,119.54925,tp,0.038756761120529955
ETHUSDT,1625134500000,-1,2107.04,2096.5048,tp,0.046511643324769106
ETHUSDT,1625157900000,-1,2088.0,2077.56,tp,0.042266786269948946
BNBUSDT,1625194800000,-1,283.38,281.9631,tp,0.053636710551421475
SOLUSDT,1625194800000,-1,32.852,32.68774,tp,0.03707366811113913
XRPUSDT,1625194800000,-1,0.6497,0.6464515000000001,tp,0.046085872082665166
FILUSDT,1625196600000,-1,55.911,55.631445,tp,0.04674510790914277
ZECUSDT,1625200200000,-1,115.1,114.52449999999999,tp,0.043120487576184155
ETHUSDT,1625206500000,-1,2033.0,2022.835,tp,0.05243090500890282
NEARUSDT,1625207400000,-1,2.0115,2.0014425,tp,0.02512950292123553
NEARUSDT,1625220000000,-1,1.9459,1.9361705,tp,0.027673358963405757
XRPUSDT,1625229000000,-1,0.636,0.63282,tp,0.05943391812865406
SOLUSDT,1625351400000,-1,34.455,34.282725,tp,0.07453091858378164
ETHUSDT,1625381100000,-1,2195.0,2324.4911896108515,stop,-1.0170534121801382
FILUSDT,1625445900000,-1,58.215,57.923925000000004,tp,0.07094788900082415
NEARUSDT,1625450400000,-1,2.243,2.231785,tp,0.05240091597674835
ZECUSDT,1625453100000,-1,116.73,116.14635,tp,0.044947419199228615
SOLUSDT,1625456700000,-1,33.679,33.510605000000005,tp,0.05626138547672652
BTCUSDT,1625456700000,-1,34420.03,34247.92985,tp,0.11001024531891357
FILUSDT,1625460300000,-1,57.5,57.2125,tp,0.06345748808336132
XRPUSDT,1625462100000,-1,0.6756,0.672222,tp,0.06034899328859033
ZECUSDT,1625472900000,-1,114.98,114.4051,tp,0.04830180748213531
DOGEUSDT,1625485500000,-1,0.23312,0.2319544,tp,0.02180651856044507
ETHUSDT,1625485500000,-1,2242.0,2230.79,tp,0.05797833093860457
SOLUSDT,1625498100000,-1,33.27,33.10365,tp,0.05465579710144968
BNBUSDT,1625506200000,-1,295.2,293.724,tp,0.05832017086375603
DOGEUSDT,1625590800000,-1,0.23188,0.2307206,tp,0.05531175059952066
ETHUSDT,1625643900000,-1,2174.88,2403.408956407235,stop,-1.0099910249645478
SOLUSDT,1625659200000,-1,33.31,37.39010742275471,stop,-1.0087058006986573
BTCUSDT,1625704200000,-1,33290.0,33123.55,tp,0.07712048877620978
FILUSDT,1625729400000,-1,55.428,55.150859999999994,tp,0.05267078366604486
DOGEUSDT,1625792400000,-1,0.20007,0.19906965,tp,0.036616997792494874
BNBUSDT,1625794200000,-1,304.1,302.5795,tp,0.05430211697165507
ZECUSDT,1625795100000,-1,106.91,106.37545,tp,0.04461311406282908
NEARUSDT,1625795100000,-1,2.0403,2.0300985,tp,0.03659436008676778
ETHUSDT,1625896800000,-1,2121.02,2110.4148999999998,tp,0.06391101608170645
DOGEUSDT,1625899500000,-1,0.21725,0.21616375,tp,0.04236378794566267
ETHUSDT,1625937300000,-1,2094.77,2084.29615,tp,0.06499047974322421
XRPUSDT,1625940000000,-1,0.6176,0.6145120000000001,tp,0.07883557261676215
NEARUSDT,1625940000000,-1,2.0548,2.0445260000000003,tp,0.053276052854259875
ZECUSDT,1625947200000,-1,107.4,106.863,tp,0.06752870851030464
BTCUSDT,1626039000000,-1,32326.0,34342.196835650415,stop,-1.0161814989573394
NEARUSDT,1626045300000,-1,2.17,2.15915,tp,0.06410825199645101
SOLUSDT,1626084000000,-1,31.476,31.31862,tp,0.042729132569558084
ZECUSDT,1626085800000,-1,110.03,109.47985,tp,0.08804653028479775
BTCUSDT,1626095700000,-1,33553.0,33385.235,tp,0.09543860398282486
ETHUSDT,1626102000000,-1,2101.0,2090.495,tp,0.09410876674282274
SOLUSDT,1626103800000,-1,31.26,31.1037,tp,0.06598658852104188
DOGEUSDT,1626104700000,-1,0.211,0.209945,tp,0.07816680582614348
NEARUSDT,1626105600000,-1,2.1212,2.110594,tp,0.06757807520713917
FILUSDT,1626106500000,-1,53.845,53.575775,tp,0.10285222381635534
ZECUSDT,1626115500000,-1,106.22,105.6889,tp,0.054263803680981
BNBUSDT,1626118200000,-1,312.42,310.85790000000003,tp,0.058384348965645975
BTCUSDT,1626118200000,-1,33050.0,32884.75,tp,0.09114636826469648
NEARUSDT,1626120000000,-1,2.0423,2.0320885,tp,0.04574148745519743
FILUSDT,1626120000000,-1,52.948,52.68326,tp,0.08360629796661231
DOGEUSDT,1626138900000,-1,0.2051,0.2040745,tp,0.05881372971420442
DOGEUSDT,1626174000000,-1,0.20291,0.20189545,tp,0.053283277349667556
ETHUSDT,1626177600000,-1,2000.0,1990.0,tp,0.08006008549076507
NEARUSDT,1626183900000,-1,2.0198,2.009701,tp,0.055328947368420464
ZECUSDT,1626183900000,-1,105.28,104.7536,tp,0.06393883792048878
NEARUSDT,1626201900000,-1,1.9849,1.9749755,tp,0.051850689677715375
BNBUSDT,1626202800000,-1,308.0,306.46,tp,0.06540330727920547
FILUSDT,1626203700000,-1,51.373,51.116135,tp,0.0790848162699325
XRPUSDT,1626222600000,-1,0.6127,0.6096365,tp,0.07196942974720756
ZECUSDT,1626224400000,-1,101.75,101.24125,tp,0.05594167010593006
ETHUSDT,1626228000000,-1,1916.0,1906.42,tp,0.05949475817451919
NEARUSDT,1626228000000,-1,1.92,1.9103999999999999,tp,0.04850852000765866
SOLUSDT,1626235200000,-1,28.206,28.06497,tp,0.040914718520137124
BNBUSDT,1626238800000,-1,296.0,294.52,tp,0.05560408394781696
FILUSDT,1626240600000,-1,48.861,48.616695,tp,0.05172940359869664
BNBUSDT,1626323400000,-1,305.42,303.8929,tp,0.06671723000824498
ZECUSDT,1626323400000,-1,102.45,101.93775000000001,tp,0.06169696969696908
SOLUSDT,1626324300000,-1,30.33,30.17835,tp,0.044954773118038506
ETHUSDT,1626326100000,-1,1970.92,1961.0654,tp,0.061916108097866664
FILUSDT,1626327900000,-1,49.104,48.85848,tp,0.07539206642066376
XRPUSDT,1626330600000,-1,0.6106,0.6075470000000001,tp,0.07144278606965129
BTCUSDT,1626330600000,-1,32560.0,32397.2,tp,0.09990354929369412
DOGEUSDT,1626332400000,-1,0.19213,0.19116935,tp,0.056003509541566535
NEARUSDT,1626346800000,-1,1.9172,1.907614,tp,0.03966677080079176
ZECUSDT,1626346800000,-1,100.84,100.3358,tp,0.053567531603459596
XRPUSDT,1626347700000,-1,0.6033,0.6002835,tp,0.07407134071340678
FILUSDT,1626347700000,-1,48.449,48.206755,tp,0.07329171868497637
DOGEUSDT,1626350400000,-1,0.19015,0.18919925,tp,0.06100474238405277
SOLUSDT,1626352200000,-1,29.098,28.95251,tp,0.032057517210748135
ETHUSDT,1626352200000,-1,1903.98,1894.4601,tp,0.053345981687993274
BTCUSDT,1626353100000,-1,31763.14,31604.3243,tp,0.0816620377429378
XRPUSDT,1626371100000,-1,0.5945,0.5915275,tp,0.0621308016877645
ZECUSDT,1626371100000,-1,98.58,98.08709999999999,tp,0.04414195867026112
BTCUSDT,1626371100000,-1,31401.2,31244.194,tp,0.06624819347421251
BNBUSDT,1626422400000,-1,310.73,309.17635,tp,0.05507555555555572
NEARUSDT,1626425100000,-1,1.8772,1.8678139999999999,tp,0.05001735415832396
DOGEUSDT,1626426000000,-1,0.1813,0.18039349999999998,tp,0.054414657955996426
BTCUSDT,1626426900000,-1,31500.0,31342.5,tp,0.10242482950455685
FILUSDT,1626430500000,-1,46.696,46.46252,tp,0.0676794354105277
ZECUSDT,1626430500000,-1,95.38,94.9031,tp,0.058475226261696635
SOLUSDT,1626433200000,-1,27.439,27.301805,tp,0.044089710832623086
SOLUSDT,1626471900000,-1,27.0,26.865,tp,0.04249546780168722
DOGEUSDT,1626475500000,-1,0.1745,0.1736275,tp,0.049594536918480564
FILUSDT,1626480900000,-1,46.0,45.77,tp,0.09044474060911085
BNBUSDT,1626485400000,-1,302.28,300.7686,tp,0.07388316151202641
XRPUSDT,1626486300000,-1,0.589,0.586055,tp,0.0653111111111107
DOGEUSDT,1626489900000,-1,0.17102,0.1701649,tp,0.04100779409099134
ETHUSDT,1626569100000,-1,1853.77,1981.9514573668635,stop,-1.0146889723613426
NEARUSDT,1626589800000,-1,1.9258,1.9161709999999998,tp,0.053829548640314695
ETHUSDT,1626618600000,-1,1950.0,1940.25,tp,0.08110190079973317
XRPUSDT,1626623100000,-1,0.5837,0.5807815,tp,0.08975077881620114
SOLUSDT,1626623100000,-1,26.73,26.59635,tp,0.059403667168254876
BNBUSDT,1626624000000,-1,302.0,300.49,tp,0.09670926774375041
ZECUSDT,1626656400000,-1,92.13,91.66935,tp,0.041577936023510904
BNBUSDT,1626685200000,-1,298.32,296.8284,tp,0.08265279223031613
SOLUSDT,1626686100000,-1,25.625,25.496875,tp,0.05314817704270074
NEARUSDT,1626686100000,-1,1.85,1.84075,tp,0.05267694063926924
ETHUSDT,1626687900000,-1,1875.0,1865.625,tp,0.06955610759110908
BTCUSDT,1626689700000,-1,31401.0,31243.995,tp,0.12052654509720419
XRPUSDT,1626690600000,-1,0.5747,0.5718265,tp,0.10857683215129958
SOLUSDT,1626700500000,-1,24.722,24.598390000000002,tp,0.04972508591065283
FILUSDT,1626738300000,-1,44.836,44.61182,tp,0.0759258309835076
NEARUSDT,1626743700000,-1,1.7126,1.7040369999999998,tp,0.0428228228228234
SOLUSDT,1626744600000,-1,23.95,23.83025,tp,0.043874706775217265
DOGEUSDT,1626745500000,-1,0.16989,0.16904055,tp,0.049983072054169575
ETHUSDT,1626750000000,-1,1753.0,1744.235,tp,0.06303043384416222
BNBUSDT,1626750900000,-1,266.67,265.33665,tp,0.04811876720364581
XRPUSDT,1626756300000,-1,0.5307,0.5280465,tp,0.04436796260888009
BNBUSDT,1626776100000,-1,258.0,256.71,tp,0.03723251252996361
SOLUSDT,1626777000000,-1,22.633,22.519835,tp,0.0383183799025886
BTCUSDT,1626790500000,-1,29452.53,29305.26735,tp,0.07278955465697302
FILUSDT,1626818400000,-1,41.921,41.711394999999996,tp,0.06017559009787075
DOGEUSDT,1626841800000,-1,0.16153,0.1828664253731343,stop,-1.0081420903954796
ZECUSDT,1626885000000,-1,83.78,94.72567024209013,stop,-1.0082214596949899
NEARUSDT,1627178400000,1,2.1944,2.2053719999999997,tp,0.028574337437561007
BTCUSDT,1627254900000,1,34584.4,34757.322,tp,0.10637044615890338
DOGEUSDT,1627257600000,1,0.19697,0.19795485,tp,0.08359640781827632
SOLUSDT,1627258500000,1,28.167,28.307834999999997,tp,0.05911222780569331
ETHUSDT,1627258500000,1,2179.0,2189.895,tp,0.07906841971820781
NEARUSDT,1627265700000,1,2.2435,2.2547175,tp,0.043009704096753636
XRPUSDT,1627273800000,1,0.6595,0.6627974999999999,tp,0.04873156342182824
FILUSDT,1627273800000,1,51.094,51.34947,tp,0.053635840267963565
ZECUSDT,1627278300000,1,106.27,106.80134999999999,tp,0.05413648494090614
BTCUSDT,1627322400000,1,39284.65,39481.073249999994,tp,0.06152248555134842
ZECUSDT,1627327800000,1,108.93,109.47465,tp,0.05148108872392977
XRPUSDT,1627327800000,1,0.6692,0.672546,tp,0.06336876919442395
ETHUSDT,1627348500000,1,2387.97,2191.7824567832445,stop,-1.0106132800268761
BNBUSDT,1627351200000,1,322.43,299.145136720565,stop,-1.0122048335209919
BNBUSDT,1627384500000,1,308.0,309.53999999999996,tp,0.07648613437557995
NEARUSDT,1627385400000,1,2.2378,2.248989,tp,0.04352798407844243
BTCUSDT,1627388100000,1,37676.0,37864.38,tp,0.07299550367825962
XRPUSDT,1627388100000,1,0.6368,0.639984,tp,0.07805504587155886
BTCUSDT,1627427700000,1,38748.53,38942.27264999999,tp,0.056213592723340464
FILUSDT,1627443000000,1,49.73,49.978649999999995,tp,0.05861233609690087
ZECUSDT,1627457400000,1,103.62,104.1381,tp,0.058856250886900864
ETHUSDT,1627470900000,1,2313.03,2324.59515,tp,0.0523504158237802
NEARUSDT,1627471800000,1,2.2491,2.2603454999999997,tp,0.036639317889317236
BNBUSDT,1627471800000,1,317.0,318.585,tp,0.06475490196078347
BTCUSDT,1627472700000,1,40400.0,40601.99999999999,tp,0.05619354572038799
ZECUSDT,1627515900000,1,105.13,105.65564999999998,tp,0.055894778796331604
NEARUSDT,1627521300000,1,2.2602,2.2715009999999998,tp,0.034436885865455874
ETHUSDT,1627569000000,1,2313.96,2325.5298,tp,0.08769621880109112
SOLUSDT,1627587000000,1,30.625,30.778124999999996,tp,0.03977164973391282
XRPUSDT,1627596000000,1,0.7184,0.721992,tp,0.07858900738309926
ZECUSDT,1627599600000,1,107.5,108.0375,tp,0.06625423207140572
BNBUSDT,1627604100000,1,315.55,317.12775,tp,0.12177341796499147
NEARUSDT,1627609500000,1,2.2709,2.2822545,tp,0.05317660818713417
SOLUSDT,1627610400000,1,31.868,32.027339999999995,tp,0.03684756744359323
ZECUSDT,1627614900000,1,109.01,109.55505,tp,0.07127403062886783
BTCUSDT,1627677900000,1,40342.0,40543.71,tp,0.07450741806908738
SOLUSDT,1627678800000,1,31.877,32.036384999999996,tp,0.041851014321763635
FILUSDT,1627682400000,1,50.658,50.911289999999994,tp,0.05766513579406754
XRPUSDT,1627684200000,1,0.749,0.7527449999999999,tp,0.05533185840707802
BNBUSDT,1627689600000,1,321.59,323.19794999999993,tp,0.09178281316801828
BTCUSDT,1627690500000,1,41922.0,42131.60999999999,tp,0.05567907574574528
NEARUSDT,1627690500000,1,2.3175,2.3290874999999995,tp,0.05501569812214733
ZECUSDT,1627690500000,1,109.23,109.77614999999999,tp,0.0703789338471398
SOLUSDT,1627695900000,1,32.558,32.720789999999994,tp,0.040986407282702086
FILUSDT,1627725600000,1,51.512,51.76956,tp,0.06728775649129592
SOLUSDT,1627731000000,1,33.794,33.96296999999999,tp,0.0426854283927441
ZECUSDT,1627776900000,1,111.97,112.52984999999998,tp,0.07302764227642061
BNBUSDT,1627780500000,1,338.81,340.50404999999995,tp,0.0713114754098338
XRPUSDT,1627786800000,1,0.7569,0.7606845,tp,0.07236735665001112
NEARUSDT,1627787700000,1,2.4666,2.478933,tp,0.047910491136297424
BTCUSDT,1627787700000,1,41923.99,42133.60994999999,tp,0.09046938948258
ETHUSDT,1627788600000,1,2581.55,2594.45775,tp,0.06626256410256345
ZECUSDT,1627789500000,1,115.06,115.63529999999999,tp,0.07426544105789176
ZECUSDT,1627829100000,1,119.65,120.24825,tp,0.053964629505260125
ETHUSDT,1627920900000,1,2639.73,2652.92865,tp,0.05494414262957645
ZECUSDT,1628010000000,1,113.52,114.08759999999998,tp,0.05960199004974966
ZECUSDT,1628029800000,1,114.72,115.29359999999998,tp,0.05678884363815722
BNBUSDT,1628079300000,1,324.6,326.223,tp,0.08430517711171612
ZECUSDT,1628082900000,1,116.35,116.93174999999998,tp,0.06295877122069365
FILUSDT,1628089200000,1,55.987,56.266935,tp,0.06920810313075362
BTCUSDT,1628092800000,1,39220.0,39416.1,tp,0.08227161081482755
ZECUSDT,1628104500000,1,118.88,119.47439999999999,tp,0.07419747309312054
BNBUSDT,1628108100000,1,334.0,335.66999999999996,tp,0.08717888563049653
ETHUSDT,1628119800000,1,2734.3,2747.9715,tp,0.051422445674053435
SOLUSDT,1628133300000,1,36.523,36.705615,tp,0.0434362431984856
BTCUSDT,1628167500000,1,39855.12,37359.029675113314,stop,-1.0142186674246125
SOLUSDT,1628170200000,1,37.497,37.684484999999995,tp,0.035706485926761705
ZECUSDT,1628173800000,1,118.02,118.61009999999999,tp,0.04897579143389133
FILUSDT,1628184600000,1,56.813,57.09706499999999,tp,0.0572730702482438
ZECUSDT,1628186400000,1,120.28,120.88139999999999,tp,0.04845705089519076
BNBUSDT,1628188200000,1,334.4,336.07199999999995,tp,0.060527434749173104
BTCUSDT,1628189100000,1,40740.0,40943.7,tp,0.045612727238129126
NEARUSDT,1628190900000,1,2.523,2.535615,tp,0.03691421488205858
ZECUSDT,1628253900000,1,120.76,121.3638,tp,0.06406788650225324
SOLUSDT,1628256600000,1,37.411,37.598054999999995,tp,0.06457993527507926
BNBUSDT,1628263800000,1,337.6,339.288,tp,0.09967382480997615
ETHUSDT,1628265600000,1,2810.0,2824.0499999999997,tp,0.06521109393723509
NEARUSDT,1628270100000,1,2.5134,2.5259669999999996,tp,0.06231140839836383
SOLUSDT,1628277300000,1,40.2,40.400999999999996,tp,0.04591631084542983
ZECUSDT,1628288100000,1,127.15,127.78575,tp,0.06334452318786417
BNBUSDT,1628302500000,1,347.46,349.1972999999999,tp,0.07942873464724139
ETHUSDT,1628308800000,1,2935.0,2949.6749999999997,tp,0.05512726455004049
BTCUSDT,1628314200000,1,43400.0,43616.99999999999,tp,0.07535504154463588
XRPUSDT,1628326800000,1,0.766,0.7698299999999999,tp,0.04317780580075529
NEARUSDT,1628327700000,1,2.7695,2.7833474999999996,tp,0.03937779671851638
SOLUSDT,1628330400000,1,40.199,40.399995,tp,0.059246530072702905
DOGEUSDT,1628331300000,1,0.23024,0.23139119999999996,tp,0.024289511777864734
BNBUSDT,1628331300000,1,354.05,355.82025,tp,0.07222475784775997
FILUSDT,1628333100000,1,69.196,69.54198,tp,0.04453873537346513
ZECUSDT,1628336700000,1,130.13,130.78064999999998,tp,0.06185185185185058
ETHUSDT,1628342100000,1,3098.0,3113.49,tp,0.05571943977590962
XRPUSDT,1628352000000,1,0.801,0.805005,tp,0.04089189527746381
ZECUSDT,1628354700000,1,132.52,133.1826,tp,0.047198298777245955
BTCUSDT,1628370000000,1,44021.0,44241.104999999996,tp,0.07313828528846955
DOGEUSDT,1628370900000,1,0.24674,0.24797369999999996,tp,0.020550814265099592
ZECUSDT,1628382600000,1,135.02,135.6951,tp,0.04191402330786363
XRPUSDT,1628383500000,1,0.82,0.8240999999999998,tp,0.04145763134905664
BNBUSDT,1628470800000,1,358.73,334.28170218918086,stop,-1.0129893549046662
SOLUSDT,1628499600000,1,38.476,38.66837999999999,tp,0.05032724430985468
XRPUSDT,1628499600000,1,0.7971,0.8010854999999999,tp,0.04752487008166127
DOGEUSDT,1628501400000,1,0.24737,0.24860685,tp,0.034162356024552976
BTCUSDT,1628502300000,1,44587.24,44810.176199999994,tp,0.07972234362501175
ETHUSDT,1628505000000,1,3066.0,3081.3299999999995,tp,0.05622950894800579
ZECUSDT,1628505000000,1,126.14,126.77069999999999,tp,0.058425251474157995
FILUSDT,1628507700000,1,67.34,67.6767,tp,0.043013737973289085
SOLUSDT,1628517600000,1,39.387,39.583935,tp,0.05285233669764407
ZECUSDT,1628517600000,1,129.96,130.6098,tp,0.057376400791034926
DOGEUSDT,1628536500000,1,0.26331,0.26462654999999996,tp,0.031050549450548786
ETHUSDT,1628553600000,1,3178.0,3193.89,tp,0.047849589780049516
SOLUSDT,1628568900000,1,40.059,40.259294999999995,tp,0.04257552929981694
NEARUSDT,1628586900000,1,2.7696,2.783448,tp,0.037243454709599444
SOLUSDT,1628596800000,1,40.714,40.91757,tp,0.04369811724433021
XRPUSDT,1628597700000,1,0.8265,0.8306324999999999,tp,0.058463169051402544
ZECUSDT,1628597700000,1,131.79,132.44894999999997,tp,0.06499692156138186
BNBUSDT,1628597700000,1,356.8,358.58399999999995,tp,0.08564019836290529
NEARUSDT,1628601300000,1,2.8859,2.9003295,tp,0.0461410854567927
ETHUSDT,1628601300000,1,3175.0,3190.8749999999995,tp,0.06508279161044839
DOGEUSDT,1628632800000,1,0.26099,0.26229494999999997,tp,0.040074975135795984
XRPUSDT,1628640900000,1,0.8608,0.8651039999999999,tp,0.05097517730496297
SOLUSDT,1628647200000,1,41.722,41.930609999999994,tp,0.04675771540287518
ZECUSDT,1628658000000,1,134.56,135.2328,tp,0.06546909090909026
BNBUSDT,1628658900000,1,381.03,382.9351499999999,tp,0.06332503733200391
SOLUSDT,1628659800000,1,42.114,42.324569999999994,tp,0.04237664556325939
NEARUSDT,1628660700000,1,2.89,2.9044499999999998,tp,0.05417403922669898
XRPUSDT,1628661600000,1,0.8858,0.8902289999999999,tp,0.04441114025227824
ETHUSDT,1628665200000,1,3200.0,3215.9999999999995,tp,0.0665444148673943
FILUSDT,1628666100000,1,69.073,69.41836499999998,tp,0.0516095302113656
BTCUSDT,1628668800000,1,46270.0,46501.35,tp,0.08656279137671796
NEARUSDT,1628678700000,1,2.9375,2.9521874999999995,tp,0.0511530616673159
ZECUSDT,1628690400000,1,138.29,138.98144999999997,tp,0.05734326505276012
FILUSDT,1628690400000,1,71.933,72.292665,tp,0.036352819128325525
SOLUSDT,1628691300000,1,43.06,43.275299999999994,tp,0.045817524841913454
ZECUSDT,1628710200000,1,139.96,140.6598,tp,0.05318518518518386
BNBUSDT,1628713800000,1,403.08,405.0953999999999,tp,0.0627998601235558
DOGEUSDT,1628734500000,1,0.2835,0.28491749999999993,tp,0.02761350971555866
NEARUSDT,1628759700000,1,3.3006,3.317103,tp,0.02060308215022412
NEARUSDT,1628814600000,1,3.3709,3.3877544999999993,tp,0.024828271673108124
SOLUSDT,1628816400000,1,41.5,41.707499999999996,tp,0.04682396053558748
BTCUSDT,1628821800000,1,44800.0,45023.99999999999,tp,0.08909534281735125
XRPUSDT,1628829900000,1,0.9913,0.9962564999999999,tp,0.035821055451378994
BNBUSDT,1628831700000,1,395.61,397.58804999999995,tp,0.05541001959137797
FILUSDT,1628832600000,1,69.88,70.22939999999998,tp,0.0504185310978113
DOGEUSDT,1628832600000,1,0.27101,0.27236504999999994,tp,0.03321476934187883
SOLUSDT,1628832600000,1,42.733,42.946664999999996,tp,0.04834520176330929
SOLUSDT,1628846100000,1,43.976,44.195879999999995,tp,0.06083825714384345
DOGEUSDT,1628854200000,1,0.27919,0.28058595,tp,0.040835790469949444
BTCUSDT,1628884800000,1,46550.0,46782.74999999999,tp,0.08707388159822108
FILUSDT,1628887500000,1,72.08,72.4404,tp,0.04895963654240594
ETHUSDT,1628888400000,1,3267.98,3284.3198999999995,tp,0.07698524244553527
XRPUSDT,1628889300000,1,1.0567,1.0619835,tp,0.0380030474141795
BNBUSDT,1628890200000,1,405.28,407.30639999999994,tp,0.06357517414103359
ZECUSDT,1628896500000,1,142.8,143.514,tp,0.04423187059825085
DOGEUSDT,1628896500000,1,0.28333,0.28474665,tp,0.044036796536795396
NEARUSDT,1628929800000,1,3.423,3.4401149999999996,tp,0.04819971870604661
SOLUSDT,1628932500000,1,44.612,44.83506,tp,0.05824738924563719
ZECUSDT,1628934300000,1,146.17,146.90084999999996,tp,0.07488991295442667
BTCUSDT,1628937900000,1,47850.0,46275.649834091666,stop,-1.0279238178991925
XRPUSDT,1628954100000,1,1.1943,1.2002714999999997,tp,0.02313691673852561
XRPUSDT,1628981100000,1,1.265,1.2713249999999998,tp,0.025399110311390673
ZECUSDT,1628982900000,1,144.55,145.27275,tp,0.051898870360408175
SOLUSDT,1628986500000,1,44.231,44.452155,tp,0.066937202448423
DOGEUSDT,1628990100000,1,0.29767,0.29915834999999996,tp,0.045834678969626265
XRPUSDT,1628998200000,1,1.325,1.3316249999999998,tp,0.02486837226547971
SOLUSDT,1629040500000,1,47.434,47.67116999999999,tp,0.03311848208991549
DOGEUSDT,1629052200000,1,0.31115,0.31270574999999995,tp,0.03225983011901924
NEARUSDT,1629056700000,1,3.1807,3.1966034999999997,tp,0.044138409264267035
SOLUSDT,1629057600000,1,52.8,53.06399999999999,tp,0.024268954092631276
ZECUSDT,1629058500000,1,148.0,148.73999999999998,tp,0.05434232250963001
BTCUSDT,1629061200000,1,46537.03,46769.715149999996,tp,0.07956105728979711
ETHUSDT,1629066600000,1,3277.48,3293.8673999999996,tp,0.06539663539468885
BNBUSDT,1629068400000,1,411.9,413.95949999999993,tp,0.09547714236050535
NEARUSDT,1629072000000,1,3.246,3.2622299999999997,tp,0.06144845748683126
SOLUSDT,1629075600000,1,54.789,55.062945,tp,0.02194141911742866
XRPUSDT,1629078300000,1,1.3148,1.3213739999999998,tp,0.03524419535628419
BNBUSDT,1629096300000,1,419.3,421.39649999999995,tp,0.07856096430226919
FILUSDT,1629107100000,1,74.852,75.22626,tp,0.052573671116716354
BNBUSDT,1629112500000,1,428.74,430.8837,tp,0.07088534585753602
DOGEUSDT,1629112500000,1,0.3452,0.34692599999999996,tp,0.04340425531914763
SOLUSDT,1629124200000,1,65.886,66.21542999999998,tp,0.02194414882646458
NEARUSDT,1629137700000,1,3.4871,3.5045354999999994,tp,0.033863096104399186
ZECUSDT,1629159300000,1,156.51,145.28742223209753,stop,-1.01229869411244
NEARUSDT,1629161100000,1,3.5728,3.5906639999999994,tp,0.028240729771353223
NEARUSDT,1629187200000,1,3.9,3.9194999999999993,tp,0.017885427636420752
ZECUSDT,1629194400000,1,156.25,157.03124999999997,tp,0.048877423389616745
ETHUSDT,1629201600000,1,3252.78,3269.0438999999997,tp,0.06432180380120205
BNBUSDT,1629201600000,1,432.99,435.15495,tp,0.05759936248630286
BTCUSDT,1629230400000,1,47847.36,45101.03054910911,stop,-1.015601179606385
SOLUSDT,1629267300000,1,68.228,68.56913999999999,tp,0.014507752545027224
SOLUSDT,1629288000000,1,74.492,74.86446,tp,0.019380736258194108
NEARUSDT,1629298800000,1,4.3808,4.402703999999999,tp,0.020702145962660012
XRPUSDT,1629303300000,1,1.1392,1.144896,tp,0.03481278538812738
NEARUSDT,1629333000000,1,4.5669,4.5897345,tp,0.022064632605162622
BNBUSDT,1629367200000,1,405.67,407.69834999999995,tp,0.05172676970043716
BNBUSDT,1629379800000,1,407.85,409.88925,tp,0.05621829151240858
BTCUSDT,1629396900000,1,45780.0,46008.899999999994,tp,0.08263659336479597
ETHUSDT,1629396900000,1,3058.34,3073.6317,tp,0.0695771878072753
ZECUSDT,1629396900000,1,144.32,145.0416,tp,0.04150025051893175
XRPUSDT,1629403200000,1,1.1981,1.2040904999999997,tp,0.03710615908387368
DOGEUSDT,1629409500000,1,0.31543,0.31700714999999996,tp,0.0413663270257149
FILUSDT,1629418500000,1,70.524,70.87661999999999,tp,0.06734264232008366
ZECUSDT,1629418500000,1,147.75,148.48874999999998,tp,0.05803413772807393
BTCUSDT,1629426600000,1,47100.0,47335.49999999999,tp,0.07669310856100683
XRPUSDT,1629443700000,1,1.2329,1.2390645,tp,0.03359706362153292
NEARUSDT,1629461700000,1,4.4855,4.507927499999999,tp,0.03440428531152961
ZECUSDT,1629463500000,1,151.31,152.06654999999998,tp,0.06412456307594318
BNBUSDT,1629466200000,1,432.3,434.46149999999994,tp,0.06561129354923742
ETHUSDT,1629468900000,1,3255.0,3271.2749999999996,tp,0.09004680618643437
FILUSDT,1629468900000,1,71.582,71.93990999999998,tp,0.08247781511156807
XRPUSDT,1629468900000,1,1.2621,1.2684104999999999,tp,0.045941240478780516
BTCUSDT,1629474300000,1,48500.0,48742.49999999999,tp,0.0916230373401401
ZECUSDT,1629487800000,1,154.28,155.05139999999997,tp,0.06390007226179169
BNBUSDT,1629496800000,1,454.5,456.7725,tp,0.05869274716761841
SOLUSDT,1629511200000,1,79.11,79.50554999999999,tp,0.031435053661615066
NEARUSDT,1629540000000,1,4.5749,4.5977745,tp,0.0434490279753427
BTCUSDT,1629543600000,1,49178.31,49424.20154999999,tp,0.08400727128581936
FILUSDT,1629560700000,1,73.68,74.0484,tp,0.07244616772745993
NEARUSDT,1629563400000,1,5.4105,5.437552499999999,tp,0.01745713989950808
BTCUSDT,1629567900000,1,49500.0,49747.49999999999,tp,0.08648415278120603
ZECUSDT,1629594900000,1,158.59,159.38295,tp,0.04138181346814391
XRPUSDT,1629616500000,1,1.2437,1.2499185,tp,0.0675298588490758
DOGEUSDT,1629656100000,1,0.32878,0.3052989283759124,stop,-1.012351820504631
NEARUSDT,1629679500000,1,5.7083,5.7368415,tp,0.03256231278300169
ZECUSDT,1629679500000,1,160.14,160.94069999999996,tp,0.049428944739065575
BTCUSDT,1629681300000,1,49340.0,49586.7,tp,0.09717782605035806
XRPUSDT,1629683100000,1,1.238,1.24419,tp,0.05616847826086886
ETHUSDT,1629685800000,1,3270.0,3286.3499999999995,tp,0.09961241195507019
DOGEUSDT,1629689400000,1,0.31961,0.32120804999999997,tp,0.06000279681163348
BNBUSDT,1629690300000,1,459.96,462.2597999999999,tp,0.06607771313653517
ZECUSDT,1629692100000,1,164.27,165.09135,tp,0.05956352440459985
BNBUSDT,1629706500000,1,485.26,487.68629999999996,tp,0.05366271518969785
DOGEUSDT,1629710100000,1,0.32567,0.32729834999999996,tp,0.05543717575604007
ZECUSDT,1629735300000,1,166.5,167.33249999999998,tp,0.056896404475188705
ZECUSDT,1629767700000,1,168.99,169.83495,tp,0.05850911289625847
SOLUSDT,1629774000000,1,76.858,77.24229,tp,0.042904753943041246
NEARUSDT,1629790200000,1,5.6287,5.6568435,tp,0.04341559040590355
ETHUSDT,1629820800000,1,3354.98,3191.261107290941,stop,-1.018517704351409
BTCUSDT,1629848700000,1,49799.8,47689.71545240472,stop,-1.0214708124996312
BTCUSDT,1629906300000,1,48461.98,48704.289899999996,tp,0.09551083298895752
FILUSDT,1629917100000,1,77.336,77.72268,tp,0.0515377706815684
ETHUSDT,1629918000000,1,3231.7,3247.8584999999994,tp,0.06613813666625659
SOLUSDT,1629936900000,1,71.93,72.28965,tp,0.04515154364519516
NEARUSDT,1629936900000,1,5.5984,5.626391999999999,tp,0.030092920829304284
BNBUSDT,1629937800000,1,506.74,509.27369999999996,tp,0.0447853543688244
XRPUSDT,1629938700000,1,1.1783,1.1841914999999998,tp,0.05762148962148899
FILUSDT,1629940500000,1,78.016,78.40608,tp,0.05715149198026427
BTCUSDT,1629961200000,1,49297.8,46674.877517556495,stop,-1.0169052398378053
DOGEUSDT,1629994500000,1,0.29558,0.26639197496617045,stop,-1.0086704179513541
BTCUSDT,1630027800000,1,47438.53,47675.722649999996,tp,0.08737911038030446
SOLUSDT,1630035000000,1,80.794,81.19796999999998,tp,0.022508084019455237
DOGEUSDT,1630062000000,1,0.27559,0.27696794999999996,tp,0.057737983034871196
XRPUSDT,1630062900000,1,1.1092,1.1147459999999998,tp,0.04517073170731573
ETHUSDT,1630065600000,1,3147.69,3163.42845,tp,0.08657054695393265
NEARUSDT,1630065600000,1,4.9997,5.0246984999999995,tp,0.03252679541437593
BTCUSDT,1630073700000,1,47688.88,47927.32439999999,tp,0.09657364597678521
BNBUSDT,1630075500000,1,488.58,491.02289999999994,tp,0.05858701484528592
SOLUSDT,1630081800000,1,83.8,84.219,tp,0.020453795530229534
NEARUSDT,1630083600000,1,5.1455,5.1712275,tp,0.02974603312109209
ZECUSDT,1630096200000,1,151.2,151.95599999999996,tp,0.05232071885259889
ETHUSDT,1630096200000,1,3250.0,3266.2499999999995,tp,0.08333563236007636
DOGEUSDT,1630098000000,1,0.28837,0.28981185,tp,0.05298670334708719
XRPUSDT,1630099800000,1,1.1597,1.1654984999999998,tp,0.051938764107720005
FILUSDT,1630101600000,1,74.754,75.12777,tp,0.06748177735653065
SOLUSDT,1630102500000,1,86.943,87.377715,tp,0.033566902936496244
SOLUSDT,1630143900000,1,88.9,89.3445,tp,0.04334514804935288
NEARUSDT,1630159200000,1,5.2907,5.3171535,tp,0.043184407552082825
SOLUSDT,1630168200000,1,95.0,95.475,tp,0.03259620926999585
NEARUSDT,1630185300000,1,5.7079,5.7364394999999995,tp,0.024054445590886025
ZECUSDT,1630188000000,1,150.71,151.46355,tp,0.06649933949801755
NEARUSDT,1630199700000,1,6.0129,6.042964499999999,tp,0.030019355629056995
SOLUSDT,1630199700000,1,97.244,97.73021999999999,tp,0.04157562577288717
XRPUSDT,1630202400000,1,1.1613,1.1671064999999998,tp,0.07592900179123706
XRPUSDT,1630269000000,1,1.155,1.160775,tp,0.06792840375586692
BTCUSDT,1630274400000,1,48893.85,49138.31924999999,tp,0.1340083574149456
SOLUSDT,1630281600000,1,94.5,94.9725,tp,0.051767015706806016
ZECUSDT,1630328400000,1,153.81,142.25628503990654,stop,-1.0116969711694208
SOLUSDT,1630335600000,1,102.5,103.01249999999999,tp,0.032780217681878214
NEARUSDT,1630340100000,1,5.6099,5.6379494999999995,tp,0.03615703206204503
ETHUSDT,1630345500000,1,3267.63,3283.9681499999997,tp,0.12564208433688587
BTCUSDT,1630349100000,1,48248.0,48489.24,tp,0.1197173508825346
ZECUSDT,1630357200000,1,146.96,147.6948,tp,0.06613567330408178
DOGEUSDT,1630367100000,1,0.29738,0.27034023552123554,stop,-1.009497983014862
SOLUSDT,1630384200000,1,116.6,117.18299999999998,tp,0.02250313706332498
SOLUSDT,1630405800000,1,119.467,120.06433499999999,tp,0.025074204946995925
ETHUSDT,1630408500000,1,3360.95,3377.7547499999996,tp,0.06607771491434784
NEARUSDT,1630411200000,1,5.4611,5.4884055,tp,0.03452004668622411
DOGEUSDT,1630411200000,1,0.27886,0.28025429999999996,tp,0.06721461187214425
XRPUSDT,1630414800000,1,1.1467,1.1524334999999999,tp,0.07506535947712206
BTCUSDT,1630418400000,1,48011.99,48252.04994999999,tp,0.09423527126992633
DOGEUSDT,1630427400000,1,0.282,0.28340999999999994,tp,0.05300730747610922
XRPUSDT,1630436400000,1,1.1823,1.1882114999999998,tp,0.04630152456239293
ETHUSDT,1630472400000,1,3449.0,3466.2449999999994,tp,0.057345187103627314
ZECUSDT,1630495800000,1,144.94,145.66469999999998,tp,0.08684603886397393
SOLUSDT,1630496700000,1,114.93,115.50465,tp,0.027611094294379426
DOGEUSDT,1630496700000,1,0.28126,0.2826663,tp,0.08316038433111439
BTCUSDT,1630497600000,1,47617.2,47855.28599999999,tp,0.10417331301842894
BNBUSDT,1630498500000,1,480.19,482.59094999999996,tp,0.07711135169814233
ETHUSDT,1630506600000,1,3550.0,3567.7499999999995,tp,0.06726881842633477
XRPUSDT,1630514700000,1,1.2112,1.217256,tp,0.049775315481685255
DOGEUSDT,1630516500000,1,0.28527,0.28669635,tp,0.07265814737109623
BNBUSDT,1630516500000,1,485.17,487.59585,tp,0.06942513942513856
FILUSDT,1630539900000,1,78.3,78.69149999999999,tp,0.054814348646947036
XRPUSDT,1630539900000,1,1.2273,1.2334364999999998,tp,0.06096158612143518
DOGEUSDT,1630541700000,1,0.2943,0.29577149999999996,tp,0.0494691342481835
BNBUSDT,1630543500000,1,490.73,493.18364999999994,tp,0.07159803386127585
ZECUSDT,1630546200000,1,151.65,152.40824999999998,tp,0.07012123311395704
NEARUSDT,1630551600000,1,5.5924,5.620361999999999,tp,0.05067772039503411
SOLUSDT,1630569600000,1,115.687,116.26543499999998,tp,0.03652105692587621
ZECUSDT,1630570500000,1,153.34,154.1067,tp,0.0738509690622354
BTCUSDT,1630571400000,1,49945.0,50194.72499999999,tp,0.09616459461564543
XRPUSDT,1630571400000,1,1.2623,1.2686114999999998,tp,0.05146113146112974
XRPUSDT,1630584000000,1,1.287,1.293435,tp,0.054941352100660666
ETHUSDT,1630591200000,1,3817.63,3836.7181499999997,tp,0.053211118749521495
SOLUSDT,1630606500000,1,124.834,125.45817,tp,0.0343238204112735
SOLUSDT,1630629900000,1,132.3,132.9615,tp,0.023499332289759343
XRPUSDT,1630643400000,1,1.28,1.2864,tp,0.05789509306260546
SOLUSDT,1630647900000,1,137.342,138.02871,tp,0.02492557889360389
NEARUSDT,1630649700000,1,6.036,6.066179999999999,tp,0.026562383612662655
BTCUSDT,1630660500000,1,49893.19,50142.65595,tp,0.10686086951415603
ZECUSDT,1630672200000,1,154.32,155.09159999999997,tp,0.06912257200267725
BNBUSDT,1630672200000,1,491.39,493.84694999999994,tp,0.08851167183915604
BTCUSDT,1630674900000,1,50717.52,50971.10759999999,tp,0.07487609538673606
DOGEUSDT,1630682100000,1,0.30176,0.30326879999999995,tp,0.05478721957851718
SOLUSDT,1630706400000,1,145.0,145.725,tp,0.03636161952301685
FILUSDT,1630714500000,1,78.815,79.20907499999998,tp,0.06728600941366672
SOLUSDT,1630725300000,1,149.67,150.41834999999998,tp,0.03103644764924001
ZECUSDT,1630747800000,1,159.83,160.62914999999998,tp,0.061139975259299165
DOGEUSDT,1630760400000,1,0.29934,0.30083669999999996,tp,0.083666317626525
FILUSDT,1630763100000,1,84.631,85.054155,tp,0.04414821756276546
FILUSDT,1630776600000,1,90.367,90.81883499999999,tp,0.04225889407830134
SOLUSDT,1630806300000,1,143.722,144.44061,tp,0.03871097279389533
ZECUSDT,1630807200000,1,162.28,163.0914,tp,0.049617486338797395
FILUSDT,1630848600000,1,102.982,103.49690999999999,tp,0.03338128107351362
XRPUSDT,1630849500000,1,1.2714,1.277757,tp,0.08310457516339799
ZECUSDT,1630851300000,1,165.21,166.03605,tp,0.06551567289627058
DOGEUSDT,1630852200000,1,0.3042,0.305721,tp,0.07733941467122747
BNBUSDT,1630859400000,1,498.59,501.0829499999999,tp,0.11016266887234402
BTCUSDT,1630868400000,1,50438.0,50690.189999999995,tp,0.12626872189096475
DOGEUSDT,1630872900000,1,0.30999,0.31153994999999995,tp,0.05743830570902273
BNBUSDT,1630874700000,1,501.15,503.6557499999999,tp,0.09942602230482943
XRPUSDT,1630885500000,1,1.3007,1.3072034999999997,tp,0.07052858683926397
SOLUSDT,1630912500000,1,144.856,145.58028,tp,0.051446189830688126
DOGEUSDT,1630921500000,1,0.316,0.31758,tp,0.061393860032008245
XRPUSDT,1630966500000,1,1.4023,1.4093115,tp,0.05034618129907165
SOLUSDT,1630974600000,1,164.639,165.46219499999998,tp,0.027999274013480367
SOLUSDT,1630998900000,1,189.311,190.257555,tp,0.02785626255331197
NEARUSDT,1631000700000,1,6.7,6.733499999999999,tp,0.02351818540028381
BNBUSDT,1631003400000,1,506.53,477.86301208381786,stop,-1.015835980494602
ETHUSDT,1631007000000,1,3989.33,3674.0446607328818,stop,-1.011070424130122
NEARUSDT,1631022300000,1,7.092,7.127459999999999,tp,0.012275814633307406
NEARUSDT,1631035800000,1,7.328,7.36464,tp,0.007400272703025273
NEARUSDT,1631061900000,1,8.5203,8.5629015,tp,0.009310344827586196
ZECUSDT,1631408400000,-1,127.22,126.5839,tp,0.04977306218685529
BTCUSDT,1631409300000,-1,45000.0,44775.0,tp,0.11203091259519816
XRPUSDT,1631409300000,-1,1.0671,1.0617645,tp,0.05962496501539237
SOLUSDT,1631409300000,-1,175.81,174.93095,tp,0.03219987339257104
BNBUSDT,1631409300000,-1,401.53,399.52234999999996,tp,0.07264906071331384
BNBUSDT,1631480400000,-1,412.67,410.60665,tp,0.0806061497719588
NEARUSDT,1631480400000,-1,8.8592,8.814904,tp,0.02161404542302537
XRPUSDT,1631481300000,-1,1.0873,1.0818634999999999,tp,0.06876127195064197
SOLUSDT,1631492100000,-1,173.064,172.19868,tp,0.03908059301182487
NEARUSDT,1631498400000,-1,8.651,8.607745,tp,0.026478444398311724
BNBUSDT,1631501100000,-1,405.35,403.32325000000003,tp,0.053957146189476404
ETHUSDT,1631502000000,-1,3301.0,3284.495,tp,0.04661624186953142
FILUSDT,1631506500000,-1,81.039,80.633805,tp,0.037577887092996566
ZECUSDT,1631509200000,-1,125.63,125.00184999999999,tp,0.04012960712839241
DOGEUSDT,1631510100000,-1,0.23923,0.23803385,tp,0.035179498508781805
SOLUSDT,1631517300000,-1,156.5,155.7175,tp,0.020761019732990757
BNBUSDT,1631519100000,-1,396.08,394.0996,tp,0.047679409183086024
NEARUSDT,1631519100000,-1,8.1098,8.069251,tp,0.020972305937404994
NEARUSDT,1631682900000,1,9.0741,9.119470499999998,tp,0.03065688540515115
BNBUSDT,1631687400000,1,415.37,417.44685,tp,0.08353324314845366
DOGEUSDT,1631693700000,1,0.24172,0.24292859999999997,tp,0.09403304178814224
BNBUSDT,1631707200000,1,424.89,427.01444999999995,tp,0.07523316978296307
BTCUSDT,1631712600000,1,47478.76,47716.1538,tp,0.11380637213126915
DOGEUSDT,1631718000000,1,0.24324,0.24445619999999998,tp,0.09961314092723146
XRPUSDT,1631721600000,1,1.1086,1.1141429999999999,tp,0.08463502954068768
ETHUSDT,1631739600000,1,3555.0,3572.7749999999996,tp,0.06901649281560979
ZECUSDT,1631739600000,-1,121.92,137.8733135215453,stop,-1.008210184528034
ZECUSDT,1631754000000,1,140.17,140.87084999999996,tp,0.06501092330688528
DOGEUSDT,1631857500000,1,0.25679,0.25807395,tp,0.05108097484276644
SOLUSDT,1631918700000,1,145.99,146.71994999999998,tp,0.03183449769834708
BTCUSDT,1631937600000,1,47777.0,48015.884999999995,tp,0.10499252389389639
XRPUSDT,1631943000000,1,1.0808,1.086204,tp,0.08336218503558353
ETHUSDT,1631943900000,1,3476.89,3494.2744499999994,tp,0.06804674555345225
DOGEUSDT,1631945700000,1,0.24431,0.24553154999999996,tp,0.07462823152596411
BNBUSDT,1631947500000,1,416.56,418.64279999999997,tp,0.07649238671803192
SOLUSDT,1631955600000,1,158.635,159.42817499999998,tp,0.03587328381724017
NEARUSDT,1631965500000,1,8.8944,8.938871999999998,tp,0.04014316102238477
NEARUSDT,1631982600000,1,9.178,9.223889999999999,tp,0.029638998173669114
SOLUSDT,1632050100000,-1,160.0,159.2,tp,0.04617045725559983
BTCUSDT,1632051900000,-1,47747.75,47509.01125,tp,0.11947373757477456
ZECUSDT,1632054600000,-1,136.92,136.2354,tp,0.06811148606424092
XRPUSDT,1632054600000,-1,1.065,1.059675,tp,0.1185123042505592
SOLUSDT,1632087900000,-1,155.0,154.225,tp,0.03953903840493496
ZECUSDT,1632089700000,-1,135.45,134.77275,tp,0.07339574006240514
DOGEUSDT,1632091500000,-1,0.23312,0.2319544,tp,0.08663129479661077
BNBUSDT,1632096900000,-1,405.52,403.4924,tp,0.12712681586179866
NEARUSDT,1632106800000,-1,9.4076,9.360562,tp,0.016429015736047513
SOLUSDT,1632106800000,-1,147.4,146.663,tp,0.03347540627021311
XRPUSDT,1632108600000,-1,0.9906,0.985647,tp,0.03849343065693422
FILUSDT,1632123900000,-1,77.124,76.73837999999999,tp,0.024761858475894447
BNBUSDT,1632124800000,-1,384.62,382.6969,tp,0.04451837658944377
XRPUSDT,1632125700000,-1,0.9641,0.9592795,tp,0.03265236636023155
DOGEUSDT,1632125700000,-1,0.2184,0.217308,tp,0.03923964697895483
SOLUSDT,1632128400000,-1,141.601,140.89299499999998,tp,0.02706558485463202
ZECUSDT,1632130200000,-1,124.45,123.82775000000001,tp,0.03512341704228336
NEARUSDT,1632131100000,-1,8.3803,8.3383985,tp,0.012761299757780658
ETHUSDT,1632131100000,-1,3150.65,3134.89675,tp,0.04477636967527716
BTCUSDT,1632131100000,-1,45111.0,44885.445,tp,0.06485736992876198
BNBUSDT,1632137400000,-1,376.49,374.60755,tp,0.03866016863928224
XRPUSDT,1632138300000,-1,0.9305,0.9258474999999999,tp,0.03370757659145154
SOLUSDT,1632165300000,-1,134.588,133.91505999999998,tp,0.021960465812649804
FILUSDT,1632182400000,-1,72.915,72.550425,tp,0.027148621385339793
SOLUSDT,1632184200000,-1,130.05,129.39975,tp,0.01933018401247644
ETHUSDT,1632184200000,-1,2907.07,2892.53465,tp,0.033054875578456246
NEARUSDT,1632184200000,-1,7.344,7.30728,tp,0.020457018498367736
ZECUSDT,1632185100000,-1,115.0,114.425,tp,0.029957424510382004
BNBUSDT,1632185100000,-1,353.42,351.6529,tp,0.03544592030360591
XRPUSDT,1632242700000,-1,0.9234,0.918783,tp,0.04511804281345551
ETHUSDT,1632244500000,-1,2951.0,2936.245,tp,0.03987416911319052
SOLUSDT,1632245400000,-1,133.667,132.998665,tp,0.02999256957579092
BTCUSDT,1632246300000,-1,42151.0,41940.245,tp,0.05400316614437081
NEARUSDT,1632248100000,-1,7.275,7.238625000000001,tp,0.023066471421369476
ZECUSDT,1632249000000,-1,114.87,114.29565000000001,tp,0.0368570506615034
BNBUSDT,1632254400000,-1,356.56,354.7772,tp,0.04085233301786707
FILUSDT,1632254400000,-1,71.8,71.441,tp,0.035135029162377575
ETHUSDT,1632260700000,-1,2840.0,2825.8,tp,0.029846334373416158
DOGEUSDT,1632262500000,-1,0.20514,0.2041143,tp,0.0362206541516883
BTCUSDT,1632264300000,-1,40733.6,40529.932,tp,0.03575478091007551
SOLUSDT,1632333600000,-1,121.556,148.7706865654254,stop,-1.0051932309379121
FILUSDT,1632394800000,-1,73.0,72.635,tp,0.06277076999374619
DOGEUSDT,1632397500000,-1,0.21954,0.2184423,tp,0.055309388783869255
BNBUSDT,1632397500000,-1,371.32,369.4634,tp,0.062428066633014055
ETHUSDT,1632456900000,-1,3080.37,3064.9681499999997,tp,0.06895028491946058
ZECUSDT,1632459600000,-1,119.89,119.29055,tp,0.06792892679459894
FILUSDT,1632460500000,-1,72.594,72.23102999999999,tp,0.06689165514061854
XRPUSDT,1632460500000,-1,0.976,0.97112,tp,0.05516362090947725
SOLUSDT,1632465000000,-1,144.0,143.28,tp,0.04133503382979175
DOGEUSDT,1632465900000,-1,0.21971,0.21861144999999998,tp,0.057697160883280904
NEARUSDT,1632473100000,-1,8.6276,8.584461999999998,tp,0.024853510226645007
BTCUSDT,1632474000000,-1,44020.03,43799.92985,tp,0.08940770040265364
BNBUSDT,1632474000000,-1,372.16,370.29920000000004,tp,0.07099326358033466
DOGEUSDT,1632478500000,-1,0.20549,0.20446255,tp,0.04208119989656125
SOLUSDT,1632479400000,-1,134.632,133.95884,tp,0.030925545090584157
ZECUSDT,1632481200000,-1,109.79,109.24105,tp,0.03654890169548186
ETHUSDT,1632483000000,-1,2812.0,2797.94,tp,0.03138732831292715
XRPUSDT,1632484800000,-1,0.915,0.910425,tp,0.04235020360674809
ETHUSDT,1632558600000,-1,2870.82,2856.4659,tp,0.05358536004816512
FILUSDT,1632567600000,-1,61.979,61.669105,tp,0.04430925774507098
BNBUSDT,1632568500000,-1,350.57,348.81714999999997,tp,0.05591739986340506
DOGEUSDT,1632579300000,-1,0.207,0.20596499999999998,tp,0.05453227931488841
ZECUSDT,1632582000000,-1,108.94,108.39529999999999,tp,0.04086472198621778
NEARUSDT,1632594600000,-1,7.5701,7.5322495,tp,0.02324086061278607
SOLUSDT,1632595500000,-1,136.57,135.88715,tp,0.034729344729344816
FILUSDT,1632615300000,-1,59.727,59.428365,tp,0.03996169161752073
NEARUSDT,1632617100000,-1,7.5,7.4625,tp,0.036591976648637704
XRPUSDT,1632617100000,-1,0.9292,0.924554,tp,0.05020689655172452
SOLUSDT,1632619800000,-1,130.91,130.25545,tp,0.0411979302444998
DOGEUSDT,1632623400000,-1,0.20481,0.20378595,tp,0.05496329224759199
BNBUSDT,1632628800000,-1,341.66,339.9517,tp,0.06429920736627308
ETHUSDT,1632636000000,-1,2840.24,2826.0388,tp,0.05425602947101818
BTCUSDT,1632640500000,-1,42010.76,41800.7062,tp,0.07068300867762689
ZECUSDT,1632641400000,-1,107.59,107.05205000000001,tp,0.04423326133909239
SOLUSDT,1632644100000,-1,128.12,127.4794,tp,0.032480470260654704
DOGEUSDT,1632753000000,-1,0.20398,0.2029601,tp,0.07665069072455499
ZECUSDT,1632753900000,-1,110.31,109.75845,tp,0.051980538744512084
ETHUSDT,1632755700000,-1,3053.6,3038.332,tp,0.052866032274279585
BNBUSDT,1632755700000,-1,345.14,343.41429999999997,tp,0.05708836090724432
NEARUSDT,1632755700000,-1,7.1694,7.133553,tp,0.03513268798998904
XRPUSDT,1632762900000,-1,0.9402,0.9354990000000001,tp,0.05808771114210387
BTCUSDT,1632772800000,-1,42950.0,42735.25,tp,0.10138298054664685
ETHUSDT,1632774600000,-1,2981.5,2966.5925,tp,0.05197209792050477
BNBUSDT,1632775500000,-1,338.96,337.2652,tp,0.06236881005173631
ZECUSDT,1632775500000,-1,105.87,105.34065000000001,tp,0.04450057888643246
NEARUSDT,1632775500000,-1,7.0039,6.9688805,tp,0.03444584289627577
SOLUSDT,1632783600000,-1,139.605,138.906975,tp,0.03278666052161997
FILUSDT,1632787200000,-1,59.308,59.01146,tp,0.03085560940023974
DOGEUSDT,1632787200000,-1,0.20011,0.19910945000000002,tp,0.06777100271002638
ETHUSDT,1632787200000,-1,2942.0,2927.29,tp,0.05107000230313636
NEARUSDT,1632812400000,-1,6.8455,6.8112725,tp,0.03527910191321437
BNBUSDT,1632813300000,-1,335.31,333.63345,tp,0.06575985082683238
FILUSDT,1632814200000,-1,57.548,57.26026,tp,0.033312763460953354
SOLUSDT,1632815100000,-1,134.602,133.92899,tp,0.04013980373706177
ZECUSDT,1632815100000,-1,104.75,104.22625,tp,0.05000119688809165
ETHUSDT,1632816000000,-1,2891.04,2876.5848,tp,0.05685555752316822
DOGEUSDT,1632839400000,-1,0.19887,0.19787565,tp,0.06294271452341367
XRPUSDT,1632840300000,-1,0.9205,0.9158975,tp,0.05234715690465958
ETHUSDT,1632840300000,-1,2874.1,2859.7295,tp,0.042672953866553544
ZECUSDT,1632843900000,-1,103.41,102.89295,tp,0.042906516760357935
SOLUSDT,1632843900000,-1,131.424,130.76688000000001,tp,0.03406358310086251
NEARUSDT,1632844800000,-1,6.7103,6.6767485,tp,0.0312569451724497
FILUSDT,1632847500000,-1,55.635,55.356825,tp,0.03652385413071673
NEARUSDT,1632869100000,-1,6.4962,6.463719,tp,0.03326877753868202
XRPUSDT,1632871800000,-1,0.9016,0.897092,tp,0.05122777066438981
BTCUSDT,1632871800000,-1,41254.41,41048.137950000004,tp,0.06007531121767205
NEARUSDT,1632933000000,-1,6.6003,6.5672985,tp,0.026313983642529563
FILUSDT,1632933900000,-1,56.771,56.487145,tp,0.05118326118326163
SOLUSDT,1632935700000,-1,134.476,133.80362,tp,0.04387247685412392
BTCUSDT,1632941100000,-1,41405.26,41198.233700000004,tp,0.08619340079337616
ETHUSDT,1632946500000,-1,2801.0,2786.995,tp,0.04954631756442813
DOGEUSDT,1632946500000,-1,0.19586,0.19488070000000002,tp,0.07076811594202816
XRPUSDT,1632950100000,-1,0.9157,0.9111214999999999,tp,0.035732546705998354
FILUSDT,1633075200000,-1,55.801,61.58585754567152,stop,-1.0101137433733638
NEARUSDT,1633083300000,-1,6.4268,7.3395005719056226,stop,-1.0076394446962518
ZECUSDT,1633083300000,-1,100.71,110.96379040278468,stop,-1.0102806471306476
XRPUSDT,1633162500000,-1,1.0156,1.0105220000000001,tp,0.04994943889505408
FILUSDT,1633221900000,-1,68.515,68.172425,tp,0.03980172401261723
BTCUSDT,1633222800000,-1,47536.67,47298.98665,tp,0.12270713027015147
FILUSDT,1633294800000,-1,68.591,68.24804499999999,tp,0.05495333855138823
DOGEUSDT,1633320000000,-1,0.21611,0.21502944999999998,tp,0.06938349007314601
NEARUSDT,1633358700000,-1,7.568,7.5301599999999995,tp,0.03497511225590871
BNBUSDT,1633428000000,-1,411.23,443.2346916390729,stop,-1.0131566009698112
ZECUSDT,1633469400000,-1,112.19,122.55684808772398,stop,-1.011230897250362
DOGEUSDT,1633504500000,1,0.26398,0.2652999,tp,0.029859536300558084
FILUSDT,1633526100000,1,71.61,71.96804999999999,tp,0.06321808975030399
ETHUSDT,1633527000000,1,3526.92,3544.5545999999995,tp,0.05107873652659921
ZECUSDT,1633527900000,1,123.07,123.68534999999999,tp,0.043893333333332826
XRPUSDT,1633527900000,1,1.0793,1.0846964999999997,tp,0.052399274047184974
NEARUSDT,1633542300000,1,7.8273,7.866436499999999,tp,0.03397068693035332
ZECUSDT,1633543200000,1,126.34,126.97169999999998,tp,0.043711197578900546
ZECUSDT,1633583700000,1,127.14,127.77569999999999,tp,0.04722758620689552
BNBUSDT,1633591800000,1,438.8,440.99399999999997,tp,0.04845434860071726
NEARUSDT,1633603500000,1,8.2277,8.2688385,tp,0.03019673852056895
ETHUSDT,1633613400000,1,3612.0,3630.0599999999995,tp,0.05897741308255608
NEARUSDT,1633651200000,1,8.388,8.429939999999998,tp,0.02059417293347654
SOLUSDT,1633682700000,1,159.299,160.095495,tp,0.05066761442167151
FILUSDT,1633691700000,1,73.345,73.71172499999999,tp,0.03513890383764342
SOLUSDT,1633704300000,1,166.721,167.55460499999998,tp,0.03513385966839753
FILUSDT,1633710600000,1,78.329,78.72064499999999,tp,0.029474135840468374
FILUSDT,1633734900000,1,80.0,80.39999999999999,tp,0.034940672308718584
BTCUSDT,1633764600000,1,54798.53,55072.52264999999,tp,0.10645006072882048
XRPUSDT,1633776300000,1,1.0814,1.0868069999999999,tp,0.0980797101449266
ZECUSDT,1633784400000,1,126.96,127.59479999999998,tp,0.06917717229225781
BTCUSDT,1633786200000,1,55206.27,55482.301349999994,tp,0.09632462350164937
BNBUSDT,1633900500000,1,425.47,402.35743574766354,stop,-1.0165381720430113
BTCUSDT,1633923000000,1,55980.0,56259.899999999994,tp,0.09049715568886144
BTCUSDT,1633961700000,1,57164.92,57450.74459999999,tp,0.08453713543511435
FILUSDT,1633973400000,1,73.421,73.788105,tp,0.041168205989364194
ZECUSDT,1633982400000,1,124.76,117.27440000000001,stop,-1.0148833333333322
DOGEUSDT,1634007600000,1,0.25461,0.2226945383672039,stop,-1.0066287561146052
NEARUSDT,1634016600000,1,7.6811,6.993727140763317,stop,-1.0096658468463582
BNBUSDT,1634055300000,1,433.49,435.65745,tp,0.0372974481145232
SOLUSDT,1634068800000,1,149.88,150.62939999999998,tp,0.03188747158373241
DOGEUSDT,1634077800000,1,0.22607,0.22720034999999997,tp,0.04706677058976259
BNBUSDT,1634082300000,1,440.65,442.85324999999995,tp,0.031272367211259235
FILUSDT,1634085000000,1,69.664,70.01231999999999,tp,0.05096948459628956
ZECUSDT,1634091300000,1,117.24,117.82619999999999,tp,0.06555648535564751
XRPUSDT,1634093100000,1,1.1119,1.1174595,tp,0.06430489389345968
BNBUSDT,1634098500000,1,464.25,466.57124999999996,tp,0.05116822301187152
ETHUSDT,1634155200000,1,3522.59,3540.20295,tp,0.05885176220064947
DOGEUSDT,1634156100000,1,0.22955,0.23069774999999998,tp,0.06368647001800158
ZECUSDT,1634158800000,1,117.76,118.3488,tp,0.06813339107838785
BNBUSDT,1634168700000,1,465.91,468.23954999999995,tp,0.0624831607519837
NEARUSDT,1634169600000,1,7.259,7.295294999999999,tp,0.051726719534478084
ETHUSDT,1634175900000,1,3618.0,3636.0899999999997,tp,0.07809720875094171
ZECUSDT,1634178600000,1,119.8,120.39899999999999,tp,0.07320846657529936
FILUSDT,1634187600000,1,70.0,70.35,tp,0.04917449159803382
BNBUSDT,1634194800000,1,472.37,474.73184999999995,tp,0.06438045021293715
ZECUSDT,1634199300000,1,121.12,121.72559999999999,tp,0.0892840051536875
NEARUSDT,1634210100000,1,7.5684,7.606241999999999,tp,0.049848589351987986
SOLUSDT,1634211000000,1,153.428,154.19513999999998,tp,0.03440994553687806
XRPUSDT,1634211900000,1,1.1397,1.1453984999999998,tp,0.07451287064190062
BNBUSDT,1634213700000,1,479.47,481.86735,tp,0.06827610720124992
ETHUSDT,1634220000000,1,3766.54,3785.3726999999994,tp,0.08196465871297574
NEARUSDT,1634256900000,1,8.0314,8.071556999999999,tp,0.03608031485557902
ZECUSDT,1634267700000,1,122.29,122.90145,tp,0.09448435689455258
SOLUSDT,1634272200000,1,153.68,154.4484,tp,0.05516620101726374
BTCUSDT,1634274000000,1,59545.19,59842.915949999995,tp,0.07978059661805932
XRPUSDT,1634275800000,1,1.14,1.1456999999999997,tp,0.06597800925925729
ETHUSDT,1634275800000,1,3830.0,3849.1499999999996,tp,0.07343346448024549
ZECUSDT,1634316300000,1,124.0,124.61999999999999,tp,0.06060960741282519
ETHUSDT,1634321700000,1,3864.75,3884.0737499999996,tp,0.08394424277939451
BNBUSDT,1634321700000,1,469.82,472.16909999999996,tp,0.06781326427852012
XRPUSDT,1634328900000,1,1.1465,1.1522325,tp,0.08196896736222486
ZECUSDT,1634328900000,1,125.91,126.53954999999998,tp,0.06245509723770401
BTCUSDT,1634330700000,1,61946.0,62255.729999999996,tp,0.05934344475615009
NEARUSDT,1634368500000,1,8.1332,8.173866,tp,0.053134737873591215
BNBUSDT,1634371200000,1,477.4,479.7869999999999,tp,0.08042237586423441
NEARUSDT,1634436900000,1,7.9759,8.015779499999999,tp,0.0587246057939109
SOLUSDT,1634454900000,1,164.443,165.26521499999998,tp,0.0693847821739425
BNBUSDT,1634463000000,1,467.16,469.4958,tp,0.09995723754543273
ZECUSDT,1634468400000,1,127.11,127.74554999999998,tp,0.08146232439335649
DOGEUSDT,1634471100000,1,0.239,0.24019499999999996,tp,0.10122071646181108
FILUSDT,1634482800000,1,68.836,64.92404913445269,stop,-1.0157665187517908
ETHUSDT,1634484600000,1,3956.43,3752.4811086625946,stop,-1.0174791685792108
ZECUSDT,1634492700000,1,132.89,133.55444999999997,tp,0.05018991486574895
ZECUSDT,1634511600000,1,138.54,139.23269999999997,tp,0.031555707294866196
BTCUSDT,1634514300000,1,61399.49,61706.48744999999,tp,0.06870763874503377
BNBUSDT,1634520600000,1,471.14,473.49569999999994,tp,0.08084030010717932
DOGEUSDT,1634544900000,1,0.24387,0.24508934999999998,tp,0.06627913279132684
BNBUSDT,1634567400000,1,475.0,477.37499999999994,tp,0.08035463674944122
BNBUSDT,1634602500000,1,483.84,486.2591999999999,tp,0.07321972689312514
ZECUSDT,1634613300000,1,143.0,143.71499999999997,tp,0.06719513620951467
XRPUSDT,1634614200000,1,1.0925,1.0979625,tp,0.09168238005447207
BTCUSDT,1634616000000,1,62428.0,62740.13999999999,tp,0.09832945444279191
FILUSDT,1634616000000,1,63.619,63.93709499999999,tp,0.07496926380187473
BNBUSDT,1634616900000,1,493.75,496.21874999999994,tp,0.07687794249250819
NEARUSDT,1634616900000,1,7.8716,7.910957999999999,tp,0.07440385160011148
ZECUSDT,1634638500000,1,145.58,146.3079,tp,0.05766074950690139
BTCUSDT,1634669100000,1,63349.67,63666.41834999999,tp,0.06965299036415362
ETHUSDT,1634688000000,1,3879.7,3899.0984999999996,tp,0.06189834825870595
XRPUSDT,1634701500000,1,1.1005,1.1060025,tp,0.10198522622345316
ZECUSDT,1634703300000,1,146.19,146.92094999999998,tp,0.07968396676201911
SOLUSDT,1634730300000,1,159.062,159.85730999999998,tp,0.07899213848175718
XRPUSDT,1634733000000,1,1.1111,1.1166554999999998,tp,0.08456818181817886
NEARUSDT,1634736600000,1,8.565,8.607824999999998,tp,0.05239036986405259
BTCUSDT,1634736600000,1,64390.0,64711.94999999999,tp,0.08383807395697893
DOGEUSDT,1634738400000,1,0.2475,0.24873749999999997,tp,0.11176126126125892
FILUSDT,1634738400000,1,66.484,66.81642,tp,0.05884424439001754
BNBUSDT,1634740200000,1,493.62,496.08809999999994,tp,0.1540023282887038
ZECUSDT,1634744700000,1,149.34,150.08669999999998,tp,0.07918486171761006
SOLUSDT,1634749200000,1,171.647,172.50523499999997,tp,0.04802016741180118
NEARUSDT,1634750100000,1,8.6509,8.6941545,tp,0.052054136061165615
ETHUSDT,1634753700000,1,4087.9,4108.3395,tp,0.07391306704243636
XRPUSDT,1634754600000,1,1.1442,1.149921,tp,0.07329826239438682
DOGEUSDT,1634759100000,1,0.25735,0.25863674999999997,tp,0.04456955074155572
ETHUSDT,1634772600000,1,4143.23,4163.946149999999,tp,0.061271812154939105
XRPUSDT,1634777100000,1,1.1544,1.160172,tp,0.0772425304623588
ZECUSDT,1634779800000,1,151.58,152.3379,tp,0.0868669527896969
SOLUSDT,1634801400000,1,188.202,189.14300999999998,tp,0.0348745811326991
NEARUSDT,1634805900000,1,8.9056,8.950128,tp,0.04878375973608159
ETHUSDT,1634815800000,1,4328.16,4349.800799999999,tp,0.06899512879032055
ZECUSDT,1634822100000,1,155.76,156.53879999999998,tp,0.06203676105315376
ZECUSDT,1634854500000,1,157.92,158.70959999999997,tp,0.038879675695595084
BNBUSDT,1634886000000,1,480.64,483.04319999999996,tp,0.08563437987085178
DOGEUSDT,1634889600000,1,0.24747,0.24870734999999997,tp,0.07871100554235753
SOLUSDT,1634906700000,1,205.34,206.36669999999998,tp,0.02961751221507071
FILUSDT,1634908500000,1,65.377,65.70388499999999,tp,0.07254122668440242
XRPUSDT,1634913900000,1,1.1105,1.1160525,tp,0.08327721661054709
BTCUSDT,1634915700000,1,66264.04,61084.07988456986,stop,-1.011202765001506
DOGEUSDT,1634932800000,1,0.24942,0.2506671,tp,0.04542391157837884
ZECUSDT,1634937300000,1,164.11,164.93054999999998,tp,0.04888294314381075
ZECUSDT,1634961600000,1,170.39,171.24194999999997,tp,0.04622023809523748
BTCUSDT,1634988600000,1,61450.0,61757.24999999999,tp,0.10884078947891866
ETHUSDT,1635030900000,1,4153.79,4174.55895,tp,0.06119752378431523
BNBUSDT,1635033600000,1,484.38,486.80189999999993,tp,0.12176721970839244
ZECUSDT,1635044400000,1,182.3,183.2115,tp,0.04388328530259314
NEARUSDT,1635058800000,1,9.4458,9.493029,tp,0.05702434245233217
FILUSDT,1635123600000,1,63.517,63.834585,tp,0.07668738552082267
XRPUSDT,1635146100000,1,1.0913,1.0967565,tp,0.0898436213991767
ETHUSDT,1635147000000,1,4148.83,4169.5741499999995,tp,0.09211189834680315
FILUSDT,1635156000000,1,63.945,64.264725,tp,0.10873074474856764
BTCUSDT,1635168600000,1,63009.92,63324.96959999999,tp,0.12431687390244328
NEARUSDT,1635168600000,1,10.5161,10.5686805,tp,0.039735168503701644
BNBUSDT,1635170400000,1,483.85,486.26925,tp,0.12999664722054463
SOLUSDT,1635172200000,1,210.974,212.02886999999996,tp,0.040539014841116786
NEARUSDT,1635200100000,1,12.3401,12.401800499999998,tp,0.01876915075246168
XRPUSDT,1635209100000,1,1.1013,1.1068064999999998,tp,0.1428090614886692
FILUSDT,1635220800000,1,65.035,65.36017499999998,tp,0.07194635317492906
DOGEUSDT,1635237900000,1,0.26796,0.2692997999999999,tp,0.07782195332756824
BNBUSDT,1635238800000,1,488.1,490.54049999999995,tp,0.15023760092271718
NEARUSDT,1635246900000,1,12.7595,12.823297499999997,tp,0.03418599408574234
ETHUSDT,1635279300000,1,4240.03,4261.230149999999,tp,0.09774346629986116
ZECUSDT,1635287400000,1,188.67,160.92162459025056,stop,-1.0055093511278872
XRPUSDT,1635321600000,1,1.1312,1.049459979317477,stop,-1.0121970483005356
BNBUSDT,1635408000000,1,458.25,460.54124999999993,tp,0.07200565637520404
XRPUSDT,1635408900000,1,1.0513,1.0565565,tp,0.03690557451649599
ETHUSDT,1635409800000,1,4044.0,4064.2199999999993,tp,0.06484558858844228
ZECUSDT,1635413400000,1,152.59,153.35295,tp,0.04206013286761116
ETHUSDT,1635426900000,1,4177.35,4198.23675,tp,0.062376577019664765
BTCUSDT,1635432300000,1,61350.3,61657.051499999994,tp,0.08472488012334947
BNBUSDT,1635432300000,1,481.72,484.12859999999995,tp,0.060476235176317665
ZECUSDT,1635435000000,1,155.76,156.53879999999998,tp,0.05013589128696968
ETHUSDT,1635449400000,1,4219.2,4240.295999999999,tp,0.07339862471348056
BNBUSDT,1635450300000,1,488.9,491.3444999999999,tp,0.08851841795637409
SOLUSDT,1635451200000,1,199.95,200.94974999999997,tp,0.03895405355385981
ZECUSDT,1635452100000,1,158.3,159.0915,tp,0.044388679771363924
BNBUSDT,1635470100000,1,495.05,497.52524999999997,tp,0.05894524170306242
SOLUSDT,1635471900000,1,201.55,202.55775,tp,0.04292018824178508
XRPUSDT,1635471900000,1,1.0759,1.0812795,tp,0.05204441226164493
ZECUSDT,1635477300000,1,161.7,162.50849999999997,tp,0.04160266257040356
BNBUSDT,1635509700000,1,500.62,503.12309999999997,tp,0.07666017638300189
BTCUSDT,1635520500000,1,61900.0,62209.49999999999,tp,0.05210728558318362
BNBUSDT,1635522300000,1,515.0,517.5749999999999,tp,0.05878464276633469
NEARUSDT,1635524100000,1,11.4141,11.471170499999998,tp,0.05299954736951907
ZECUSDT,1635525000000,1,162.03,162.84015,tp,0.060394565419690384
SOLUSDT,1635528600000,1,203.5,204.51749999999998,tp,0.05484589087189343
XRPUSDT,1635532200000,1,1.0821,1.0875105,tp,0.07886524822695042
BNBUSDT,1635552900000,1,533.48,536.1474,tp,0.04931070315205977
XRPUSDT,1635647400000,1,1.1132,1.118766,tp,0.07250527683065372
ZECUSDT,1635647400000,1,156.65,157.43325,tp,0.05832920678587669
FILUSDT,1635650100000,1,61.798,62.106989999999996,tp,0.04865858397450755
FILUSDT,1635687900000,1,62.712,63.02556,tp,0.03826680253422477
SOLUSDT,1635696900000,1,195.0,195.97499999999997,tp,0.04231501924593878
DOGEUSDT,1635706800000,1,0.27097,0.27232484999999995,tp,0.03186682794769805
SOLUSDT,1635716700000,1,202.154,203.16476999999998,tp,0.03435195493033701
XRPUSDT,1635717600000,1,1.1181,1.1236905,tp,0.06283628194327234
NEARUSDT,1635722100000,1,10.2038,10.254818999999998,tp,0.040181661577009115
BTCUSDT,1635738300000,1,62327.84,59778.996549153366,stop,-1.0222807119451902
NEARUSDT,1635745500000,1,10.46,10.5123,tp,0.03223131826784873
SOLUSDT,1635754500000,1,210.123,211.17361499999996,tp,0.03613414670845198
BNBUSDT,1635759000000,1,530.0,532.65,tp,0.06852632257233024
ZECUSDT,1635774300000,1,171.81,172.66904999999997,tp,0.05893442622950601
ETHUSDT,1635775200000,1,4360.0,4381.799999999999,tp,0.0710936965968435
BNBUSDT,1635795000000,1,540.85,543.5542499999999,tp,0.062010346108774594
ZECUSDT,1635831000000,1,177.63,178.51814999999996,tp,0.054975399753995666
NEARUSDT,1635834600000,1,10.3547,10.406473499999999,tp,0.05348186846957535
DOGEUSDT,1635837300000,1,0.27358,0.27494789999999997,tp,0.06545950432823305
XRPUSDT,1635844500000,1,1.1026,1.108113,tp,0.10549019607842874
SOLUSDT,1635848100000,1,206.018,207.04808999999997,tp,0.07618942203036308
NEARUSDT,1635849000000,1,10.6287,10.6818435,tp,0.04367562487870083
BNBUSDT,1635858900000,1,548.2,550.941,tp,0.06289451041128877
NEARUSDT,1635864300000,1,10.8525,10.906762499999997,tp,0.035819926199260915
ETHUSDT,1635867000000,1,4488.0,4510.44,tp,0.08177028029134539
XRPUSDT,1635869700000,1,1.1214,1.1270069999999999,tp,0.08181123840698189
SOLUSDT,1635870600000,1,208.172,209.21285999999998,tp,0.06912345954523899
DOGEUSDT,1635884100000,1,0.278,0.27938999999999997,tp,0.06860095976374768
SOLUSDT,1635884100000,1,217.18,218.2659,tp,0.04887982425090228
ETHUSDT,1635890400000,1,4525.0,4547.624999999999,tp,0.09439367420927276
SOLUSDT,1635899400000,1,218.297,219.38848499999997,tp,0.0358703630882153
SOLUSDT,1635925500000,1,230.327,231.47863499999997,tp,0.02941649579578072
NEARUSDT,1635932700000,1,10.73,10.78365,tp,0.042546395009081014
SOLUSDT,1635966900000,1,235.269,236.44534499999997,tp,0.03166993001375543
XRPUSDT,1635984000000,1,1.2149,1.2209744999999999,tp,0.05014223871366545
NEARUSDT,1635995700000,1,11.3456,11.402327999999999,tp,0.03525530267843298
ZECUSDT,1636011000000,1,168.71,169.55355,tp,0.04819548336539103
FILUSDT,1636038900000,1,65.922,61.324365507143284,stop,-1.012671330729379
SOLUSDT,1636060500000,1,245.513,246.74056499999998,tp,0.03489137867550283
ZECUSDT,1636084800000,1,164.44,165.26219999999998,tp,0.087549880287309
ETHUSDT,1636092000000,1,4540.13,4562.83065,tp,0.09815505154194666
BNBUSDT,1636092000000,1,588.99,591.93495,tp,0.07919806568607533
DOGEUSDT,1636106400000,1,0.26423,0.26555115,tp,0.08791346709602803
BNBUSDT,1636107300000,1,597.12,600.1056,tp,0.06139663943271125
NEARUSDT,1636119000000,1,10.82,10.874099999999999,tp,0.05525377859476938
SOLUSDT,1636160400000,1,238.967,240.161835,tp,0.058670875621707176
DOGEUSDT,1636173900000,1,0.26427,0.26559135,tp,0.07434487583070967
ZECUSDT,1636176600000,1,165.71,166.53855,tp,0.07560113960113772
SOLUSDT,1636179300000,1,244.93,246.15464999999998,tp,0.05782597177825108
BNBUSDT,1636180200000,1,616.0,619.0799999999999,tp,0.07428382481137304
SOLUSDT,1636218000000,1,249.853,251.102265,tp,0.04181818937118524
ETHUSDT,1636234200000,1,4499.9,4522.3994999999995,tp,0.09783898305084755
BNBUSDT,1636239600000,1,627.63,630.7681499999999,tp,0.08419641360817551
FILUSDT,1636247700000,1,61.772,62.080859999999994,tp,0.09642536935251109
BNBUSDT,1636253100000,1,643.52,646.7375999999999,tp,0.0746777594823339
ZECUSDT,1636266600000,1,160.3,161.1015,tp,0.11761434321258227
BNBUSDT,1636268400000,1,659.38,662.6768999999999,tp,0.06337733142037168
DOGEUSDT,1636279200000,1,0.26369,0.26500844999999995,tp,0.08071302884247404
FILUSDT,1636303500000,1,62.104,62.414519999999996,tp,0.09348074608904819
NEARUSDT,1636304400000,1,10.3275,10.379137499999999,tp,0.09269077384952855
XRPUSDT,1636310700000,1,1.2244,1.230522,tp,0.061447748086814295
BTCUSDT,1636317900000,1,62389.31,62701.25654999999,tp,0.11061271860729235
FILUSDT,1636330500000,1,62.584,62.896919999999994,tp,0.09781267088508437
DOGEUSDT,1636331400000,1,0.26759,0.26892794999999997,tp,0.06762121212121093
XRPUSDT,1636349400000,1,1.2853,1.2917265,tp,0.046282291946008
ETHUSDT,1636352100000,1,4718.42,4742.0121,tp,0.11520565302144159
ZECUSDT,1636353000000,1,166.46,167.29229999999998,tp,0.07606579849211552
DOGEUSDT,1636358400000,1,0.27478,0.2761539,tp,0.06540633731644895
BTCUSDT,1636361100000,1,65870.0,66199.34999999999,tp,0.08613948574474789
BNBUSDT,1636383600000,1,648.91,652.1545499999999,tp,0.07524221453286935
NEARUSDT,1636386300000,1,10.445,10.497224999999998,tp,0.06980612193777617
XRPUSDT,1636410600000,1,1.2699,1.2762494999999998,tp,0.06614826334888319
ETHUSDT,1636414200000,1,4797.57,4821.557849999999,tp,0.11419377080361158
SOLUSDT,1636416000000,1,249.625,250.873125,tp,0.0666487153595863
ZECUSDT,1636418700000,1,172.0,172.85999999999999,tp,0.07642999336429844
FILUSDT,1636421400000,1,65.13,65.45564999999999,tp,0.08279944465480156
DOGEUSDT,1636425900000,1,0.28546,0.28688729999999996,tp,0.04625120772946756
ZECUSDT,1636452000000,1,182.56,183.47279999999998,tp,0.050559450171820085
FILUSDT,1636464600000,1,66.36,66.69179999999999,tp,0.05685791297650913
NEARUSDT,1636465500000,1,10.9071,10.961635499999998,tp,0.0591238744219987
NEARUSDT,1636479000000,1,11.2145,11.270572499999998,tp,0.034025540527273156
XRPUSDT,1636547400000,1,1.2657,1.2720285,tp,0.07303620366363739
BNBUSDT,1636551900000,1,655.87,659.1493499999999,tp,0.10040295140879757
SOLUSDT,1636556400000,1,244.0,245.21999999999997,tp,0.06904975134936128
FILUSDT,1636578900000,1,69.488,60.73079101220386,stop,-1.0065882008231157
XRPUSDT,1636578900000,1,1.3395,1.1503271038495972,stop,-1.0057767828843105
SOLUSDT,1636612200000,1,243.462,244.67930999999996,tp,0.0440910406715866
ZECUSDT,1636615800000,1,193.61,194.57805,tp,0.03731560437442698
ETHUSDT,1636622100000,1,4704.24,4727.761199999999,tp,0.09447706486245645
DOGEUSDT,1636645500000,1,0.2644,0.265722,tp,0.04664496810311112
FILUSDT,1636699500000,1,63.71,64.02855,tp,0.07227677435766863
ETHUSDT,1636722900000,1,4783.12,4550.4676937304075,stop,-1.018581136711511
ZECUSDT,1636771500000,1,205.47,206.49734999999998,tp,0.051225325884543066
ZECUSDT,1636784100000,1,210.87,211.92434999999998,tp,0.041392566441109
BNBUSDT,1636802100000,1,626.69,629.82345,tp,0.07112927023039212
SOLUSDT,1636812000000,1,232.6,233.76299999999998,tp,0.04416040955631328
BNBUSDT,1636814700000,1,639.6,642.798,tp,0.09835637480798722
DOGEUSDT,1636824600000,1,0.26015,0.26145074999999995,tp,0.05737627305257198
SOLUSDT,1636836300000,1,238.205,239.39602499999998,tp,0.05665353371484094
BTCUSDT,1636848900000,1,64850.0,65174.24999999999,tp,0.11970743711853225
DOGEUSDT,1636848900000,1,0.262,0.26331,tp,0.09860421369450602
BNBUSDT,1636896600000,1,654.5,657.7724999999999,tp,0.09263709049741484
ZECUSDT,1636932600000,1,199.54,200.53769999999997,tp,0.06358166189111647
XRPUSDT,1636935300000,1,1.1996,1.205598,tp,0.08126565143823955
SOLUSDT,1636936200000,1,239.147,240.34273499999998,tp,0.06202953799872858
ETHUSDT,1636940700000,1,4694.69,4718.163449999999,tp,0.07315820198482026
SOLUSDT,1636948800000,1,243.322,244.53860999999998,tp,0.06481291941296995
SOLUSDT,1636980300000,1,244.74,245.9637,tp,0.07573824907559533
ETHUSDT,1636980300000,1,4728.31,4751.95155,tp,0.11383282090008126
ZECUSDT,1636986600000,1,202.49,203.50244999999998,tp,0.06826558949759964
BTCUSDT,1636992900000,1,66255.53,64045.83975367879,stop,-1.027534876377941
FILUSDT,1637008200000,1,63.521,60.072889942872436,stop,-1.016550877002247
NEARUSDT,1637024400000,1,12.5549,10.470975229561198,stop,-1.0047734095823377
ZECUSDT,1637212500000,-1,154.64,153.86679999999998,tp,0.0463255953722485
DOGEUSDT,1637215200000,-1,0.23481,0.23363594999999998,tp,0.06894717507898075
NEARUSDT,1637222400000,-1,9.3036,9.257081999999999,tp,0.03801582421186471
ZECUSDT,1637226000000,-1,149.32,148.5734,tp,0.04474555856669668
BNBUSDT,1637226900000,-1,571.2,568.344,tp,0.07232722322474391
DOGEUSDT,1637227800000,-1,0.23176,0.2306012,tp,0.06464383273796953
ETHUSDT,1637228700000,-1,4204.19,4183.1690499999995,tp,0.07436316664897212
BTCUSDT,1637230500000,-1,59515.04,59217.4648,tp,0.08961353077652323
SOLUSDT,1637230500000,-1,210.7,209.64649999999997,tp,0.05040841933373024
XRPUSDT,1637242200000,-1,1.0773,1.0719135,tp,0.05067043048694387
SOLUSDT,1637243100000,-1,206.5,205.4675,tp,0.049180060060059975
BNBUSDT,1637244000000,-1,565.06,562.2347,tp,0.0647540277418792
DOGEUSDT,1637244900000,-1,0.22846,0.22731769999999998,tp,0.05557390081330708
ETHUSDT,1637245800000,-1,4160.63,4139.82685,tp,0.06586534538958956
NEARUSDT,1637247600000,-1,9.0,8.955,tp,0.034711843428483
BTCUSDT,1637247600000,-1,58964.19,58669.36905,tp,0.07416118886795561
XRPUSDT,1637272800000,-1,1.0394,1.0342030000000002,tp,0.03491120218579168
BNBUSDT,1637272800000,-1,531.59,528.93205,tp,0.03537521904081423
SOLUSDT,1637289900000,-1,192.181,191.22009500000001,tp,0.027221385706491994
ZECUSDT,1637369100000,-1,143.4,172.823985226873,stop,-1.005579896288677
ZECUSDT,1637420400000,-1,177.18,176.29410000000001,tp,0.0332319534403452
ETHUSDT,1637422200000,-1,4262.86,4241.5457,tp,0.09529758092605685
BNBUSDT,1637422200000,-1,579.44,576.5428,tp,0.08320327656822597
NEARUSDT,1637424000000,-1,9.3495,9.3027525,tp,0.043063063063063525
XRPUSDT,1637493300000,-1,1.0732,1.067834,tp,0.09935603428306682
ETHUSDT,1637493300000,-1,4327.53,4305.89235,tp,0.09978469231837588
BNBUSDT,1637539200000,-1,582.82,579.9059000000001,tp,0.07896192126091155
BTCUSDT,1637540100000,-1,58675.38,58382.003099999994,tp,0.10141589906366358
NEARUSDT,1637542800000,-1,9.39,9.34305,tp,0.057406029427526706
ETHUSDT,1637546400000,-1,4210.0,4188.95,tp,0.07425460037359471
DOGEUSDT,1637551800000,-1,0.22207,0.22095964999999998,tp,0.07355384232777992
XRPUSDT,1637557200000,-1,1.0334,1.0282330000000002,tp,0.06133689839572107
ZECUSDT,1637563500000,-1,213.1,212.03449999999998,tp,0.016676125167494504
BTCUSDT,1637586000000,-1,57100.0,56814.5,tp,0.07980716293872103
NEARUSDT,1637586900000,-1,9.068,9.02266,tp,0.03489537010299315
BNBUSDT,1637607600000,-1,564.45,561.62775,tp,0.05827653862040584
ZECUSDT,1637608500000,-1,204.59,203.56705,tp,0.027054835493519655
BTCUSDT,1637608500000,-1,56577.0,56294.115,tp,0.056540984193487284
DOGEUSDT,1637608500000,-1,0.22016,0.21905919999999998,tp,0.06692577351013639
XRPUSDT,1637610300000,-1,1.035,1.029825,tp,0.06453283419123308
SOLUSDT,1637612100000,-1,214.369,213.297155,tp,0.031013539355924342
ETHUSDT,1637616600000,-1,4050.0,4029.75,tp,0.0482439473243948
BNBUSDT,1637721000000,-1,587.0,584.0649999999999,tp,0.09164711403097295
XRPUSDT,1637733600000,-1,1.043,1.037785,tp,0.07591480065537921
DOGEUSDT,1637735400000,-1,0.22152,0.22041239999999998,tp,0.06629446195407557
FILUSDT,1637740800000,-1,50.53,50.27735,tp,0.028717093717094046
NEARUSDT,1637746200000,-1,9.639,9.590805,tp,0.03141911608874963
DOGEUSDT,1637755200000,-1,0.21968,0.2185816,tp,0.07331991951710254
SOLUSDT,1637757900000,-1,215.067,213.991665,tp,0.06423622176837115
ETHUSDT,1637761500000,-1,4233.0,4211.835,tp,0.07360930354109485
NEARUSDT,1637763300000,-1,9.3356,9.288922,tp,0.04454250486696946
XRPUSDT,1637763300000,-1,1.0277,1.0225615000000001,tp,0.08216867469879394
SOLUSDT,1637783100000,-1,203.113,202.097435,tp,0.04242046503819395
DOGEUSDT,1637888400000,-1,0.21993,0.21883034999999998,tp,0.0547322486129297
SOLUSDT,1637892000000,-1,207.486,206.44857,tp,0.061665811221947045
BNBUSDT,1637900100000,-1,631.1,627.9445000000001,tp,0.05442753717431762
XRPUSDT,1637901000000,-1,1.0337,1.0285315000000002,tp,0.0847150471504703
NEARUSDT,1637901000000,-1,9.2168,9.170715999999999,tp,0.06322283988744824
ETHUSDT,1637901000000,-1,4443.19,4420.97405,tp,0.08124546154692423
SOLUSDT,1637907300000,-1,204.447,203.424765,tp,0.06263142572588651
BTCUSDT,1637914500000,-1,56166.04,55885.209800000004,tp,0.08501981103322076
ETHUSDT,1637928900000,-1,3999.0,3979.005,tp,0.03526061820909178
BTCUSDT,1637969400000,-1,53887.84,53618.400799999996,tp,0.04685385954042294
ZECUSDT,1638027900000,-1,251.88,250.6206,tp,0.03069827033952591
SOLUSDT,1638046800000,-1,194.395,193.423025,tp,0.062049672074836526
XRPUSDT,1638049500000,-1,0.9466,0.941867,tp,0.09291020910209075
NEARUSDT,1638054900000,-1,8.3176,8.276012,tp,0.07112255848894754
DOGEUSDT,1638055800000,-1,0.20481,0.20378595,tp,0.07469958847736624
SOLUSDT,1638061200000,-1,190.626,189.67287000000002,tp,0.05079080967191667
ZECUSDT,1638062100000,-1,239.69,238.49155,tp,0.038823433950016493
XRPUSDT,1638064800000,-1,0.9338,0.9291309999999999,tp,0.07193368035473355
BTCUSDT,1638066600000,-1,54288.82,54017.3759,tp,0.0965711771611702
NEARUSDT,1638068400000,-1,8.1152,8.074624,tp,0.03452812058001029
FILUSDT,1638068400000,-1,55.453,55.175735,tp,0.03752261800134414
ZECUSDT,1638111600000,-1,226.54,225.4073,tp,0.04587040422506596
DOGEUSDT,1638116100000,-1,0.19874,0.19774629999999999,tp,0.053311784511785254
SOLUSDT,1638120600000,-1,186.002,185.07199,tp,0.05872951888649187
NEARUSDT,1638122400000,-1,7.851,7.811745,tp,0.04381960191483971
BTCUSDT,1638124200000,-1,53966.01,53696.179950000005,tp,0.1057588245798905
ETHUSDT,1638124200000,-1,4020.0,3999.9,tp,0.06682100545954653
FILUSDT,1638126000000,-1,54.287,54.015565,tp,0.05033486508778065
XRPUSDT,1638147600000,-1,0.9104,0.9796047513321493,stop,-1.0134474078130709
ZECUSDT,1638206100000,-1,221.01,251.89048576166516,stop,-1.0077490996521383
BNBUSDT,1638233100000,-1,578.86,633.2652368653306,stop,-1.0110577953462676
ZECUSDT,1638241200000,-1,233.33,232.16335,tp,0.04155154753952367
FILUSDT,1638246600000,-1,54.326,54.05437,tp,0.07466197814320734
SOLUSDT,1638251100000,-1,203.267,202.250665,tp,0.06245750244548648
ZECUSDT,1638279000000,-1,225.55,224.42225000000002,tp,0.03916264090177108
NEARUSDT,1638281700000,-1,8.2067,8.77091251288233,stop,-1.0147681355818774
ETHUSDT,1638284400000,-1,4382.48,4704.071407359882,stop,-1.0138961046057768
NEARUSDT,1638353700000,-1,8.6609,8.6175955,tp,0.06270561470561418
ZECUSDT,1638365400000,-1,219.01,240.12133456256356,stop,-1.0108053456856747
DOGEUSDT,1638385200000,-1,0.21259,0.21152705,tp,0.06921022634750076
ETHUSDT,1638386100000,-1,4652.59,4629.32705,tp,0.06697341513292517
XRPUSDT,1638389700000,-1,0.9966,0.9916170000000001,tp,0.08050131392763257
NEARUSDT,1638391500000,-1,8.5061,8.4635695,tp,0.054059769674317325
FILUSDT,1638405900000,-1,54.091,53.820545,tp,0.06480316376056042
XRPUSDT,1638406800000,-1,0.98,0.9751,tp,0.06464026402640272
BNBUSDT,1638414000000,-1,611.68,608.6216,tp,0.06635935158697737
ZECUSDT,1638415800000,-1,218.0,216.91,tp,0.0293971343606381
BTCUSDT,1638442800000,-1,56500.0,56217.5,tp,0.06727839958542817
ETHUSDT,1638468900000,-1,4482.49,4460.07755,tp,0.051979941146766906
BNBUSDT,1638498600000,-1,615.3,612.2235,tp,0.10063745345935124
NEARUSDT,1638536400000,-1,8.1442,8.954912481057574,stop,-1.0104934450323348
ZECUSDT,1638536400000,-1,215.24,237.67919054707852,stop,-1.0100625390450697
FILUSDT,1638541800000,-1,52.6,52.337,tp,0.11033722029624801
DOGEUSDT,1638543600000,-1,0.20703,0.20599484999999998,tp,0.0696779632439731
SOLUSDT,1638547200000,-1,227.1,225.9645,tp,0.04196350138617005
BTCUSDT,1638560700000,-1,54389.58,54117.6321,tp,0.06678058741344624
SOLUSDT,1638560700000,-1,215.112,214.03644,tp,0.029714420351621116
BNBUSDT,1638561600000,-1,593.51,590.54245,tp,0.059201955209735514
DOGEUSDT,1638563400000,-1,0.19801,0.19701995,tp,0.044812985981042844
FILUSDT,1638572400000,-1,49.668,49.41966,tp,0.0466226856778036
SOLUSDT,1638587700000,-1,201.978,200.96811,tp,0.02301447039497209
FILUSDT,1638592200000,-1,45.439,45.211805,tp,0.030402220078853702
ZECUSDT,1638592200000,-1,197.06,196.0747,tp,0.028038119805101583
XRPUSDT,1638593100000,-1,0.8854,0.880973,tp,0.04300887106574271
BNBUSDT,1638594000000,-1,570.57,567.7171500000001,tp,0.04783461748978967
ZECUSDT,1638696600000,-1,179.82,178.9209,tp,0.031033705918031507
NEARUSDT,1638714600000,-1,7.6342,7.596029,tp,0.0345479954180987
XRPUSDT,1638717300000,-1,0.8127,0.8086365,tp,0.037422535211267566
ETHUSDT,1638718200000,-1,4091.1,4070.6445,tp,0.05705153307854744
ZECUSDT,1638719100000,-1,176.18,175.2991,tp,0.022971667319493332
FILUSDT,1638720000000,-1,38.01,37.81995,tp,0.03486642951803015
BTCUSDT,1638720900000,-1,48711.4,48467.843,tp,0.07372058261993751
NEARUSDT,1638750600000,-1,7.1107,7.0751465,tp,0.027015073459263367
BNBUSDT,1638754200000,-1,540.57,537.86715,tp,0.042163407112464545
DOGEUSDT,1638774900000,-1,0.16464,0.1638168,tp,0.03380363036303609
BTCUSDT,1638774900000,-1,48274.02,48032.6499,tp,0.06570003079261849
NEARUSDT,1638776700000,-1,6.9426,6.907887,tp,0.027233992118285005
XRPUSDT,1638776700000,-1,0.771,0.767145,tp,0.0388410217308431
SOLUSDT,1638778500000,-1,186.05,185.11975,tp,0.028631340897570846
ETHUSDT,1638778500000,-1,4097.79,4077.30105,tp,0.05540804187485113
ZECUSDT,1638784800000,-1,171.94,171.0803,tp,0.021622919233077575
ETHUSDT,1638903600000,-1,4322.39,4300.77805,tp,0.0652078274748313
SOLUSDT,1638909900000,-1,193.5,192.5325,tp,0.04087117298961102
BTCUSDT,1638914400000,-1,50639.0,50385.805,tp,0.07986249974296793
XRPUSDT,1638915300000,-1,0.8133,0.8092335,tp,0.053971737323357756
ZECUSDT,1638921600000,-1,173.16,172.2942,tp,0.03152932544595797
FILUSDT,1638926100000,-1,36.128,41.90335445522346,stop,-1.0068927694466367
NEARUSDT,1638942300000,-1,6.719,8.030292128628087,stop,-1.0058177559032386
SOLUSDT,1638959400000,-1,187.34,186.4033,tp,0.042963653523007274
DOGEUSDT,1638961200000,-1,0.17436,0.17348819999999998,tp,0.04882167611846281
ZECUSDT,1638962100000,-1,170.1,169.24949999999998,tp,0.032278595588586034
BNBUSDT,1638996300000,-1,536.67,598.5998372739524,stop,-1.0091824857038574
ETHUSDT,1639033200000,-1,4363.11,4341.294449999999,tp,0.06976966786714776
DOGEUSDT,1639033200000,-1,0.17549,0.17461255,tp,0.060015396458814596
BTCUSDT,1639033200000,-1,49600.0,49352.0,tp,0.08522917269209034
FILUSDT,1639033200000,-1,40.112,39.91144,tp,0.05604443978618665
SOLUSDT,1639038600000,-1,189.19,188.24405,tp,0.05434785731730138
XRPUSDT,1639040400000,-1,0.8462,0.841969,tp,0.05883089770354893
BNBUSDT,1639044000000,-1,593.52,590.5524,tp,0.06917454757734838
FILUSDT,1639051200000,-1,39.5,39.3025,tp,0.06658901970713518
ZECUSDT,1639062000000,-1,172.87,172.00565,tp,0.03234741784037566
BTCUSDT,1639062000000,-1,48861.01,48616.70495,tp,0.06694944781618943
DOGEUSDT,1639062900000,-1,0.17416,0.1732892,tp,0.04607991504048883
ETHUSDT,1639062900000,-1,4245.04,4223.8148,tp,0.06049973555183887
FILUSDT,1639073700000,-1,38.219,38.027905000000004,tp,0.051365502389123595
BNBUSDT,1639075500000,-1,573.17,570.3041499999999,tp,0.06436878476318955
NEARUSDT,1639080000000,-1,9.08,9.0346,tp,0.026354563918234184
ETHUSDT,1639080000000,-1,4134.82,4114.1458999999995,tp,0.05405283933631495
SOLUSDT,1639080000000,-1,182.009,181.098955,tp,0.050878588311205404
SOLUSDT,1639120500000,-1,177.097,176.21151500000002,tp,0.05007554035780724
ETHUSDT,1639122300000,-1,4075.0,4054.625,tp,0.05606056218586471
NEARUSDT,1639150200000,-1,9.4291,9.3819545,tp,0.022433304229724088
BTCUSDT,1639152900000,-1,47501.0,47263.495,tp,0.06033676256225093
ETHUSDT,1639179000000,-1,3940.5,3920.7975,tp,0.04185074515865963
BTCUSDT,1639181700000,-1,47221.32,46985.2134,tp,0.05903736838776272
BNBUSDT,1639181700000,-1,553.5,550.7325,tp,0.05396890583748975
XRPUSDT,1639181700000,-1,0.8029,0.7988854999999999,tp,0.046675434750840586
DOGEUSDT,1639181700000,-1,0.16426,0.1634387,tp,0.0487807781001263
SOLUSDT,1639183500000,-1,169.566,168.71817000000001,tp,0.040618646846649335
FILUSDT,1639287000000,-1,39.411,39.213945,tp,0.07386159981233811
NEARUSDT,1639301400000,-1,10.763,10.709185,tp,0.02993134118204703
XRPUSDT,1639304100000,-1,0.8151,0.8110245,tp,0.08314205559806197
ZECUSDT,1639305000000,-1,162.2,161.38899999999998,tp,0.06006129841181437
DOGEUSDT,1639357200000,-1,0.16654,0.1657073,tp,0.09925925925925752
NEARUSDT,1639357200000,-1,10.5125,10.459937499999999,tp,0.04674814666399566
ETHUSDT,1639359000000,-1,4013.66,3993.5917,tp,0.07062951169130845
FILUSDT,1639359900000,-1,38.981,38.786095,tp,0.08771266114957975
NEARUSDT,1639370700000,-1,10.2,10.149,tp,0.043429435956444926
SOLUSDT,1639379700000,-1,165.12,164.2944,tp,0.05906605718383149
ZECUSDT,1639399500000,-1,164.63,163.80685,tp,0.04666524550557802
BNBUSDT,1639401300000,-1,545.01,542.28495,tp,0.05124450400884081
XRPUSDT,1639404000000,-1,0.8201,0.8159995000000001,tp,0.06214380572946233
ETHUSDT,1639405800000,-1,3947.02,3927.2849,tp,0.07829902588697844
SOLUSDT,1639407600000,-1,162.34,161.5283,tp,0.05424630047654898
FILUSDT,1639407600000,-1,37.298,37.11151,tp,0.06520054236101949
BTCUSDT,1639412100000,-1,47306.63,47070.096849999994,tp,0.07285477108669808
ZECUSDT,1639422000000,-1,151.0,150.245,tp,0.032533419577403855
FILUSDT,1639422000000,-1,36.596,36.413019999999996,tp,0.04891752231393869
DOGEUSDT,1639426500000,-1,0.15587,0.15509065,tp,0.03799459990181702
BTCUSDT,1639427400000,-1,46572.01,46339.14995,tp,0.05246406067925231
ETHUSDT,1639427400000,-1,3753.73,3734.96135,tp,0.04691708955059319
NEARUSDT,1639427400000,-1,9.201,9.154995000000001,tp,0.02811137658802832
BNBUSDT,1639427400000,-1,521.0,518.395,tp,0.050047124447009345
ZECUSDT,1639462500000,-1,145.82,145.0909,tp,0.03642861605748151
BNBUSDT,1639503900000,-1,517.28,514.6936,tp,0.05410185840476045
NEARUSDT,1639505700000,-1,9.1519,9.106140499999999,tp,0.03401357495635342
DOGEUSDT,1639571400000,-1,0.17834,0.1774483,tp,0.026303433001107285
BTCUSDT,1639578600000,-1,47610.0,47371.95,tp,0.09465414490124989
ZECUSDT,1639580400000,-1,144.75,144.02625,tp,0.02809495896834683
XRPUSDT,1639581300000,-1,0.7958,0.791821,tp,0.07464033850493565
FILUSDT,1639581300000,-1,36.389,36.207055000000004,tp,0.07943513957307007
SOLUSDT,1639583100000,-1,159.21,158.41395,tp,0.04440891880521707
NEARUSDT,1639661400000,-1,9.6,9.552,tp,0.05549010224059173
BTCUSDT,1639674000000,-1,48400.0,48158.0,tp,0.08372320626488683
XRPUSDT,1639682100000,-1,0.8174,0.8133130000000001,tp,0.0760362875087223
ETHUSDT,1639683900000,-1,4006.11,3986.07945,tp,0.057672493365639496
BNBUSDT,1639692000000,-1,531.26,528.6037,tp,0.0695282061356118
FILUSDT,1639697400000,-1,37.435,37.247825,tp,0.06323712650985491
SOLUSDT,1639697400000,-1,179.6,178.702,tp,0.04311954230653402
ETHUSDT,1639699200000,-1,3962.0,3942.19,tp,0.062129369161536746
NEARUSDT,1639699200000,-1,9.264,9.21768,tp,0.03395212173128086
ZECUSDT,1639719900000,-1,152.14,151.37929999999997,tp,0.03516628939578677
DOGEUSDT,1639737000000,-1,0.1716,0.170742,tp,0.0417494349764827
ETHUSDT,1639741500000,-1,3850.43,3831.17785,tp,0.07772718023847251
SOLUSDT,1639742400000,-1,175.44,174.5628,tp,0.04679205015339408
NEARUSDT,1639750500000,-1,8.6112,8.568144,tp,0.042228704353284234
XRPUSDT,1639750500000,-1,0.8,0.796,tp,0.06443234523089346
ZECUSDT,1639751400000,-1,147.74,147.00130000000001,tp,0.05506790296899836
FILUSDT,1639751400000,-1,36.64,36.4568,tp,0.057786733040970144
BTCUSDT,1639772100000,-1,46540.0,46307.3,tp,0.07329172820325858
BNBUSDT,1639779300000,-1,521.01,518.40495,tp,0.05542800247571401
NEARUSDT,1639787400000,-1,8.2763,8.234918500000001,tp,0.03944832217984699
ZECUSDT,1639869300000,-1,157.8,157.01100000000002,tp,0.05950547376368351
SOLUSDT,1639936800000,-1,182.32,181.4084,tp,0.051069076642846725
ZECUSDT,1639941300000,-1,159.27,158.47365000000002,tp,0.05189718482252093
FILUSDT,1639941300000,-1,36.0,35.82,tp,0.11738031155696936
BNBUSDT,1639941300000,-1,531.06,528.4046999999999,tp,0.08873061650992711
ETHUSDT,1639941300000,-1,3905.99,3886.4600499999997,tp,0.08796643860686494
DOGEUSDT,1639944000000,-1,0.17022,0.16936890000000002,tp,0.07705415816904534
BTCUSDT,1639957500000,-1,46800.0,46566.0,tp,0.06855183983935503
FILUSDT,1639962900000,-1,35.79,35.61105,tp,0.09466454942437502
ZECUSDT,1639965600000,-1,157.19,156.40404999999998,tp,0.05901843971631325
BNBUSDT,1639978200000,-1,527.42,524.7828999999999,tp,0.10431582071831515
DOGEUSDT,1639978200000,-1,0.16897,0.16812515,tp,0.08361194029850846
SOLUSDT,1639980000000,-1,177.06,176.1747,tp,0.05238327783943774
ETHUSDT,1639992600000,-1,3790.68,3771.7266,tp,0.06286566841630578
BTCUSDT,1639993500000,-1,46069.65,45839.30175,tp,0.07950423365466917
FILUSDT,1639993500000,-1,34.403,34.230985,tp,0.057784506686854094
NEARUSDT,1639995300000,-1,8.58,8.5371,tp,0.0371057179021514
SOLUSDT,1640002500000,-1,171.71,170.85145,tp,0.06165094763316327
ZECUSDT,1640010600000,-1,150.46,149.70770000000002,tp,0.040752512904101666
ZECUSDT,1640178000000,-1,161.43,160.62285,tp,0.07054370418991426
ETHUSDT,1640178900000,-1,3975.0,3955.125,tp,0.11055999440774508
BNBUSDT,1640187000000,-1,508.05,540.0791738127626,stop,-1.0160189962476562
BTCUSDT,1640217600000,-1,48507.0,48264.465,tp,0.11609428068871566
SOLUSDT,1640219400000,-1,176.6,175.71699999999998,tp,0.06285306958923718
ZECUSDT,1640244600000,-1,162.36,161.5482,tp,0.06995144059566256
ETHUSDT,1640245500000,-1,3924.36,3904.7382000000002,tp,0.09846592550719126
BNBUSDT,1640251800000,-1,528.1,525.4595,tp,0.09897782788425287
ZECUSDT,1640287800000,-1,157.33,169.45798089192292,stop,-1.013273856817711
XRPUSDT,1640319300000,-1,0.9732,0.9683339999999999,tp,0.06010562286424398
FILUSDT,1640373300000,-1,36.732,36.548339999999996,tp,0.07344990453220927
XRPUSDT,1640376000000,-1,0.9201,0.9154995,tp,0.04181114903299212
BTCUSDT,1640387700000,-1,50730.79,50477.13605,tp,0.1212105051258063
ETHUSDT,1640390400000,-1,4036.29,4016.10855,tp,0.09522741786702679
NEARUSDT,1640408400000,-1,14.5,14.4275,tp,0.02346726244682696
BTCUSDT,1640485800000,-1,50478.1,50225.7095,tp,0.15031081213310996
BNBUSDT,1640489400000,-1,540.54,537.8372999999999,tp,0.08708151735270503
DOGEUSDT,1640489400000,-1,0.18745,0.18651275,tp,0.06751397151613486
ZECUSDT,1640490300000,-1,164.0,163.18,tp,0.05169006265365965
XRPUSDT,1640490300000,-1,0.915,0.910425,tp,0.0842047026279391
NEARUSDT,1640592000000,-1,15.445,15.367775,tp,0.04662675377692818
NEARUSDT,1640632500000,-1,15.08,15.0046,tp,0.055703521794943374
SOLUSDT,1640646900000,-1,197.55,196.56225,tp,0.07338663088649164
NEARUSDT,1640646900000,-1,14.8555,14.781222499999998,tp,0.05085252839314305
DOGEUSDT,1640647800000,-1,0.18872,0.1877764,tp,0.09272839050780672
ETHUSDT,1640649600000,-1,4042.05,4021.83975,tp,0.18302111311325078
XRPUSDT,1640657700000,-1,0.9038,0.899281,tp,0.05636988441112221
SOLUSDT,1640660400000,-1,190.6,189.647,tp,0.05199847007075936
ETHUSDT,1640664000000,-1,3954.61,3934.83695,tp,0.09033274212342053
BTCUSDT,1640664900000,-1,49566.0,49318.17,tp,0.08056587017727111
DOGEUSDT,1640664900000,-1,0.18071,0.17980645,tp,0.048775956284153245
NEARUSDT,1640664900000,-1,14.0183,13.9482085,tp,0.034445676001872046
BNBUSDT,1640664900000,-1,549.04,546.2948,tp,0.06038210239020666
FILUSDT,1640667600000,-1,37.858,37.66871,tp,0.02620038334204561
ZECUSDT,1640671200000,-1,157.0,156.215,tp,0.042181571815717966
ZECUSDT,1640700000000,-1,154.82,154.0459,tp,0.04062541058993584
ETHUSDT,1640711700000,-1,3842.3,3823.0885000000003,tp,0.08463937750738394
BTCUSDT,1640713500000,-1,48090.0,47849.55,tp,0.07899566360495547
BNBUSDT,1640713500000,-1,538.68,535.9866,tp,0.07307671418873046
SOLUSDT,1640714400000,-1,179.74,178.84130000000002,tp,0.04258118135945337
XRPUSDT,1640717100000,-1,0.8651,0.8607745,tp,0.06053558844256496
DOGEUSDT,1640718000000,-1,0.17381,0.17294094999999998,tp,0.050677780214959896
ZECUSDT,1640725200000,-1,152.28,151.5186,tp,0.05170276008492633
NEARUSDT,1640727000000,-1,13.2421,13.1758895,tp,0.030293143472676073
ZECUSDT,1640754900000,-1,148.26,147.5187,tp,0.05910685805422612
FILUSDT,1640763900000,-1,35.805,35.625975,tp,0.06588951959019886
SOLUSDT,1640769300000,-1,176.15,175.26925,tp,0.054429223744292723
DOGEUSDT,1640776500000,-1,0.1731,0.1722345,tp,0.07967277336098567
XRPUSDT,1640779200000,-1,0.847,0.842765,tp,0.07456790123456765
ETHUSDT,1640779200000,-1,3783.0,3764.085,tp,0.12701789833476443
SOLUSDT,1640783700000,-1,172.01,171.14995,tp,0.05677238189626706
BNBUSDT,1640819700000,-1,518.34,515.7483000000001,tp,0.07659939380498099
BTCUSDT,1640829600000,-1,46559.46,46326.6627,tp,0.08374596468421569
BNBUSDT,1640916900000,-1,514.77,512.19615,tp,0.0864972038637515
SOLUSDT,1640917800000,-1,171.73,170.87134999999998,tp,0.07368624919302864
XRPUSDT,1640975400000,-1,0.8281,0.8239595,tp,0.09963898916967458
DOGEUSDT,1640977200000,-1,0.17051,0.16965745,tp,0.10559479553903474
SOLUSDT,1640978100000,-1,170.14,169.2893,tp,0.07736243747157703
BNBUSDT,1640980800000,-1,509.21,506.66395,tp,0.11758983246678095
ZECUSDT,1640985300000,-1,144.22,143.4989,tp,0.06544504995458741
NEARUSDT,1641168000000,-1,14.2546,14.183327,tp,0.04003767034233602
FILUSDT,1641172500000,-1,35.481,35.303595,tp,0.08592808198411245
SOLUSDT,1641173400000,-1,175.11,174.23445,tp,0.10055435875341168
BTCUSDT,1641181500000,-1,46963.66,46728.841700000004,tp,0.10521586368167689
XRPUSDT,1641201300000,-1,0.8405,0.8362975,tp,0.11175491175491173
DOGEUSDT,1641222000000,-1,0.17149,0.17063255,tp,0.12904734955668953
ZECUSDT,1641224700000,-1,150.61,149.85695,tp,0.08156097560975621
SOLUSDT,1641224700000,-1,172.18,171.31910000000002,tp,0.10331233123312196
BTCUSDT,1641226500000,-1,46717.26,46483.6737,tp,0.10870885218305529
FILUSDT,1641230100000,-1,34.889,34.714555000000004,tp,0.08466411331995782
BNBUSDT,1641231900000,-1,520.4,517.798,tp,0.14600056211354506
XRPUSDT,1641240000000,-1,0.833,0.828835,tp,0.09449572649572602
ETHUSDT,1641240900000,-1,3723.21,3704.59395,tp,0.12735802088947099
ZECUSDT,1641241800000,-1,148.6,147.857,tp,0.06933706816059676
BTCUSDT,1641246300000,-1,46188.0,45957.06,tp,0.08683159241878367
BNBUSDT,1641259800000,-1,510.11,507.55945,tp,0.0846939454424479
SOLUSDT,1641260700000,-1,168.82,167.9759,tp,0.0696079043161724
FILUSDT,1641305700000,-1,34.501,36.92534715843023,stop,-1.0144694952942406
DOGEUSDT,1641321900000,-1,0.16808,0.16723960000000002,tp,0.07910324483775735
BTCUSDT,1641325500000,-1,46245.01,46013.78495,tp,0.08652412037723194
ZECUSDT,1641325500000,-1,148.9,148.15550000000002,tp,0.04767277402764308
BNBUSDT,1641339000000,-1,508.58,506.0371,tp,0.09765786562785472
NEARUSDT,1641340800000,-1,16.0075,15.9274625,tp,0.026950469421222666
XRPUSDT,1641404700000,-1,0.824,0.8198799999999999,tp,0.08295288485764683
NEARUSDT,1641405600000,-1,16.353,16.271235,tp,0.030991658591271308
FILUSDT,1641406500000,-1,36.365,36.183175,tp,0.047976710334789854
DOGEUSDT,1641408300000,-1,0.1679,0.1670605,tp,0.08545176110260257
ETHUSDT,1641409200000,-1,3762.42,3743.6079,tp,0.08402097509488259
BTCUSDT,1641409200000,-1,45900.0,45670.5,tp,0.07228785487433836
BNBUSDT,1641409200000,-1,508.62,506.0769,tp,0.1170847770847764
SOLUSDT,1641411000000,-1,162.55,161.73725000000002,tp,0.06121177802944459
ZECUSDT,1641411900000,-1,147.3,146.5635,tp,0.05057873948136756
NEARUSDT,1641422700000,-1,15.0,14.925,tp,0.021075119810612424
ETHUSDT,1641425400000,-1,3551.0,3533.245,tp,0.047398382197436854
BTCUSDT,1641439800000,-1,43210.0,42993.95,tp,0.03995784434211695
ETHUSDT,1641459600000,-1,3405.0,3387.975,tp,0.05358320614901699
NEARUSDT,1641525300000,-1,15.2527,15.176436500000001,tp,0.030950157189512387
ETHUSDT,1641526200000,-1,3356.0,3339.22,tp,0.08622620150252197
DOGEUSDT,1641526200000,-1,0.15331,0.15254345,tp,0.030339103148092107
ZECUSDT,1641528900000,-1,132.53,131.86735,tp,0.043565891472869205
ETHUSDT,1641562200000,-1,3138.0,3122.31,tp,0.04365067030697621
SOLUSDT,1641570300000,-1,135.37,134.69315,tp,0.029108558485681932
NEARUSDT,1641647700000,-1,15.0509,14.9756455,tp,0.05658243626062309
BNBUSDT,1641655800000,-1,448.78,446.5361,tp,0.09839209225700171
ETHUSDT,1641658500000,-1,3172.94,3157.0753,tp,0.08409199259584843
XRPUSDT,1641659400000,-1,0.759,0.755205,tp,0.08693149107656879
BTCUSDT,1641663000000,-1,41184.79,40978.866050000004,tp,0.09300334695947196
SOLUSDT,1641663000000,-1,139.66,138.9617,tp,0.0429146426092984
DOGEUSDT,1641663000000,-1,0.15173,0.15097135,tp,0.08192790603483201
FILUSDT,1641663000000,-1,30.561,30.408195,tp,0.060848412342356065
ZECUSDT,1641664800000,-1,143.64,142.9218,tp,0.032914865410109934
NEARUSDT,1641667500000,-1,13.7175,13.6489125,tp,0.03200799082709771
BNBUSDT,1641669300000,-1,420.04,417.9398,tp,0.04821952628538488
ZECUSDT,1641716100000,-1,135.33,134.65335000000002,tp,0.0361122244488975
NEARUSDT,1641721500000,-1,13.3501,13.2833495,tp,0.039820809508801625
SOLUSDT,1641722400000,-1,138.84,138.1458,tp,0.05504314192204645
DOGEUSDT,1641741300000,-1,0.1492,0.148454,tp,0.08795518207282846
FILUSDT,1641811500000,-1,29.619,29.470905,tp,0.06153366583541196
XRPUSDT,1641812400000,-1,0.747,0.743265,tp,0.12441666666666819
BNBUSDT,1641815100000,-1,435.29,433.11355000000003,tp,0.10514022654309708
BTCUSDT,1641818700000,-1,41422.0,41214.89,tp,0.11219522115722992
DOGEUSDT,1641819600000,-1,0.14764,0.1469018,tp,0.09194392523364477
ZECUSDT,1641823200000,-1,140.81,140.10595,tp,0.050066720042700553
FILUSDT,1641824100000,-1,28.548,28.40526,tp,0.0587760577915376
ETHUSDT,1641825900000,-1,3000.01,2985.00995,tp,0.06203415699586899
SOLUSDT,1641826800000,-1,135.0,134.325,tp,0.05291211494931699
XRPUSDT,1641826800000,-1,0.7302,0.726549,tp,0.07760491847099618
BTCUSDT,1641994200000,-1,41561.25,43774.44605643004,stop,-1.0187898960116006
ETHUSDT,1641994200000,-1,3214.97,3358.620857099675,stop,-1.022211422045541
SOLUSDT,1641995100000,-1,139.09,146.95720611539292,stop,-1.0177457338427245
NEARUSDT,1642034700000,-1,17.4,17.313,tp,0.040134099949625496
FILUSDT,1642072500000,-1,30.067,29.916665,tp,0.08056270096463113
BNBUSDT,1642086900000,-1,477.38,474.99309999999997,tp,0.09432942224862703
ETHUSDT,1642086900000,-1,3330.0,3313.35,tp,0.10664801774862631
BTCUSDT,1642090500000,-1,43419.11,43202.01445,tp,0.09383500677072554
FILUSDT,1642095900000,-1,29.035,28.889825,tp,0.05290093048713797
XRPUSDT,1642104000000,-1,0.7654,0.7615729999999999,tp,0.06650119747441821
ETHUSDT,1642118400000,-1,3246.6,3230.3669999999997,tp,0.05716510161795246
NEARUSDT,1642132800000,-1,19.035,18.939825,tp,0.029163370504053765
FILUSDT,1642157100000,-1,28.51,28.36745,tp,0.05744706594071382
BTCUSDT,1642157100000,-1,42511.49,42298.93255,tp,0.06890228782257848
XRPUSDT,1642158900000,-1,0.7634,0.759583,tp,0.07466470876162416
ETHUSDT,1642161600000,-1,3200.0,3184.0,tp,0.09179204524250374
NEARUSDT,1642221900000,-1,19.5215,19.4238925,tp,0.037121465255862414
SOLUSDT,1642249800000,-1,145.01,144.28494999999998,tp,0.07540463179807555
DOGEUSDT,1642291200000,-1,0.185,0.184075,tp,0.07050737124258166
NEARUSDT,1642298400000,-1,19.1717,19.075841500000003,tp,0.054476239360108585
DOGEUSDT,1642338000000,-1,0.17841,0.17751795,tp,0.06240000000000036
BTCUSDT,1642338900000,-1,42935.0,42720.325,tp,0.12728348815413412
ETHUSDT,1642338900000,-1,3292.35,3275.88825,tp,0.12572125402083598
XRPUSDT,1642338900000,-1,0.7753,0.7714235,tp,0.1256772100567709
FILUSDT,1642346100000,-1,29.496,31.27890431353887,stop,-1.0166666034022214
NEARUSDT,1642385700000,-1,19.6901,19.591649500000003,tp,0.0521085329787015
BNBUSDT,1642386600000,-1,490.4,487.948,tp,0.11724055475848895
DOGEUSDT,1642389300000,-1,0.17323,0.17236384999999999,tp,0.05893374212229669
FILUSDT,1642390200000,-1,29.785,29.636075,tp,0.07894478690263068
BTCUSDT,1642395600000,-1,42667.01,42453.67495,tp,0.13941402236102943
ZECUSDT,1642395600000,-1,137.13,136.44435,tp,0.025699121694613122
SOLUSDT,1642395600000,-1,143.3,142.58350000000002,tp,0.07104151130996741
BNBUSDT,1642420800000,-1,480.12,477.7194,tp,0.0935399912267873
XRPUSDT,1642431600000,-1,0.7613,0.7574934999999999,tp,0.11434389140271628
DOGEUSDT,1642431600000,-1,0.16843,0.16758784999999998,tp,0.06540829206719184
ETHUSDT,1642431600000,-1,3246.76,3230.5262000000002,tp,0.10481426712887723
SOLUSDT,1642438800000,-1,140.92,140.2154,tp,0.06548486547085193
FILUSDT,1642439700000,-1,29.0,28.855,tp,0.0663058715385497
BTCUSDT,1642439700000,-1,42222.0,42010.89,tp,0.10768399195975856
ZECUSDT,1642455000000,-1,136.83,136.14585000000002,tp,0.05028214318536812
NEARUSDT,1642455900000,-1,17.54,17.452299999999997,tp,0.03593125697977481
BTCUSDT,1642455900000,-1,41826.0,41616.87,tp,0.09636889210329175
SOLUSDT,1642457700000,-1,138.49,137.79755,tp,0.06334712643678234
FILUSDT,1642457700000,-1,28.694,28.55053,tp,0.06686017369003926
BNBUSDT,1642457700000,-1,470.01,467.65995,tp,0.07723258015392864
ETHUSDT,1642479300000,-1,3179.19,3163.29405,tp,0.07655616175164542
ZECUSDT,1642492800000,-1,134.45,133.77775,tp,0.06519165453663181
ZECUSDT,1642514400000,-1,130.85,130.19575,tp,0.051910313901344735
NEARUSDT,1642514400000,-1,17.2267,17.140566500000002,tp,0.031843949845010655
ETHUSDT,1642515300000,-1,3125.0,3109.375,tp,0.08021365704050203
SOLUSDT,1642515300000,-1,135.81,135.13095,tp,0.06372514413460312
DOGEUSDT,1642516200000,-1,0.16255,0.16173725,tp,0.044638520971302456
BNBUSDT,1642523400000,-1,459.2,456.904,tp,0.06107380762057003
XRPUSDT,1642575600000,-1,0.74,0.7363,tp,0.10008798646362205
DOGEUSDT,1642577400000,-1,0.16241,0.16159795,tp,0.048668015890863316
ZECUSDT,1642629600000,-1,126.28,125.6486,tp,0.056012440297678524
NEARUSDT,1642639500000,-1,16.214,16.132929999999998,tp,0.039318460287998715
FILUSDT,1642641300000,-1,27.654,27.51573,tp,0.07792504763921151
FILUSDT,1642714200000,-1,27.801,27.661994999999997,tp,0.08281126297707134
ZECUSDT,1642714200000,-1,127.65,127.01175,tp,0.07004532344458199
DOGEUSDT,1642714200000,-1,0.16337,0.16255314999999998,tp,0.06625954198473341
SOLUSDT,1642715100000,-1,133.65,132.98175,tp,0.05997979117547982
XRPUSDT,1642716900000,-1,0.7373,0.7336134999999999,tp,0.08136666666666734
ETHUSDT,1642716900000,-1,3104.13,3088.60935,tp,0.06469436214251163
BNBUSDT,1642725000000,-1,444.15,441.92924999999997,tp,0.05865421551096136
NEARUSDT,1642727700000,-1,15.259,15.182705,tp,0.028016765938671983
SOLUSDT,1642728600000,-1,125.78,125.1511,tp,0.035695335900727446
DOGEUSDT,1642732200000,-1,0.15317,0.15240415,tp,0.035122965015587676
BTCUSDT,1642732200000,-1,40255.0,40053.725,tp,0.05286666990545737
XRPUSDT,1642732200000,-1,0.7102,0.7066490000000001,tp,0.05153860127157087
ZECUSDT,1642736700000,-1,112.88,112.31559999999999,tp,0.029235689576398747
XRPUSDT,1642766400000,-1,0.6864,0.682968,tp,0.03572562800989184
NEARUSDT,1642768200000,-1,14.221,14.149895,tp,0.03496785361028649
BNBUSDT,1642770900000,-1,418.25,416.15875,tp,0.06334022196708769
ETHUSDT,1642773600000,-1,2801.55,2787.54225,tp,0.052835829476529386
BTCUSDT,1642789800000,-1,38200.0,38009.0,tp,0.07286261744512514
ZECUSDT,1642795200000,-1,110.5,109.9475,tp,0.04794635004397504
NEARUSDT,1642796100000,-1,13.605,13.536975,tp,0.024375420196315885
FILUSDT,1642797000000,-1,23.74,23.621299999999998,tp,0.03277557549203715
ETHUSDT,1642797000000,-1,2726.35,2712.71825,tp,0.03186761396439392
BNBUSDT,1642797000000,-1,410.0,407.95,tp,0.03969318430856923
XRPUSDT,1642800600000,-1,0.6591,0.6558045,tp,0.03883621326244291
DOGEUSDT,1642803300000,-1,0.14619,0.14545904999999998,tp,0.03110466365785548
ZECUSDT,1642825800000,-1,100.1,99.59949999999999,tp,0.020033087682358355
DOGEUSDT,1642831200000,-1,0.13941,0.13871295,tp,0.0287346013092111
BNBUSDT,1642831200000,-1,373.11,371.24445000000003,tp,0.028758744290917248
FILUSDT,1642834800000,-1,21.0,20.895,tp,0.025017895490336572
XRPUSDT,1642837500000,-1,0.6041,0.6010795,tp,0.02808560130262833
NEARUSDT,1642839300000,-1,11.5,11.4425,tp,0.01647274864110452
BTCUSDT,1642843800000,-1,35356.23,35179.44885,tp,0.048706143070957456
ETHUSDT,1642845600000,-1,2422.76,2410.6462,tp,0.029191154268874687
DOGEUSDT,1642846500000,-1,0.12659,0.12595705000000001,tp,0.02103577683262426
SOLUSDT,1642846500000,-1,97.79,97.30105,tp,0.017058797699029644
FILUSDT,1642865400000,-1,18.649,18.555755,tp,0.015688850929636625
NEARUSDT,1642950900000,-1,11.535,11.477325,tp,0.022938038981107488
SOLUSDT,1642965300000,-1,95.97,95.49015,tp,0.028978665456196033
XRPUSDT,1642965300000,-1,0.5984,0.595408,tp,0.04973558192796162
BTCUSDT,1642966200000,-1,34990.0,34815.05,tp,0.07719971985267872
SOLUSDT,1642987800000,-1,93.83,93.36085,tp,0.022984946236559094
SOLUSDT,1643007600000,-1,88.5,88.0575,tp,0.02433893150874257
NEARUSDT,1643009400000,-1,10.415,10.362924999999999,tp,0.027147360126083687
FILUSDT,1643009400000,-1,18.297,18.205515000000002,tp,0.04020448548812606
ETHUSDT,1643010300000,-1,2399.15,2387.15425,tp,0.05016519360269382
DOGEUSDT,1643013900000,-1,0.13461,0.13393695,tp,0.04913878222709877
BTCUSDT,1643017500000,-1,34752.47,34578.707650000004,tp,0.06948789978504546
ZECUSDT,1643018400000,-1,86.43,85.99785,tp,0.01585242432606523
BNBUSDT,1643021100000,-1,343.62,341.9019,tp,0.024498981888329104
SOLUSDT,1643022000000,-1,84.09,83.66955,tp,0.02499699699699712
ETHUSDT,1643026500000,-1,2235.68,2224.5016,tp,0.036552230555348585
NEARUSDT,1643028300000,-1,9.6,9.552,tp,0.02313675678945141
XRPUSDT,1643028300000,-1,0.5631,0.5602845000000001,tp,0.03891142312359124
FILUSDT,1643028300000,-1,17.006,16.92097,tp,0.029626331412606816
DOGEUSDT,1643113800000,-1,0.1331,0.1458420979823835,stop,-1.0108734050919106
ZECUSDT,1643123700000,-1,91.59,91.13205,tp,0.033833286869249836
NEARUSDT,1643130000000,-1,10.043,11.783909003303965,stop,-1.0064303840877913
BNBUSDT,1643136300000,-1,358.55,386.4690366508579,stop,-1.013150367235433
ZECUSDT,1643150700000,-1,89.93,89.48035,tp,0.03645579886455835
XRPUSDT,1643193900000,-1,0.5892,0.6354663432073545,stop,-1.0130482113821149
FILUSDT,1643202900000,-1,17.745,19.50170393957346,stop,-1.0105462385125017
NEARUSDT,1643228100000,-1,11.533,11.475335,tp,0.02374049355890116
SOLUSDT,1643229000000,-1,94.35,93.87825,tp,0.021701660015038465
BNBUSDT,1643229000000,-1,380.19,378.28905,tp,0.037571439174646025
XRPUSDT,1643246100000,-1,0.6151,0.6120245,tp,0.03347796425160331
NEARUSDT,1643250600000,-1,10.698,10.64451,tp,0.016469407450299182
BNBUSDT,1643250600000,-1,366.0,364.17,tp,0.034325360427102845
ETHUSDT,1643254200000,-1,2400.01,2388.00995,tp,0.026244757031140768
DOGEUSDT,1643254200000,-1,0.14025,0.13954875,tp,0.028663575476558997
BTCUSDT,1643254200000,-1,36127.42,35946.7829,tp,0.04074231961248348
FILUSDT,1643256900000,-1,18.226,18.13487,tp,0.025352941176470502
DOGEUSDT,1643316300000,-1,0.13867,0.13797664999999998,tp,0.048534173448850026
SOLUSDT,1643318100000,-1,87.73,87.29135000000001,tp,0.028726823238565805
XRPUSDT,1643318100000,-1,0.5937,0.5907315,tp,0.053641933287951665
BNBUSDT,1643372100000,-1,382.0,380.09,tp,0.05968626530532474
SOLUSDT,1643373000000,-1,88.0,87.56,tp,0.03719342872284025
ETHUSDT,1643463000000,-1,2361.91,2610.381599012355,stop,-1.0099804666968726
BNBUSDT,1643471100000,-1,384.8,382.87600000000003,tp,0.08138756487660091
DOGEUSDT,1643552100000,-1,0.14127,0.14056365,tp,0.08623241590213951
BNBUSDT,1643555700000,-1,381.77,379.86114999999995,tp,0.10410635964912467
DOGEUSDT,1643571000000,-1,0.1392,0.138504,tp,0.07385678225056469
XRPUSDT,1643589000000,-1,0.5938,0.590831,tp,0.07066666666666631
NEARUSDT,1643589900000,-1,10.068,10.01766,tp,0.0219565097715388
SOLUSDT,1643590800000,-1,91.31,90.85345,tp,0.04846940130094331
ETHUSDT,1643593500000,-1,2541.46,2528.7527,tp,0.056458510596884844
DOGEUSDT,1643594400000,-1,0.1374,0.136713,tp,0.06812554273663263
FILUSDT,1643647500000,-1,18.384,21.37497592137592,stop,-1.0067891643594264
BTCUSDT,1643706000000,-1,35706.03,38797.113633752524,stop,-1.01192373365431
FILUSDT,1643710500000,-1,21.042,20.936790000000002,tp,0.07572047670639187
ZECUSDT,1643750100000,-1,83.07,98.54394659695357,stop,-1.0060499594386305
FILUSDT,1643764500000,-1,20.707,20.603465,tp,0.05865814696485656
BTCUSDT,1643812200000,-1,38292.3,38100.838500000005,tp,0.11241586438655067
SOLUSDT,1643819400000,-1,105.24,104.71379999999999,tp,0.04288032871083744
XRPUSDT,1643821200000,-1,0.6087,0.6056565,tp,0.08802334062727855
DOGEUSDT,1643835600000,-1,0.13947,0.13877265,tp,0.06871794871794976
ZECUSDT,1643837400000,-1,98.16,97.66919999999999,tp,0.0439762145181203
SOLUSDT,1643837400000,-1,103.24,102.7238,tp,0.02672120503830658
BNBUSDT,1643837400000,-1,370.22,368.36890000000005,tp,0.0905308324138762
ETHUSDT,1643837400000,-1,2652.23,2638.96885,tp,0.06114669994453589
BTCUSDT,1643840100000,-1,37052.0,36866.74,tp,0.06904948376186215
XRPUSDT,1643846400000,-1,0.601,0.5979949999999999,tp,0.05760733236854854
BNBUSDT,1643854500000,-1,365.3,363.4735,tp,0.06377518465102097
ZECUSDT,1643881500000,-1,97.16,96.6742,tp,0.03937030266097887
BTCUSDT,1643883300000,-1,36636.76,36453.5762,tp,0.1383412769745929
FILUSDT,1643886000000,-1,19.829,19.729855,tp,0.07148117913832194
XRPUSDT,1643886900000,-1,0.5951,0.5921244999999999,tp,0.10359108781127226
SOLUSDT,1644084000000,-1,114.14,113.5693,tp,0.055736894164194146
BNBUSDT,1644085800000,-1,416.21,414.12895,tp,0.08321010101010157
NEARUSDT,1644085800000,-1,12.899,12.834504999999998,tp,0.03754262198706695
XRPUSDT,1644089400000,-1,0.6644,0.6610779999999999,tp,0.07971040723982002
DOGEUSDT,1644107400000,-1,0.14715,0.14641425,tp,0.07492453312867821
ETHUSDT,1644158700000,-1,2986.82,2971.8859,tp,0.06760296620056538
FILUSDT,1644158700000,-1,21.825,21.715875,tp,0.057107264621032695
DOGEUSDT,1644197400000,1,0.15573,0.15650865,tp,0.04094252424656603
XRPUSDT,1644199200000,1,0.6877,0.6911384999999999,tp,0.07126293995858997
BNBUSDT,1644202800000,1,421.57,423.6778499999999,tp,0.08543194907547463
FILUSDT,1644202800000,1,22.608,22.72104,tp,0.06575140753572868
ETHUSDT,1644210000000,1,3075.0,3090.3749999999995,tp,0.06438897343771868
NEARUSDT,1644210900000,1,13.598,13.665989999999999,tp,0.03812447434819073
XRPUSDT,1644222600000,1,0.7528,0.7565639999999999,tp,0.03791588198367738
FILUSDT,1644239700000,1,23.185,23.300924999999996,tp,0.07615315535961956
BNBUSDT,1644242400000,1,429.46,431.60729999999995,tp,0.11260014376265927
BTCUSDT,1644244200000,-1,41194.62,43238.90050746954,stop,-1.0200936003312693
SOLUSDT,1644247800000,1,119.98,120.5799,tp,0.06041510377594305
ETHUSDT,1644249600000,1,3111.96,3127.5197999999996,tp,0.09675094286911307
DOGEUSDT,1644251400000,1,0.16162,0.1624281,tp,0.05597376822849099
XRPUSDT,1644251400000,1,0.7824,0.7863119999999999,tp,0.04137858458300359
ZECUSDT,1644264000000,1,129.79,130.43894999999998,tp,0.04294458229942004
DOGEUSDT,1644264000000,1,0.16785,0.16868924999999999,tp,0.03623113410952938
FILUSDT,1644273900000,1,24.309,24.430545,tp,0.03929254996971454
FILUSDT,1644286500000,1,24.695,24.818475,tp,0.042684922070093494
XRPUSDT,1644297300000,1,0.8829,0.8873144999999999,tp,0.02966725337356384
ETHUSDT,1644300000000,1,3178.0,3193.89,tp,0.06686720107511594
BTCUSDT,1644303600000,1,44541.16,44763.8658,tp,0.10784347871023992
NEARUSDT,1644332400000,1,13.936,12.416369696100919,stop,-1.0077621189713248
BNBUSDT,1644332400000,1,438.39,416.7024010919853,stop,-1.0182531631425125
ZECUSDT,1644364800000,1,133.38,134.0469,tp,0.032412790697674346
XRPUSDT,1644365700000,1,0.8681,0.8724404999999998,tp,0.03121726822363662
ETHUSDT,1644401700000,1,3128.0,3143.64,tp,0.0695871302358378
BNBUSDT,1644409800000,1,417.99,420.07994999999994,tp,0.08558177546225064
SOLUSDT,1644409800000,1,114.7,115.27349999999998,tp,0.04820319059613609
NEARUSDT,1644411600000,1,12.85,12.91425,tp,0.04478525473830598
DOGEUSDT,1644417900000,1,0.15866,0.1594533,tp,0.06935676320642127
BTCUSDT,1644433200000,1,44235.94,44457.119699999996,tp,0.05911970756214557
ETHUSDT,1644435000000,1,3218.84,3234.9341999999997,tp,0.06702437554235538
FILUSDT,1644488100000,1,24.532,24.654659999999996,tp,0.0582099970422934
BNBUSDT,1644489000000,1,425.45,427.57724999999994,tp,0.08425464610517783
BNBUSDT,1644540300000,-1,409.59,407.54204999999996,tp,0.0578141032445251
XRPUSDT,1644540300000,-1,0.8146,0.810527,tp,0.04187902187902177
FILUSDT,1644540300000,-1,22.73,22.61635,tp,0.04836158192090397
SOLUSDT,1644543000000,-1,105.15,104.62425,tp,0.03932675129290096
BTCUSDT,1644544800000,-1,43136.96,42921.2752,tp,0.050164617322711796
NEARUSDT,1644604200000,-1,11.605,11.546975,tp,0.03586735491944355
ETHUSDT,1644604200000,-1,3038.09,3022.89955,tp,0.04506871097242983
DOGEUSDT,1644604200000,-1,0.14976,0.1490112,tp,0.056556693211983027
SOLUSDT,1644604200000,-1,103.46,102.94269999999999,tp,0.04632357887655628
XRPUSDT,1644604200000,-1,0.8065,0.8024675,tp,0.04250166333998659
BTCUSDT,1644606000000,-1,42811.42,42597.3629,tp,0.07706795245611209
BNBUSDT,1644613200000,-1,400.45,398.44775,tp,0.06793066734806899
ZECUSDT,1644618600000,-1,118.17,117.57915,tp,0.030073253073444342
XRPUSDT,1644619500000,-1,0.7625,0.7586875,tp,0.03675858732462504
SOLUSDT,1644619500000,-1,96.07,95.58964999999999,tp,0.0320453787120454
ETHUSDT,1644619500000,-1,2906.0,2891.47,tp,0.04215500972621497
NEARUSDT,1644619500000,-1,10.805,10.750975,tp,0.03214755077658266
DOGEUSDT,1644624900000,-1,0.14419,0.14346905000000001,tp,0.047084773662551295
BNBUSDT,1644912900000,1,425.97,428.09985,tp,0.0837879678620409
NEARUSDT,1644912900000,1,10.887,10.941434999999998,tp,0.05887312525334194
ZECUSDT,1644912900000,1,125.62,126.2481,tp,0.06887160594896864
BTCUSDT,1644918300000,1,43875.8,44095.179,tp,0.11089830590821136
ETHUSDT,1644921000000,1,3086.0,3101.43,tp,0.10594756785487623
FILUSDT,1644934500000,1,21.621,21.729104999999997,tp,0.10123422159887616
ETHUSDT,1644935400000,1,3118.99,3134.5849499999995,tp,0.08567980967659954
DOGEUSDT,1644967800000,1,0.15085,0.15160425,tp,0.09784695201037341
SOLUSDT,1644968700000,1,103.38,103.89689999999999,tp,0.065136921624173
FILUSDT,1644974100000,1,22.352,22.463759999999997,tp,0.06860683956850841
ETHUSDT,1644980400000,1,3153.96,3169.7297999999996,tp,0.08655892560116435
FILUSDT,1645017300000,1,22.5,22.612499999999997,tp,0.059419032597264415
ETHUSDT,1645041600000,1,3161.98,3177.7898999999998,tp,0.06856045153840225
XRPUSDT,1645048800000,1,0.8374,0.841587,tp,0.06310960706899714
NEARUSDT,1645051500000,1,11.344,11.400719999999998,tp,0.056690395903583025
ZECUSDT,1645057800000,1,126.38,127.01189999999998,tp,0.07146531015967071
BTCUSDT,1645103700000,1,44489.0,42740.301134163776,stop,-1.0232191413116987
ETHUSDT,1645105500000,-1,3030.39,3015.23805,tp,0.06106205975224657
BNBUSDT,1645105500000,-1,419.75,417.65125,tp,0.09329773030707594
XRPUSDT,1645110900000,-1,0.8012,0.7971940000000001,tp,0.055234145498530667
SOLUSDT,1645111800000,-1,97.05,96.56475,tp,0.050589462702138134
ZECUSDT,1645113600000,-1,119.31,118.71345000000001,tp,0.04011784511784467
ETHUSDT,1645119900000,-1,2959.09,2944.29455,tp,0.05229822886838514
FILUSDT,1645121700000,1,23.418,20.960966907532935,stop,-1.008104456803291
DOGEUSDT,1645121700000,-1,0.14295,0.14223524999999998,tp,0.06566505858029065
XRPUSDT,1645125300000,-1,0.7805,0.7765974999999999,tp,0.04645683453237456
ZECUSDT,1645134300000,-1,113.72,113.1514,tp,0.03307765359047433
BTCUSDT,1645134300000,-1,40711.0,40507.445,tp,0.05284473854835615
BNBUSDT,1645142400000,-1,402.38,400.36809999999997,tp,0.05753889067696681
ETHUSDT,1645194600000,-1,2866.0,2851.67,tp,0.042632869138893095
SOLUSDT,1645196400000,-1,93.16,92.6942,tp,0.057868826425282155
DOGEUSDT,1645197300000,-1,0.13919,0.13849405,tp,0.07205684958547197
BNBUSDT,1645197300000,-1,401.28,399.2736,tp,0.07455728429985796
XRPUSDT,1645198200000,-1,0.7722,0.768339,tp,0.053104643104643204
FILUSDT,1645198200000,-1,20.533,20.430335,tp,0.0518501440922199
ZECUSDT,1645198200000,-1,113.02,112.4549,tp,0.049256674421180965
BTCUSDT,1645198200000,-1,40054.9,39854.6255,tp,0.08530032332165934
ETHUSDT,1645270200000,-1,2763.22,2749.4039,tp,0.043138452144710765
SOLUSDT,1645380000000,1,90.98,91.4349,tp,0.041523419736243336
ZECUSDT,1645401600000,1,107.8,108.33899999999998,tp,0.056779200620875624
BTCUSDT,1645405200000,1,38594.0,38786.969999999994,tp,0.12180339706759205
BNBUSDT,1645405200000,1,384.36,386.2818,tp,0.10074132285526993
FILUSDT,1645406100000,1,20.116,20.216579999999997,tp,0.0638945780741429
XRPUSDT,1645407000000,1,0.7944,0.7983719999999999,tp,0.05255990745331151
ETHUSDT,1645420500000,1,2738.81,2752.5040499999996,tp,0.05694043874129064
SOLUSDT,1645427700000,1,94.57,95.04284999999999,tp,0.037414643773435445
DOGEUSDT,1645429500000,1,0.13996,0.14065979999999997,tp,0.08171478565179048
NEARUSDT,1645430400000,1,9.729,9.777644999999998,tp,0.049330812854441186
BNBUSDT,1645443900000,1,392.24,368.85029710532353,stop,-1.0149812840217733
NEARUSDT,1645537500000,1,8.76,8.803799999999999,tp,0.03887854609929018
BNBUSDT,1645541100000,1,366.73,368.56365,tp,0.06651091188988406
XRPUSDT,1645542900000,1,0.7105,0.7140525,tp,0.044931506849314524
BTCUSDT,1645542900000,1,37960.0,38149.799999999996,tp,0.06172270455143236
ZECUSDT,1645542900000,1,100.53,101.03264999999999,tp,0.03921270583649906
FILUSDT,1645545600000,1,18.961,19.055804999999996,tp,0.04877992721700698
ETHUSDT,1645559100000,1,2623.39,2636.5069499999995,tp,0.048480029348373116
SOLUSDT,1645559100000,1,85.97,86.39984999999999,tp,0.043482176360223904
ZECUSDT,1645571700000,1,101.3,101.80649999999999,tp,0.040956127080180565
DOGEUSDT,1645572600000,1,0.13069,0.13134345,tp,0.062419258729591164
FILUSDT,1645574400000,1,19.152,19.24776,tp,0.05809090909090821
BNBUSDT,1645574400000,1,373.52,375.38759999999996,tp,0.061190709846253966
NEARUSDT,1645574400000,1,8.941,8.985705,tp,0.04465971187282536
XRPUSDT,1645575300000,1,0.7187,0.7222934999999999,tp,0.053899441340780854
BTCUSDT,1645604100000,1,38318.0,38509.59,tp,0.068493645156245
NEARUSDT,1645719300000,1,8.035,8.075175,tp,0.025887278582930513
XRPUSDT,1645721100000,1,0.656,0.65928,tp,0.03568532035685256
ZECUSDT,1645722000000,1,94.21,94.68104999999998,tp,0.02819536668142192
FILUSDT,1645728300000,1,17.682,17.77041,tp,0.041090993500464135
BNBUSDT,1645728300000,1,345.59,347.31794999999994,tp,0.043279036385195396
SOLUSDT,1645730100000,1,86.8,87.234,tp,0.026688167088996215
BTCUSDT,1645730100000,1,36288.0,36469.439999999995,tp,0.04251941994423776
DOGEUSDT,1645732800000,1,0.12163,0.12223814999999999,tp,0.029602713178293976
XRPUSDT,1645793100000,1,0.7053,0.7088264999999999,tp,0.05199488023404469
SOLUSDT,1645795800000,1,91.04,91.4952,tp,0.03622513922036527
ZECUSDT,1645798500000,1,105.41,105.93704999999999,tp,0.04032233598786414
BTCUSDT,1645799400000,1,39152.4,39348.162,tp,0.06233382851030788
FILUSDT,1645803900000,1,18.774,18.86787,tp,0.048930890388941814
ZECUSDT,1645829100000,1,108.77,109.31384999999999,tp,0.033720390153274035
NEARUSDT,1645830900000,1,8.931,8.975654999999998,tp,0.039306282722511965
DOGEUSDT,1645831800000,1,0.12756,0.1281978,tp,0.05144293614881798
XRPUSDT,1645837200000,1,0.7825,0.7864124999999998,tp,0.03225130890052253
FILUSDT,1645885800000,1,19.2,19.295999999999996,tp,0.050953137410641586
NEARUSDT,1645885800000,1,9.315,9.361574999999998,tp,0.03818144750254748
ETHUSDT,1645908300000,1,2818.0,2832.0899999999997,tp,0.06757687355908705
DOGEUSDT,1645911900000,1,0.12807,0.12871034999999997,tp,0.07456079115764813
BNBUSDT,1645958700000,1,377.28,379.16639999999995,tp,0.09403011073783646
SOLUSDT,1645991100000,1,92.0,84.7698636068413,stop,-1.01113829201102
NEARUSDT,1646035200000,1,8.605,8.648024999999999,tp,0.04690349802640344
ZECUSDT,1646035200000,1,104.29,104.81145,tp,0.04674272930648652
SOLUSDT,1646035200000,1,88.0,88.44,tp,0.04232819409585252
BNBUSDT,1646036100000,1,366.11,367.94055,tp,0.06356851514362431
DOGEUSDT,1646057700000,1,0.12445,0.12507225,tp,0.06463734267548886
BTCUSDT,1646061300000,1,39750.0,39948.74999999999,tp,0.05849805561669764
FILUSDT,1646061300000,1,20.672,20.77536,tp,0.04428404130735594
ZECUSDT,1646061300000,1,107.54,108.0777,tp,0.04051714446318045
XRPUSDT,1646064900000,1,0.76,0.7637999999999999,tp,0.05320048942492452
BNBUSDT,1646064900000,1,381.85,383.75925,tp,0.06231236000814445
NEARUSDT,1646073000000,1,9.156,9.20178,tp,0.042293757932386086
ZECUSDT,1646079300000,1,114.95,115.52475,tp,0.03956402334363161
BTCUSDT,1646081100000,1,41614.9,41822.9745,tp,0.04639936725958121
XRPUSDT,1646081100000,1,0.7675,0.7713374999999999,tp,0.046736649931537345
BNBUSDT,1646085600000,1,385.75,387.67875,tp,0.059451559555401115
SOLUSDT,1646085600000,1,97.26,97.74629999999999,tp,0.032290741654332204
FILUSDT,1646088300000,1,21.411,21.518055,tp,0.045146198830408865
NEARUSDT,1646091000000,1,9.36,9.406799999999999,tp,0.04165223184543577
BNBUSDT,1646125200000,1,416.8,418.88399999999996,tp,0.06300381232778307
DOGEUSDT,1646141400000,1,0.13399,0.13465994999999997,tp,0.0623909006499513
SOLUSDT,1646141400000,1,99.34,99.8367,tp,0.040744148011856426
ZECUSDT,1646143200000,1,119.95,120.54974999999999,tp,0.04674459380479144
NEARUSDT,1646144100000,1,10.69,10.743449999999998,tp,0.03077055531640006
NEARUSDT,1646176500000,1,11.6,11.657999999999998,tp,0.02101113967437804
DOGEUSDT,1646216100000,1,0.13473,0.13540365,tp,0.06445079818918253
ZECUSDT,1646217000000,1,119.62,120.21809999999999,tp,0.05038392763226998
BNBUSDT,1646217000000,1,411.5,413.55749999999995,tp,0.06706652037872156
FILUSDT,1646221500000,1,21.186,21.291929999999997,tp,0.05481912144702696
BTCUSDT,1646233200000,1,44543.1,44765.8155,tp,0.06794448236632479
ZECUSDT,1646256600000,1,124.57,125.19284999999998,tp,0.035475834578972736
NEARUSDT,1646289900000,1,11.4,11.456999999999999,tp,0.03702838605028288
ZECUSDT,1646347500000,1,127.98,128.6199,tp,0.03676060347281508
BNBUSDT,1646354700000,1,411.81,392.8344117754151,stop,-1.01966698933228
DOGEUSDT,1646354700000,1,0.13349,0.1259326903942545,stop,-1.015830508754544
BTCUSDT,1646355600000,1,43893.6,41318.79518059683,stop,-1.0152449828918173
NEARUSDT,1646385300000,1,11.344,11.400719999999998,tp,0.037519993404236875
XRPUSDT,1646422200000,1,0.7888,0.7154657834973503,stop,-1.0092684223918578
XRPUSDT,1646469000000,1,0.7231,0.7267154999999998,tp,0.08159909909909634
ETHUSDT,1646481600000,1,2643.78,2656.9989,tp,0.10162673561237037
BNBUSDT,1646483400000,1,379.9,381.7994999999999,tp,0.09722872306413097
FILUSDT,1646483400000,1,18.999,19.093994999999996,tp,0.06657586869215815
XRPUSDT,1646486100000,1,0.7415,0.7452075,tp,0.08521389606660866
SOLUSDT,1646496900000,1,89.28,89.7264,tp,0.06979288784681474
ZECUSDT,1646498700000,1,115.02,115.59509999999999,tp,0.06987856709168079
BTCUSDT,1646501400000,1,39350.0,39546.74999999999,tp,0.11145231790417286
BNBUSDT,1646510400000,1,382.5,384.41249999999997,tp,0.10146793852676016
FILUSDT,1646527500000,1,19.1,19.1955,tp,0.07325296593953114
XRPUSDT,1646539200000,-1,0.743,0.739285,tp,0.08217980636237954
FILUSDT,1646540100000,-1,18.824,18.72988,tp,0.09563516260162613
SOLUSDT,1646554500000,-1,88.33,87.88835,tp,0.08638277043563299
BTCUSDT,1646558100000,-1,39104.1,38908.5795,tp,0.1300275758335407
DOGEUSDT,1646559900000,-1,0.12289,0.12227555,tp,0.10325346784363257
NEARUSDT,1646561700000,-1,10.338,10.286309999999999,tp,0.04650241871976663
SOLUSDT,1646597700000,-1,85.5,85.0725,tp,0.05761977315049864
DOGEUSDT,1646608500000,-1,0.12101,0.12040495000000001,tp,0.07243825774584599
ETHUSDT,1646608500000,1,2670.0,2529.7488017690043,stop,-1.0171354069839909
XRPUSDT,1646610300000,-1,0.7267,0.7230665000000001,tp,0.06121135112240478
FILUSDT,1646610300000,-1,18.47,18.37765,tp,0.07054281345565729
SOLUSDT,1646610300000,-1,84.75,84.32625,tp,0.05559735973597333
NEARUSDT,1646610300000,-1,10.23,10.17885,tp,0.03443823080833743
ZECUSDT,1646612100000,-1,107.3,106.7635,tp,0.04821757698359212
BTCUSDT,1646622900000,-1,37777.7,37588.811499999996,tp,0.06144851849592291
FILUSDT,1646625600000,-1,17.941,17.851295,tp,0.0567634459781047
SOLUSDT,1646639100000,-1,81.67,81.26165,tp,0.046804478897502
DOGEUSDT,1646676900000,-1,0.11893,0.11833534999999999,tp,0.06328008519701842
XRPUSDT,1646677800000,-1,0.727,0.7233649999999999,tp,0.05645869776482113
NEARUSDT,1646679600000,-1,9.768,9.71916,tp,0.03605476390053107
SOLUSDT,1646683200000,-1,81.05,80.64475,tp,0.04181771236767316
ETHUSDT,1646685000000,-1,2481.99,2469.5800499999996,tp,0.04732004684830063
SOLUSDT,1646756100000,-1,82.43,82.01785000000001,tp,0.04622259696458644
BNBUSDT,1646797500000,-1,369.01,397.6285960459707,stop,-1.0131993605010152
BTCUSDT,1646797500000,-1,37630.6,41176.12340453176,stop,-1.0110328751981459
NEARUSDT,1646808300000,-1,9.593,10.630704326923077,stop,-1.0097322222222214
DOGEUSDT,1646815500000,-1,0.11581,0.12441996728144436,stop,-1.013728155410312
DOGEUSDT,1646857800000,-1,0.12096,0.1203552,tp,0.06798201236649835
ETHUSDT,1646858700000,-1,2700.43,2686.92785,tp,0.07332135712244185
SOLUSDT,1646860500000,-1,86.51,86.07745,tp,0.044205404021002086
SOLUSDT,1646880300000,-1,86.01,85.57995000000001,tp,0.04950397686189374
FILUSDT,1646881200000,-1,18.437,18.344815,tp,0.06797662120790479
ZECUSDT,1646888400000,-1,136.47,135.78764999999999,tp,0.02888500079529249
BNBUSDT,1646919900000,-1,372.5,370.6375,tp,0.1003575524522708
XRPUSDT,1646920800000,-1,0.7278,0.724161,tp,0.07175360158966614
SOLUSDT,1646922600000,-1,81.8,81.39099999999999,tp,0.0570287934993826
ETHUSDT,1646922600000,-1,2570.0,2557.15,tp,0.0701992727472687
ZECUSDT,1646955900000,-1,132.23,159.55295819289103,stop,-1.0055475439084292
BTCUSDT,1646964000000,-1,38652.9,38459.635500000004,tp,0.06340624074256856
DOGEUSDT,1646964000000,-1,0.11515,0.11457425,tp,0.07803580562659855
FILUSDT,1646973900000,-1,17.418,17.33091,tp,0.05833417465926304
SOLUSDT,1646973900000,-1,81.08,80.6746,tp,0.05822174226061934
NEARUSDT,1646977500000,-1,10.523,10.470385,tp,0.03804007285974462
XRPUSDT,1647014400000,-1,0.7319,0.7282405,tp,0.07042660882140349
NEARUSDT,1647031500000,-1,10.347,10.295264999999999,tp,0.03223782771535627
ZECUSDT,1647078300000,-1,149.16,148.4142,tp,0.04011577813677984
NEARUSDT,1647119700000,-1,10.274,10.222629999999999,tp,0.054228223457771126
DOGEUSDT,1647129600000,-1,0.1146,0.11402699999999999,tp,0.07863847343991798
XRPUSDT,1647177300000,-1,0.7855,0.7815725,tp,0.07951145038167884
NEARUSDT,1647178200000,-1,10.161,10.110195,tp,0.07350521119034606
SOLUSDT,1647201600000,-1,80.33,79.92835,tp,0.0590108475822765
BTCUSDT,1647211500000,-1,38500.1,38307.5995,tp,0.06460269726146302
BNBUSDT,1647211500000,-1,369.46,367.61269999999996,tp,0.08853064651553409
ETHUSDT,1647211500000,-1,2544.54,2531.8173,tp,0.06450281665009712
FILUSDT,1647211500000,-1,17.335,17.248325,tp,0.06524378675773077
NEARUSDT,1647211500000,-1,10.0,9.95,tp,0.054900013791202115
DOGEUSDT,1647231300000,-1,0.11056,0.11656592290988056,stop,-1.0184380699562772
BNBUSDT,1647281700000,-1,366.41,364.57795000000004,tp,0.11304481987194182
NEARUSDT,1647284400000,-1,9.76,9.7112,tp,0.057988377291014824
ZECUSDT,1647287100000,-1,144.13,143.40935,tp,0.04289426523297533
ZECUSDT,1647315900000,-1,143.2,142.48399999999998,tp,0.03469850015304597
DOGEUSDT,1647327600000,-1,0.11154,0.1109823,tp,0.06128057158559984
BNBUSDT,1647331200000,-1,364.31,362.48845,tp,0.1060610050471799
XRPUSDT,1647334800000,-1,0.7489,0.7451555,tp,0.06437137330754415
ZECUSDT,1647369000000,-1,138.6,137.90699999999998,tp,0.0383843431188847
ZECUSDT,1647387900000,-1,137.03,136.34485,tp,0.04782441413081447
ETHUSDT,1647396000000,-1,2520.78,2675.863057185801,stop,-1.0163916674745523
NEARUSDT,1647455400000,-1,10.05,9.99975,tp,0.0592993348115301
ZECUSDT,1647544500000,-1,151.87,151.11065,tp,0.05106339984844738
NEARUSDT,1647561600000,-1,10.732,10.678339999999999,tp,0.05424920936116462
FILUSDT,1647564300000,-1,17.391,17.304045,tp,0.09507532182963506
SOLUSDT,1647566100000,-1,87.11,86.67445,tp,0.05633463541666755
DOGEUSDT,1647569700000,-1,0.11573,0.11515135,tp,0.11712757830404885
NEARUSDT,1647576000000,-1,10.517,10.464414999999999,tp,0.06493129535278745
XRPUSDT,1647593100000,-1,0.7879,0.7839605000000001,tp,0.09652841781873998
BTCUSDT,1647600300000,-1,40530.0,40327.35,tp,0.11936571390499087
BNBUSDT,1647619200000,-1,369.0,394.88198663014595,stop,-1.0144941689623503
ETHUSDT,1647622800000,-1,2774.43,2928.7425172754993,stop,-1.0180303285860095
DOGEUSDT,1647630900000,-1,0.11451,0.11883264243271585,stop,-1.026116203703705
ZECUSDT,1647653400000,1,172.92,173.78459999999995,tp,0.02725582860743436
FILUSDT,1647666000000,-1,17.128,17.929326045016076,stop,-1.0212558419243984
DOGEUSDT,1647680400000,1,0.11953,0.12012764999999999,tp,0.10094996833438792
BNBUSDT,1647692100000,1,400.69,402.6934499999999,tp,0.1436779146580916
DOGEUSDT,1647700200000,1,0.12247,0.12308234999999998,tp,0.10408821034774997
NEARUSDT,1647707400000,1,11.496,11.553479999999999,tp,0.05339366515836929
FILUSDT,1647707400000,1,18.1,18.1905,tp,0.06964714931256526
ZECUSDT,1647707400000,1,175.98,176.85989999999998,tp,0.038756670517686824
ETHUSDT,1647797400000,1,2978.16,2832.625146600021,stop,-1.0184903741365265
BTCUSDT,1647829800000,1,42150.0,40488.57150721324,stop,-1.0231512479163833
XRPUSDT,1647884700000,1,0.8247,0.8288234999999999,tp,0.0911147902869747
FILUSDT,1647916200000,1,17.967,18.056834999999996,tp,0.08042072283763871
DOGEUSDT,1647916200000,1,0.12016,0.12076079999999999,tp,0.11129912159038076
ETHUSDT,1647917100000,1,2960.0,2974.7999999999997,tp,0.09296161996703367
SOLUSDT,1647917100000,1,89.95,90.39975,tp,0.0835468895078912
NEARUSDT,1647918000000,1,11.105,11.160525,tp,0.05942597784007401
BNBUSDT,1647921600000,1,406.35,408.38174999999995,tp,0.12800881126582822
XRPUSDT,1647922500000,1,0.8547,0.8589735,tp,0.06473813575344949
DOGEUSDT,1647957600000,1,0.12377,0.12438885,tp,0.07549261458809076
FILUSDT,1647958500000,1,18.5,18.592499999999998,tp,0.06833748271092493
SOLUSDT,1648045800000,1,92.96,93.42479999999999,tp,0.07924174653887064
ZECUSDT,1648048500000,1,176.58,177.4629,tp,0.08419347152727959
ETHUSDT,1648048500000,1,2995.04,3010.0152,tp,0.10102518787817487
XRPUSDT,1648049400000,1,0.8333,0.8374665,tp,0.10423448705955626
BTCUSDT,1648078200000,1,42543.0,42755.715,tp,0.10133827538891756
NEARUSDT,1648080000000,1,12.498,12.560489999999998,tp,0.033271102284011186
ETHUSDT,1648082700000,1,3043.69,3058.90845,tp,0.08248179982152017
DOGEUSDT,1648087200000,1,0.13133,0.13198664999999998,tp,0.042273630654263705
SOLUSDT,1648114200000,1,97.6,98.08799999999998,tp,0.06028663892741388
DOGEUSDT,1648115100000,1,0.13888,0.1395744,tp,0.03786317797764967
FILUSDT,1648119600000,1,19.473,19.570364999999995,tp,0.06749482401656068
BTCUSDT,1648134900000,1,43500.0,43717.49999999999,tp,0.09999724555845961
ZECUSDT,1648134900000,1,184.5,185.42249999999999,tp,0.050528754428998755
NEARUSDT,1648134900000,1,12.346,12.407729999999999,tp,0.04678959810874631
BNBUSDT,1648135800000,1,412.49,414.55244999999996,tp,0.11406332089036095
SOLUSDT,1648138500000,1,101.85,102.35924999999999,tp,0.042593984962405566
XRPUSDT,1648138500000,1,0.842,0.8462099999999999,tp,0.0969613733905567
ZECUSDT,1648151100000,1,193.94,194.9097,tp,0.04635941407645528
NEARUSDT,1648156500000,1,12.85,12.91425,tp,0.04004670714619302
SOLUSDT,1648170900000,1,103.2,103.716,tp,0.0433092167348215
BTCUSDT,1648210500000,1,44445.4,44667.62699999999,tp,0.1316605286122031
ZECUSDT,1648219500000,1,195.32,196.29659999999998,tp,0.06668031737906267
ZECUSDT,1648259100000,1,200.6,201.60299999999998,tp,0.04727593507409945
NEARUSDT,1648266300000,1,12.592,12.654959999999999,tp,0.047767358150988794
DOGEUSDT,1648274400000,1,0.13193,0.13258964999999998,tp,0.07746227106226873
FILUSDT,1648313100000,1,19.017,19.112084999999997,tp,0.08504359490274734
ETHUSDT,1648325700000,1,3129.91,3145.5595499999995,tp,0.14579071688716372
DOGEUSDT,1648342800000,1,0.13683,0.13751415,tp,0.06601684717208123
BTCUSDT,1648346400000,1,44569.7,44792.54849999999,tp,0.1911359212918334
FILUSDT,1648394100000,1,19.517,19.614584999999998,tp,0.08169750182920328
ETHUSDT,1648395900000,1,3154.41,3170.1820499999994,tp,0.14716825883829251
BTCUSDT,1648398600000,1,44746.1,44969.8305,tp,0.20974472418272738
SOLUSDT,1648407600000,1,102.44,102.95219999999999,tp,0.08264409512293325
BNBUSDT,1648413000000,1,419.78,421.87889999999993,tp,0.13408612440191225
XRPUSDT,1648413000000,1,0.841,0.8452049999999999,tp,0.1337445630684037
NEARUSDT,1648415700000,1,12.959,13.023794999999998,tp,0.0565446623093668
XRPUSDT,1648427400000,1,0.857,0.8612849999999999,tp,0.09467991169977641
FILUSDT,1648427400000,1,24.103,24.223515,tp,0.025602325274144005
DOGEUSDT,1648433700000,1,0.14599,0.14671995,tp,0.04929881879869164
BTCUSDT,1648443600000,1,47047.0,47282.23499999999,tp,0.07168883155823728
DOGEUSDT,1648456200000,1,0.15031,0.15106155,tp,0.047327667610953035
BNBUSDT,1648460700000,1,433.75,435.91874999999993,tp,0.11165130568356002
NEARUSDT,1648467900000,1,13.336,13.402679999999998,tp,0.05965640339134147
FILUSDT,1648470600000,1,25.328,25.454639999999998,tp,0.024261040141619686
XRPUSDT,1648472400000,1,0.8729,0.8772644999999999,tp,0.09060440985732558
ETHUSDT,1648475100000,1,3359.0,3375.7949999999996,tp,0.10985516480823138
BNBUSDT,1648475100000,1,437.44,439.62719999999996,tp,0.09990642474038354
DOGEUSDT,1648476000000,1,0.15128,0.1520364,tp,0.05678514786827056
BTCUSDT,1648478700000,1,47417.0,47654.08499999999,tp,0.13448658898109705
SOLUSDT,1648480500000,1,111.95,112.50975,tp,0.05461557001687084
XRPUSDT,1648494000000,1,0.9043,0.9088215,tp,0.05640595903165666
BTCUSDT,1648495800000,1,47948.0,48187.74,tp,0.10095379433743742
ETHUSDT,1648501200000,1,3400.34,3417.3417,tp,0.08128167929360698
FILUSDT,1648503900000,1,26.38,26.511899999999997,tp,0.025367055034573874
ETHUSDT,1648551600000,1,3423.55,3440.6677499999996,tp,0.11320833953341877
BNBUSDT,1648555200000,1,439.01,441.20504999999997,tp,0.13772449459332267
NEARUSDT,1648555200000,1,13.369,13.435844999999999,tp,0.05234350547730747
DOGEUSDT,1648556100000,1,0.1474,0.148137,tp,0.07661993769470259
ZECUSDT,1648557000000,1,198.29,199.28144999999998,tp,0.08055757575757456
SOLUSDT,1648557900000,1,112.66,113.22329999999998,tp,0.054053409632807324
FILUSDT,1648557900000,1,26.786,26.919929999999997,tp,0.03451040274861508
NEARUSDT,1648588500000,1,14.09,14.160449999999999,tp,0.0268298860278596
NEARUSDT,1648626300000,1,14.443,14.515214999999998,tp,0.030099948480164104
SOLUSDT,1648652400000,1,116.95,117.53474999999999,tp,0.0425568285142743
BNBUSDT,1648656000000,1,438.65,440.84324999999995,tp,0.11697660467906303
ZECUSDT,1648656900000,1,193.99,194.95995,tp,0.06698059508408673
ETHUSDT,1648663200000,1,3419.52,3436.6175999999996,tp,0.0848680082828038
DOGEUSDT,1648691100000,1,0.14495,0.14567475,tp,0.07120431689968089
XRPUSDT,1648723500000,1,0.8695,0.8738475,tp,0.10197596012899351
BTCUSDT,1648755000000,1,47600.0,45533.6157984555,stop,-1.0209336361438515
SOLUSDT,1648800900000,1,125.67,126.29834999999999,tp,0.03540905591713808
NEARUSDT,1648819800000,1,13.571,13.638854999999998,tp,0.03971332455755331
BNBUSDT,1648821600000,1,433.97,436.13984999999997,tp,0.0890857816746117
BTCUSDT,1648821600000,1,45479.1,45706.4955,tp,0.10953650197438089
DOGEUSDT,1648824300000,1,0.13826,0.13895129999999997,tp,0.07543931344503235
SOLUSDT,1648827900000,1,131.85,132.50924999999998,tp,0.036824999999999254
NEARUSDT,1648832400000,1,13.998,14.067989999999998,tp,0.043181436531561805
XRPUSDT,1648835100000,1,0.8258,0.8299289999999999,tp,0.09541918755401757
ETHUSDT,1648836000000,1,3458.0,3475.2899999999995,tp,0.06768033815080907
BNBUSDT,1648843200000,1,444.11,446.33054999999996,tp,0.07517366840123356
SOLUSDT,1648845000000,1,135.69,136.36845,tp,0.03599126810875159
FILUSDT,1648847700000,1,24.968,25.09284,tp,0.0434330299089723
DOGEUSDT,1648848600000,1,0.1414,0.14210699999999998,tp,0.06514022988505626
BNBUSDT,1648858500000,1,447.08,449.31539999999995,tp,0.10340956340956219
NEARUSDT,1648861200000,1,14.681,14.754404999999998,tp,0.04481641961231433
XRPUSDT,1648865700000,1,0.8339,0.8380694999999999,tp,0.10301015697137399
XRPUSDT,1648891800000,1,0.8429,0.8471144999999999,tp,0.12125134843581112
SOLUSDT,1648898100000,1,137.31,137.99654999999998,tp,0.06623267028330136
NEARUSDT,1648899000000,1,16.017,16.097084999999996,tp,0.03672917376974512
ETHUSDT,1648900800000,1,3483.12,3500.5355999999997,tp,0.07931784941864656
BTCUSDT,1648905300000,1,46700.0,46933.49999999999,tp,0.09600544702461072
ETHUSDT,1648978200000,1,3486.16,3503.5907999999995,tp,0.09777079624393296
SOLUSDT,1648981800000,1,139.5,140.1975,tp,0.046033464566928514
BNBUSDT,1648990800000,1,446.0,448.22999999999996,tp,0.12042105263157693
BTCUSDT,1648991700000,1,46400.0,46631.99999999999,tp,0.12520697608545683
XRPUSDT,1648992600000,1,0.8357,0.8398784999999999,tp,0.13990798828941428
DOGEUSDT,1648993500000,1,0.14417,0.14489085,tp,0.08962410686548566
ETHUSDT,1649023200000,1,3513.74,3531.3086999999996,tp,0.11541684115449277
BTCUSDT,1649024100000,1,46771.0,47004.854999999996,tp,0.12842111019961455
BNBUSDT,1649024100000,1,449.86,452.10929999999996,tp,0.12301639344261993
NEARUSDT,1649035800000,1,17.181,17.266904999999998,tp,0.028301348653382772
DOGEUSDT,1649070900000,1,0.14824,0.1489812,tp,0.056615732880588354
ZECUSDT,1649084400000,1,181.22,167.70988175675672,stop,-1.0117929676706272
XRPUSDT,1649093400000,1,0.8478,0.8090834009883516,stop,-1.0198527053140098
NEARUSDT,1649100600000,1,16.529,16.611645,tp,0.02958039789091211
BTCUSDT,1649111400000,1,46395.0,46626.975,tp,0.09244636729822421
ETHUSDT,1649112300000,1,3508.0,3525.5399999999995,tp,0.07823885513342457
ZECUSDT,1649116800000,1,175.0,175.87499999999997,tp,0.04237956911159389
BNBUSDT,1649123100000,1,447.59,449.82794999999993,tp,0.09013188362025402
FILUSDT,1649129400000,1,26.166,26.296829999999996,tp,0.03950733752620428
DOGEUSDT,1649138400000,1,0.15296,0.1537248,tp,0.0453813653546798
ZECUSDT,1649139300000,1,177.39,178.27694999999997,tp,0.06975868157739734
SOLUSDT,1649157300000,1,133.63,134.29815,tp,0.057572428648357175
DOGEUSDT,1649162700000,1,0.15575,0.15652875,tp,0.04177545691905968
BTCUSDT,1649174400000,1,46878.0,45581.50643738117,stop,-1.033399649920394
DOGEUSDT,1649176200000,1,0.16416,0.16498079999999998,tp,0.02710946502057555
XRPUSDT,1649178900000,1,0.831,0.8351549999999999,tp,0.14954177897573878
ETHUSDT,1649185200000,1,3534.99,3422.7746788586433,stop,-1.0289767556857912
BNBUSDT,1649203200000,1,459.0,439.5542740619901,stop,-1.0214739507123618
FILUSDT,1649204100000,1,26.411,23.79901767089899,stop,-1.0086559034245601
ZECUSDT,1649222100000,1,171.35,172.20674999999997,tp,0.04245034341934177
BNBUSDT,1649313000000,1,428.5,430.6424999999999,tp,0.06593718805190589
FILUSDT,1649332800000,1,22.47,22.582349999999998,tp,0.05632389468455008
SOLUSDT,1649332800000,1,116.8,117.38399999999999,tp,0.0504657651856612
ZECUSDT,1649332800000,1,165.32,166.14659999999998,tp,0.05581772151898637
BNBUSDT,1649338200000,1,432.67,434.83335,tp,0.08977791518524152
XRPUSDT,1649340000000,1,0.7814,0.7853069999999999,tp,0.0961660561660534
ZECUSDT,1649349000000,1,169.26,170.10629999999998,tp,0.04575489407347727
ETHUSDT,1649373300000,1,3240.0,3256.2,tp,0.09639531181744707
SOLUSDT,1649373300000,1,118.58,119.17289999999998,tp,0.038064981949457566
NEARUSDT,1649376000000,1,17.683,17.771414999999998,tp,0.02494196381888464
BNBUSDT,1649382300000,1,436.86,439.04429999999996,tp,0.06854612430441079
BTCUSDT,1649407500000,1,43715.7,43934.27849999999,tp,0.13409179254089676
ZECUSDT,1649507400000,1,170.22,171.07109999999997,tp,0.045736279779678805
ETHUSDT,1649525400000,1,3228.0,3244.14,tp,0.1277211722002978
DOGEUSDT,1649547000000,1,0.14376,0.1444788,tp,0.08224507283633102
NEARUSDT,1649552400000,1,17.166,17.251829999999998,tp,0.043413715146946974
SOLUSDT,1649554200000,1,111.77,112.32884999999999,tp,0.07283890773953709
BTCUSDT,1649558700000,1,42629.0,42842.145,tp,0.18489206607094313
DOGEUSDT,1649597400000,1,0.15102,0.15177509999999997,tp,0.05773321875298235
ETHUSDT,1649608200000,1,3255.0,3271.2749999999996,tp,0.12795366416335055
XRPUSDT,1649613600000,1,0.7643,0.7681214999999999,tp,0.0828354978354963
BTCUSDT,1649613600000,1,42960.0,43174.799999999996,tp,0.16162646528403593
BNBUSDT,1649619000000,1,426.17,428.30084999999997,tp,0.10271703114645214
ZECUSDT,1649670300000,1,169.5,155.4016070167177,stop,-1.010471514508138
BNBUSDT,1649746800000,1,403.49,405.50744999999995,tp,0.07835441197848288
FILUSDT,1649754000000,1,19.015,19.110075,tp,0.061840252488466654
NEARUSDT,1649757600000,1,16.83,16.914149999999996,tp,0.034160198853547465
SOLUSDT,1649762100000,1,103.22,103.7361,tp,0.050216071862101974
DOGEUSDT,1649762100000,1,0.13942,0.14011709999999997,tp,0.06025699168556144
ETHUSDT,1649764800000,1,3026.14,3041.2706999999996,tp,0.08703909651277919
BTCUSDT,1649766600000,1,40251.5,40452.75749999999,tp,0.09751556104531084
FILUSDT,1649768400000,1,19.399,19.495994999999997,tp,0.05826771653543048
XRPUSDT,1649771100000,1,0.714,0.7175699999999999,tp,0.09087685976574794
BTCUSDT,1649858400000,1,40272.0,40473.35999999999,tp,0.10287574689749913
ZECUSDT,1649859300000,1,148.48,149.22239999999996,tp,0.05954513575793792
ETHUSDT,1649862000000,1,3068.61,3083.9530499999996,tp,0.09277095906511736
SOLUSDT,1649865600000,1,105.08,105.60539999999999,tp,0.05003921568627359
XRPUSDT,1649897100000,1,0.7237,0.7273185,tp,0.0795277320153752
BNBUSDT,1649898900000,1,423.17,425.28585,tp,0.093364212848082
ETHUSDT,1649899800000,1,3115.0,3130.575,tp,0.08974933609689684
FILUSDT,1649900700000,1,19.595,19.692974999999997,tp,0.04403959067270508
NEARUSDT,1650209400000,-1,15.68,16.390987748851455,stop,-1.0219011345646458
DOGEUSDT,1650217500000,-1,0.1429,0.1421855,tp,0.12059109140806512
BTCUSDT,1650219300000,-1,40102.7,39902.186499999996,tp,0.1693174930038537
BNBUSDT,1650236400000,-1,413.32,411.2534,tp,0.17912628726287214
ZECUSDT,1650236400000,-1,143.13,142.41434999999998,tp,0.08933645589383409
ETHUSDT,1650237300000,-1,3029.76,3014.6112000000003,tp,0.12469916638329803
FILUSDT,1650237300000,-1,20.005,19.904975,tp,0.051502510621861126
ZECUSDT,1650260700000,-1,136.66,135.9767,tp,0.047139244921091804
NEARUSDT,1650328200000,-1,14.848,16.67137034282237,stop,-1.0086860038543606
NEARUSDT,1650520800000,-1,16.3,16.218500000000002,tp,0.05573921971252442
SOLUSDT,1650569400000,-1,105.22,104.6939,tp,0.050133524082021846
ETHUSDT,1650570300000,-1,3053.0,3037.735,tp,0.08190039300899948
NEARUSDT,1650571200000,-1,16.121,16.040395,tp,0.03667919371369936
ZECUSDT,1650574800000,-1,160.31,159.50845,tp,0.030316914852997007
FILUSDT,1650578400000,-1,18.904,18.80948,tp,0.042281411553157636
XRPUSDT,1650612600000,-1,0.729,0.725355,tp,0.056207631222157654
BTCUSDT,1650636900000,-1,40111.0,39910.445,tp,0.0978588700813369
ZECUSDT,1650636900000,-1,161.22,160.41389999999998,tp,0.0406648969788909
NEARUSDT,1650639600000,-1,15.2,15.123999999999999,tp,0.04231605351170601
XRPUSDT,1650639600000,-1,0.7188,0.715206,tp,0.0750458235140085
DOGEUSDT,1650641400000,-1,0.1354,0.13472299999999998,tp,0.06425062299750899
ETHUSDT,1650641400000,-1,2975.01,2960.13495,tp,0.07401046545027698
SOLUSDT,1650642300000,-1,100.06,99.5597,tp,0.05361211633829195
ZECUSDT,1650664800000,-1,157.52,156.7324,tp,0.04672016644375083
BNBUSDT,1650679200000,-1,404.52,402.49739999999997,tp,0.08570762464896971
ZECUSDT,1650683700000,-1,155.0,154.225,tp,0.0648928121059271
XRPUSDT,1650687300000,-1,0.7135,0.7099325,tp,0.08559062218214743
ETHUSDT,1650756600000,-1,2935.04,2920.3648,tp,0.11028683070476071
XRPUSDT,1650758400000,-1,0.7084,0.704858,tp,0.14436289500509986
FILUSDT,1650764700000,-1,19.0,18.905,tp,0.09134443639874375
DOGEUSDT,1650765600000,-1,0.13439,0.13371805,tp,0.1415782528371602
NEARUSDT,1650798900000,-1,15.142,15.066289999999999,tp,0.050391080046597266
BNBUSDT,1650798900000,-1,403.26,401.2437,tp,0.1654446161772294
DOGEUSDT,1650805200000,-1,0.13324,0.1325738,tp,0.14713255684969553
SOLUSDT,1650818700000,-1,99.23,98.73385,tp,0.07632637277648882
BTCUSDT,1650818700000,-1,39506.2,39308.668999999994,tp,0.17302188054405895
BNBUSDT,1650820500000,-1,400.0,398.0,tp,0.13655726495726495
FILUSDT,1650845700000,-1,18.79,18.69605,tp,0.06094401041666621
DOGEUSDT,1650846600000,-1,0.13073,0.13007635,tp,0.10186572989851775
XRPUSDT,1650846600000,-1,0.6937,0.6902315,tp,0.10337061894108764
ZECUSDT,1650847500000,-1,157.42,156.63289999999998,tp,0.04863858505934425
NEARUSDT,1650868200000,-1,14.026,13.955869999999999,tp,0.03947119123365183
XRPUSDT,1650868200000,-1,0.6685,0.6651575,tp,0.06632709113608022
ETHUSDT,1650869100000,-1,2838.65,2824.4567500000003,tp,0.08829216665888336
BTCUSDT,1650870900000,-1,38620.0,38426.9,tp,0.09580041064195303
DOGEUSDT,1650878100000,-1,0.12405,0.12342974999999999,tp,0.0507044567673035
ZECUSDT,1650878100000,-1,147.71,146.97145,tp,0.03958870967741948
XRPUSDT,1650970800000,-1,0.6779,0.6745104999999999,tp,0.08805717998700589
ETHUSDT,1650978900000,-1,2978.09,2963.1995500000003,tp,0.11717338685872794
BNBUSDT,1650978900000,-1,398.21,396.21894999999995,tp,0.14112825971261547
FILUSDT,1650981600000,-1,18.167,18.076165000000003,tp,0.08244452031409889
NEARUSDT,1650985200000,-1,13.949,13.879255,tp,0.04267095982827314
SOLUSDT,1650993300000,-1,96.65,96.16675000000001,tp,0.06372791811127619
XRPUSDT,1650993300000,-1,0.6538,0.6505310000000001,tp,0.06375579975579906
NEARUSDT,1651000500000,-1,13.136,13.070319999999999,tp,0.030950525445743535
BTCUSDT,1651000500000,-1,38336.2,38144.519,tp,0.06855622767368034
ZECUSDT,1651000500000,-1,150.05,149.29975000000002,tp,0.03644720043771626
ETHUSDT,1651003200000,-1,2832.34,2818.1783,tp,0.05562307275503733
DOGEUSDT,1651003200000,-1,0.14008,0.13937960000000002,tp,0.02465020032580429
BNBUSDT,1651003200000,-1,386.16,384.22920000000005,tp,0.07604952888362612
FILUSDT,1651003200000,-1,17.63,17.54185,tp,0.043608017817371406
DOGEUSDT,1651016700000,-1,0.13736,0.13667320000000002,tp,0.02818434890194817
SOLUSDT,1651020300000,-1,95.36,94.8832,tp,0.04776938569989902
ZECUSDT,1651020300000,-1,145.32,144.5934,tp,0.03454785004192069
NEARUSDT,1651118400000,-1,12.613,12.549935,tp,0.034197682344921584
DOGEUSDT,1651153500000,-1,0.13828,0.13758859999999998,tp,0.06868641419822596
SOLUSDT,1651153500000,-1,98.51,98.01745000000001,tp,0.0832571912013524
XRPUSDT,1651154400000,-1,0.6362,0.633019,tp,0.0493919843597261
BTCUSDT,1651156200000,-1,39141.0,38945.295,tp,0.103118973181897
NEARUSDT,1651158900000,-1,12.534,12.47133,tp,0.04552783109405031
ZECUSDT,1651160700000,-1,146.92,146.1854,tp,0.05479318734793172
BNBUSDT,1651194000000,-1,382.08,408.59512936000834,stop,-1.0146393920098116
ZECUSDT,1651200300000,-1,144.77,144.04615,tp,0.06153322700691106
BTCUSDT,1651228200000,-1,39249.6,39053.352,tp,0.12971604447974525
NEARUSDT,1651229100000,-1,12.01,11.94995,tp,0.05232894736842124
FILUSDT,1651229100000,-1,17.245,17.158775000000002,tp,0.043385516100292176
ZECUSDT,1651235400000,-1,137.58,136.8921,tp,0.05350654463143507
SOLUSDT,1651251600000,-1,95.03,94.55485,tp,0.05970083451424987
XRPUSDT,1651254300000,-1,0.612,0.60894,tp,0.060928016052168375
BTCUSDT,1651257900000,-1,38586.7,38393.7665,tp,0.06823722294596686
ZECUSDT,1651257900000,-1,130.21,129.55895,tp,0.0378146369853047
ETHUSDT,1651260600000,-1,2796.54,2782.5573,tp,0.051657387818728674
BNBUSDT,1651261500000,-1,392.98,391.0151,tp,0.07802542709574908
NEARUSDT,1651261500000,-1,11.367,11.310165000000001,tp,0.03436619718309831
BNBUSDT,1651328100000,-1,394.72,392.74640000000005,tp,0.16323821339950167
SOLUSDT,1651328100000,-1,93.37,92.90315000000001,tp,0.10122892876563269
ZECUSDT,1651330800000,-1,126.76,126.12620000000001,tp,0.05031783869686097
XRPUSDT,1651330800000,-1,0.615,0.6119249999999999,tp,0.08734896943852301
NEARUSDT,1651331700000,-1,11.158,11.10221,tp,0.03665104038161033
ETHUSDT,1651338000000,-1,2807.72,2793.6814,tp,0.14290351346530936
SOLUSDT,1651340700000,-1,90.84,90.3858,tp,0.07316797741480131
SOLUSDT,1651356000000,-1,90.21,89.75895,tp,0.06189740950420221
BNBUSDT,1651356000000,-1,390.0,388.05,tp,0.11638372527062259
FILUSDT,1651357800000,-1,17.2,17.114,tp,0.05100231015723886
DOGEUSDT,1651357800000,-1,0.1307,0.1300465,tp,0.06594114662607826
ZECUSDT,1651357800000,-1,123.46,122.8427,tp,0.04224688172043015
BTCUSDT,1651359600000,-1,38300.0,38108.5,tp,0.181387505336556
DOGEUSDT,1651437900000,-1,0.13007,0.12941965,tp,0.06324686396297582
NEARUSDT,1651486500000,-1,11.54,11.482299999999999,tp,0.031991666666667015
ZECUSDT,1651486500000,-1,119.59,118.99205,tp,0.05856334563345606
DOGEUSDT,1651491900000,-1,0.13069,0.13003655,tp,0.09736243238201799
ETHUSDT,1651498200000,-1,2800.54,2786.5373,tp,0.10591446390884257
FILUSDT,1651498200000,-1,14.696,14.62252,tp,0.06676288659793804
BNBUSDT,1651498200000,-1,386.26,384.32869999999997,tp,0.12729403995377392
SOLUSDT,1651514400000,-1,85.6,85.172,tp,0.04256812243374368
DOGEUSDT,1651515300000,-1,0.12857,0.12792715,tp,0.055714595532422376
DOGEUSDT,1651585500000,-1,0.13001,0.12935994999999997,tp,0.12830002467308485
ETHUSDT,1651600800000,-1,2814.0,2799.93,tp,0.1051793127360319
BTCUSDT,1651600800000,-1,38183.9,37992.9805,tp,0.06885002821989047
NEARUSDT,1651601700000,-1,11.67,11.61165,tp,0.043241436925648045
SOLUSDT,1651603500000,-1,86.09,85.65955000000001,tp,0.06431681681681585
ZECUSDT,1651603500000,-1,120.1,119.4995,tp,0.04577981651376124
DOGEUSDT,1651603500000,-1,0.12821,0.12756895,tp,0.0768634520054083
BNBUSDT,1651606200000,-1,383.01,381.09495,tp,0.07680779468635451
FILUSDT,1651606200000,-1,14.348,14.27626,tp,0.033443661971831046
XRPUSDT,1651608900000,-1,0.5988,0.595806,tp,0.0790089197224991
NEARUSDT,1651678200000,-1,11.971,11.911145,tp,0.03721820303383935
FILUSDT,1651742100000,-1,15.3,15.223500000000001,tp,0.07026740433379383
BNBUSDT,1651746600000,-1,399.22,410.3058306176677,stop,-1.0351611487248942
NEARUSDT,1651751100000,-1,12.619,12.555905,tp,0.058349007314525074
BTCUSDT,1651757400000,-1,39515.6,39318.022,tp,0.22609554906341467
SOLUSDT,1651758300000,-1,91.99,91.53004999999999,tp,0.08104868913857821
BNBUSDT,1651768200000,-1,381.0,379.09499999999997,tp,0.046833917481400256
ZECUSDT,1651773600000,-1,120.83,120.22585,tp,0.02621365566808256
ETHUSDT,1651777200000,-1,2718.89,2705.29555,tp,0.05067434900567801
NEARUSDT,1651824000000,-1,10.781,10.727095,tp,0.04042181957626324
FILUSDT,1651833900000,-1,13.626,13.55787,tp,0.04823592493297587
DOGEUSDT,1651835700000,-1,0.12621,0.12557895,tp,0.07631386861313824
ZECUSDT,1651835700000,-1,121.05,120.44475,tp,0.03860186736892491
ETHUSDT,1651835700000,-1,2692.53,2679.0673500000003,tp,0.08958309375598927
SOLUSDT,1651835700000,-1,81.34,80.9333,tp,0.05681889763779521
ZECUSDT,1651891500000,-1,121.56,120.9522,tp,0.048203295612467514
SOLUSDT,1651894200000,-1,80.93,80.52535,tp,0.07445289103893202
NEARUSDT,1651894200000,-1,10.555,10.502225,tp,0.04412067696835944
FILUSDT,1651896000000,-1,13.671,13.602644999999999,tp,0.0561857788738186
ETHUSDT,1651898700000,-1,2668.5,2655.1575,tp,0.1060276966481903
BNBUSDT,1651928400000,-1,374.75,372.87624999999997,tp,0.11626989673111417
ZECUSDT,1651928400000,-1,118.22,117.6289,tp,0.04203389830508452
XRPUSDT,1651955400000,-1,0.5922,0.589239,tp,0.05111255130697754
BTCUSDT,1651957200000,-1,35550.0,35372.25,tp,0.06035503059215698
NEARUSDT,1651957200000,-1,10.547,10.494265,tp,0.05922048684395693
DOGEUSDT,1651959900000,-1,0.12701,0.12637495,tp,0.05844275512554688
ZECUSDT,1651973400000,-1,111.72,111.1614,tp,0.04670864819479415
SOLUSDT,1651974300000,-1,78.2,77.809,tp,0.06293689320388429
ETHUSDT,1651974300000,-1,2610.0,2596.95,tp,0.09179122245443408
FILUSDT,1651975200000,-1,13.089,13.023555,tp,0.04973199809251342
BNBUSDT,1651977000000,-1,359.75,357.95125,tp,0.06945340111353131
BTCUSDT,1651977000000,-1,34611.7,34438.6415,tp,0.06656620332279578
NEARUSDT,1651978800000,-1,10.05,9.99975,tp,0.035580624944041614
BNBUSDT,1652029200000,-1,353.33,351.56334999999996,tp,0.08625137412971892
ZECUSDT,1652032800000,-1,110.84,110.28580000000001,tp,0.042331511839708125
BTCUSDT,1652047200000,-1,34256.5,34085.2175,tp,0.0912042699281201
BTCUSDT,1652064300000,-1,33665.0,33496.675,tp,0.07995923694419976
FILUSDT,1652064300000,-1,12.846,12.78177,tp,0.05241082410824129
BNBUSDT,1652074200000,-1,349.01,347.26495,tp,0.09199947278239033
XRPUSDT,1652082300000,-1,0.5574,0.554613,tp,0.05584715937657075
FILUSDT,1652089500000,-1,12.509,12.446455,tp,0.04252631578947376
SOLUSDT,1652091300000,-1,73.67,73.30165,tp,0.04200600085726613
BTCUSDT,1652094000000,-1,33100.0,32934.5,tp,0.06951140270636835
ETHUSDT,1652094000000,-1,2400.5,2388.4975,tp,0.05740268142769895
NEARUSDT,1652094900000,-1,10.807,10.752965,tp,0.025432709290003894
SOLUSDT,1652106600000,-1,70.5,70.1475,tp,0.03499937926753628
BNBUSDT,1652109300000,-1,326.82,325.1859,tp,0.0428115770821026
BTCUSDT,1652111100000,-1,32365.8,32203.970999999998,tp,0.047955434237647344
DOGEUSDT,1652112000000,-1,0.11395,0.11338025,tp,0.03719849451808175
XRPUSDT,1652113800000,-1,0.5246,0.5219769999999999,tp,0.03579450418160152
NEARUSDT,1652117400000,-1,10.667,10.613665,tp,0.018486312399356063
ETHUSDT,1652118300000,-1,2344.0,2332.28,tp,0.03644767999373705
FILUSDT,1652118300000,-1,11.809,11.749955,tp,0.02623501199040738
ZECUSDT,1652122800000,-1,94.01,93.53995,tp,0.021049994305887738
BNBUSDT,1652123700000,-1,305.59,304.06205,tp,0.028503925868288454
SOLUSDT,1652124600000,-1,64.83,64.50585,tp,0.01945148651763098
BNBUSDT,1652140800000,-1,300.61,299.10695000000004,tp,0.0250082296810213
NEARUSDT,1652140800000,-1,9.714,9.66543,tp,0.013616539224015796
BTCUSDT,1652140800000,-1,30300.0,30148.5,tp,0.02462408084861683
FILUSDT,1652141700000,-1,11.061,11.005695,tp,0.01628031145717481
SOLUSDT,1652141700000,-1,62.77,62.45615,tp,0.014214894956780688
SOLUSDT,1652214600000,-1,67.05,66.71475,tp,0.021183741383408724
NEARUSDT,1652216400000,-1,9.67,9.62165,tp,0.020073877529784824
FILUSDT,1652218200000,-1,11.23,11.17385,tp,0.022900326797385843
ETHUSDT,1652218200000,-1,2320.39,2308.7880499999997,tp,0.036654811583207506
BNBUSDT,1652220900000,-1,314.1,312.52950000000004,tp,0.039049851539302516
BTCUSDT,1652220900000,-1,30678.0,30524.61,tp,0.04282323285369163
XRPUSDT,1652220900000,-1,0.5059,0.5033705,tp,0.03742103307320643
DOGEUSDT,1652251500000,-1,0.10417,0.10364915,tp,0.0182910595430834
ZECUSDT,1652253300000,-1,87.78,87.3411,tp,0.020153322958095743
SOLUSDT,1652254200000,-1,63.12,62.804399999999994,tp,0.02073260073260095
ZECUSDT,1652274900000,-1,84.08,83.6596,tp,0.014129479377958106
ETHUSDT,1652275800000,-1,2250.0,2238.75,tp,0.022134918451962558
BTCUSDT,1652275800000,-1,30000.0,29850.0,tp,0.026682057341647934
NEARUSDT,1652276700000,-1,7.665,7.626675,tp,0.007584032994550082
XRPUSDT,1652277600000,-1,0.4883,0.4858585,tp,0.02443422733077893
FILUSDT,1652277600000,-1,10.074,10.023629999999999,tp,0.016130342922152093
DOGEUSDT,1652277600000,-1,0.1,0.0995,tp,0.01962000208790065
BNBUSDT,1652283000000,-1,295.93,294.45035,tp,0.027604728132387554
ETHUSDT,1652299200000,-1,2120.0,2109.4,tp,0.01471270381939528
BNBUSDT,1652303700000,-1,270.0,268.65,tp,0.020073739653875412
BTCUSDT,1652303700000,-1,28870.0,28725.65,tp,0.019832843849399005
SOLUSDT,1652306400000,-1,46.85,46.61575,tp,0.007002255093070454
FILUSDT,1652321700000,-1,8.268,8.22666,tp,0.0109877780004007
XRPUSDT,1652322600000,-1,0.3987,0.3967065,tp,0.010469344608879393
ZECUSDT,1652323500000,-1,76.75,76.36625,tp,0.011096916299559651
BNBUSDT,1652327100000,-1,259.46,258.1627,tp,0.023582192252115962
NEARUSDT,1652327100000,-1,5.902,5.87249,tp,0.008655667583256994
DOGEUSDT,1652329800000,-1,0.07804,0.07764979999999999,tp,0.01137113169189088
SOLUSDT,1652334300000,-1,42.22,42.0089,tp,0.007352309344790611
BTCUSDT,1652334300000,-1,27008.3,26873.2585,tp,0.021372701865879508
ZECUSDT,1652344200000,-1,71.22,70.8639,tp,0.010855240500516526
BNBUSDT,1652410800000,-1,225.5,304.2319227028005,stop,-1.0036709420606764
NEARUSDT,1652461200000,-1,6.916,6.88142,tp,0.016433499881037383
BTCUSDT,1652462100000,-1,30153.0,30002.235,tp,0.05034321589631503
XRPUSDT,1652462100000,-1,0.4308,0.428646,tp,0.02792341678939604
BNBUSDT,1652463900000,-1,295.54,294.0623,tp,0.031448298008992286
ZECUSDT,1652464800000,-1,92.56,92.0972,tp,0.017749603803486586
SOLUSDT,1652484600000,-1,49.62,49.3719,tp,0.019054250072526896
ETHUSDT,1652503500000,-1,2028.06,2017.9197,tp,0.04013905954985477
BNBUSDT,1652514300000,-1,288.15,286.70925,tp,0.045139497257408345
BTCUSDT,1652526000000,-1,29350.0,29203.25,tp,0.047269153776160124
XRPUSDT,1652526000000,-1,0.4194,0.417303,tp,0.04818652849740966
NEARUSDT,1652526000000,-1,6.201,6.169994999999999,tp,0.014342870434985066
BNBUSDT,1652526900000,-1,282.08,280.6696,tp,0.05064937404305089
SOLUSDT,1652527800000,-1,48.2,47.959,tp,0.02470088768815125
ZECUSDT,1652528700000,-1,92.67,92.20665,tp,0.02578650511802829
DOGEUSDT,1652529600000,-1,0.08716,0.0867242,tp,0.03623252391464315
SOLUSDT,1652683500000,-1,54.0,53.73,tp,0.02773892773892808
NEARUSDT,1652683500000,-1,6.704,6.6704799999999995,tp,0.02757425742574278
SOLUSDT,1652715000000,-1,52.51,52.24745,tp,0.024942693409741874
NEARUSDT,1652717700000,-1,6.52,6.487399999999999,tp,0.025926814637072935
NEARUSDT,1652800500000,-1,6.668,6.63466,tp,0.03703209670696116
XRPUSDT,1652800500000,-1,0.4273,0.4251635,tp,0.06151843817787384
ZECUSDT,1652803200000,-1,103.81,103.29095,tp,0.040522644660576264
ETHUSDT,1652804100000,-1,2050.0,2039.75,tp,0.06448005799019851
DOGEUSDT,1652804100000,-1,0.08856,0.08811719999999999,tp,0.056120634920635876
BNBUSDT,1652804100000,-1,301.33,299.82335,tp,0.06922952710495839
NEARUSDT,1652814900000,-1,6.53,6.49735,tp,0.02925311203319531
ZECUSDT,1652872500000,-1,108.12,107.5794,tp,0.03568033126293979
SOLUSDT,1652875200000,-1,53.95,53.68025,tp,0.028429664819213708
NEARUSDT,1652877900000,-1,6.33,6.29835,tp,0.04786636294608955
XRPUSDT,1652877900000,-1,0.4213,0.4191935,tp,0.04976042590949452
BNBUSDT,1652881500000,-1,296.76,295.2762,tp,0.07517552212276887
BTCUSDT,1652884200000,-1,29280.0,29133.6,tp,0.04644761166438115
ZECUSDT,1652886000000,-1,104.84,104.3158,tp,0.03251308491524146
DOGEUSDT,1652886000000,-1,0.0858,0.085371,tp,0.05813929842399571
FILUSDT,1652886900000,-1,7.685,7.6465749999999995,tp,0.01628354322758921
ZECUSDT,1652917500000,-1,100.02,99.51989999999999,tp,0.0320567375886527
DOGEUSDT,1652917500000,-1,0.0841,0.08367949999999999,tp,0.058130841121495753
ETHUSDT,1652923800000,-1,1935.02,1925.3449,tp,0.05243682814938984
NEARUSDT,1652923800000,-1,5.86,5.8307,tp,0.03072646210333083
FILUSDT,1652923800000,-1,7.623,7.584885,tp,0.03636978035240202
BNBUSDT,1652924700000,-1,288.4,286.95799999999997,tp,0.05831437383083118
XRPUSDT,1652927400000,-1,0.3993,0.3973035,tp,0.04401780745687283
NEARUSDT,1652951700000,-1,5.639,5.610805,tp,0.028105407768203045
SOLUSDT,1652952600000,-1,49.34,49.093300000000006,tp,0.030345042935206495
DOGEUSDT,1653057900000,-1,0.08522,0.0847939,tp,0.06725083876060764
XRPUSDT,1653057900000,-1,0.4188,0.416706,tp,0.05751633986928067
NEARUSDT,1653060600000,-1,5.758,5.72921,tp,0.028967082860385764
SOLUSDT,1653063300000,-1,49.41,49.162949999999995,tp,0.03162984309958394
ZECUSDT,1653065100000,-1,101.51,101.00245000000001,tp,0.028194762797804824
BTCUSDT,1653067800000,-1,28856.3,28712.0185,tp,0.06232967175609709
XRPUSDT,1653333300000,-1,0.4107,0.4086465,tp,0.0976428571428563
ZECUSDT,1653336000000,-1,101.77,101.26115,tp,0.041174921503088845
BNBUSDT,1653336000000,-1,325.05,323.42475,tp,0.05190031152647961
XRPUSDT,1653346800000,-1,0.407,0.40496499999999996,tp,0.062298850574712863
BNBUSDT,1653349500000,-1,318.11,316.51945,tp,0.055010635065330056
ZECUSDT,1653393600000,-1,97.28,96.7936,tp,0.043927189988623695
XRPUSDT,1653398100000,-1,0.4032,0.401184,tp,0.07243243243243339
NEARUSDT,1653399900000,-1,5.729,5.700355,tp,0.051969076853115075
ETHUSDT,1653400800000,-1,1930.0,1920.35,tp,0.053242869394417684
BNBUSDT,1653401700000,-1,316.99,315.40505,tp,0.05763135110503482
BTCUSDT,1653403500000,-1,29100.8,28955.296,tp,0.11888252325509836
FILUSDT,1653412500000,-1,8.198,8.15701,tp,0.04205128205128285
SOLUSDT,1653465600000,-1,48.61,48.366949999999996,tp,0.04854752851711105
XRPUSDT,1653470100000,-1,0.4035,0.4014825,tp,0.08624798711755266
FILUSDT,1653477300000,-1,8.206,8.16497,tp,0.049229843561972624
BNBUSDT,1653478200000,-1,327.12,325.4844,tp,0.0725383077948037
NEARUSDT,1653478200000,-1,5.714,5.68543,tp,0.03969396626673658
BTCUSDT,1653479100000,-1,29539.3,29391.603499999997,tp,0.10820910290237587
ZECUSDT,1653500700000,-1,97.09,96.60455,tp,0.0466089049338147
ETHUSDT,1653542100000,-1,1939.29,1929.59355,tp,0.09514745571421468
SOLUSDT,1653542100000,-1,47.8,47.561,tp,0.06489795918367303
ZECUSDT,1653550200000,-1,88.11,87.66945,tp,0.03945770308123272
FILUSDT,1653554700000,-1,7.769,7.730155,tp,0.04285556476111601
FILUSDT,1653571800000,-1,7.484,7.44658,tp,0.03153546211402676
BNBUSDT,1653608700000,-1,305.5,303.9725,tp,0.03852444952816633
ETHUSDT,1653609600000,-1,1794.1,1785.1295,tp,0.04040467492858966
NEARUSDT,1653612300000,-1,5.15,5.12425,tp,0.026619937694704436
SOLUSDT,1653613200000,-1,43.07,42.85465,tp,0.026333641689793495
FILUSDT,1653618600000,-1,7.464,7.42668,tp,0.04152941176470614
DOGEUSDT,1653629400000,-1,0.07647,0.07608764999999999,tp,0.04191902384914074
ZECUSDT,1653629400000,-1,83.14,82.7243,tp,0.02383107088989446
SOLUSDT,1653631200000,-1,40.84,40.6358,tp,0.02676543209876544
NEARUSDT,1653631200000,-1,4.869,4.8446549999999995,tp,0.024978188350013114
BTCUSDT,1653671700000,-1,28660.0,28516.7,tp,0.06260867636867605
XRPUSDT,1653675300000,-1,0.3813,0.3793935,tp,0.04358226037195937
ETHUSDT,1653676200000,-1,1726.86,1718.2257,tp,0.04060783828674382
FILUSDT,1653678000000,-1,7.212,7.17594,tp,0.03232610659439927
NEARUSDT,1653678000000,-1,4.75,4.72625,tp,0.023940899248503067
SOLUSDT,1653799500000,-1,42.12,41.9094,tp,0.045576349335502975
XRPUSDT,1653876900000,-1,0.3814,0.4018213975808572,stop,-1.0186926642111716
FILUSDT,1653879600000,-1,7.363,7.894535371253406,stop,-1.0141097074781784
ZECUSDT,1653945300000,-1,83.44,98.09333613445375,stop,-1.0063595531060407
DOGEUSDT,1654003800000,-1,0.08531,0.08488345,tp,0.06913369851896911
BTCUSDT,1654005600000,-1,31431.6,31274.442,tp,0.10932566549034917
FILUSDT,1654005600000,-1,7.97,7.930149999999999,tp,0.04299186991869975
NEARUSDT,1654009200000,-1,5.97,5.94015,tp,0.030451911935109804
SOLUSDT,1654009200000,-1,45.84,45.610800000000005,tp,0.042838095238095016
ETHUSDT,1654010100000,-1,1955.55,1945.77225,tp,0.07610476330347049
NEARUSDT,1654046100000,-1,5.831,5.801845,tp,0.02824215900802363
SOLUSDT,1654054200000,-1,45.05,44.824749999999995,tp,0.050284757118928575
BTCUSDT,1654092900000,-1,31562.0,31404.19,tp,0.12153691689836396
NEARUSDT,1654095600000,-1,5.672,5.6436399999999995,tp,0.031808720112517744
FILUSDT,1654095600000,-1,7.838,7.7988100000000005,tp,0.04423388817754969
ETHUSDT,1654095600000,-1,1912.69,1903.12655,tp,0.06800656392694132
DOGEUSDT,1654096500000,-1,0.08516,0.0847342,tp,0.052192578963508714
XRPUSDT,1654101000000,-1,0.4069,0.4048655,tp,0.0734236675700088
SOLUSDT,1654110900000,-1,41.16,40.95419999999999,tp,0.03206701733878881
ETHUSDT,1654111800000,-1,1826.0,1816.87,tp,0.04289328874497988
BTCUSDT,1654114500000,-1,30052.0,29901.74,tp,0.06572189501200297
XRPUSDT,1654115400000,-1,0.3988,0.396806,tp,0.058211025921869115
NEARUSDT,1654131600000,-1,5.235,5.208825,tp,0.02838251366120252
SOLUSDT,1654138800000,-1,39.36,39.163199999999996,tp,0.029933371406815696
ETHUSDT,1654177500000,-1,1798.15,1789.1592500000002,tp,0.07127748846897729
FILUSDT,1654241400000,-1,7.576,7.538119999999999,tp,0.07897516339869348
NEARUSDT,1654246800000,-1,5.405,5.377975,tp,0.045583756345177646
DOGEUSDT,1654247700000,-1,0.0817,0.08129149999999999,tp,0.1075362318840588
XRPUSDT,1654250400000,-1,0.4,0.398,tp,0.09917910447761226
BTCUSDT,1654251300000,-1,30256.9,30105.6155,tp,0.13836395060032883
SOLUSDT,1654252200000,-1,38.79,38.59605,tp,0.047980173482032276
ETHUSDT,1654256700000,-1,1772.37,1763.50815,tp,0.08146175860590703
BNBUSDT,1654267500000,-1,296.53,295.04735,tp,0.039915369915369384
DOGEUSDT,1654309800000,-1,0.07977,0.07937114999999999,tp,0.0656175134242056
BNBUSDT,1654394400000,-1,297.03,295.54485,tp,0.11556724121141049
ZECUSDT,1654488000000,-1,87.61,93.82405214285714,stop,-1.0143437562940583
BTCUSDT,1654488000000,-1,29417.7,31352.820898880607,stop,-1.015391896119341
FILUSDT,1654497900000,-1,7.271,7.76784497515185,stop,-1.014852626262627
NEARUSDT,1654505100000,-1,5.152,5.674355555555556,stop,-1.0103198630136996
DOGEUSDT,1654507800000,-1,0.08065,0.08418668852306548,stop,-1.0226136267232244
BNBUSDT,1654531200000,-1,304.5,302.9775,tp,0.08184810468096455
NEARUSDT,1654532100000,-1,5.488,5.46056,tp,0.045049261083744505
FILUSDT,1654533000000,-1,7.573,7.535135,tp,0.06486718080548418
DOGEUSDT,1654533900000,-1,0.08236,0.0819482,tp,0.07581952117863802
NEARUSDT,1654560900000,-1,5.37,5.3431500000000005,tp,0.045228758169934
SOLUSDT,1654560900000,-1,41.5,41.2925,tp,0.034945147679325425
BNBUSDT,1654563600000,-1,286.8,285.366,tp,0.04888260497000955
BNBUSDT,1654581600000,-1,282.05,280.63975,tp,0.04750423011844402
ZECUSDT,1654604100000,-1,90.05,89.59975,tp,0.056709260135667634
FILUSDT,1654734600000,-1,7.13,7.0943499999999995,tp,0.04979835174469625
DOGEUSDT,1654820100000,-1,0.07872,0.0783264,tp,0.06336769759450105
XRPUSDT,1654877700000,-1,0.3846,0.382677,tp,0.054992846924177656
BNBUSDT,1654952400000,-1,276.09,274.70955,tp,0.05591325595601673
FILUSDT,1654999200000,-1,6.049,6.0187550000000005,tp,0.05274035317200766
DOGEUSDT,1655000100000,-1,0.06782,0.06748090000000001,tp,0.053954599761050506
SOLUSDT,1655000100000,-1,33.13,32.96435,tp,0.03761619617907032
ZECUSDT,1655005500000,-1,77.2,76.81400000000001,tp,0.04022869299295262
ETHUSDT,1655011800000,-1,1444.05,1436.8297499999999,tp,0.041389635812162914
FILUSDT,1655011800000,-1,5.63,5.60185,tp,0.03278726821433799
SOLUSDT,1655076600000,-1,31.32,31.1634,tp,0.02794249775381869
BTCUSDT,1655078400000,-1,26850.0,26715.75,tp,0.06296832186255003
FILUSDT,1655078400000,-1,5.75,5.72125,tp,0.04396251673360053
NEARUSDT,1655079300000,-1,3.703,3.684485,tp,0.03159922928709028
BNBUSDT,1655080200000,-1,252.87,251.60565,tp,0.040871533672892216
DOGEUSDT,1655082900000,-1,0.06279,0.06247605,tp,0.030564717641179486
XRPUSDT,1655083800000,-1,0.3393,0.3376035,tp,0.04037170263788943
SOLUSDT,1655095500000,-1,28.67,28.52665,tp,0.022860591430295972
ETHUSDT,1655099100000,-1,1335.0,1328.325,tp,0.027624817472892586
BTCUSDT,1655099100000,-1,25318.7,25192.1065,tp,0.0388345101483439
XRPUSDT,1655100900000,-1,0.3241,0.3224795,tp,0.028406943528895202
DOGEUSDT,1655101800000,-1,0.05867,0.05837665,tp,0.017597338776744402
NEARUSDT,1655104500000,-1,3.328,3.3113599999999996,tp,0.018338870431893924
ZECUSDT,1655107200000,-1,69.93,69.58035000000001,tp,0.018569706709521745
BNBUSDT,1655107200000,-1,234.55,233.37725,tp,0.025507007871856262
BTCUSDT,1655111700000,-1,24388.8,24266.856,tp,0.026547508243621207
ETHUSDT,1655111700000,-1,1234.56,1228.3872,tp,0.01730691833374598
FILUSDT,1655118900000,-1,5.229,5.2028550000000005,tp,0.022696999670293108
SOLUSDT,1655118900000,-1,26.79,26.65605,tp,0.01705547421506409
BTCUSDT,1655128800000,-1,23464.3,23346.978499999997,tp,0.026209178873807675
BNBUSDT,1655131500000,-1,218.59,217.49705,tp,0.022006394280391764
ZECUSDT,1655132400000,-1,64.65,64.32675,tp,0.016487317448116916
BTCUSDT,1655165700000,-1,22550.4,22437.648,tp,0.028196792082099444
DOGEUSDT,1655170200000,-1,0.05224,0.0519788,tp,0.02642341315089351
ETHUSDT,1655171100000,-1,1151.82,1146.0609,tp,0.023079089674389652
XRPUSDT,1655171100000,-1,0.3007,0.29919650000000003,tp,0.03016327555890462
SOLUSDT,1655172900000,-1,26.23,26.09885,tp,0.018374583113919832
DOGEUSDT,1655241300000,-1,0.05452,0.0542474,tp,0.03239033124440442
SOLUSDT,1655244900000,-1,28.34,28.1983,tp,0.02011045786566901
ZECUSDT,1655245800000,-1,61.47,61.16265,tp,0.029703353916939044
BNBUSDT,1655245800000,-1,217.79,216.70104999999998,tp,0.03467306538692296
BTCUSDT,1655269200000,-1,21350.0,21243.25,tp,0.037088419692286184
BNBUSDT,1655270100000,-1,212.25,211.18875,tp,0.0382750203417413
ZECUSDT,1655270100000,-1,60.6,60.297000000000004,tp,0.030247561890472358
DOGEUSDT,1655270100000,-1,0.05231,0.05204845,tp,0.029845626072041075
FILUSDT,1655271000000,-1,5.121,5.095395000000001,tp,0.030648022853705846
XRPUSDT,1655271900000,-1,0.3049,0.3033755,tp,0.040374832663988926
SOLUSDT,1655273700000,-1,27.97,27.83015,tp,0.023016666666666546
BTCUSDT,1655282700000,-1,20617.2,20514.114,tp,0.03177625437003163
NEARUSDT,1655282700000,-1,3.105,3.0894749999999997,tp,0.02620453572956822
ZECUSDT,1655282700000,-1,58.43,58.13785,tp,0.02752505600754622
BNBUSDT,1655284500000,-1,202.07,201.05965,tp,0.03140305522914185
FILUSDT,1655366400000,-1,5.563,5.535184999999999,tp,0.044385648426538964
DOGEUSDT,1655370000000,-1,0.05761,0.05732195,tp,0.04092592592592561
ZECUSDT,1655370000000,-1,64.98,64.6551,tp,0.03329983249581232
SOLUSDT,1655373600000,-1,31.57,31.41215,tp,0.030492838067492103
NEARUSDT,1655378100000,-1,3.323,3.306385,tp,0.032072072072071765
BTCUSDT,1655379900000,-1,21038.0,20932.81,tp,0.0524151052032087
BNBUSDT,1655379900000,-1,215.13,214.05435,tp,0.044737171464330275
ETHUSDT,1655379900000,-1,1106.0,1100.47,tp,0.034022103717443256
SOLUSDT,1655389800000,-1,30.7,30.546499999999998,tp,0.022334431028174347
ZECUSDT,1655396100000,-1,61.3,60.9935,tp,0.026007232503722607
FILUSDT,1655411400000,-1,5.308,5.28146,tp,0.032683002003390096
ZECUSDT,1655411400000,-1,60.77,60.466150000000006,tp,0.026455793520043656
BTCUSDT,1655415900000,-1,20739.0,20635.305,tp,0.040206688000939315
NEARUSDT,1655418600000,-1,3.224,3.2078800000000003,tp,0.029031821259309264
DOGEUSDT,1655419500000,-1,0.05516,0.0548842,tp,0.028137931034482734
XRPUSDT,1655420400000,-1,0.3114,0.30984300000000004,tp,0.03976989453499461
SOLUSDT,1655422200000,-1,30.02,29.869899999999998,tp,0.02112471172609571
BNBUSDT,1655425800000,-1,211.32,210.2634,tp,0.03959343828298603
XRPUSDT,1655492400000,-1,0.3188,0.317206,tp,0.04803921568627399
ZECUSDT,1655515800000,-1,61.78,61.4711,tp,0.032760540970564994
BNBUSDT,1655517600000,-1,212.62,211.5569,tp,0.06241229042026692
FILUSDT,1655517600000,-1,5.285,5.258575,tp,0.06224586288416004
NEARUSDT,1655536500000,-1,3.248,3.2317600000000004,tp,0.04368048533872552
BTCUSDT,1655575200000,-1,18690.0,18596.55,tp,0.052428869279532074
BNBUSDT,1655577900000,-1,193.3,192.33350000000002,tp,0.04644685990338135
DOGEUSDT,1655577900000,-1,0.05159,0.05133205,tp,0.034891730605285616
XRPUSDT,1655582400000,-1,0.2968,0.295316,tp,0.05267643142476642
FILUSDT,1655583300000,-1,4.969,4.944155,tp,0.04432819137044498
NEARUSDT,1655583300000,-1,2.983,2.968085,tp,0.03734841344643478
ZECUSDT,1655751600000,-1,64.99,64.66505,tp,0.029134636997078064
FILUSDT,1655766000000,-1,5.412,5.38494,tp,0.042306178669814475
BNBUSDT,1655822700000,-1,205.14,228.10684784728656,stop,-1.0094354047580167
NEARUSDT,1655843400000,-1,3.493,3.475535,tp,0.03307198859586614
SOLUSDT,1655846100000,-1,36.49,36.30755,tp,0.029213664847382727
BTCUSDT,1655849700000,-1,20841.3,20737.0935,tp,0.051708846137035004
BNBUSDT,1655856000000,-1,218.53,217.43735,tp,0.05982115834365067
XRPUSDT,1655862300000,-1,0.3258,0.324171,tp,0.05817363922627063
ETHUSDT,1655862300000,-1,1112.89,1107.32555,tp,0.04745398740201341
NEARUSDT,1655862300000,-1,3.456,3.43872,tp,0.03774308408655157
BTCUSDT,1655864100000,-1,20444.0,20341.78,tp,0.052272261502203626
DOGEUSDT,1655868600000,-1,0.0635,0.0631825,tp,0.027994266181497227
SOLUSDT,1655871300000,-1,34.99,34.81505,tp,0.028667901997117964
FILUSDT,1655872200000,-1,5.606,5.57797,tp,0.030606060606060848
ZECUSDT,1655878500000,-1,63.7,63.3815,tp,0.03229946524064167
NEARUSDT,1655881200000,-1,3.32,3.3034,tp,0.03263001485884093
FILUSDT,1655887500000,-1,5.521,5.493395,tp,0.03479226133840829
DOGEUSDT,1655913600000,-1,0.06136,0.061053199999999995,tp,0.03219422572178511
ETHUSDT,1655929800000,-1,1065.5,1060.1725,tp,0.03745616589455184
NEARUSDT,1655933400000,-1,3.287,3.270565,tp,0.03572285870158201
ZECUSDT,1656159300000,-1,68.42,68.0779,tp,0.05086502609992594
ETHUSDT,1656164700000,-1,1203.34,1197.3233,tp,0.0589635657481034
XRPUSDT,1656171900000,-1,0.3561,0.3543195,tp,0.04183583406884415
SOLUSDT,1656176400000,-1,40.01,39.80995,tp,0.04071519795657675
DOGEUSDT,1656242100000,-1,0.06567,0.07228054173693085,stop,-1.0103874262326291
ETHUSDT,1656255600000,-1,1227.07,1220.93465,tp,0.056297061287250344
SOLUSDT,1656259200000,-1,40.54,40.3373,tp,0.0425905366111551
XRPUSDT,1656263700000,-1,0.3635,0.36168249999999996,tp,0.06570652173913138
NEARUSDT,1656264600000,-1,4.008,3.98796,tp,0.03367801597309766
ZECUSDT,1656282600000,-1,65.0,64.675,tp,0.03880095923261433
NEARUSDT,1656285300000,-1,3.867,3.847665,tp,0.03695485110470678
SOLUSDT,1656286200000,-1,39.56,39.3622,tp,0.0398085159989924
ETHUSDT,1656288900000,-1,1204.13,1198.1093500000002,tp,0.05704524865302951
BTCUSDT,1656291600000,-1,21028.2,20923.059,tp,0.09219491273794962
BNBUSDT,1656338400000,-1,232.25,231.08875,tp,0.0642984658298465
ZECUSDT,1656342000000,-1,64.17,63.84915,tp,0.05533723704185622
DOGEUSDT,1656352800000,-1,0.07147,0.07111265,tp,0.035540574282147956
NEARUSDT,1656376200000,-1,3.69,3.67155,tp,0.040438596491228225
ZECUSDT,1656380700000,-1,61.74,61.4313,tp,0.04353813559322048
ETHUSDT,1656382500000,-1,1172.14,1166.2793000000001,tp,0.05094018209705277
ZECUSDT,1656431100000,-1,60.75,60.44625,tp,0.0456809631301732
NEARUSDT,1656432000000,-1,3.562,3.54419,tp,0.0378220451527222
DOGEUSDT,1656432900000,-1,0.06919,0.06884405,tp,0.04162808291723382
FILUSDT,1656435600000,-1,5.65,5.6217500000000005,tp,0.04552865213882149
ETHUSDT,1656439200000,-1,1178.8,1172.906,tp,0.05690068472398964
BTCUSDT,1656439200000,-1,20633.6,20530.431999999997,tp,0.08521392418138726
BNBUSDT,1656442800000,-1,233.47,232.30265,tp,0.050276517606394455
SOLUSDT,1656443700000,-1,36.2,36.019000000000005,tp,0.03334263133426263
XRPUSDT,1656446400000,-1,0.3399,0.33820049999999996,tp,0.061591632560255426
DOGEUSDT,1656454500000,-1,0.06717,0.06683415,tp,0.03857677902621711
ETHUSDT,1656457200000,-1,1152.0,1146.24,tp,0.05889997441800956
ZECUSDT,1656459000000,-1,58.81,58.515950000000004,tp,0.046194968553458914
NEARUSDT,1656460800000,-1,3.398,3.3810100000000003,tp,0.039824098504836966
BNBUSDT,1656476100000,-1,224.87,223.74565,tp,0.06029955000335783
XRPUSDT,1656481500000,-1,0.3345,0.3328275,tp,0.05326961369972179
ZECUSDT,1656482400000,-1,58.37,58.078149999999994,tp,0.045790610881949155
ETHUSDT,1656500400000,-1,1121.0,1115.395,tp,0.05140173178070245
SOLUSDT,1656501300000,-1,34.69,34.516549999999995,tp,0.03729032258064574
BTCUSDT,1656501300000,-1,20020.0,19919.9,tp,0.08117170483460424
XRPUSDT,1656503100000,-1,0.3265,0.32486750000000003,tp,0.06263208453410118
BNBUSDT,1656522000000,-1,216.97,215.88515,tp,0.05424402515723229
ZECUSDT,1656549000000,-1,57.19,56.90405,tp,0.03347417840375583
NEARUSDT,1656549900000,-1,3.352,3.3352399999999998,tp,0.03838487972508608
SOLUSDT,1656549900000,-1,33.59,33.422050000000006,tp,0.03137696457893458
FILUSDT,1656558900000,-1,5.356,5.32922,tp,0.043248071457571285
ETHUSDT,1656569700000,-1,1085.6,1080.1719999999998,tp,0.05193585090965787
SOLUSDT,1656570600000,-1,32.38,32.2181,tp,0.03756097560975675
DOGEUSDT,1656576000000,-1,0.06476,0.0644362,tp,0.04418461538461534
ZECUSDT,1656581400000,-1,52.36,52.0982,tp,0.03280891819751937
BTCUSDT,1656581400000,-1,19089.9,18994.450500000003,tp,0.07425373279604316
NEARUSDT,1656581400000,-1,3.162,3.14619,tp,0.039685830977065906
ETHUSDT,1656584100000,-1,1027.24,1022.1038,tp,0.04770708845928564
FILUSDT,1656595800000,-1,5.106,5.08047,tp,0.04297046413502081
SOLUSDT,1656597600000,-1,31.16,31.0042,tp,0.03360998101437467
BTCUSDT,1656621000000,-1,18902.0,18807.49,tp,0.052156675059476895
ETHUSDT,1656621900000,-1,1011.12,1006.0644,tp,0.038561789088105106
BNBUSDT,1656688500000,-1,215.55,214.47225,tp,0.055703241733255866
ZECUSDT,1656724500000,-1,52.6,52.337,tp,0.04358845671267227
BTCUSDT,1656732600000,-1,19188.4,19092.458000000002,tp,0.07134833342638526
FILUSDT,1656732600000,-1,5.25,5.22375,tp,0.0473893405600724
SOLUSDT,1656753300000,-1,32.14,31.979300000000002,tp,0.03284026707755487
FILUSDT,1656823500000,-1,5.28,5.2536000000000005,tp,0.08328983788058461
BTCUSDT,1656823500000,-1,19043.6,18948.381999999998,tp,0.11291318022669389
ETHUSDT,1656935100000,-1,1033.0,1102.864359329856,stop,-1.0149965039601476
ZECUSDT,1656946800000,-1,53.15,57.98534754948162,stop,-1.0113923724423732
SOLUSDT,1656946800000,-1,32.31,34.61284006211179,stop,-1.0142789760348578
NEARUSDT,1656973800000,-1,3.133,3.544788615286217,stop,-1.0081778588807788
SOLUSDT,1657014300000,-1,34.67,34.49665,tp,0.043380281690140736
NEARUSDT,1657016100000,-1,3.411,3.393945,tp,0.041873074553296454
BTCUSDT,1657020600000,-1,19768.0,19669.16,tp,0.08187364512348176
ZECUSDT,1657021500000,-1,56.62,56.3369,tp,0.050604026845637036
FILUSDT,1657021500000,-1,5.431,5.4038450000000005,tp,0.05574446161772205
SOLUSDT,1657033200000,-1,33.34,33.173300000000005,tp,0.04013249021379074
ETHUSDT,1657148400000,-1,1086.66,1198.2214024204213,stop,-1.0102034422981674
DOGEUSDT,1657204200000,-1,0.06237,0.07079580751324449,stop,-1.0079821449792046
NEARUSDT,1657217700000,-1,3.462,3.730979643581571,stop,-1.0131773193473192
XRPUSDT,1657221300000,-1,0.3059,0.34063635546108567,stop,-1.009316018718502
BNBUSDT,1657242900000,-1,235.99,248.24153732403323,stop,-1.019248968861663
SOLUSDT,1657261800000,-1,38.03,37.83985,tp,0.047303370786517564
ZECUSDT,1657269000000,-1,59.29,58.99355,tp,0.05479426722145173
DOGEUSDT,1657270800000,-1,0.06998,0.0696301,tp,0.05349397590361441
BTCUSDT,1657272600000,-1,21530.8,21423.146,tp,0.0605781800965275
XRPUSDT,1657287000000,-1,0.3387,0.3370065,tp,0.04372969460688794
BTCUSDT,1657287900000,-1,21309.0,21202.454999999998,tp,0.06647363365896064
NEARUSDT,1657287900000,-1,3.515,3.4974250000000002,tp,0.04203369434416337
DOGEUSDT,1657287900000,-1,0.06875,0.06840625,tp,0.05771585391598131
SOLUSDT,1657411200000,-1,37.91,37.72045,tp,0.045506462278328094
ETHUSDT,1657419300000,-1,1200.66,1194.6567,tp,0.049277418028574924
BTCUSDT,1657419300000,-1,21421.0,21313.895,tp,0.09750427818467958
BNBUSDT,1657419300000,-1,241.43,240.22285,tp,0.12299132210311552
FILUSDT,1657420200000,-1,5.615,5.586925,tp,0.054287104622871604
NEARUSDT,1657459800000,-1,3.625,3.606875,tp,0.07243243243243204
DOGEUSDT,1657459800000,-1,0.06778,0.0674411,tp,0.08832354859752276
SOLUSDT,1657463400000,-1,36.55,36.36725,tp,0.0756110244409771
BNBUSDT,1657463400000,-1,233.73,232.56134999999998,tp,0.11847908745247257
ETHUSDT,1657463400000,-1,1169.41,1163.56295,tp,0.09549158909031655
BTCUSDT,1657491300000,-1,20808.2,20704.159,tp,0.09555186415651623
FILUSDT,1657498500000,-1,5.455,5.427725,tp,0.06919605973943532
SOLUSDT,1657502100000,-1,36.24,36.058800000000005,tp,0.07001937984496016
DOGEUSDT,1657504800000,-1,0.0662,0.065869,tp,0.088704453441295
BTCUSDT,1657504800000,-1,20600.0,20497.0,tp,0.08466524722025065
XRPUSDT,1657515600000,-1,0.3218,0.32019099999999995,tp,0.06132570338579015
ZECUSDT,1657518300000,-1,57.72,57.4314,tp,0.05029193899782181
BNBUSDT,1657521900000,-1,229.75,228.60125,tp,0.09172420694486179
NEARUSDT,1657521900000,-1,3.404,3.38698,tp,0.04681849551414773
DOGEUSDT,1657546200000,-1,0.06463,0.06430685000000001,tp,0.0910169491525407
ETHUSDT,1657547100000,-1,1142.75,1137.0362499999999,tp,0.07102936129052541
FILUSDT,1657547100000,-1,5.289,5.262555,tp,0.057865353037766416
BTCUSDT,1657547100000,-1,20401.7,20299.6915,tp,0.08781679060243532
NEARUSDT,1657575000000,-1,3.365,3.3481750000000003,tp,0.05363636363636316
DOGEUSDT,1657578600000,-1,0.06255,0.062237249999999994,tp,0.0803339755940918
FILUSDT,1657584000000,-1,5.189,5.163055,tp,0.06805774278215228
ZECUSDT,1657586700000,-1,55.4,55.123,tp,0.052278450938465414
ETHUSDT,1657608300000,-1,1085.78,1080.3510999999999,tp,0.060418424019711446
BTCUSDT,1657613700000,-1,19780.0,19681.1,tp,0.10432055102987152
XRPUSDT,1657618200000,-1,0.3104,0.308848,tp,0.07208406304728544
BNBUSDT,1657618200000,-1,222.88,221.7656,tp,0.10892555922258794
DOGEUSDT,1657652400000,-1,0.06109,0.06078455,tp,0.0769904761904757
SOLUSDT,1657656000000,-1,33.05,32.88475,tp,0.048417954378219406
ZECUSDT,1657656000000,-1,53.24,52.973800000000004,tp,0.0638387484957876
FILUSDT,1657663200000,-1,5.12,5.0944,tp,0.06948299319727841
ZECUSDT,1657674000000,-1,52.18,51.9191,tp,0.05853603603603599
NEARUSDT,1657715400000,-1,3.187,3.171065,tp,0.05719676549865167
DOGEUSDT,1657715400000,-1,0.05991,0.059610449999999995,tp,0.07099227569815872
BNBUSDT,1657715400000,-1,221.15,220.04425,tp,0.09513385146804834
SOLUSDT,1657715400000,-1,32.68,32.5166,tp,0.05315425315425414
FILUSDT,1657718100000,-1,5.071,5.0456449999999995,tp,0.05232198142414903
ETHUSDT,1657719900000,-1,1040.54,1035.3373,tp,0.04596957234994098
BTCUSDT,1657719900000,-1,19325.0,19228.375,tp,0.05878017320803393
DOGEUSDT,1657797300000,-1,0.06001,0.05970995,tp,0.09677158999192993
ZECUSDT,1657954800000,1,60.04,60.340199999999996,tp,0.05372627818709475
XRPUSDT,1657969200000,1,0.3381,0.3397905,tp,0.07941622883829495
ZECUSDT,1657978200000,1,61.17,61.475849999999994,tp,0.04589426321709672
BTCUSDT,1657980000000,1,20758.8,20862.593999999997,tp,0.14106854153929474
SOLUSDT,1657980000000,1,37.27,37.45635,tp,0.08265780730896927
NEARUSDT,1657985400000,1,3.455,3.472275,tp,0.08484403669724594
XRPUSDT,1657987200000,1,0.3433,0.34501649999999995,tp,0.07457111834961816
FILUSDT,1658018700000,-1,5.168,5.473368176538909,stop,-1.017027641277642
DOGEUSDT,1658038500000,1,0.06463,0.06495315,tp,0.088843117061447
XRPUSDT,1658107800000,1,0.3544,0.35617199999999993,tp,0.054657428791376236
BNBUSDT,1658113200000,1,253.57,254.83784999999997,tp,0.08536564840528364
NEARUSDT,1658117700000,1,3.682,3.7004099999999998,tp,0.055716440422322135
DOGEUSDT,1658120400000,1,0.065,0.065325,tp,0.07865942028985316
ETHUSDT,1658135700000,1,1476.0,1483.3799999999999,tp,0.04222027635990792
ZECUSDT,1658136600000,1,64.23,64.55114999999999,tp,0.056038021170877333
FILUSDT,1658142000000,1,5.99,6.01995,tp,0.04178961748633807
NEARUSDT,1658151000000,1,3.99,4.00995,tp,0.03462712228669615
DOGEUSDT,1658151900000,1,0.06713,0.06746564999999999,tp,0.06225619643270676
ETHUSDT,1658184300000,1,1511.27,1518.8263499999998,tp,0.039287648218150444
ZECUSDT,1658187900000,1,65.0,65.32499999999999,tp,0.045687303252884025
BNBUSDT,1658187900000,1,263.67,264.98834999999997,tp,0.07287637191964953
BTCUSDT,1658187900000,1,22524.3,22636.921499999997,tp,0.05730474944872917
NEARUSDT,1658190600000,1,4.116,4.1365799999999995,tp,0.03696686680008866
NEARUSDT,1658205000000,1,4.421,4.443105,tp,0.0269732491734293
BNBUSDT,1658236500000,1,262.98,264.2949,tp,0.0742986169912485
FILUSDT,1658241900000,1,5.952,5.9817599999999995,tp,0.050420875420874776
ZECUSDT,1658246400000,1,65.56,65.8878,tp,0.044518856756299144
DOGEUSDT,1658246400000,1,0.06856,0.06890279999999999,tp,0.049536184804185646
XRPUSDT,1658247300000,1,0.3676,0.36943799999999993,tp,0.05723842862699187
ETHUSDT,1658247300000,1,1563.84,1571.6591999999998,tp,0.040536515747395446
BNBUSDT,1658249100000,1,265.83,267.15914999999995,tp,0.06267844522968091
BTCUSDT,1658257200000,1,23440.0,23557.199999999997,tp,0.0428821563598616
NEARUSDT,1658257200000,1,4.53,4.55265,tp,0.02734687735139156
DOGEUSDT,1658265300000,1,0.06965,0.06999825,tp,0.042897483118476895
XRPUSDT,1658267100000,1,0.3732,0.37506599999999995,tp,0.05278190173206029
XRPUSDT,1658289600000,1,0.3765,0.37838249999999995,tp,0.06140822140821979
NEARUSDT,1658290500000,1,4.598,4.620989999999999,tp,0.03321199143468833
DOGEUSDT,1658293200000,1,0.07073,0.07108365,tp,0.053788654904192254
ZECUSDT,1658299500000,1,66.82,67.15409999999999,tp,0.04580126560629286
ETHUSDT,1658313900000,1,1579.01,1586.9050499999998,tp,0.053098761427061325
BTCUSDT,1658330100000,1,24078.6,24198.992999999995,tp,0.058365686416532156
SOLUSDT,1658419200000,1,42.28,42.4914,tp,0.04536546184738903
BNBUSDT,1658420100000,1,260.21,261.51104999999995,tp,0.08635220125785976
DOGEUSDT,1658422800000,1,0.06936,0.0697068,tp,0.05410988157639207
FILUSDT,1658423700000,1,5.567,5.594835,tp,0.05684424150177506
XRPUSDT,1658427300000,1,0.3601,0.36190049999999996,tp,0.06843304843304773
SOLUSDT,1658433600000,1,43.68,43.898399999999995,tp,0.035080128205127535
NEARUSDT,1658448900000,1,4.451,4.473254999999999,tp,0.03923432343234222
BNBUSDT,1658449800000,1,265.88,267.20939999999996,tp,0.08563334942861471
ZECUSDT,1658469600000,1,62.61,62.92304999999999,tp,0.0577011494252856
NEARUSDT,1658470500000,1,4.598,4.620989999999999,tp,0.040888296691093326
BNBUSDT,1658479500000,1,268.0,269.34,tp,0.10092712740949478
DOGEUSDT,1658480400000,1,0.07048,0.07083239999999999,tp,0.06409245411284642
FILUSDT,1658480400000,1,5.733,5.761664999999999,tp,0.07109045848822629
NEARUSDT,1658490300000,1,4.649,4.672244999999999,tp,0.04079510703363788
XRPUSDT,1658491200000,1,0.3692,0.37104599999999993,tp,0.07318474492322778
ZECUSDT,1658491200000,1,63.3,63.61649999999999,tp,0.06601195115614242
BTCUSDT,1658492100000,1,23523.0,23640.614999999998,tp,0.08416313388784391
DOGEUSDT,1658552400000,1,0.06883,0.06917414999999999,tp,0.08147885241052676
BNBUSDT,1658565000000,1,268.41,269.75205,tp,0.09162497873064254
ZECUSDT,1658602800000,1,62.64,57.25087565674255,stop,-1.0100922391857512
ETHUSDT,1658620800000,1,1549.5,1557.2475,tp,0.05639674051438725
FILUSDT,1658620800000,1,5.58,5.6079,tp,0.0658539458186095
NEARUSDT,1658625300000,1,4.328,4.34964,tp,0.05345576981940541
XRPUSDT,1658625300000,1,0.3603,0.36210149999999997,tp,0.08689572031343969
BNBUSDT,1658638800000,1,260.27,261.57134999999994,tp,0.07735115070526855
ZECUSDT,1658639700000,1,59.44,59.737199999999994,tp,0.05751027314479013
BTCUSDT,1658639700000,1,22547.5,22660.2375,tp,0.08539685237110628
ETHUSDT,1658640600000,1,1578.26,1586.1512999999998,tp,0.06555116025541007
BNBUSDT,1658660400000,1,263.97,265.28985,tp,0.12269824683617529
XRPUSDT,1658675700000,1,0.3639,0.3657195,tp,0.0954289456450541
NEARUSDT,1658685600000,1,4.407,4.429035,tp,0.05877822045152684
BTCUSDT,1658701800000,1,22828.8,22942.943999999996,tp,0.08560242035949218
NEARUSDT,1658716200000,1,4.47,4.086857142857142,stop,-1.0101333333333333
DOGEUSDT,1658716200000,1,0.06858,0.06434805373525558,stop,-1.0144450442477888
SOLUSDT,1658719800000,1,41.38,37.92087506018296,stop,-1.0104144348452127
BNBUSDT,1658730600000,1,265.55,252.91219594213248,stop,-1.0190117353493429
ETHUSDT,1658775600000,1,1637.99,1482.52688656202,stop,-1.0090593872146771
BNBUSDT,1658898000000,1,252.13,253.39064999999997,tp,0.07908877407233256
ETHUSDT,1658907900000,1,1459.08,1466.3753999999997,tp,0.062177135504724666
ZECUSDT,1658907900000,1,55.89,56.16945,tp,0.06796718322698203
ETHUSDT,1658928600000,1,1474.1,1481.4704999999997,tp,0.06690471341614983
XRPUSDT,1658929500000,1,0.3383,0.33999149999999995,tp,0.08083482409063565
BTCUSDT,1658937600000,1,21442.0,21549.21,tp,0.11471854526006074
SOLUSDT,1658938500000,1,37.19,37.375949999999996,tp,0.061205412054120015
DOGEUSDT,1658938500000,1,0.06296,0.06327479999999999,tp,0.08960512273212082
FILUSDT,1658944800000,1,5.348,5.374739999999999,tp,0.08113765642775671
BTCUSDT,1658952000000,1,22700.0,22813.499999999996,tp,0.0643208411056448
ETHUSDT,1658961000000,1,1622.77,1630.8838499999997,tp,0.034894689971136456
XRPUSDT,1658962800000,1,0.357,0.35878499999999997,tp,0.0639178937974112
FILUSDT,1658963700000,1,5.568,5.595839999999999,tp,0.05261567516524924
BNBUSDT,1658965500000,1,269.64,270.98819999999995,tp,0.0618315018315004
ZECUSDT,1658969100000,1,61.51,61.81754999999999,tp,0.04870732188671673
DOGEUSDT,1658976300000,1,0.06694,0.06727469999999999,tp,0.05397629093831515
NEARUSDT,1658976300000,1,4.14,4.160699999999999,tp,0.03703505246706803
BTCUSDT,1658987100000,1,23100.0,23215.499999999996,tp,0.06811579571143045
ETHUSDT,1658987100000,1,1644.66,1652.8833,tp,0.04782297926303736
FILUSDT,1659006000000,1,5.661,5.689304999999999,tp,0.05637756362737749
SOLUSDT,1659007800000,1,40.28,40.481399999999994,tp,0.03673729778992804
NEARUSDT,1659015000000,1,4.216,4.23708,tp,0.04987304399173211
BNBUSDT,1659022200000,1,272.1,273.46049999999997,tp,0.08288929440388952
DOGEUSDT,1659023100000,1,0.06727,0.06760635,tp,0.06009803921568618
FILUSDT,1659023100000,1,5.769,5.797845,tp,0.04964392964392886
SOLUSDT,1659039300000,1,42.66,42.87329999999999,tp,0.03205689687441462
XRPUSDT,1659040200000,1,0.3743,0.3761715,tp,0.04846376811594116
NEARUSDT,1659042000000,1,4.395,4.416974999999999,tp,0.03301907968574547
NEARUSDT,1659065400000,1,4.457,4.479284999999999,tp,0.04080310289755733
FILUSDT,1659072600000,1,6.063,6.093314999999999,tp,0.04968215158924035
BNBUSDT,1659108600000,1,293.25,294.71624999999995,tp,0.043578573016224274
NEARUSDT,1659141900000,1,4.49,4.512449999999999,tp,0.03530964861191871
FILUSDT,1659159000000,1,6.651,6.684254999999999,tp,0.02906440382941652
BTCUSDT,1659185100000,1,24194.6,24315.572999999997,tp,0.08725777129794493
XRPUSDT,1659188700000,1,0.379,0.380895,tp,0.06350083752093721
NEARUSDT,1659194100000,1,4.535,4.557675,tp,0.04745036572622687
FILUSDT,1659283200000,1,9.699,9.747494999999999,tp,0.021857996018579535
ETHUSDT,1659290400000,1,1746.52,1755.2525999999998,tp,0.04199935711989628
FILUSDT,1659318300000,1,10.736,10.789679999999999,tp,0.014805045483750466
SOLUSDT,1659379500000,1,44.76,40.55070079964459,stop,-1.0091519191024512
XRPUSDT,1659402000000,1,0.3806,0.3825029999999999,tp,0.08014721345951338
BTCUSDT,1659407400000,1,23856.4,22827.724436497076,stop,-1.0210818055605642
BNBUSDT,1659407400000,1,298.43,275.4733661084716,stop,-1.0113997417495781
DOGEUSDT,1659410100000,1,0.07136,0.06563474298416226,stop,-1.0108908658008664
SOLUSDT,1659451500000,1,40.85,41.054249999999996,tp,0.05337231968810779
ZECUSDT,1659451500000,1,61.33,61.63664999999999,tp,0.05515110812625748
ETHUSDT,1659451500000,1,1612.6,1620.6629999999998,tp,0.05581559547295093
BNBUSDT,1659451500000,1,281.66,283.0683,tp,0.07199438381517627
DOGEUSDT,1659456000000,1,0.06723,0.06756614999999999,tp,0.057458893871448855
BTCUSDT,1659456900000,1,23040.5,23155.702499999996,tp,0.08920287964438955
FILUSDT,1659484800000,1,8.45,8.492249999999999,tp,0.022513095948544143
BNBUSDT,1659510900000,1,287.97,289.40985,tp,0.07636941410128996
DOGEUSDT,1659518100000,1,0.06753,0.06786765,tp,0.08819811013359287
ZECUSDT,1659528000000,1,62.48,62.792399999999994,tp,0.06175802469135747
BNBUSDT,1659538800000,1,293.98,295.4499,tp,0.07571291129497751
FILUSDT,1659542400000,1,8.518,8.56059,tp,0.03572114381131186
NEARUSDT,1659548700000,1,4.541,4.563705,tp,0.04434085943189958
XRPUSDT,1659551400000,1,0.3743,0.3761715,tp,0.09846153846153674
ZECUSDT,1659555900000,1,63.53,63.847649999999994,tp,0.06487120632491578
NEARUSDT,1659579300000,1,4.661,4.684304999999999,tp,0.03970238095238041
BNBUSDT,1659584700000,1,304.59,306.11294999999996,tp,0.061097426654650275
ZECUSDT,1659633300000,1,63.98,64.2999,tp,0.0516328963051247
BNBUSDT,1659641400000,1,307.99,309.52995,tp,0.05841811120583414
DOGEUSDT,1659663900000,1,0.06737,0.06770685,tp,0.07542889075160636
XRPUSDT,1659664800000,1,0.3718,0.37365899999999996,tp,0.10880116959063965
SOLUSDT,1659669300000,1,39.61,39.808049999999994,tp,0.0629250891795468
BTCUSDT,1659679200000,1,23188.6,23304.542999999998,tp,0.12316977324624237
BNBUSDT,1659679200000,1,313.67,315.23834999999997,tp,0.05659159361654122
NEARUSDT,1659694500000,1,4.598,4.620989999999999,tp,0.07148407148406866
SOLUSDT,1659699900000,1,40.69,40.893449999999994,tp,0.07418943533697493
ETHUSDT,1659743100000,1,1726.12,1734.7505999999996,tp,0.06157621149302123
ZECUSDT,1659743100000,1,68.68,69.0234,tp,0.06679254417816292
DOGEUSDT,1659749400000,1,0.06979,0.07013894999999999,tp,0.09240832507432686
FILUSDT,1659758400000,1,8.555,8.597774999999999,tp,0.03955647955647846
BNBUSDT,1659807000000,1,318.75,320.34374999999994,tp,0.08214580113343345
NEARUSDT,1659861000000,1,5.128,5.153639999999999,tp,0.04610850636302618
ZECUSDT,1659863700000,1,68.75,69.09374999999999,tp,0.07654980523093699
SOLUSDT,1659876300000,1,40.24,40.441199999999995,tp,0.10803487592219549
BNBUSDT,1659876300000,1,315.99,317.56994999999995,tp,0.1330979403110494
ETHUSDT,1659876300000,1,1697.38,1705.8669,tp,0.13160776120557705
BTCUSDT,1659877200000,1,23043.8,23159.018999999997,tp,0.2547988743585423
DOGEUSDT,1659891600000,1,0.06901,0.06935505,tp,0.14829844337090645
BNBUSDT,1659920400000,1,326.0,327.62999999999994,tp,0.10219199499686937
DOGEUSDT,1659929400000,1,0.06987,0.07021935,tp,0.13329518359561138
BTCUSDT,1659937500000,1,23328.0,23444.639999999996,tp,0.15959277100200975
XRPUSDT,1659939300000,1,0.3761,0.37798049999999994,tp,0.18335766423357133
DOGEUSDT,1659948300000,1,0.0708,0.071154,tp,0.10072494669509345
ZECUSDT,1659958200000,1,71.91,72.26955,tp,0.07565720294426914
BNBUSDT,1659960000000,1,329.7,331.34849999999994,tp,0.09206786260603339
BTCUSDT,1659960000000,1,24094.0,24214.469999999998,tp,0.1200736758263613
SOLUSDT,1659961800000,1,43.05,43.265249999999995,tp,0.07426116838487888
DOGEUSDT,1659968100000,1,0.07159,0.07194795,tp,0.07788394062078172
ZECUSDT,1659972600000,1,72.74,73.10369999999999,tp,0.06102596053997824
DOGEUSDT,1660022100000,1,0.07085,0.07120424999999998,tp,0.07700325732898712
FILUSDT,1660036500000,1,9.334,8.360043450342463,stop,-1.0081544102564108
ZECUSDT,1660083300000,1,79.79,80.18894999999999,tp,0.034555267702934774
NEARUSDT,1660119300000,1,5.433,5.460164999999999,tp,0.05339181286549566
ETHUSDT,1660133700000,1,1708.87,1717.4143499999998,tp,0.09439091297575108
FILUSDT,1660134600000,1,8.19,8.230949999999998,tp,0.06345679012345477
BNBUSDT,1660135500000,1,326.44,328.07219999999995,tp,0.09687842440396621
ZECUSDT,1660145400000,1,77.29,77.67645,tp,0.03947622679888076
ETHUSDT,1660168800000,1,1855.95,1865.2297499999997,tp,0.06090883847045743
XRPUSDT,1660169700000,1,0.3793,0.3811965,tp,0.10079681274900222
ZECUSDT,1660176000000,1,78.5,78.8925,tp,0.049142145414915045
DOGEUSDT,1660178700000,1,0.07148,0.0718374,tp,0.08650406504064925
ETHUSDT,1660182300000,1,1886.75,1896.1837499999997,tp,0.057870242797218086
SOLUSDT,1660187700000,1,43.07,43.285349999999994,tp,0.05942896456828163
BTCUSDT,1660187700000,1,24235.2,24356.375999999997,tp,0.07952344839395976
FILUSDT,1660188600000,1,8.478,8.520389999999999,tp,0.061954777534645185
ZECUSDT,1660195800000,1,79.27,79.66635,tp,0.04550874175981641
DOGEUSDT,1660223700000,1,0.07292,0.07328459999999999,tp,0.059875276604303924
NEARUSDT,1660289400000,1,5.938,5.967689999999999,tp,0.06664425770308001
FILUSDT,1660317300000,1,8.654,8.69727,tp,0.04629925452609127
ETHUSDT,1660330800000,1,1908.06,1917.6002999999998,tp,0.07590876692801052
NEARUSDT,1660339800000,1,6.008,6.03804,tp,0.04646979347616243
BTCUSDT,1660345200000,1,24149.5,24270.247499999998,tp,0.11638386246252558
DOGEUSDT,1660347000000,1,0.07209,0.07245045,tp,0.10705228031145633
SOLUSDT,1660347900000,1,45.07,45.29534999999999,tp,0.06217166494312064
BNBUSDT,1660348800000,1,326.0,327.62999999999994,tp,0.12183612662941752
XRPUSDT,1660351500000,1,0.3781,0.37999049999999995,tp,0.13372134038800512
ETHUSDT,1660358700000,1,1964.46,1974.2822999999999,tp,0.07700465516566737
BTCUSDT,1660360500000,1,24600.0,24722.999999999996,tp,0.11333953402918594
NEARUSDT,1660360500000,1,6.045,6.075225,tp,0.05534522176497434
FILUSDT,1660361400000,1,8.817,8.861085,tp,0.058733167082293126
BNBUSDT,1660388400000,1,329.99,331.63995,tp,0.09204705227256811
XRPUSDT,1660446000000,1,0.3826,0.38451299999999994,tp,0.11002150537634095
FILUSDT,1660455000000,1,8.629,8.672144999999999,tp,0.052979080775689844
DOGEUSDT,1660459500000,1,0.07735,0.07773675,tp,0.04784349969192734
ETHUSDT,1660463100000,1,2012.0,2022.0599999999997,tp,0.06829042434109903
ZECUSDT,1660483800000,1,82.32,74.19887877684748,stop,-1.0086797047970484
DOGEUSDT,1660491000000,1,0.08044,0.08084219999999999,tp,0.0381236673773979
NEARUSDT,1660531500000,1,5.75,5.77875,tp,0.07262062440870291
ETHUSDT,1660531500000,1,1985.83,1995.7591499999996,tp,0.07541558700418349
XRPUSDT,1660548600000,1,0.389,0.3691368057332992,stop,-1.0176547619047607
BNBUSDT,1660551300000,1,330.5,314.5603051934302,stop,-1.0187476795233628
XRPUSDT,1660602600000,1,0.3745,0.37637249999999994,tp,0.11458715596329923
SOLUSDT,1660604400000,1,48.0,42.856071651739214,stop,-1.0079148202137997
FILUSDT,1660608900000,1,8.317,8.358585,tp,0.05125114155251085
DOGEUSDT,1660632300000,1,0.08051,0.08091254999999999,tp,0.03386230058774038
NEARUSDT,1660650300000,1,5.454,5.481269999999999,tp,0.06544047619047552
ZECUSDT,1660653000000,1,75.38,75.75689999999999,tp,0.0658458851779075
FILUSDT,1660661100000,1,8.561,8.603805,tp,0.049949120511701674
ZECUSDT,1660672800000,1,75.91,76.28954999999999,tp,0.05887926054303779
XRPUSDT,1660696200000,1,0.3782,0.38009099999999996,tp,0.09475655430711472
SOLUSDT,1660711500000,1,43.88,44.099399999999996,tp,0.06502222222222004
ETHUSDT,1660712400000,1,1899.6,1909.0979999999997,tp,0.08450641581604128
BNBUSDT,1660712400000,1,321.94,323.5497,tp,0.09328989284679819
ZECUSDT,1660713300000,1,76.94,77.32469999999999,tp,0.06553155442608966
NEARUSDT,1660713300000,1,5.385,5.411924999999999,tp,0.06566727605118698
FILUSDT,1660715100000,1,8.747,8.790735,tp,0.04792881587953451
BTCUSDT,1660716000000,1,24050.0,24170.249999999996,tp,0.1331064724516147
XRPUSDT,1660779900000,1,0.3789,0.3807945,tp,0.07613353263577333
ZECUSDT,1660893300000,-1,66.78,66.4461,tp,0.030511649689731843
ETHUSDT,1660910400000,-1,1705.0,1696.475,tp,0.050488362427265725
FILUSDT,1660948200000,-1,6.5,6.4675,tp,0.039510703363914074
ZECUSDT,1660948200000,-1,62.98,62.665099999999995,tp,0.05206189878711853
BTCUSDT,1660948200000,-1,21133.0,21027.335,tp,0.08252176041513752
NEARUSDT,1661014800000,-1,4.305,4.283474999999999,tp,0.0703967280163614
ZECUSDT,1661015700000,-1,63.06,62.7447,tp,0.07861423220973819
XRPUSDT,1661021100000,-1,0.3375,0.3358125,tp,0.09468070175438657
ETHUSDT,1661021100000,-1,1613.57,1605.50215,tp,0.08197400745917124
BNBUSDT,1661021100000,-1,283.4,281.983,tp,0.09843106593692785
BTCUSDT,1661022900000,-1,21107.2,21001.664,tp,0.13163047547734896
FILUSDT,1661023800000,-1,6.163,6.132185000000001,tp,0.04239280774550426
XRPUSDT,1661138100000,-1,0.3411,0.3393945,tp,0.08192192192192345
NEARUSDT,1661140800000,-1,4.17,4.14915,tp,0.06110744407774194
ETHUSDT,1661140800000,-1,1600.0,1592.0,tp,0.057699696755097875
DOGEUSDT,1661149800000,-1,0.06733,0.06699335000000001,tp,0.040615384615383894
FILUSDT,1661152500000,-1,6.271,6.239644999999999,tp,0.05787017787017882
BNBUSDT,1661152500000,-1,295.06,293.5847,tp,0.07920522664511362
ETHUSDT,1661154300000,-1,1574.0,1566.1299999999999,tp,0.06026105456845582
ZECUSDT,1661155200000,-1,62.03,61.71985,tp,0.053655352480417806
XRPUSDT,1661160600000,-1,0.3359,0.3342205,tp,0.087265625
SOLUSDT,1661474700000,-1,35.02,34.8449,tp,0.0705834601725013
BNBUSDT,1661490000000,-1,298.75,297.25625,tp,0.11970343652940411
ETHUSDT,1661490900000,-1,1674.81,1666.43595,tp,0.08583564031579924
ZECUSDT,1661491800000,-1,66.56,66.2272,tp,0.07781112091791856
BTCUSDT,1661497200000,-1,21421.0,21313.895,tp,0.1577514224488274
NEARUSDT,1661497200000,-1,4.237,4.215815,tp,0.053753581661891155
SOLUSDT,1661511600000,-1,34.44,34.267799999999994,tp,0.06289894833104846
BNBUSDT,1661525100000,-1,294.26,292.7887,tp,0.10957828496289923
ZECUSDT,1661526000000,-1,65.44,65.1128,tp,0.06700854700854783
DOGEUSDT,1661526000000,-1,0.0671,0.0667645,tp,0.0599147025813699
FILUSDT,1661526000000,-1,6.092,6.06154,tp,0.05874004344677723
NEARUSDT,1661526900000,-1,4.169,4.148154999999999,tp,0.049158489443949814
ETHUSDT,1661540400000,-1,1561.0,1553.195,tp,0.03325023558639619
FILUSDT,1661540400000,-1,5.82,5.790900000000001,tp,0.03311311311311279
ZECUSDT,1661546700000,-1,62.78,62.466100000000004,tp,0.038183486238531766
SOLUSDT,1661548500000,-1,32.62,32.4569,tp,0.03377363377363381
NEARUSDT,1661554800000,-1,3.978,3.95811,tp,0.040376016260162954
FILUSDT,1661554800000,-1,5.738,5.70931,tp,0.043226544622425776
DOGEUSDT,1661554800000,-1,0.06435,0.06402825000000001,tp,0.04918209876543146
BTCUSDT,1661578200000,-1,20100.0,19999.5,tp,0.08970019418347552
NEARUSDT,1661578200000,-1,3.885,3.8655749999999998,tp,0.04211046990931575
ZECUSDT,1661578200000,-1,60.22,59.9189,tp,0.05279683377308669
XRPUSDT,1661578200000,-1,0.3321,0.3304395,tp,0.05066974595842983
ETHUSDT,1661578200000,-1,1481.0,1473.595,tp,0.0504935899078414
SOLUSDT,1661578200000,-1,31.31,31.15345,tp,0.04605524861878433
DOGEUSDT,1661578200000,-1,0.06265,0.062336749999999996,tp,0.05130291820797383
ETHUSDT,1661616000000,-1,1468.0,1460.66,tp,0.07114110936796851
BNBUSDT,1661636700000,-1,276.96,275.5752,tp,0.08058326042577896
ETHUSDT,1661695200000,-1,1473.0,1465.635,tp,0.08931040250596886
NEARUSDT,1661696100000,-1,3.859,3.839705,tp,0.06868903803132001
BTCUSDT,1661696100000,-1,19901.0,19801.495,tp,0.13058277124054457
FILUSDT,1661724000000,-1,5.741,5.712294999999999,tp,0.09079968329374645
XRPUSDT,1661724900000,-1,0.3323,0.3306385,tp,0.09796460176991019
SOLUSDT,1661728500000,-1,31.01,30.854950000000002,tp,0.06903405918481263
BNBUSDT,1661765400000,-1,275.3,273.9235,tp,0.08261084852577202
FILUSDT,1661867100000,-1,5.902,5.87249,tp,0.07929824561403553
BTCUSDT,1661869800000,-1,20118.9,20018.305500000002,tp,0.12167468021409694
SOLUSDT,1661870700000,-1,31.83,31.670849999999998,tp,0.06616744669786817
ETHUSDT,1661871600000,-1,1527.12,1519.4843999999998,tp,0.0596658130476167
ZECUSDT,1661877000000,-1,60.89,60.58555,tp,0.06398945981554757
DOGEUSDT,1661877000000,-1,0.0609,0.060595500000000004,tp,0.06448504103786044
NEARUSDT,1661953500000,-1,3.964,4.4296596659919025,stop,-1.009037022078621
ETHUSDT,1661961600000,-1,1558.0,1550.21,tp,0.04142891585630452
SOLUSDT,1661961600000,-1,31.92,31.7604,tp,0.05067945643485256
BNBUSDT,1661962500000,-1,282.54,281.1273,tp,0.08130362679356994
BTCUSDT,1661964300000,-1,20121.0,20020.395,tp,0.09082774049216905
DOGEUSDT,1661964300000,-1,0.06206,0.0617497,tp,0.06938729623383927
ZECUSDT,1661967000000,-1,60.4,60.098,tp,0.06314742079078293
FILUSDT,1661967000000,-1,5.734,5.70533,tp,0.061442746044515884
DOGEUSDT,1661992200000,-1,0.061,0.060695,tp,0.08177062374245457
SOLUSDT,1661992200000,-1,31.41,31.25295,tp,0.05950476190476263
BNBUSDT,1661992200000,-1,278.3,276.9085,tp,0.09397533367122908
ZECUSDT,1662000300000,-1,59.53,59.232350000000004,tp,0.06932862190812666
NEARUSDT,1662012900000,-1,4.284,4.26258,tp,0.048468314862176856
SOLUSDT,1662043500000,-1,30.8,30.646,tp,0.06632090761750414
BNBUSDT,1662043500000,-1,274.24,272.8688,tp,0.08585388771435218
BTCUSDT,1662049800000,-1,19790.4,19691.448,tp,0.08923931275216565
ETHUSDT,1662049800000,-1,1530.24,1522.5888,tp,0.04865106659291518
FILUSDT,1662049800000,-1,5.648,5.619759999999999,tp,0.06250000000000062
NEARUSDT,1662138900000,-1,4.231,4.209845,tp,0.08337278106508998
DOGEUSDT,1662139800000,-1,0.0615,0.0611925,tp,0.12140246913580323
ETHUSDT,1662146100000,-1,1577.28,1569.3935999999999,tp,0.04884483534211363
BTCUSDT,1662146100000,-1,19978.0,19878.11,tp,0.09326343934702974
SOLUSDT,1662146100000,-1,31.1,30.9445,tp,0.060457420924574186
BNBUSDT,1662146100000,-1,276.87,275.48565,tp,0.09133944045555725
ETHUSDT,1662195600000,-1,1548.83,1541.08585,tp,0.08937370577928365
FILUSDT,1662261300000,-1,6.306,6.27447,tp,0.04735399061032871
FILUSDT,1662275700000,-1,6.249,6.2177549999999995,tp,0.05014877362283905
BTCUSDT,1662277500000,-1,19700.6,19602.096999999998,tp,0.18429213483146278
BNBUSDT,1662361200000,-1,276.01,274.62995,tp,0.1401067073170711
DOGEUSDT,1662369300000,-1,0.062,0.06169,tp,0.11258855585831017
ZECUSDT,1662370200000,-1,62.59,62.27705,tp,0.12267059401080023
SOLUSDT,1662373800000,-1,31.62,31.4619,tp,0.08837535014005717
BTCUSDT,1662373800000,-1,19749.9,19651.1505,tp,0.14298725548848246
XRPUSDT,1662422400000,-1,0.3212,0.33920560573030206,stop,-1.017896944444443
ETHUSDT,1662424200000,-1,1560.88,1644.496428310555,stop,-1.0186837878448083
NEARUSDT,1662427800000,-1,4.157,4.397378449527959,stop,-1.0173788854003147
ZECUSDT,1662470100000,-1,63.77,63.451150000000005,tp,0.0821447028423771
SOLUSDT,1662485400000,-1,32.4,32.238,tp,0.048128262490678135
NEARUSDT,1662485400000,-1,4.289,4.267555,tp,0.03982309124767218
XRPUSDT,1662494400000,-1,0.3225,0.3208875,tp,0.06998914223670014
ETHUSDT,1662494400000,-1,1570.0,1562.15,tp,0.043197402454459854
DOGEUSDT,1662494400000,-1,0.05892,0.0586254,tp,0.04914214151534106
ZECUSDT,1662498000000,-1,58.93,58.63535,tp,0.04244131455399017
BNBUSDT,1662507900000,-1,263.42,262.10290000000003,tp,0.05255818599540433
XRPUSDT,1662524100000,-1,0.317,0.315415,tp,0.06568596765779887
NEARUSDT,1662575400000,-1,4.054,4.290717128027681,stop,-1.0172196296296292
FILUSDT,1662639300000,-1,5.764,5.735180000000001,tp,0.06744199706314166
XRPUSDT,1662642000000,-1,0.3303,0.32864849999999995,tp,0.0969242089771906
DOGEUSDT,1662701400000,-1,0.05785,0.06315024167678168,stop,-1.0113188668086104
ZECUSDT,1662711300000,-1,57.43,63.42188000871081,stop,-1.0100554059695266
SOLUSDT,1662747300000,-1,34.61,34.436949999999996,tp,0.04967997123337028
NEARUSDT,1662799500000,-1,4.748,4.72426,tp,0.04716641679160437
ZECUSDT,1662876900000,-1,64.39,64.06805,tp,0.08329122125040538
FILUSDT,1662899400000,-1,6.259,6.7634939421993225,stop,-1.0127361672908861
NEARUSDT,1662901200000,-1,4.7,4.6765,tp,0.06473429951690883
DOGEUSDT,1662928200000,-1,0.06367,0.06335165000000001,tp,0.08084372003834979
SOLUSDT,1662932700000,-1,34.59,34.41705,tp,0.07721661054994407
ZECUSDT,1662937200000,-1,63.94,63.6203,tp,0.08402116402116377
ETHUSDT,1662943500000,-1,1744.1,1735.3795,tp,0.07748425139583426
BNBUSDT,1662944400000,-1,292.43,290.96785,tp,0.11674288006418035
NEARUSDT,1662963300000,-1,4.742,4.71829,tp,0.03799559029865758
ETHUSDT,1663002000000,-1,1716.0,1707.42,tp,0.06695531795823327
BNBUSDT,1663028100000,-1,292.3,290.8385,tp,0.09426011140712023
ZECUSDT,1663028100000,-1,62.51,62.197449999999996,tp,0.06166419019316523
ETHUSDT,1663034400000,-1,1691.28,1682.8236,tp,0.0667788686302011
XRPUSDT,1663073100000,-1,0.3448,0.343076,tp,0.07448946515397073
ETHUSDT,1663074000000,-1,1674.36,1665.9882,tp,0.05325570852520749
NEARUSDT,1663082100000,-1,4.567,4.5441650000000005,tp,0.029901768172887647
SOLUSDT,1663082100000,-1,35.06,34.8847,tp,0.03646598905394836
BTCUSDT,1663082100000,-1,21050.0,20944.75,tp,0.05044835993706381
SOLUSDT,1663096500000,-1,34.34,34.1683,tp,0.032604241124613076
NEARUSDT,1663096500000,-1,4.513,4.490435,tp,0.030401626842908203
XRPUSDT,1663102800000,-1,0.3372,0.335514,tp,0.06281690140845152
ZECUSDT,1663104600000,-1,59.22,58.923899999999996,tp,0.03780550223928381
BNBUSDT,1663106400000,-1,277.98,276.5901,tp,0.08017068055254342
NEARUSDT,1663113600000,-1,4.413,4.390935,tp,0.049419680403701614
BTCUSDT,1663178400000,-1,20030.5,19930.3475,tp,0.05362409221670134
BNBUSDT,1663208100000,-1,276.75,275.36625,tp,0.08310204081632783
NEARUSDT,1663208100000,-1,4.379,4.357105,tp,0.04670414993306499
ZECUSDT,1663210800000,-1,59.81,59.51095,tp,0.06239289446186009
ETHUSDT,1663222500000,-1,1574.32,1566.4484,tp,0.05680169648197445
NEARUSDT,1663223400000,-1,4.322,4.30039,tp,0.04793782958645535
BTCUSDT,1663254000000,-1,19903.5,19803.9825,tp,0.07865397203213459
NEARUSDT,1663254000000,-1,4.273,4.251634999999999,tp,0.051967063129003475
DOGEUSDT,1663254900000,-1,0.05955,0.05925225,tp,0.08717948717948709
FILUSDT,1663254900000,-1,5.724,5.69538,tp,0.06040708432461015
ZECUSDT,1663280100000,-1,58.85,58.55575,tp,0.06684884713919678
SOLUSDT,1663335900000,-1,32.37,32.208149999999996,tp,0.07593896713615099
ZECUSDT,1663335900000,-1,57.47,57.182649999999995,tp,0.09611390284757289
ETHUSDT,1663344900000,-1,1440.52,1433.3174,tp,0.06382782166287383
BTCUSDT,1663344900000,-1,19603.0,19504.985,tp,0.11969156242334991
XRPUSDT,1663356600000,-1,0.3232,0.34101466749533876,stop,-1.0181852360817485
SOLUSDT,1663510500000,-1,33.18,33.0141,tp,0.1094789081885856
ZECUSDT,1663510500000,-1,57.2,56.914,tp,0.11724704673857267
BTCUSDT,1663511400000,-1,19938.4,19838.708000000002,tp,0.19508942849410532
BNBUSDT,1663515000000,-1,276.29,274.90855,tp,0.19997087201893615
ETHUSDT,1663516800000,-1,1415.0,1407.925,tp,0.11637201077457793
DOGEUSDT,1663518600000,-1,0.0602,0.059898999999999994,tp,0.09494853523357175
FILUSDT,1663520400000,-1,5.7,5.6715,tp,0.06601455604075748
NEARUSDT,1663534800000,-1,4.108,4.087459999999999,tp,0.05388451443569653
BTCUSDT,1663536600000,-1,19556.7,19458.9165,tp,0.09194163065807319
XRPUSDT,1663542900000,-1,0.3673,0.3654635,tp,0.029174129353234116
BNBUSDT,1663570800000,-1,259.95,258.65024999999997,tp,0.0682407407407416
BTCUSDT,1663677000000,-1,19148.2,19052.459,tp,0.09223948712376542
ZECUSDT,1663679700000,-1,54.26,53.988699999999994,tp,0.08271548436308251
SOLUSDT,1663681500000,-1,31.87,31.71065,tp,0.06488479262672811
FILUSDT,1663683300000,-1,5.353,5.326235,tp,0.07812247891455856
NEARUSDT,1663683300000,-1,3.914,3.8944300000000003,tp,0.06396039603960339
ETHUSDT,1663684200000,-1,1341.34,1334.6333,tp,0.0676877105016583
DOGEUSDT,1663687800000,-1,0.0559,0.06057544115012541,stop,-1.012308286479251
BNBUSDT,1663695900000,-1,267.04,265.70480000000003,tp,0.10470692194403464
NEARUSDT,1663709400000,-1,3.863,3.843685,tp,0.05271731690622902
ZECUSDT,1663714800000,-1,53.58,53.3121,tp,0.06510664229128506
SOLUSDT,1663714800000,-1,31.55,31.39225,tp,0.05546174142480229
ETHUSDT,1663714800000,-1,1328.76,1322.1162,tp,0.05040022197345937
FILUSDT,1663740900000,-1,5.288,5.26156,tp,0.06853801169590644
NEARUSDT,1663750800000,-1,3.795,3.7760249999999997,tp,0.06384810126582348
BNBUSDT,1663783200000,-1,265.14,263.8143,tp,0.11035505430242071
BTCUSDT,1663783200000,-1,18759.7,18665.9015,tp,0.06354898273788398
ZECUSDT,1663797600000,-1,52.86,52.5957,tp,0.03392943450942463
ZECUSDT,1663906500000,-1,54.05,57.942201112140864,stop,-1.0141424066924065
NEARUSDT,1663922700000,-1,3.805,3.785975,tp,0.05589686924493568
SOLUSDT,1663925400000,-1,32.06,31.899700000000003,tp,0.0619641993226897
ETHUSDT,1663942500000,-1,1281.31,1274.90345,tp,0.051977408066792824
XRPUSDT,1663945200000,-1,0.4782,0.47580900000000004,tp,0.020475578406169457
SOLUSDT,1663945200000,-1,31.51,31.35245,tp,0.055741478530323546
ZECUSDT,1663949700000,-1,55.24,54.9638,tp,0.05244698594234036
XRPUSDT,1663959600000,-1,0.4609,0.4585955,tp,0.02011366120218568
DOGEUSDT,1663981200000,-1,0.0597,0.06562146748240026,stop,-1.0105278622729192
DOGEUSDT,1664044200000,-1,0.06464,0.06431680000000001,tp,0.044954766875434315
SOLUSDT,1664056800000,-1,33.48,33.312599999999996,tp,0.06051560379918622
ZECUSDT,1664056800000,-1,56.43,56.14785,tp,0.09803307223672851
DOGEUSDT,1664059500000,-1,0.06315,0.06283425,tp,0.052879647132955725
ETHUSDT,1664059500000,-1,1318.3,1311.7085,tp,0.08888235790896039
SOLUSDT,1664113500000,-1,33.4,33.233,tp,0.08952380952381078
DOGEUSDT,1664115300000,-1,0.062,0.06169,tp,0.07629424438288615
ETHUSDT,1664130600000,-1,1296.51,1290.02745,tp,0.0795406763463722
SOLUSDT,1664134200000,-1,32.8,32.635999999999996,tp,0.07363687464867996
DOGEUSDT,1664146800000,-1,0.0611,0.0607945,tp,0.06790516039051603
XRPUSDT,1664163000000,-1,0.4857,0.4832715,tp,0.03365112624410688
FILUSDT,1664248500000,-1,5.562,6.093566142086331,stop,-1.0108902493530925
XRPUSDT,1664294400000,-1,0.4617,0.4593915,tp,0.03579110852261682
DOGEUSDT,1664302500000,-1,0.06,0.059699999999999996,tp,0.06121258633921756
ZECUSDT,1664331300000,-1,56.14,55.8593,tp,0.06707434052757867
DOGEUSDT,1664332200000,-1,0.05948,0.059182599999999995,tp,0.0834385964912292
SOLUSDT,1664348400000,-1,32.05,31.889749999999996,tp,0.05753052917232052
ZECUSDT,1664541000000,-1,55.95,55.67025,tp,0.1167556253270539
FILUSDT,1664541000000,-1,5.702,5.67349,tp,0.1127092620108953
FILUSDT,1664640000000,-1,5.631,5.602845,tp,0.15444673539518852
ETHUSDT,1664640900000,-1,1321.82,1315.2109,tp,0.18215925542915778
SOLUSDT,1664641800000,-1,32.84,32.6758,tp,0.04875977653631309
ZECUSDT,1664667000000,-1,55.51,55.23245,tp,0.10370370370370295
FILUSDT,1664671500000,-1,5.52,5.4924,tp,0.09050205761316757
ZECUSDT,1664693100000,-1,55.13,54.854350000000004,tp,0.1766025641025635
NEARUSDT,1664705700000,-1,3.53,3.5123499999999996,tp,0.0712190187152257
FILUSDT,1664711100000,-1,5.456,5.42872,tp,0.10794602698650711
ETHUSDT,1664711100000,-1,1302.0,1295.49,tp,0.14455621798639648
SOLUSDT,1664753400000,-1,32.13,31.969350000000002,tp,0.09161659513590881
XRPUSDT,1664754300000,-1,0.4501,0.4478495,tp,0.07358879274824862
ZECUSDT,1664755200000,-1,53.73,53.461349999999996,tp,0.11344955097728497
DOGEUSDT,1664772300000,-1,0.0594,0.059103,tp,0.11473275024295383
BNBUSDT,1664868600000,-1,262.0,290.9697099954149,stop,-1.0095417325385507
FILUSDT,1665145800000,1,5.632,5.414279630943931,stop,-1.0236246414228327
XRPUSDT,1665164700000,1,0.5023,0.5048115,tp,0.07201716738197428
NEARUSDT,1665265500000,1,3.722,3.4649763811048837,stop,-1.0128071014492748
NEARUSDT,1665388800000,-1,3.494,3.4765300000000003,tp,0.146415094339622
SOLUSDT,1665413100000,-1,32.57,32.40715,tp,0.11403508771929774
ETHUSDT,1665418500000,-1,1308.0,1301.46,tp,0.130961891124676
BNBUSDT,1665445500000,-1,272.88,271.5156,tp,0.14224489795918213
XRPUSDT,1665468000000,-1,0.4901,0.48764949999999996,tp,0.04187781350482348
ZECUSDT,1665577800000,-1,51.39,51.13305,tp,0.11911884057971228
BNBUSDT,1665593100000,-1,271.0,269.645,tp,0.21291691219799758
SOLUSDT,1665627300000,-1,30.87,30.71565,tp,0.07800383877159356
ETHUSDT,1665637200000,-1,1286.7,1280.2665,tp,0.1986158421194927
NEARUSDT,1665639900000,-1,3.002,2.9869899999999996,tp,0.07741100323624679
BNBUSDT,1665642600000,-1,269.18,267.8341,tp,0.2241938178780351
FILUSDT,1665642600000,-1,5.046,5.020770000000001,tp,0.06223046030274847
DOGEUSDT,1665644400000,-1,0.05816,0.0578692,tp,0.10933709449929539
ZECUSDT,1665644400000,-1,50.21,49.95895,tp,0.10498951781970624
SOLUSDT,1665644400000,-1,30.44,30.2878,tp,0.10621172353455832
ZECUSDT,1665664200000,-1,48.16,47.9192,tp,0.06386174808906589
NEARUSDT,1665664200000,-1,2.838,2.82381,tp,0.03784037558685474
DOGEUSDT,1665664200000,-1,0.05656,0.0562772,tp,0.06479003764842164
BNBUSDT,1665664200000,-1,261.93,260.62035000000003,tp,0.0946746637586312
XRPUSDT,1665664200000,-1,0.4506,0.448347,tp,0.04728620598358494
BTCUSDT,1665664200000,-1,18309.9,18218.3505,tp,0.028656971234797376
ETHUSDT,1665666000000,-1,1218.0,1211.91,tp,0.05117437345943427
BTCUSDT,1665758700000,-1,19520.0,19422.4,tp,0.10150436587180205
SOLUSDT,1665758700000,-1,31.12,30.9644,tp,0.07593883792048926
BNBUSDT,1665760500000,-1,272.23,270.86885,tp,0.12085590103644361
XRPUSDT,1665762300000,-1,0.4928,0.490336,tp,0.05494542401343455
FILUSDT,1665764100000,-1,5.082,5.05659,tp,0.07167728237791918
NEARUSDT,1665769500000,-1,3.021,3.0058949999999998,tp,0.056789423984891896
ZECUSDT,1665771300000,-1,50.19,49.939049999999995,tp,0.0803052208835353
DOGEUSDT,1665771300000,-1,0.05904,0.0587448,tp,0.08646821021683265
ETHUSDT,1665772200000,-1,1304.06,1297.5397,tp,0.07656544256120412
BTCUSDT,1665774900000,-1,19203.6,19107.582,tp,0.08624558085072864
FILUSDT,1665783900000,-1,5.018,4.99291,tp,0.06846809962470046
DOGEUSDT,1665822600000,-1,0.05844,0.0581478,tp,0.08463831334060333
ETHUSDT,1665822600000,-1,1291.83,1285.37085,tp,0.07804266376601281
XRPUSDT,1665822600000,-1,0.485,0.482575,tp,0.05060152350932514
SOLUSDT,1665822600000,-1,29.9,29.7505,tp,0.05623518255097192
NEARUSDT,1665877500000,-1,2.951,2.936245,tp,0.11312199807877127
ZECUSDT,1665899100000,-1,49.57,52.71133717404487,stop,-1.0159409090909095
BNBUSDT,1666005300000,-1,268.43,274.1461477908278,stop,-1.0455619500984894
SOLUSDT,1666011600000,-1,29.6,30.778296146044624,stop,-1.0248149681528669
ZECUSDT,1666367100000,1,51.78,52.0389,tp,0.06185616233959944
BNBUSDT,1666380600000,1,269.28,270.62639999999993,tp,0.1125031289111357
BTCUSDT,1666380600000,1,19119.8,19215.398999999998,tp,0.09718075528164333
XRPUSDT,1666382400000,1,0.4523,0.45456149999999995,tp,0.06372714486638459
DOGEUSDT,1666397700000,1,0.0592,0.05949599999999999,tp,0.08267782426777984
XRPUSDT,1666438200000,1,0.4609,0.4632044999999999,tp,0.07590123456789907
SOLUSDT,1666491300000,1,28.15,28.290749999999996,tp,0.052220676866016495
NEARUSDT,1666667700000,1,2.971,2.985855,tp,0.07338271604938192
ZECUSDT,1666704600000,1,52.48,52.74239999999999,tp,0.11140740740740436
BTCUSDT,1666705500000,1,19369.0,19465.844999999998,tp,0.28424982579674174
XRPUSDT,1666710000000,1,0.4518,0.45405899999999993,tp,0.10631455399060759
ETHUSDT,1666712700000,1,1388.31,1395.2515499999997,tp,0.11244509161509157
DOGEUSDT,1666715400000,1,0.06115,0.061455749999999996,tp,0.09217325800376455
NEARUSDT,1666717200000,1,3.017,3.0320849999999995,tp,0.07481481481481274
BNBUSDT,1666717200000,1,282.16,283.5708,tp,0.15704627320587505
FILUSDT,1666717200000,1,5.108,5.133539999999999,tp,0.09003963011888848
ZECUSDT,1666717200000,1,53.33,53.59664999999999,tp,0.10102272727272404
XRPUSDT,1666722600000,1,0.468,0.47034,tp,0.07543775100401427
ZECUSDT,1666767600000,1,54.05,54.320249999999994,tp,0.08369942196531699
ETHUSDT,1666770300000,1,1508.09,1515.6304499999997,tp,0.06655211007966065
SOLUSDT,1666793700000,1,31.55,31.707749999999997,tp,0.060324737344793274
BTCUSDT,1666795500000,1,20800.0,20903.999999999996,tp,0.07748592067170915
DOGEUSDT,1666808100000,1,0.0695,0.06984749999999999,tp,0.034269690319433055
DOGEUSDT,1666836900000,1,0.07417,0.07454084999999999,tp,0.030265197878416306
ZECUSDT,1666848600000,1,55.71,55.98855,tp,0.08313199105145291
DOGEUSDT,1666898100000,1,0.08008,0.0804804,tp,0.029457620886191985
NEARUSDT,1666942200000,1,3.157,2.9088466250395193,stop,-1.0111358722976371
DOGEUSDT,1666951200000,1,0.08086,0.0812643,tp,0.029247196052040972
DOGEUSDT,1666963800000,1,0.0837,0.08411849999999998,tp,0.021932954322681202
BNBUSDT,1666963800000,1,291.95,293.40975,tp,0.12378773435017433
SOLUSDT,1666966500000,1,30.85,31.00425,tp,0.07424460431654542
ETHUSDT,1666966500000,1,1524.8,1532.4239999999998,tp,0.06751289853154992
FILUSDT,1666973700000,1,5.319,5.345594999999999,tp,0.07150537634408481
NEARUSDT,1666973700000,1,2.978,2.99289,tp,0.0652435686918437
SOLUSDT,1666979100000,1,31.9,32.05949999999999,tp,0.05939058171744926
XRPUSDT,1666987200000,1,0.4684,0.47074199999999994,tp,0.09389389389389217
ZECUSDT,1666995300000,1,53.96,54.2298,tp,0.08318706697459499
NEARUSDT,1667001600000,1,3.049,3.0642449999999997,tp,0.060606060606059546
SOLUSDT,1667014200000,1,32.54,32.70269999999999,tp,0.0701393354769537
NEARUSDT,1667014200000,1,3.085,3.1004249999999995,tp,0.07469559975888886
ZECUSDT,1667016000000,1,54.23,54.50114999999999,tp,0.10094444444444158
ETHUSDT,1667020500000,1,1578.0,1585.8899999999999,tp,0.09586892778331808
SOLUSDT,1667030400000,1,33.0,33.165,tp,0.07061965811965777
NEARUSDT,1667034000000,1,3.114,3.1295699999999997,tp,0.0722318840579704
FILUSDT,1667035800000,1,5.483,5.510414999999999,tp,0.07902298850574546
ZECUSDT,1667061000000,1,54.59,54.86295,tp,0.0828484848484832
NEARUSDT,1667061900000,1,3.132,3.1476599999999997,tp,0.054246339362616885
BNBUSDT,1667064600000,1,306.3,307.8315,tp,0.08858649331888738
NEARUSDT,1667115900000,1,3.153,3.1687649999999996,tp,0.07169768753524924
ZECUSDT,1667115900000,1,55.09,55.365449999999996,tp,0.10154696132596402
SOLUSDT,1667117700000,1,33.26,33.4263,tp,0.08661478599221831
SOLUSDT,1667173500000,1,32.79,32.95395,tp,0.07036918138041764
BTCUSDT,1667181600000,1,20900.0,20436.13678870734,stop,-1.041853566906433
FILUSDT,1667212200000,1,5.439,5.466195,tp,0.07762868299609488
BTCUSDT,1667214000000,1,20685.9,20789.3295,tp,0.18282295805739313
NEARUSDT,1667219400000,1,3.138,3.1536899999999997,tp,0.07404004711425083
BNBUSDT,1667223000000,1,331.94,333.5997,tp,0.0584856075587778
DOGEUSDT,1667232900000,1,0.12673,0.12736365,tp,0.017481297617815993
XRPUSDT,1667259000000,1,0.4623,0.46461149999999996,tp,0.08592592592592459
BNBUSDT,1667269800000,1,330.6,332.253,tp,0.08256535030257464
ETHUSDT,1667277000000,1,1584.09,1592.0104499999998,tp,0.10135400714650114
BTCUSDT,1667295900000,1,20548.5,20651.242499999997,tp,0.21180208011532395
ZECUSDT,1667313000000,1,53.02,50.44798510277201,stop,-1.0186334791059288
SOLUSDT,1667382300000,1,34.14,31.31531550568348,stop,-1.010531990312637
BNBUSDT,1667527200000,1,334.78,336.4538999999999,tp,0.08023600929733371
ZECUSDT,1667533500000,1,51.2,51.455999999999996,tp,0.06808906613492656
BTCUSDT,1667540700000,1,20316.0,20417.579999999998,tp,0.23954766322113089
ETHUSDT,1667540700000,1,1549.3,1557.0464999999997,tp,0.1323019125683019
BNBUSDT,1667544300000,1,344.49,346.21245,tp,0.0551966674677557
XRPUSDT,1667551500000,1,0.465,0.467325,tp,0.09693187727508926
FILUSDT,1667557800000,1,6.0,6.029999999999999,tp,0.04118716761022387
SOLUSDT,1667558700000,1,32.57,32.73285,tp,0.0680020865936354
ETHUSDT,1667565000000,1,1588.0,1595.9399999999998,tp,0.10673161586233186
NEARUSDT,1667567700000,1,3.219,3.2350949999999994,tp,0.047446651949961734
BTCUSDT,1667570400000,1,20718.4,20821.992,tp,0.1210207057451114
SOLUSDT,1667572200000,1,33.47,33.63735,tp,0.05265802905378842
ZECUSDT,1667572200000,1,52.93,53.194649999999996,tp,0.05589662447257307
FILUSDT,1667583900000,1,6.084,6.114419999999999,tp,0.030529595015575773
ZECUSDT,1667606400000,1,53.84,54.109199999999994,tp,0.0755275148965972
BNBUSDT,1667610000000,1,354.68,356.4534,tp,0.049703951962015935
BNBUSDT,1667627100000,1,357.98,359.7699,tp,0.0944492810974799
SOLUSDT,1667646000000,1,35.1,35.2755,tp,0.05491022638563613
NEARUSDT,1667664000000,1,3.366,3.38283,tp,0.057618437900126794
XRPUSDT,1667671200000,1,0.5059,0.5084295,tp,0.06849407783417823
FILUSDT,1667734200000,1,6.237,6.268184999999999,tp,0.06209245742092227
BNBUSDT,1667752200000,1,352.12,353.88059999999996,tp,0.09490544451174118
ZECUSDT,1667775600000,1,54.63,51.00398244651674,stop,-1.0133628099173548
XRPUSDT,1667837700000,1,0.476,0.4783799999999999,tp,0.08621499548328601
SOLUSDT,1667849400000,1,32.55,32.71274999999999,tp,0.0392227204783248
BNBUSDT,1667853900000,1,341.5,343.2075,tp,0.06148727632407094
DOGEUSDT,1667859300000,1,0.14966,0.10949679518884893,stop,-1.0025899814498997
NEARUSDT,1667877300000,-1,2.966,2.9511700000000003,tp,0.04748085449415531
SOLUSDT,1667877300000,-1,28.0,27.86,tp,0.02541122565864843
BTCUSDT,1667879100000,1,20808.4,20149.360927934547,stop,-1.0290451563388316
DOGEUSDT,1667880000000,-1,0.10486,0.10433569999999999,tp,0.028075705529736927
FILUSDT,1667880000000,1,5.829,5.305047743203967,stop,-1.009618806466952
ZECUSDT,1667880000000,1,51.88,47.72316900075701,stop,-1.0109066282846169
BTCUSDT,1667925000000,-1,19292.1,20416.838785625376,stop,-1.0172448901862665
SOLUSDT,1667931300000,-1,25.71,25.58145,tp,0.011780342777194882
BNBUSDT,1667936700000,-1,317.84,316.25079999999997,tp,0.011424835858227022
FILUSDT,1667937600000,-1,4.705,4.681475,tp,0.01570729193506845
ETHUSDT,1667982600000,-1,1265.1,1258.7745,tp,0.03712324942320921
XRPUSDT,1667986200000,-1,0.3717,0.3698415,tp,0.02496612466124639
ZECUSDT,1667986200000,-1,40.37,40.16815,tp,0.023261183261183305
FILUSDT,1667986200000,-1,4.502,4.47949,tp,0.02382922301776675
BTCUSDT,1667986200000,-1,17976.4,17886.518,tp,0.055414824810386606
BNBUSDT,1667989800000,-1,291.53,290.07235,tp,0.023703246004284088
NEARUSDT,1668007800000,-1,2.192,2.1810400000000003,tp,0.018680510491022918
BTCUSDT,1668009600000,-1,17229.3,17143.1535,tp,0.027785360956613617
ZECUSDT,1668009600000,-1,38.41,38.217949999999995,tp,0.019963598543941943
SOLUSDT,1668010500000,-1,13.35,13.283249999999999,tp,0.0038952803695987393
BNBUSDT,1668018600000,-1,283.69,282.27155,tp,0.020972553368450355
FILUSDT,1668020400000,-1,4.276,4.25462,tp,0.019812996727442474
XRPUSDT,1668021300000,-1,0.3521,0.3503395,tp,0.0210481800332276
BTCUSDT,1668027600000,-1,16403.0,16320.985,tp,0.02292118536978551
NEARUSDT,1668027600000,-1,2.087,2.076565,tp,0.017846417846418185
DOGEUSDT,1668027600000,-1,0.07874,0.07834630000000001,tp,0.011625264564999356
ETHUSDT,1668030300000,-1,1132.73,1127.06635,tp,0.016289464245192436
SOLUSDT,1668030300000,-1,9.67,9.62165,tp,0.0030319106181174653
ZECUSDT,1668030300000,-1,35.07,34.89465,tp,0.015855348127275005
BTCUSDT,1668135600000,-1,17101.0,17015.495,tp,0.04121918411417388
FILUSDT,1668135600000,-1,4.485,4.462575,tp,0.034390432098765696
BNBUSDT,1668137400000,-1,292.22,290.75890000000004,tp,0.03843827221508322
DOGEUSDT,1668137400000,-1,0.08516,0.0847342,tp,0.02166252627555912
ETHUSDT,1668137400000,-1,1240.58,1234.3771,tp,0.029941927990708495
NEARUSDT,1668138300000,-1,2.167,2.1561649999999997,tp,0.02954545454545497
SOLUSDT,1668176100000,-1,16.004,15.923980000000002,tp,0.012593822912959126
BNBUSDT,1668178800000,-1,288.16,286.7192,tp,0.0446106663480313
BTCUSDT,1668178800000,-1,16880.0,16795.6,tp,0.0497727926373318
XRPUSDT,1668178800000,-1,0.375,0.373125,tp,0.03851386708529592
DOGEUSDT,1668178800000,-1,0.08225,0.08183875,tp,0.025823920531923516
FILUSDT,1668178800000,-1,4.406,4.38397,tp,0.03629534784464359
NEARUSDT,1668178800000,-1,2.139,2.1283049999999997,tp,0.0314916286149166
NEARUSDT,1668224700000,-1,2.05,2.0397499999999997,tp,0.025049019607843354
ZECUSDT,1668226500000,-1,37.98,37.790099999999995,tp,0.04149130074565061
SOLUSDT,1668230100000,-1,15.275,15.198625,tp,0.026378163600242054
DOGEUSDT,1668230100000,-1,0.08105,0.08064475,tp,0.041421267893660185
FILUSDT,1668231000000,-1,4.303,4.281485,tp,0.05225589225589212
XRPUSDT,1668231000000,-1,0.3671,0.3652645,tp,0.04518999073215914
XRPUSDT,1668277800000,-1,0.3616,0.359792,tp,0.0641599999999992
DOGEUSDT,1668296700000,-1,0.08811,0.08766945,tp,0.032133553476426185
FILUSDT,1668297600000,-1,4.266,4.24467,tp,0.0727491408934702
SOLUSDT,1668299400000,-1,14.7,14.6265,tp,0.04063162268855137
ZECUSDT,1668321900000,-1,39.62,39.4219,tp,0.073472803347279
SOLUSDT,1668323700000,-1,13.904,13.83448,tp,0.0277551434073176
XRPUSDT,1668327300000,-1,0.3589,0.3571055,tp,0.06807217473884054
BTCUSDT,1668329100000,-1,16752.3,16668.5385,tp,0.16494794371491542
ETHUSDT,1668330000000,-1,1219.01,1212.91495,tp,0.032503286081170674
BNBUSDT,1668331800000,-1,277.84,276.45079999999996,tp,0.08024337244676337
DOGEUSDT,1668363300000,-1,0.08517,0.08474414999999999,tp,0.03436238902340635
XRPUSDT,1668373200000,-1,0.3401,0.3383995,tp,0.05125188536953231
BTCUSDT,1668376800000,-1,16413.8,16331.731,tp,0.10694754071527865
SOLUSDT,1668384000000,-1,13.185,13.119075,tp,0.028332789559543235
BNBUSDT,1668384900000,-1,275.31,273.93345,tp,0.06086995117620979
ETHUSDT,1668384900000,-1,1212.49,1206.42755,tp,0.06655651024454612
DOGEUSDT,1668387600000,-1,0.08254,0.0821273,tp,0.03325628548256299
ZECUSDT,1668389400000,-1,39.16,38.9642,tp,0.03471125975473773
BTCUSDT,1668391200000,-1,16080.0,15999.6,tp,0.07716017316017286
XRPUSDT,1668398400000,-1,0.3292,0.327554,tp,0.029338731443994293
NEARUSDT,1668399300000,-1,1.826,1.81687,tp,0.026593406593406824
ZECUSDT,1668544200000,-1,40.85,40.64575,tp,0.059472527472527945
ETHUSDT,1668547800000,-1,1249.04,1242.7948,tp,0.05754359063716153
NEARUSDT,1668587400000,-1,1.964,1.95418,tp,0.04646536412078125
ETHUSDT,1668590100000,-1,1233.88,1227.7106,tp,0.08433866776090825
ZECUSDT,1668591000000,-1,40.27,40.068650000000005,tp,0.07556182416549072
BNBUSDT,1668591000000,-1,273.61,272.24195000000003,tp,0.042942126620178385
DOGEUSDT,1668600000000,-1,0.08617,0.08573915,tp,0.04211225997045758
SOLUSDT,1668603600000,-1,14.026,13.955869999999999,tp,0.048270741604075386
NEARUSDT,1668603600000,-1,1.943,1.9332850000000001,tp,0.057738095238094866
BTCUSDT,1668603600000,-1,16634.7,16551.5265,tp,0.12010762007945244
ZECUSDT,1668605400000,-1,39.44,39.242799999999995,tp,0.06103461688059195
ETHUSDT,1668609900000,-1,1210.0,1203.95,tp,0.05822955087871508
FILUSDT,1668613500000,-1,4.335,4.313325,tp,0.044867394695788064
BNBUSDT,1668614400000,-1,270.43,269.07785,tp,0.0747380804096601
NEARUSDT,1668663000000,-1,1.888,1.8785599999999998,tp,0.0749054726368167
BNBUSDT,1668676500000,-1,268.91,267.56545,tp,0.10184665329896149
ETHUSDT,1668690900000,-1,1192.0,1186.04,tp,0.07734347819018376
DOGEUSDT,1668692700000,-1,0.08371,0.08329145,tp,0.06653945537666528
SOLUSDT,1668693600000,-1,13.05,12.98475,tp,0.03685989304812873
SOLUSDT,1668783600000,-1,13.449,13.381755,tp,0.07059971003031483
FILUSDT,1668795300000,-1,4.3,4.2785,tp,0.08945833333333159
NEARUSDT,1668829500000,-1,1.749,1.740255,tp,0.07235721703011426
ZECUSDT,1668834900000,-1,38.7,38.5065,tp,0.12299124900556965
FILUSDT,1668906900000,-1,4.274,4.462227320675106,stop,-1.0225212574850304
NEARUSDT,1668940200000,-1,1.721,1.7123950000000001,tp,0.08942708333333321
ETHUSDT,1668940200000,-1,1208.57,1202.52715,tp,0.17888245770258474
BNBUSDT,1668943800000,-1,270.36,269.0082,tp,0.12420859177578851
BTCUSDT,1668943800000,-1,16600.0,16517.0,tp,0.1495400432900428
FILUSDT,1668943800000,-1,4.341,4.319295,tp,0.10088578088578071
ZECUSDT,1668945600000,-1,39.69,39.49155,tp,0.07365876336587673
SOLUSDT,1668945600000,-1,12.62,12.556899999999999,tp,0.049180840664711956
ZECUSDT,1668966300000,-1,39.31,39.11345,tp,0.07462488129154868
DOGEUSDT,1668968100000,-1,0.08055,0.08014724999999999,tp,0.06550335570469927
NEARUSDT,1668972600000,-1,1.651,1.6427450000000001,tp,0.04987091875474505
FILUSDT,1668979800000,-1,4.274,4.25263,tp,0.0821164021164027
XRPUSDT,1668980700000,-1,0.367,0.365165,tp,0.048938023450585545
ETHUSDT,1668983400000,-1,1151.5,1145.7425,tp,0.08505826724747687
ZECUSDT,1668988800000,-1,38.0,37.81,tp,0.06656126482213369
NEARUSDT,1668990600000,-1,1.55,1.5422500000000001,tp,0.036630824372759496
SOLUSDT,1668990600000,-1,12.085,12.024575,tp,0.039805521219613005
DOGEUSDT,1668995100000,-1,0.07611,0.07572945,tp,0.04178329882677629
XRPUSDT,1668998700000,-1,0.353,0.35123499999999996,tp,0.04282754418037812
ETHUSDT,1669000500000,-1,1123.0,1117.385,tp,0.05267876049975301
ETHUSDT,1669048200000,-1,1110.08,1104.5295999999998,tp,0.05810277198368131
SOLUSDT,1669067100000,-1,11.517,11.459415,tp,0.03608143712574823
ZECUSDT,1669068000000,-1,37.36,37.1732,tp,0.05507052709725261
ETHUSDT,1669100400000,-1,1085.01,1079.58495,tp,0.04544397573926047
SOLUSDT,1669116600000,-1,11.287,11.230565,tp,0.048741319444444715
BNBUSDT,1669169700000,-1,251.4,271.3075575595547,stop,-1.0129469513731413
FILUSDT,1669169700000,-1,4.078,4.402306465517242,stop,-1.0128957994579955
NEARUSDT,1669170600000,-1,1.447,1.6479861883252256,stop,-1.0077895247029387
DOGEUSDT,1669171500000,-1,0.0719,0.08082745824634656,stop,-1.0086011139134083
ZECUSDT,1669286700000,-1,42.55,42.33725,tp,0.07365493263798345
SOLUSDT,1669288500000,-1,13.963,13.893184999999999,tp,0.042076552139843376
FILUSDT,1669288500000,-1,4.389,4.367055000000001,tp,0.10742786985880738
XRPUSDT,1669310100000,-1,0.3764,0.3971717408691015,stop,-1.018164734299516
FILUSDT,1669338000000,-1,4.36,4.3382000000000005,tp,0.09290666666666601
SOLUSDT,1669346100000,-1,14.05,13.979750000000001,tp,0.041828077238499885
ZECUSDT,1669354200000,-1,42.41,42.19795,tp,0.06561117578579666
BNBUSDT,1669370400000,-1,295.48,294.00260000000003,tp,0.09277830337432934
DOGEUSDT,1669372200000,-1,0.07933,0.08618122727272726,stop,-1.0119499999999992
ETHUSDT,1669425300000,-1,1153.0,1227.6176859913026,stop,-1.0156294956912444
XRPUSDT,1669475700000,-1,0.4042,0.402179,tp,0.10431524547803642
ZECUSDT,1669482000000,-1,41.31,41.10345,tp,0.07853542558250129
SOLUSDT,1669487400000,-1,14.177,14.106114999999999,tp,0.049794412229836854
DOGEUSDT,1669494600000,-1,0.09023,0.08977885000000001,tp,0.04704530617574079
NEARUSDT,1669502700000,-1,1.593,1.585035,tp,0.051116465863453815
BNBUSDT,1669590900000,-1,310.17,308.61915,tp,0.09822275069362081
ETHUSDT,1669591800000,-1,1200.93,1194.92535,tp,0.15461927299655576
XRPUSDT,1669594500000,-1,0.398,0.39601000000000003,tp,0.0917388792605427
SOLUSDT,1669597200000,-1,14.034,13.96383,tp,0.06865321100917511
BTCUSDT,1669598100000,-1,16338.0,16256.31,tp,0.12246549654965533
ETHUSDT,1669652100000,-1,1158.0,1152.21,tp,0.10594423842878682
SOLUSDT,1669737600000,-1,13.39,13.32305,tp,0.06255941927174843
ZECUSDT,1669742100000,-1,39.89,39.69055,tp,0.0888590604026837
XRPUSDT,1669754700000,-1,0.3768,0.3997307569721116,stop,-1.0165604746317523
BTCUSDT,1669768200000,-1,16101.6,16580.905574854325,stop,-1.0328639204768282
XRPUSDT,1669828500000,-1,0.3984,0.396408,tp,0.1248
SOLUSDT,1669831200000,-1,13.372,13.30514,tp,0.0728542094455853
DOGEUSDT,1669833900000,-1,0.10305,0.10253475000000001,tp,0.05077305493412826
ETHUSDT,1669848300000,-1,1260.45,1303.9798925114635,stop,-1.0284581657893983
BNBUSDT,1669872600000,-1,296.0,294.52,tp,0.10215650670125531
NEARUSDT,1669890600000,-1,1.706,1.69747,tp,0.06160794941282708
SOLUSDT,1669902300000,-1,13.786,13.71707,tp,0.09498793519476038
DOGEUSDT,1669906800000,-1,0.102,0.10149,tp,0.0510393188079135
BNBUSDT,1669911300000,-1,292.23,290.76885000000004,tp,0.07459348813407406
BTCUSDT,1669928400000,-1,16960.0,16875.2,tp,0.13954001688389195
BNBUSDT,1669947300000,-1,290.12,288.6694,tp,0.1291530328324994
SOLUSDT,1669953600000,-1,13.372,13.30514,tp,0.07956950672645763
FILUSDT,1670052600000,-1,4.531,4.508344999999999,tp,0.08814814814814936
SOLUSDT,1670056200000,-1,13.55,13.48225,tp,0.11495219885277272
ETHUSDT,1670065200000,-1,1268.1,1261.7595,tp,0.09408414095280576
FILUSDT,1670100300000,-1,4.501,4.478495000000001,tp,0.14189573459715416
ZECUSDT,1670104800000,-1,45.7,45.471500000000006,tp,0.11508506616256944
NEARUSDT,1670109300000,-1,1.676,1.6676199999999999,tp,0.09458156028368815
XRPUSDT,1670110200000,-1,0.3886,0.386657,tp,0.11768115942029196
BNBUSDT,1670161500000,-1,289.66,288.2117,tp,0.151732809430258
BTCUSDT,1670200200000,-1,16931.5,17227.270418485547,stop,-1.0553331431228297
ZECUSDT,1670216400000,-1,45.05,46.918744446912484,stop,-1.0238517402945126
BNBUSDT,1670249700000,-1,293.85,292.38075000000003,tp,0.16001633986928077
FILUSDT,1670252400000,-1,4.556,4.53322,tp,0.1347290274684486
DOGEUSDT,1670256900000,-1,0.10311,0.10259444999999999,tp,0.03913732226357509
NEARUSDT,1670256900000,-1,1.733,1.7243350000000002,tp,0.07245283018867878
ETHUSDT,1670325300000,-1,1251.0,1244.745,tp,0.15222201935366406
ZECUSDT,1670337900000,-1,45.62,45.3919,tp,0.09155555555555445
SOLUSDT,1670399100000,-1,13.653,13.584735,tp,0.07537674547214164
NEARUSDT,1670429700000,-1,1.701,1.692495,tp,0.06012378426171519
NEARUSDT,1670446800000,-1,1.682,1.67359,tp,0.06565004887585557
SOLUSDT,1670463000000,-1,13.425,13.357875,tp,0.10574085064292907
SOLUSDT,1670479200000,-1,13.326,13.25937,tp,0.0954121863799282
NEARUSDT,1670501700000,-1,1.655,1.646725,tp,0.0810824108241085
ZECUSDT,1670562000000,1,45.12,45.34559999999999,tp,0.11965744400526596
SOLUSDT,1670578200000,1,13.787,13.855934999999999,tp,0.14078611536497732
NEARUSDT,1670583600000,1,1.714,1.7225699999999997,tp,0.08319999999999754
DOGEUSDT,1670592600000,-1,0.09504,0.0945648,tp,0.0824913194444436
FILUSDT,1670797800000,-1,4.317,4.295415,tp,0.10796747967479649
ETHUSDT,1670937300000,1,1289.97,1296.41985,tp,0.10563762509977284
ZECUSDT,1670937300000,1,46.54,46.77269999999999,tp,0.08039672272531063
DOGEUSDT,1670939100000,1,0.09111,0.09156554999999998,tp,0.0567755991285384
XRPUSDT,1670939100000,1,0.3881,0.39004049999999996,tp,0.09573971761816848
BNBUSDT,1670986800000,1,276.33,277.71164999999996,tp,0.03617850003224299
FILUSDT,1671002100000,1,4.348,4.369739999999999,tp,0.15992653810835153
ETHUSDT,1671030000000,1,1334.7,1341.3735,tp,0.15540550757509455
ZECUSDT,1671033600000,1,47.04,47.27519999999999,tp,0.16304761904761275
BTCUSDT,1671044400000,1,18149.6,18240.347999999998,tp,0.13301958203060593
ETHUSDT,1671510600000,1,1193.0,1198.965,tp,0.08625397513732196
BTCUSDT,1671510600000,1,16757.7,16841.4885,tp,0.11502692320883261
SOLUSDT,1671518700000,1,12.313,12.374564999999999,tp,0.05141253507951198
XRPUSDT,1671531300000,1,0.3446,0.346323,tp,0.06086419753086312
BNBUSDT,1671541200000,1,248.6,249.84299999999996,tp,0.05813212374970756
XRPUSDT,1671594300000,1,0.3521,0.3363964199545841,stop,-1.0203505568814653
ZECUSDT,1671633000000,1,42.19,42.400949999999995,tp,0.10814814814814656
DOGEUSDT,1671667200000,1,0.07375,0.07411874999999998,tp,0.0857259001161408
NEARUSDT,1671708600000,1,1.314,1.32057,tp,0.0921465968586381
DOGEUSDT,1671708600000,1,0.07429,0.07466144999999999,tp,0.1179231074118097
ETHUSDT,1671720300000,1,1218.92,1190.718746790902,stop,-1.0401110830452918
XRPUSDT,1671774300000,1,0.3488,0.35054399999999997,tp,0.11989690721649261
SOLUSDT,1671858900000,1,12.125,11.526923709306148,stop,-1.0183096666666678
FILUSDT,1672134300000,1,3.058,3.0732899999999996,tp,0.050446904469044124
BTCUSDT,1672384500000,-1,16551.0,16468.245,tp,0.3687826619867497
NEARUSDT,1672389000000,-1,1.264,1.25768,tp,0.07266955266955383
BTCUSDT,1672643700000,-1,16410.0,16763.277084476136,stop,-1.045078251406736
XRPUSDT,1673448300000,1,0.3683,0.37014149999999996,tp,0.0648572683355269
ETHUSDT,1673465400000,1,1337.5,1344.1874999999998,tp,0.1496365663322144
BTCUSDT,1673467200000,1,17464.0,17551.32,tp,0.2553985269452324
NEARUSDT,1673473500000,1,1.748,1.7567399999999997,tp,0.03300880853036527
BNBUSDT,1673474400000,1,279.0,280.395,tp,0.12752312435765434
ZECUSDT,1673479800000,1,44.25,44.47125,tp,0.08201292705447738
DOGEUSDT,1673479800000,1,0.07798,0.07836989999999999,tp,0.08528961748633847
FILUSDT,1673481600000,1,3.697,3.7154849999999997,tp,0.06375913978494503
SOLUSDT,1673485200000,1,16.597,16.679985,tp,0.037907916453245594
ETHUSDT,1673490600000,1,1400.0,1406.9999999999998,tp,0.07476035807652434
ZECUSDT,1673499600000,1,45.0,45.224999999999994,tp,0.0659210526315773
DOGEUSDT,1673547300000,1,0.07959,0.07998794999999999,tp,0.04378918548939014
SOLUSDT,1673550900000,1,16.554,16.636769999999995,tp,0.03364866920151946
ZECUSDT,1673552700000,1,45.27,45.49635,tp,0.046142893465547195
FILUSDT,1673552700000,1,3.854,3.8732699999999998,tp,0.038203799654576195
NEARUSDT,1673556300000,1,1.863,1.8723149999999997,tp,0.026232036452855892
BNBUSDT,1673578800000,1,287.94,289.37969999999996,tp,0.06380904912222234
BTCUSDT,1673606700000,1,18928.0,19022.64,tp,0.24291522380402433
BTCUSDT,1673630100000,1,19184.0,19279.92,tp,0.11177367902093666
SOLUSDT,1673641800000,1,17.097,17.182485,tp,0.05168735424659498
ETHUSDT,1673641800000,1,1419.78,1426.8789,tp,0.12416437639052318
DOGEUSDT,1673644500000,1,0.08109,0.08149544999999998,tp,0.07248939495422875
FILUSDT,1673644500000,1,3.878,3.8973899999999997,tp,0.048181253879576745
XRPUSDT,1673644500000,1,0.378,0.37988999999999995,tp,0.08467561521252585
BNBUSDT,1673645400000,1,289.26,290.70629999999994,tp,0.11486507936507598
ZECUSDT,1673647200000,1,45.17,45.395849999999996,tp,0.059940417080435425
XRPUSDT,1673657100000,1,0.3881,0.39004049999999996,tp,0.0732673267326717
DOGEUSDT,1673658000000,1,0.08562,0.08604809999999999,tp,0.04418551169030143
NEARUSDT,1673658000000,1,2.006,2.0160299999999998,tp,0.027094188376753446
ZECUSDT,1673659800000,1,46.9,47.134499999999996,tp,0.04701701701701645
NEARUSDT,1673676900000,1,2.146,2.1567299999999996,tp,0.020771828268209693
ZECUSDT,1673682300000,1,47.79,48.028949999999995,tp,0.04077233184807896
FILUSDT,1673684100000,1,4.499,4.521494999999999,tp,0.02328034121752541
BNBUSDT,1673684100000,1,311.79,313.34895,tp,0.042556446972004544
XRPUSDT,1673685000000,1,0.4066,0.40863299999999997,tp,0.047175925925924844
DOGEUSDT,1673686800000,1,0.0907,0.0911535,tp,0.031586266840503814
FILUSDT,1673735400000,1,4.344,4.36572,tp,0.03528504767701249
SOLUSDT,1673741700000,1,24.078,24.198389999999996,tp,0.028656785818075434
SOLUSDT,1673797500000,1,23.53,23.64765,tp,0.032041080051689506
BNBUSDT,1673797500000,1,301.7,303.20849999999996,tp,0.09565685343462955
ETHUSDT,1673797500000,1,1548.97,1556.7148499999998,tp,0.09598651761831656
DOGEUSDT,1673797500000,1,0.08542,0.08584709999999998,tp,0.07344923803391054
BTCUSDT,1673797500000,1,20880.0,20984.399999999998,tp,0.13748029682280827
FILUSDT,1673800200000,1,4.77,4.793849999999999,tp,0.03557963163596883
NEARUSDT,1673802900000,1,2.212,2.22306,tp,0.040678587803758326
DOGEUSDT,1673829900000,1,0.08666,0.0870933,tp,0.06381004969629993
BNBUSDT,1673832600000,1,303.89,305.40944999999994,tp,0.09543580131208676
BTCUSDT,1673833500000,1,21073.8,21179.168999999998,tp,0.09876417312751593
ETHUSDT,1673835300000,1,1570.0,1577.85,tp,0.0772521594032185
XRPUSDT,1673835300000,1,0.39,0.39194999999999997,tp,0.07637787567302805
SOLUSDT,1673850600000,1,23.907,24.026535,tp,0.03444744517662278
ZECUSDT,1673881200000,1,45.7,41.68013858695654,stop,-1.009850123571208
BTCUSDT,1673896500000,1,21276.0,21382.379999999997,tp,0.09672300981461045
FILUSDT,1673939700000,1,4.653,4.676264999999999,tp,0.04852083333333227
ZECUSDT,1673945100000,1,43.27,43.48635,tp,0.06963497793822664
SOLUSDT,1673954100000,1,23.88,23.999399999999998,tp,0.03213602978166789
BNBUSDT,1673964900000,1,302.7,304.21349999999995,tp,0.12033780427222869
ETHUSDT,1673967600000,1,1578.32,1586.2115999999999,tp,0.11924300397629088
XRPUSDT,1673982900000,1,0.3919,0.3938595,tp,0.07598837209302117
DOGEUSDT,1674005400000,1,0.08513,0.08555564999999998,tp,0.07478147423352641
BTCUSDT,1674049500000,1,21354.0,21460.769999999997,tp,0.14216617654388278
XRPUSDT,1674056700000,1,0.3936,0.37082892666835826,stop,-1.0154708333333333
ETHUSDT,1674056700000,1,1598.88,1532.0650402386177,stop,-1.021783471746817
BNBUSDT,1674056700000,1,304.19,291.3238371749893,stop,-1.0215105038759706
SOLUSDT,1674058500000,1,23.362,20.569705210960542,stop,-1.0069982653791132
FILUSDT,1674058500000,1,4.787,4.261923156372652,stop,-1.0077109227871934
DOGEUSDT,1674058500000,1,0.08921,0.08102264467528127,stop,-1.0094012668790773
XRPUSDT,1674125100000,1,0.387,0.388935,tp,0.09352622061482685
NEARUSDT,1674155700000,1,2.083,2.093415,tp,0.044817204301073554
BTCUSDT,1674155700000,1,20965.7,21070.528499999997,tp,0.1344750548904547
BNBUSDT,1674155700000,1,291.86,293.3193,tp,0.10723185613358883
FILUSDT,1674157500000,1,4.404,4.426019999999999,tp,0.0628877005347578
SOLUSDT,1674161100000,1,21.513,21.620565,tp,0.04054992492492398
ZECUSDT,1674221400000,1,45.24,45.4662,tp,0.0827322404371574
ZECUSDT,1674236700000,1,46.97,47.20484999999999,tp,0.06414193108154037
DOGEUSDT,1674239400000,1,0.08248,0.08289239999999999,tp,0.1080274779195273
FILUSDT,1674243000000,1,4.54,4.5626999999999995,tp,0.07683988170680027
XRPUSDT,1674244800000,1,0.4003,0.4023014999999999,tp,0.09981308411214637
BNBUSDT,1674244800000,1,295.46,296.93729999999994,tp,0.12687050745627787
FILUSDT,1674259200000,1,4.759,4.782795,tp,0.051801140994294635
ZECUSDT,1674284400000,1,48.87,49.114349999999995,tp,0.04654320987654275
DOGEUSDT,1674288000000,1,0.08742,0.0878571,tp,0.06650739476677969
NEARUSDT,1674288000000,1,2.415,2.427075,tp,0.03842209072978255
BTCUSDT,1674295200000,1,22812.4,22926.462,tp,0.15198894935676308
SOLUSDT,1674316800000,1,25.9,26.029499999999995,tp,0.03931943980088314
FILUSDT,1674318600000,1,5.066,5.091329999999999,tp,0.040294000794595795
NEARUSDT,1674369900000,1,2.416,2.4280799999999996,tp,0.04067255149222245
FILUSDT,1674380700000,1,5.185,5.210924999999999,tp,0.037785063752275486
ETHUSDT,1674398700000,1,1634.21,1642.38105,tp,0.15504742933029594
FILUSDT,1674399600000,1,5.385,5.411924999999999,tp,0.03477099236641148
DOGEUSDT,1674402300000,1,0.08652,0.08695259999999999,tp,0.09415119720204257
BNBUSDT,1674408600000,1,306.78,308.31389999999993,tp,0.11746869324156008
NEARUSDT,1674443700000,1,2.561,2.5738049999999997,tp,0.034043117744609545
XRPUSDT,1674460800000,1,0.416,0.41807999999999995,tp,0.08380664652567897
BTCUSDT,1674485100000,1,22967.0,23081.835,tp,0.1491273470181911
DOGEUSDT,1674526500000,1,0.08953,0.08997764999999999,tp,0.06775571941765868
SOLUSDT,1674528300000,1,24.78,24.9039,tp,0.05069951338199467
BNBUSDT,1674534600000,1,319.73,321.32865,tp,0.07959491169568825
ZECUSDT,1674609300000,1,49.42,43.54602597664116,stop,-1.0070427149512917
NEARUSDT,1674653400000,1,2.431,2.443155,tp,0.04928679817905882
ETHUSDT,1674676800000,1,1558.58,1566.3728999999998,tp,0.13448180720813746
XRPUSDT,1674676800000,1,0.4106,0.412653,tp,0.08498191214470158
DOGEUSDT,1674676800000,1,0.0852,0.085626,tp,0.06498669707335555
BNBUSDT,1674682200000,1,304.23,305.75115,tp,0.09310381761150453
FILUSDT,1674684000000,1,5.555,5.582774999999999,tp,0.025153153153152436
SOLUSDT,1674684900000,1,24.65,24.773249999999997,tp,0.03554985023534411
BTCUSDT,1674689400000,1,23050.0,23165.249999999996,tp,0.08956041732897621
ZECUSDT,1674689400000,1,45.26,45.48629999999999,tp,0.06084337349397457
NEARUSDT,1674744300000,1,2.624,2.63712,tp,0.04076365024818567
ZECUSDT,1674757800000,1,46.37,46.60184999999999,tp,0.052934131736525655
NEARUSDT,1674833400000,1,2.468,2.4803399999999995,tp,0.050463104325698026
DOGEUSDT,1674833400000,1,0.08595,0.08637974999999999,tp,0.08692929292929141
SOLUSDT,1674837900000,1,24.047,24.167234999999998,tp,0.059351032448376244
ETHUSDT,1674841500000,1,1590.39,1598.34195,tp,0.09601605407688932
BNBUSDT,1674841500000,1,306.73,308.26365,tp,0.11146303854875053
XRPUSDT,1674845100000,1,0.4094,0.41144699999999995,tp,0.0970278271166358
ZECUSDT,1674847800000,1,46.47,46.702349999999996,tp,0.0697897897897888
NEARUSDT,1674853200000,1,2.531,2.5436549999999998,tp,0.04527629233511461
DOGEUSDT,1674864900000,1,0.08768,0.08811839999999999,tp,0.07659036407237702
SOLUSDT,1674865800000,1,24.609,24.732045,tp,0.04768099109562419
FILUSDT,1674865800000,1,5.491,5.518454999999999,tp,0.04304985337243366
NEARUSDT,1674877500000,1,2.59,2.6029499999999994,tp,0.04735883424407866
DOGEUSDT,1674955800000,1,0.08894,0.0893847,tp,0.08730392156862593
NEARUSDT,1674956700000,1,2.508,2.5205399999999996,tp,0.0654450942170217
ETHUSDT,1674960300000,1,1587.75,1595.6887499999998,tp,0.10997470085469846
ZECUSDT,1674973800000,1,47.19,47.42594999999999,tp,0.05744150714068565
NEARUSDT,1674980100000,1,2.54,2.5526999999999997,tp,0.06105515587529846
BNBUSDT,1674983700000,1,310.73,312.28364999999997,tp,0.12608123164184717
ZECUSDT,1674990000000,1,47.68,47.91839999999999,tp,0.06684873949579591
DOGEUSDT,1674997200000,1,0.0898,0.090249,tp,0.10618713450292165
NEARUSDT,1675000800000,1,2.567,2.579835,tp,0.06039766081871314
BNBUSDT,1675005300000,1,318.36,319.9518,tp,0.08431652772264027
SOLUSDT,1675010700000,1,24.994,25.118969999999997,tp,0.05500603665898247
ETHUSDT,1675018800000,1,1628.0,1636.1399999999999,tp,0.09919651559454042
XRPUSDT,1675019700000,1,0.4134,0.4154669999999999,tp,0.11077333333332985
BTCUSDT,1675019700000,1,23680.0,23798.399999999998,tp,0.11411209780280361
XRPUSDT,1675071900000,1,0.4174,0.3970405429594272,stop,-1.0185264525993873
FILUSDT,1675105200000,1,5.557,5.048337598425197,stop,-1.0094284946236554
DOGEUSDT,1675125900000,1,0.08927,0.08971634999999999,tp,0.057415873015871005
XRPUSDT,1675155600000,1,0.3963,0.39828149999999996,tp,0.09763837638376219
ZECUSDT,1675165500000,1,45.29,45.51644999999999,tp,0.08856304985336996
ETHUSDT,1675171800000,1,1576.68,1584.5634,tp,0.1436328924041981
BTCUSDT,1675171800000,1,22913.6,23028.167999999998,tp,0.1916250547525181
NEARUSDT,1675172700000,1,2.328,2.3396399999999997,tp,0.06118110236220389
DOGEUSDT,1675182600000,1,0.09497,0.09544484999999998,tp,0.029655602306372757
ZECUSDT,1675182600000,1,45.53,45.75765,tp,0.07507818930041046
FILUSDT,1675185300000,1,5.245,5.271224999999999,tp,0.05970420932878095
DOGEUSDT,1675209600000,1,0.09661,0.09709304999999999,tp,0.038329878590463766
BNBUSDT,1675280700000,1,313.69,315.25845,tp,0.14591326589931136
ZECUSDT,1675280700000,1,45.86,46.089299999999994,tp,0.08389574759944922
FILUSDT,1675281600000,1,5.391,5.417954999999999,tp,0.03249021379102586
BTCUSDT,1675281600000,1,23234.3,23350.471499999996,tp,0.11023470173567652
XRPUSDT,1675281600000,1,0.4079,0.40993949999999996,tp,0.0983725135623855
SOLUSDT,1675281600000,1,23.69,23.808449999999997,tp,0.040134765213727795
NEARUSDT,1675287000000,1,2.392,2.4039599999999997,tp,0.03264695888549032
ZECUSDT,1675296900000,1,47.27,47.50635,tp,0.044926713947989506
DOGEUSDT,1675300500000,1,0.09505,0.09552524999999999,tp,0.0361953242835594
NEARUSDT,1675343700000,1,2.497,2.5094849999999997,tp,0.044290780141843455
ETHUSDT,1675352700000,1,1678.0,1686.3899999999999,tp,0.1544698897370614
XRPUSDT,1675361700000,1,0.4158,0.41787899999999994,tp,0.06647527910685627
NEARUSDT,1675362600000,1,2.556,2.56878,tp,0.04142394822006406
BNBUSDT,1675425600000,1,332.49,334.15245,tp,0.08752467429924853
NEARUSDT,1675425600000,1,2.468,2.4803399999999995,tp,0.07447963800904701
FILUSDT,1675434600000,1,5.586,5.61393,tp,0.06849816849816728
ZECUSDT,1675435500000,1,46.8,47.03399999999999,tp,0.09545361875636858
ETHUSDT,1675437300000,1,1656.05,1664.3302499999998,tp,0.09422169309919415
NEARUSDT,1675439100000,1,2.492,2.50446,tp,0.05312068048910125
DOGEUSDT,1675467000000,1,0.09285,0.09331424999999999,tp,0.07859649122806782
NEARUSDT,1675528200000,1,2.523,2.535615,tp,0.06776659959758478
XRPUSDT,1675532700000,1,0.4129,0.41496449999999996,tp,0.13616460905349617
BNBUSDT,1675585800000,1,333.5,335.16749999999996,tp,0.14152314373477018
SOLUSDT,1675601100000,1,25.69,23.315862229102166,stop,-1.0093297319933001
FILUSDT,1675601100000,1,5.703,5.402927332692646,stop,-1.0171051266085507
BTCUSDT,1675617300000,1,23950.0,22947.321566245475,stop,-1.0217417217265794
ZECUSDT,1675700100000,1,44.22,44.44109999999999,tp,0.0782186948853589
SOLUSDT,1675700100000,1,23.455,23.572274999999994,tp,0.06448839445130924
BTCUSDT,1675704600000,1,22935.0,23049.675,tp,0.14718602274179024
XRPUSDT,1675710000000,1,0.4012,0.40320599999999995,tp,0.11103734439833729
BNBUSDT,1675760400000,1,328.94,330.58469999999994,tp,0.11299110198493768
FILUSDT,1675762200000,1,5.316,5.342579999999999,tp,0.06469449485783213
NEARUSDT,1675764900000,1,2.358,2.36979,tp,0.09116908212560354
BTCUSDT,1675791900000,1,22977.8,23092.689,tp,0.23658720975082775
ETHUSDT,1675791900000,1,1644.53,1652.75265,tp,0.16769023054387847
XRPUSDT,1675791900000,1,0.3974,0.39938699999999994,tp,0.13895287958114907
FILUSDT,1675791900000,1,5.435,5.462174999999999,tp,0.06107563025210029
SOLUSDT,1675791900000,1,23.432,23.549159999999997,tp,0.10162384823848077
NEARUSDT,1675800900000,1,2.375,2.386875,tp,0.0644804318488521
ZECUSDT,1675800900000,1,46.3,46.531499999999994,tp,0.06792259948886357
DOGEUSDT,1675816200000,1,0.09294,0.09340469999999998,tp,0.08457454050374134
BNBUSDT,1675816200000,1,333.27,334.93634999999995,tp,0.09560381280011286
ETHUSDT,1675818000000,1,1679.03,1687.4251499999998,tp,0.06579869373206676
SOLUSDT,1675818000000,1,24.062,24.182309999999998,tp,0.042283658065647343
FILUSDT,1675819800000,1,5.569,5.596844999999999,tp,0.054087503021511746
NEARUSDT,1675840500000,1,2.568,2.58084,tp,0.05906392694063798
BTCUSDT,1675971000000,1,23368.6,22042.898749031865,stop,-1.0157959825385157
FILUSDT,1676041200000,1,4.945,4.9697249999999995,tp,0.053505933117581964
FILUSDT,1676084400000,1,5.007,5.032034999999999,tp,0.055450785773364326
BNBUSDT,1676117700000,1,307.92,309.45959999999997,tp,0.11297302240511667
ZECUSDT,1676123100000,1,45.21,45.436049999999994,tp,0.05746031746031592
NEARUSDT,1676124900000,1,2.253,2.264265,tp,0.08705202312138605
SOLUSDT,1676127600000,1,20.481,20.583405,tp,0.1224372759856598
BTCUSDT,1676151900000,1,21718.8,21827.393999999997,tp,0.43773109667017684
SOLUSDT,1676153700000,1,20.599,20.701994999999997,tp,0.09965242577841729
NEARUSDT,1676153700000,1,2.269,2.280345,tp,0.07712351945854466
SOLUSDT,1676192400000,1,20.888,20.99244,tp,0.13695602419486214
NEARUSDT,1676192400000,1,2.295,2.306475,tp,0.10898345153664175
DOGEUSDT,1676192400000,1,0.08284,0.08325419999999999,tp,0.07467567567567382
ZECUSDT,1676205000000,1,47.48,47.71739999999999,tp,0.049797191887674216
BNBUSDT,1676216700000,1,309.98,311.5299,tp,0.18047308083006738
BTCUSDT,1676219400000,1,21891.9,22001.3595,tp,0.36199876007437815
FILUSDT,1676225700000,1,5.11,5.135549999999999,tp,0.0896014016644735
DOGEUSDT,1676263500000,1,0.08477,0.08519384999999999,tp,0.05018445896877151
ETHUSDT,1676279700000,1,1540.98,1482.6486040323884,stop,-1.0241467935143014
SOLUSDT,1676331900000,1,20.696,20.79948,tp,0.052424586646471025
NEARUSDT,1676333700000,1,2.176,2.18688,tp,0.058310046573518445
DOGEUSDT,1676380500000,1,0.08195,0.08235974999999998,tp,0.0740720720720696
ETHUSDT,1676380500000,1,1509.84,1517.3891999999998,tp,0.1641852002715534
FILUSDT,1676385000000,1,4.855,4.879275,tp,0.07015804597700984
SOLUSDT,1676385900000,1,21.602,21.710009999999997,tp,0.05944251346009501
BTCUSDT,1676389500000,1,21894.1,22003.570499999998,tp,0.1165246777742841
ZECUSDT,1676389500000,1,43.23,43.44614999999999,tp,0.05047041847041664
NEARUSDT,1676389500000,1,2.188,2.19894,tp,0.04830886351277738
XRPUSDT,1676403000000,1,0.3778,0.379689,tp,0.07466666666666563
XRPUSDT,1676435400000,1,0.3799,0.38179949999999996,tp,0.11055918663761469
BNBUSDT,1676456100000,1,297.0,298.48499999999996,tp,0.07103423680456279
ZECUSDT,1676457900000,1,43.83,44.04914999999999,tp,0.09299417064122638
XRPUSDT,1676460600000,1,0.3839,0.3858195,tp,0.12835421888053256
NEARUSDT,1676462400000,1,2.293,2.304465,tp,0.07528255528255402
SOLUSDT,1676489400000,1,22.745,22.858725,tp,0.0546537495514885
DOGEUSDT,1676490300000,1,0.08729,0.08772645,tp,0.08342884431709474
BNBUSDT,1676495700000,1,314.08,315.65039999999993,tp,0.0941414141414111
XRPUSDT,1676498400000,1,0.3979,0.39988949999999995,tp,0.10608233731739594
FILUSDT,1676506500000,1,5.491,5.518454999999999,tp,0.058318748342614135
NEARUSDT,1676509200000,1,2.489,2.5014449999999995,tp,0.04875968992247899
BNBUSDT,1676512800000,1,320.71,322.31354999999996,tp,0.06887767969735135
DOGEUSDT,1676512800000,1,0.08965,0.09009824999999999,tp,0.06747793427230016
ZECUSDT,1676523600000,1,46.64,46.8732,tp,0.05805452292441056
ETHUSDT,1676564100000,1,1698.47,1706.9623499999998,tp,0.09428178240167048
BTCUSDT,1676565000000,1,24764.6,24888.422999999995,tp,0.11773060759313016
FILUSDT,1676579400000,1,5.943,5.972714999999999,tp,0.03446224916991423
FILUSDT,1676611800000,1,6.539,6.571694999999999,tp,0.02532365747460046
NEARUSDT,1676634300000,1,2.427,2.439135,tp,0.0631319038336571
BTCUSDT,1676646000000,1,23983.5,24103.417499999996,tp,0.10940165147355799
ETHUSDT,1676649600000,1,1675.87,1684.2493499999998,tp,0.11688104684345978
SOLUSDT,1676653200000,1,22.818,22.93209,tp,0.08996763754045124
XRPUSDT,1676655900000,1,0.3906,0.392553,tp,0.11259899208063212
ZECUSDT,1676657700000,1,45.17,45.395849999999996,tp,0.06436389481165422
BNBUSDT,1676662200000,1,311.45,313.00724999999994,tp,0.11534163208851597
NEARUSDT,1676664000000,1,2.457,2.4692849999999997,tp,0.05337676438653594
ZECUSDT,1676683800000,1,45.93,46.15964999999999,tp,0.05988921472792248
BNBUSDT,1676703600000,1,317.0,318.585,tp,0.10439730307515101
NEARUSDT,1676726100000,1,2.553,2.565765,tp,0.06295202952029481
SOLUSDT,1676738700000,1,23.558,23.675789999999996,tp,0.06350026925147857
BTCUSDT,1676743200000,1,24684.8,24808.224,tp,0.1679090399224998
FILUSDT,1676769300000,1,7.732,7.7706599999999995,tp,0.03624217118997843
ZECUSDT,1676805300000,1,46.8,47.03399999999999,tp,0.08277630415561256
SOLUSDT,1676810700000,1,23.8,23.918999999999997,tp,0.08611709770114646
ETHUSDT,1676819700000,1,1710.0,1718.5499999999997,tp,0.06138850968530369
BTCUSDT,1676829600000,1,25073.5,24273.533888746515,stop,-1.0288260425909495
SOLUSDT,1676843100000,1,24.93,25.05465,tp,0.05567475380975906
SOLUSDT,1676861100000,1,25.68,25.808399999999995,tp,0.03420220697882376
NEARUSDT,1676871000000,1,2.652,2.66526,tp,0.043467643467642855
BNBUSDT,1676887200000,1,317.25,318.83624999999995,tp,0.13059850118057295
XRPUSDT,1676903400000,1,0.399,0.400995,tp,0.07644189383070171
ETHUSDT,1677014100000,1,1716.15,1654.2141372004335,stop,-1.025373077233556
ZECUSDT,1677024900000,1,49.34,49.5867,tp,0.05620670073821621
FILUSDT,1677042900000,1,8.979,9.023894999999998,tp,0.024833298819630638
XRPUSDT,1677105900000,1,0.393,0.39496499999999996,tp,0.0839679999999974
SOLUSDT,1677105900000,1,23.936,24.05568,tp,0.04767194187319554
NEARUSDT,1677106800000,1,2.488,2.5004399999999998,tp,0.059474313022699
ZECUSDT,1677122100000,1,48.12,48.36059999999999,tp,0.07298642533936482
FILUSDT,1677122100000,1,8.19,8.230949999999998,tp,0.03553391755923287
NEARUSDT,1677140100000,1,2.549,2.5617449999999997,tp,0.07855273287143859
ZECUSDT,1677197700000,1,47.88,48.1194,tp,0.07899588477366125
XRPUSDT,1677251700000,1,0.3973,0.380916623678913,stop,-1.0220876811594195
DOGEUSDT,1677252600000,1,0.09035,0.08246435738859764,stop,-1.0099346550915063
FILUSDT,1677658500000,1,6.856,6.890279999999999,tp,0.051834451901564466
SOLUSDT,1677681900000,1,22.676,22.789379999999994,tp,0.08286000911992422
FILUSDT,1677693600000,1,7.112,7.1475599999999995,tp,0.040431389243649064
XRPUSDT,1677806100000,1,0.3828,0.3675494518402506,stop,-1.0228957002457004
BNBUSDT,1677806100000,1,304.52,294.3162145543744,stop,-1.0274016349438777
BTCUSDT,1677807000000,1,23852.6,22786.987813882926,stop,-1.02031474367994
ZECUSDT,1677877200000,-1,38.89,38.69555,tp,0.08889651229274036
NEARUSDT,1677879900000,-1,2.084,2.07358,tp,0.07714020427112236
FILUSDT,1677943800000,-1,6.088,6.05756,tp,0.0886557377049198
SOLUSDT,1677943800000,-1,21.154,21.04823,tp,0.11405609492988128
ZECUSDT,1677944700000,-1,38.88,38.6856,tp,0.11163793103448372
DOGEUSDT,1677945600000,-1,0.076,0.07561999999999999,tp,0.20103174603174873
ETHUSDT,1677960000000,-1,1561.83,1554.0208499999999,tp,0.29154248366012925
ZECUSDT,1677961800000,-1,38.21,38.018950000000004,tp,0.09360294117646882
XRPUSDT,1677961800000,-1,0.3727,0.37083649999999996,tp,0.14522417153996287
BTCUSDT,1677978900000,-1,22204.0,22519.060610225395,stop,-1.0679015620658234
SOLUSDT,1677978900000,-1,20.363,21.67883264248705,stop,-1.0156516036655203
XRPUSDT,1678043700000,-1,0.3706,0.368747,tp,0.20827004219409065
SOLUSDT,1678043700000,-1,21.131,21.025345,tp,0.10999348194498651
ZECUSDT,1678051800000,-1,38.46,38.2677,tp,0.14455743879472835
BNBUSDT,1678057200000,-1,289.34,287.89329999999995,tp,0.2772489815480563
SOLUSDT,1678060800000,-1,21.0,20.895,tp,0.08645775157720617
ETHUSDT,1678078800000,-1,1562.0,1554.19,tp,0.19766910391542303
BNBUSDT,1678089600000,-1,286.1,284.6695,tp,0.12891593418976796
ZECUSDT,1678185900000,-1,37.94,37.750299999999996,tp,0.12302439024390434
SOLUSDT,1678185900000,-1,20.523,20.420385,tp,0.07825124093165306
DOGEUSDT,1678185900000,-1,0.07438,0.07400810000000001,tp,0.12938917975566844
BNBUSDT,1678187700000,-1,286.51,285.07745,tp,0.2321296859169212
NEARUSDT,1678197600000,-1,1.991,1.9810450000000002,tp,0.06676742233417242
ZECUSDT,1678199400000,-1,37.4,37.213,tp,0.08334448160534998
BTCUSDT,1678199400000,-1,22348.0,22236.26,tp,0.18184319231630416
ETHUSDT,1678201200000,-1,1561.31,1553.50345,tp,0.22341061972234227
DOGEUSDT,1678201200000,-1,0.07372,0.0733514,tp,0.11962647178237763
SOLUSDT,1678218300000,-1,20.119,20.018405,tp,0.07431954852437635
NEARUSDT,1678255200000,-1,1.943,1.9332850000000001,tp,0.06972147349505801
SOLUSDT,1678255200000,-1,19.682,19.583589999999997,tp,0.06600656731497942
FILUSDT,1678280400000,-1,5.755,5.7262249999999995,tp,0.04630685263796321
XRPUSDT,1678282200000,-1,0.3765,0.4002880456481235,stop,-1.0159859136387577
BNBUSDT,1678291200000,-1,285.03,294.11159265476135,stop,-1.030766190870222
NEARUSDT,1678293000000,-1,1.905,1.895475,tp,0.05970055161544513
ZECUSDT,1678299300000,-1,36.44,36.257799999999996,tp,0.0698027898027906
SOLUSDT,1678306500000,-1,18.609,18.515955,tp,0.04136287344746575
DOGEUSDT,1678311900000,-1,0.07201,0.07164995,tp,0.06864800191433383
BTCUSDT,1678315500000,-1,21929.0,21819.355,tp,0.15929721283476853
SOLUSDT,1678379400000,-1,18.2,18.108999999999998,tp,0.06607051981097849
BTCUSDT,1678384800000,-1,21489.3,21381.853499999997,tp,0.13243889274423828
ZECUSDT,1678388400000,-1,35.55,35.372249999999994,tp,0.053228109733183766
NEARUSDT,1678390200000,-1,1.835,1.825825,tp,0.05452380952380924
XRPUSDT,1678391100000,-1,0.3807,0.3787965,tp,0.06636998254799319
ETHUSDT,1678393800000,-1,1480.0,1472.6,tp,0.09115113354013432
SOLUSDT,1678397400000,-1,17.239,17.152805,tp,0.033380022848060374
BTCUSDT,1678422600000,-1,20000.1,19900.0995,tp,0.05173569330693809
BNBUSDT,1678440600000,-1,270.34,268.9883,tp,0.10099028400597795
ETHUSDT,1678441500000,-1,1402.8,1395.786,tp,0.0797561637186448
NEARUSDT,1678442400000,-1,1.737,1.728315,tp,0.050978660779985537
SOLUSDT,1678442400000,-1,16.586,16.503069999999997,tp,0.05197188659875302
XRPUSDT,1678442400000,-1,0.3647,0.36287650000000005,tp,0.06716528162511456
DOGEUSDT,1678445100000,-1,0.06363,0.06331185,tp,0.06300946686596978
BTCUSDT,1678459500000,-1,19752.0,19653.24,tp,0.09437587708250773
FILUSDT,1678518900000,-1,5.14,5.1143,tp,0.04290619765494074
ZECUSDT,1678519800000,-1,30.83,30.675849999999997,tp,0.04104522613065363
XRPUSDT,1678524300000,-1,0.3653,0.3634735,tp,0.07897435897435964
NEARUSDT,1678527000000,-1,1.752,1.74324,tp,0.03715670436187439
SOLUSDT,1678527000000,-1,17.436,17.34882,tp,0.03429257314328577
BNBUSDT,1678534200000,-1,274.65,273.27675,tp,0.07731743666169832
DOGEUSDT,1678534200000,-1,0.0646,0.064277,tp,0.04959283070329312
BNBUSDT,1678659300000,-1,270.86,284.87685496676505,stop,-1.0193076844170907
NEARUSDT,1678670100000,1,1.966,1.9758299999999998,tp,0.03567567567567493
ZECUSDT,1678671000000,1,34.37,34.54185,tp,0.04212454212454189
BTCUSDT,1678680000000,1,22269.0,22380.344999999998,tp,0.039354366784491675
ETHUSDT,1678691700000,1,1597.29,1605.2764499999998,tp,0.03950390670411164
DOGEUSDT,1678716900000,1,0.07091,0.07126455,tp,0.04640937957987232
ZECUSDT,1678718700000,1,34.31,34.48155,tp,0.04604480106987541
SOLUSDT,1678718700000,1,20.119,20.219594999999998,tp,0.038321691613209204
ETHUSDT,1678718700000,1,1633.0,1641.1649999999997,tp,0.056872131831454203
NEARUSDT,1678718700000,1,1.985,1.9949249999999998,tp,0.04680751173708786
XRPUSDT,1678719600000,1,0.3718,0.37365899999999996,tp,0.04980705256154211
FILUSDT,1678723200000,1,6.24,6.271199999999999,tp,0.022187943262410775
ZECUSDT,1678744800000,1,35.47,35.647349999999996,tp,0.04081538903244266
BTCUSDT,1678790700000,1,24507.0,24629.534999999996,tp,0.08181667577820612
ETHUSDT,1678797000000,1,1687.0,1695.4349999999997,tp,0.08893223819301535
BNBUSDT,1678797900000,1,311.98,313.5399,tp,0.04833642835035503
XRPUSDT,1678798800000,1,0.373,0.37486499999999995,tp,0.07976533333333105
ZECUSDT,1678804200000,1,36.94,37.1247,tp,0.044625603864734256
FILUSDT,1678805100000,1,7.017,7.052085,tp,0.028398997493734
NEARUSDT,1678807800000,1,2.164,2.17482,tp,0.03981760145918777
DOGEUSDT,1678808700000,1,0.07651,0.07689254999999999,tp,0.04944015444015384
ZECUSDT,1678868100000,1,36.8,36.983999999999995,tp,0.05940418679549064
FILUSDT,1678950000000,1,5.721,5.749605,tp,0.03363516483516456
BNBUSDT,1678950000000,1,313.74,315.3087,tp,0.08321071120832396
SOLUSDT,1678959000000,1,19.532,19.629659999999998,tp,0.04865187395114563
NEARUSDT,1678959000000,1,1.954,1.9637699999999998,tp,0.04903870162297043
BTCUSDT,1678961700000,1,24694.9,24818.374499999998,tp,0.09822711058263693
ZECUSDT,1678963500000,1,33.66,33.82829999999999,tp,0.05009651076466091
BNBUSDT,1678977900000,1,322.28,323.8913999999999,tp,0.047114973746150826
DOGEUSDT,1678982400000,1,0.07074,0.0710937,tp,0.06681753889674648
ZECUSDT,1678994100000,1,33.95,34.119749999999996,tp,0.0446765188834137
ETHUSDT,1679002200000,1,1670.9,1679.2545,tp,0.07936584386915456
BNBUSDT,1679004000000,1,330.5,332.1525,tp,0.05061408536818295
DOGEUSDT,1679009400000,1,0.07145,0.07180724999999999,tp,0.07113432835820697
XRPUSDT,1679017500000,1,0.365,0.36682499999999996,tp,0.09513020833333141
ETHUSDT,1679019300000,1,1693.0,1701.465,tp,0.08353912507701726
SOLUSDT,1679019300000,1,19.911,20.010555,tp,0.057732495122479174
ZECUSDT,1679019300000,1,34.35,34.52175,tp,0.06451310861423068
BTCUSDT,1679036400000,1,26000.0,26129.999999999996,tp,0.07124737516703276
ZECUSDT,1679046300000,1,34.95,35.12475,tp,0.05620192307692188
NEARUSDT,1679047200000,1,2.023,2.033115,tp,0.06311526479750706
XRPUSDT,1679047200000,1,0.3692,0.37104599999999993,tp,0.10756914119359356
BNBUSDT,1679049000000,1,333.25,334.91625,tp,0.09409725158562361
BTCUSDT,1679049900000,1,26477.2,26609.586,tp,0.07088712267180397
ETHUSDT,1679052600000,1,1742.68,1751.3934,tp,0.08569603616218774
SOLUSDT,1679088600000,1,20.667,20.770335,tp,0.06836682378235182
NEARUSDT,1679090400000,1,2.094,2.1044699999999996,tp,0.050280262373284375
BTCUSDT,1679090400000,1,26980.0,27114.899999999998,tp,0.06117386040487547
DOGEUSDT,1679091300000,1,0.07576,0.07613879999999999,tp,0.06227422003284063
BNBUSDT,1679092200000,1,336.39,338.07194999999996,tp,0.08562340966921017
XRPUSDT,1679092200000,1,0.3773,0.3791865,tp,0.0847347850362907
ETHUSDT,1679092200000,1,1764.99,1773.8149499999997,tp,0.06449772127389267
ZECUSDT,1679103900000,1,37.28,37.4664,tp,0.05227002448408509
SOLUSDT,1679111100000,1,22.628,22.741139999999998,tp,0.03118868119384427
NEARUSDT,1679139000000,1,2.199,2.2099949999999997,tp,0.04730975348338625
XRPUSDT,1679209200000,1,0.3809,0.3828045,tp,0.09503388786198269
XRPUSDT,1679224500000,1,0.3884,0.39034199999999997,tp,0.06347509113001028
ETHUSDT,1679238000000,1,1788.97,1797.91485,tp,0.11859555114528832
BTCUSDT,1679238000000,1,27282.7,27419.1135,tp,0.12481992625823177
ZECUSDT,1679246100000,1,36.78,36.963899999999995,tp,0.05313326187924071
FILUSDT,1679246100000,1,6.1,6.130499999999999,tp,0.04234196891191587
SOLUSDT,1679252400000,1,22.222,22.333109999999998,tp,0.04890130353817351
BTCUSDT,1679256000000,1,28209.3,28350.346499999996,tp,0.06511285545875231
FILUSDT,1679270400000,1,6.332,6.363659999999999,tp,0.034439050701186226
SOLUSDT,1679279400000,1,22.485,22.597424999999998,tp,0.04159386553471114
SOLUSDT,1679302800000,1,23.061,23.176304999999996,tp,0.026455989695147186
SOLUSDT,1679318100000,1,23.6,23.718,tp,0.035067420296279475
XRPUSDT,1679366700000,1,0.3815,0.38340749999999996,tp,0.07634182908545521
ZECUSDT,1679382000000,1,37.59,33.67271054729012,stop,-1.0081661249203306
XRPUSDT,1679396400000,1,0.3873,0.38923649999999993,tp,0.0617862838915456
ETHUSDT,1679400900000,1,1757.25,1766.0362499999999,tp,0.09811270200117096
SOLUSDT,1679405400000,1,22.751,22.864755,tp,0.04026237013558642
BTCUSDT,1679494500000,1,28252.5,28393.762499999997,tp,0.07063464751502312
SOLUSDT,1679498100000,1,22.704,22.81752,tp,0.06373333333333189
FILUSDT,1679508000000,1,5.892,5.92146,tp,0.0597970573313026
BNBUSDT,1679514300000,1,344.89,319.3866733415411,stop,-1.0118971671318742
NEARUSDT,1679514300000,1,2.06,1.8935290556900721,stop,-1.0108058052434459
NEARUSDT,1679562900000,1,1.976,1.9858799999999999,tp,0.08160990712074208
ZECUSDT,1679564700000,1,35.03,35.205149999999996,tp,0.0856166056166033
FILUSDT,1679582700000,1,5.753,5.781764999999999,tp,0.0738569604086818
DOGEUSDT,1679584500000,1,0.0782,0.078591,tp,0.048246663598710084
ZECUSDT,1679618700000,1,38.22,38.4111,tp,0.049448209099709255
FILUSDT,1679638500000,1,5.981,6.010904999999999,tp,0.060721675498358635
XRPUSDT,1679719500000,1,0.4313,0.43345649999999997,tp,0.06761904761904602
ZECUSDT,1679819400000,1,35.86,36.0393,tp,0.09667340067339888
SOLUSDT,1679819400000,1,20.75,20.853749999999998,tp,0.1005805515239462
FILUSDT,1679819400000,1,5.53,5.55765,tp,0.07938284894151272
BNBUSDT,1679819400000,1,323.9,325.51949999999994,tp,0.1402853437094651
BTCUSDT,1679831100000,1,27640.0,27778.199999999997,tp,0.1934214205816506
NEARUSDT,1679832000000,1,1.946,1.9557299999999997,tp,0.11812121212120927
FILUSDT,1679839200000,1,5.585,5.612925,tp,0.07687972508591001
BNBUSDT,1679868000000,1,326.88,328.51439999999997,tp,0.22849659507595427
FILUSDT,1679869800000,1,5.674,5.70237,tp,0.06609656777195994
SOLUSDT,1679871600000,1,20.958,21.062789999999996,tp,0.10465023649489492
XRPUSDT,1679892300000,1,0.454,0.45626999999999995,tp,0.07752770673486571
DOGEUSDT,1679922900000,1,0.07575,0.07612875,tp,0.06909836065573757
ETHUSDT,1679929200000,1,1787.48,1709.1624098444092,stop,-1.0207323065753982
XRPUSDT,1679981400000,1,0.4836,0.48601799999999995,tp,0.0429070024298649
ZECUSDT,1679987700000,1,36.53,36.71265,tp,0.05590325018896316
ETHUSDT,1680002100000,1,1726.97,1735.60485,tp,0.13729650355200862
FILUSDT,1680003900000,1,5.38,5.406899999999999,tp,0.07206954195920946
SOLUSDT,1680012000000,1,20.069,20.169344999999996,tp,0.0795642701525035
BTCUSDT,1680032700000,1,27200.0,27335.999999999996,tp,0.08803323832068964
DOGEUSDT,1680064200000,1,0.07401,0.07438005,tp,0.0999325236167334
ZECUSDT,1680064200000,1,36.81,36.99405,tp,0.0731355093966367
BTCUSDT,1680066000000,1,27500.0,27637.499999999996,tp,0.15059209716465924
FILUSDT,1680070500000,1,5.658,5.68629,tp,0.07400194741966712
XRPUSDT,1680074100000,1,0.5446,0.5473229999999999,tp,0.044222897669705004
NEARUSDT,1680076800000,1,1.924,1.9336199999999997,tp,0.0834951456310659
BNBUSDT,1680076800000,1,315.85,317.42924999999997,tp,0.15908427672955452
DOGEUSDT,1680077700000,1,0.07617,0.07655084999999999,tp,0.0919939668174937
NEARUSDT,1680142500000,1,1.995,2.004975,tp,0.08179959100204381
ZECUSDT,1680143400000,1,37.64,37.828199999999995,tp,0.07107967939650932
BTCUSDT,1680161400000,1,28589.5,28732.4475,tp,0.11089360473509309
BNBUSDT,1680162300000,1,316.97,318.55485,tp,0.13440880702868296
ZECUSDT,1680227100000,1,37.98,38.16989999999999,tp,0.05944509574052194
XRPUSDT,1680240600000,1,0.5421,0.5448105,tp,0.05811965811965696
ETHUSDT,1680269400000,1,1816.38,1825.4619,tp,0.10636042815060939
ZECUSDT,1680271200000,1,38.27,38.461349999999996,tp,0.06548717948717693
BTCUSDT,1680272100000,1,28329.4,28471.047,tp,0.0933405504707524
NEARUSDT,1680276600000,1,1.986,1.9959299999999998,tp,0.07173405211140883
ZECUSDT,1680287400000,1,38.97,39.164849999999994,tp,0.05983141762451967
DOGEUSDT,1680291900000,1,0.0762,0.076581,tp,0.07914145332298776
SOLUSDT,1680301800000,1,21.321,21.427605,tp,0.07116279069767349
DOGEUSDT,1680304500000,1,0.07746,0.0778473,tp,0.08511640646398155
DOGEUSDT,1680372900000,1,0.0782,0.078591,tp,0.07558766859344655
SOLUSDT,1680390000000,1,21.111,21.216555,tp,0.10532485347300034
DOGEUSDT,1680399000000,1,0.0838,0.08421899999999999,tp,0.03805593143888041
XRPUSDT,1680413400000,1,0.5135,0.5160674999999999,tp,0.07387348969438348
NEARUSDT,1680428700000,1,1.99,1.9999499999999997,tp,0.1010899873257252
SOLUSDT,1680463800000,1,21.224,20.34445314632654,stop,-1.0219740772288484
BTCUSDT,1680485400000,1,28476.9,27786.527886387492,stop,-1.0382361931653616
BNBUSDT,1680500700000,1,315.33,308.6573277009891,stop,-1.0439440823970008
ZECUSDT,1680511500000,1,36.76,36.943799999999996,tp,0.06790397045244657
SOLUSDT,1680552000000,1,20.764,20.86782,tp,0.06418276602269182
ZECUSDT,1680600600000,1,36.91,37.09454999999999,tp,0.10637868970482069
ETHUSDT,1680601500000,1,1822.44,1831.5521999999999,tp,0.10098117166362765
BTCUSDT,1680606000000,1,28199.0,28339.994999999995,tp,0.14324040219377865
ZECUSDT,1680641100000,1,37.64,37.828199999999995,tp,0.0857337883959024
NEARUSDT,1680654600000,1,2.001,2.0110049999999995,tp,0.07540489642184246
BNBUSDT,1680674400000,1,314.04,315.61019999999996,tp,0.20648915187375888
NEARUSDT,1680698700000,1,2.059,2.069295,tp,0.09142857142856876
BNBUSDT,1680777000000,1,315.91,310.04180726562004,stop,-1.0501925772097989
NEARUSDT,1680840900000,1,2.01,2.0200499999999995,tp,0.06899742930591032
FILUSDT,1680876900000,1,5.792,5.8209599999999995,tp,0.060194871794871076
DOGEUSDT,1680921900000,1,0.08297,0.08338485,tp,0.09381879762912634
ZECUSDT,1680930900000,1,37.77,37.95885,tp,0.0921389396709302
ETHUSDT,1680932700000,1,1862.8,1872.1139999999998,tp,0.20401715706362505
BTCUSDT,1680932700000,1,27975.0,28114.874999999996,tp,0.31016513152434244
SOLUSDT,1680979500000,1,21.22,20.13180766517752,stop,-1.0175752177900037
BTCUSDT,1681076700000,1,28290.6,28432.052999999996,tp,0.1920499380862684
ZECUSDT,1681076700000,1,39.15,39.345749999999995,tp,0.06685446009389563
BNBUSDT,1681077600000,1,311.95,313.50974999999994,tp,0.3479933110367807
NEARUSDT,1681077600000,1,2.004,2.01402,tp,0.11484978540772421
FILUSDT,1681078500000,1,5.745,5.773725,tp,0.0913627334127921
BTCUSDT,1681140600000,1,28383.0,28524.914999999997,tp,0.2539522629334353
ZECUSDT,1681147800000,1,39.07,39.26535,tp,0.09866666666666567
ZECUSDT,1681167600000,1,39.47,39.66734999999999,tp,0.08587275693311296
DOGEUSDT,1681167600000,1,0.08458,0.08500289999999999,tp,0.08827729997393591
BTCUSDT,1681179300000,1,30153.7,30304.4685,tp,0.08470104712408977
NEARUSDT,1681191000000,1,2.064,2.0743199999999997,tp,0.07368983957219018
ZECUSDT,1681221600000,1,39.69,39.88844999999999,tp,0.0879734219269077
SOLUSDT,1681286400000,1,23.659,23.777294999999995,tp,0.04253764590572797
BTCUSDT,1681302600000,1,30280.0,30431.399999999998,tp,0.12347668940870529
NEARUSDT,1681311600000,1,2.158,2.1687899999999996,tp,0.03985428051001695
ZECUSDT,1681334100000,1,39.48,39.67739999999999,tp,0.06346987951807061
ZECUSDT,1681364700000,1,40.08,40.28039999999999,tp,0.09377777777777484
ETHUSDT,1681374600000,1,1925.0,1934.6249999999998,tp,0.10645116728829679
SOLUSDT,1681387200000,1,24.29,24.411449999999995,tp,0.0618248684293936
ZECUSDT,1681391700000,1,41.35,41.556749999999994,tp,0.07818953323903502
BTCUSDT,1681396200000,1,30270.0,30421.35,tp,0.1844292195730927
FILUSDT,1681433100000,1,6.206,6.23703,tp,0.04827988338192333
BTCUSDT,1681434000000,1,30648.9,30802.1445,tp,0.16650082649106696
DOGEUSDT,1681434000000,1,0.08831,0.08875154999999998,tp,0.0909314857582724
ZECUSDT,1681434900000,1,41.8,42.00899999999999,tp,0.0860400616332807
SOLUSDT,1681443000000,1,25.01,25.13505,tp,0.06807986463620877
XRPUSDT,1681451100000,1,0.5273,0.5299364999999999,tp,0.053122012578614965
ZECUSDT,1681550100000,1,42.47,42.68234999999999,tp,0.07425076452599169
DOGEUSDT,1681556400000,1,0.08955,0.08999775,tp,0.10263805436337542
FILUSDT,1681575300000,1,6.286,6.317429999999999,tp,0.0698640022203707
ZECUSDT,1681598700000,1,42.9,43.11449999999999,tp,0.08966666666666394
BNBUSDT,1681642800000,1,335.11,336.78555,tp,0.12683314415436883
NEARUSDT,1681668900000,1,2.307,2.318535,tp,0.08595903165735454
XRPUSDT,1681671600000,1,0.5216,0.5242079999999999,tp,0.15773242630385179
BNBUSDT,1681671600000,1,348.64,350.38319999999993,tp,0.0808029070773466
DOGEUSDT,1681672500000,1,0.09055,0.09100275,tp,0.08148347943357812
SOLUSDT,1681676100000,1,24.466,24.58833,tp,0.10064687276808329
ETHUSDT,1681676100000,1,2110.0,2120.5499999999997,tp,0.13797869929752585
BTCUSDT,1681691400000,1,30397.4,29854.502043159242,stop,-1.0522414508723603
SOLUSDT,1681698600000,1,25.562,25.689809999999998,tp,0.04436820446177061
DOGEUSDT,1681717500000,1,0.09196,0.0924198,tp,0.0646064339493492
ETHUSDT,1681798500000,1,2088.0,2098.4399999999996,tp,0.1592538820615361
DOGEUSDT,1681798500000,1,0.09252,0.0929826,tp,0.07145964510589478
NEARUSDT,1681812000000,1,2.352,2.3637599999999996,tp,0.0777011494252859
SOLUSDT,1681812900000,1,25.167,25.292835,tp,0.08619462972464431
XRPUSDT,1681817400000,1,0.5165,0.5190824999999999,tp,0.1467234042553162
ZECUSDT,1681819200000,1,42.95,43.16475,tp,0.09484649122806794
DOGEUSDT,1681830000000,1,0.09383,0.09429914999999998,tp,0.07177612792689675
ETHUSDT,1681891200000,1,2110.96,2044.2305305193795,stop,-1.0291028689289596
BNBUSDT,1681891200000,1,345.96,334.37083427136554,stop,-1.0274094184168012
FILUSDT,1681891200000,1,6.365,5.96082549388523,stop,-1.01401074074074
SOLUSDT,1682488800000,1,21.989,22.098944999999997,tp,0.06897815362931412
DOGEUSDT,1682488800000,1,0.07998,0.08037989999999999,tp,0.09296199593849623
DOGEUSDT,1682504100000,1,0.08089,0.08129444999999999,tp,0.14519713261648182
FILUSDT,1682505000000,1,5.4,5.427,tp,0.13117182756526663
XRPUSDT,1682505900000,1,0.4717,0.47405849999999994,tp,0.11717472118958783
BTCUSDT,1682510400000,1,28930.0,29074.649999999998,tp,0.13228885385968353
NEARUSDT,1682511300000,1,1.979,1.9888949999999999,tp,0.09366197183098375
XRPUSDT,1682623800000,1,0.4645,0.4668225,tp,0.09544615384615161
BTCUSDT,1682623800000,1,29600.0,29747.999999999996,tp,0.07297633566157714
NEARUSDT,1682625600000,1,1.939,1.9486949999999998,tp,0.06473333333333188
ETHUSDT,1682625600000,1,1916.98,1926.5648999999999,tp,0.07528470081706423
SOLUSDT,1682643600000,1,22.482,22.594409999999996,tp,0.05863591948407113
BNBUSDT,1682670600000,1,334.4,320.38508051265194,stop,-1.0217172725652677
SOLUSDT,1682700300000,1,22.672,22.785359999999997,tp,0.09019280461140684
XRPUSDT,1682725500000,1,0.4779,0.4802894999999999,tp,0.08937441643323751
DOGEUSDT,1682774100000,1,0.08085,0.08125425,tp,0.08219345011424131
DOGEUSDT,1682793000000,1,0.08139,0.08179695,tp,0.15179916317991238
FILUSDT,1682799300000,1,5.612,5.640059999999999,tp,0.06652457075192192
ETHUSDT,1682866800000,1,1908.48,1918.0223999999998,tp,0.21389052054487562
ETHUSDT,1683136800000,1,1874.76,1884.1337999999998,tp,0.11615324183187556
BNBUSDT,1683148500000,1,324.0,325.61999999999995,tp,0.17509851551956296
XRPUSDT,1683250200000,1,0.4613,0.4636064999999999,tp,0.18933333333332675
NEARUSDT,1683252000000,1,1.857,1.8662849999999997,tp,0.11595015576323671
ETHUSDT,1683253800000,1,1892.7,1902.1634999999999,tp,0.15981500168180005
SUIUSDT,1683287100000,1,1.3385,1.3451924999999998,tp,0.03953982300884815
ETHUSDT,1683289800000,1,1910.0,1919.5499999999997,tp,0.17071562583757346
BNBUSDT,1683297000000,1,325.4,327.02699999999993,tp,0.2871910112359478
NEARUSDT,1683299700000,1,1.865,1.8743249999999998,tp,0.08034408602150368
SOLUSDT,1683302400000,1,22.332,22.443659999999998,tp,0.07720041322313821
BTCUSDT,1683302400000,1,29319.2,29465.796,tp,0.11293408793408614
DOGEUSDT,1683306000000,1,0.07901,0.07940504999999999,tp,0.10496679946879013
XRPUSDT,1683309600000,1,0.4647,0.4670234999999999,tp,0.10118542686242192
SOLUSDT,1683316800000,1,22.826,22.940129999999996,tp,0.05913234913234689
FILUSDT,1683381600000,1,5.371,4.966450321109457,stop,-1.0116626660488097
ZECUSDT,1683381600000,1,38.55,35.299593166493786,stop,-1.0103170511341786
SUIUSDT,1683710100000,-1,1.1434,1.137683,tp,0.037517852745629
FILUSDT,1683722700000,-1,4.468,4.690899664053752,stop,-1.0199926487093163
BNBUSDT,1683738900000,-1,310.77,309.21614999999997,tp,0.24590657165478988
DOGEUSDT,1683738900000,-1,0.07253,0.07216734999999999,tp,0.16315315315315487
XRPUSDT,1683738900000,-1,0.4238,0.42168100000000003,tp,0.10520173805089934
BTCUSDT,1683753300000,-1,27457.8,27320.511,tp,0.08039620097494524
ETHUSDT,1683774000000,-1,1832.3,1823.1385,tp,0.08420905923344867
NEARUSDT,1683774900000,-1,1.604,1.5959800000000002,tp,0.04861302681992278
ZECUSDT,1683774900000,-1,32.76,32.596199999999996,tp,0.05716822015091067
SOLUSDT,1683792000000,-1,20.47,20.367649999999998,tp,0.05645147855060475
XRPUSDT,1683793800000,-1,0.4234,0.421283,tp,0.10841025641025508
SUIUSDT,1683810900000,-1,1.12,1.1144,tp,0.051144619602467876
BNBUSDT,1683812700000,-1,311.03,309.47484999999995,tp,0.2018964117551587
SOLUSDT,1683814500000,-1,20.213,20.111935000000003,tp,0.0747288543401802
BTCUSDT,1683816300000,-1,27220.0,27083.9,tp,0.1221993821960106
SUIUSDT,1683827100000,-1,1.066,1.06067,tp,0.03504940711462488
DOGEUSDT,1683827100000,-1,0.07025,0.06989875000000001,tp,0.06856583455702372
BTCUSDT,1683863100000,-1,26688.8,26555.356,tp,0.11362216818123559
BNBUSDT,1683918900000,-1,303.28,301.7636,tp,0.124336110254035
ETHUSDT,1683918900000,-1,1753.0,1744.235,tp,0.0994028322811815
ETHUSDT,1684003500000,-1,1795.59,1786.61205,tp,0.1667550716545677
DOGEUSDT,1684024200000,-1,0.07149,0.07113255,tp,0.1603591470258112
ZECUSDT,1684024200000,-1,32.44,32.2778,tp,0.11602150537634376
SUIUSDT,1684026000000,-1,1.0851,1.0796744999999999,tp,0.06200430107526954
DOGEUSDT,1684092600000,-1,0.07172,0.0713614,tp,0.1507045215562572
ETHUSDT,1684111500000,-1,1793.39,1784.42305,tp,0.13844829250400598
BTCUSDT,1684126800000,-1,26150.0,27351.486213905275,stop,-1.0216264752791078
BNBUSDT,1684131300000,-1,309.21,315.74086211219304,stop,-1.0459286712617246
NEARUSDT,1684168200000,-1,1.666,1.65767,tp,0.08719160104986791
SUIUSDT,1684174500000,-1,1.2096,1.203552,tp,0.04342497753818543
DOGEUSDT,1684178100000,-1,0.07239,0.07202805,tp,0.16843822843822745
SUIUSDT,1684196100000,-1,1.2012,1.195194,tp,0.05269230769230729
ZECUSDT,1684197000000,-1,33.04,32.8748,tp,0.11831541218637856
BTCUSDT,1684197900000,-1,27200.0,27064.0,tp,0.14323771843059677
BNBUSDT,1684199700000,-1,312.9,311.33549999999997,tp,0.2566502463054228
SUIUSDT,1684216800000,-1,1.1701,1.1642495,tp,0.05207177086815976
XRPUSDT,1684240200000,-1,0.4199,0.4178005,tp,0.08924387646432227
NEARUSDT,1684245600000,-1,1.641,1.632795,tp,0.08645502645502648
SUIUSDT,1684247400000,-1,1.1603,1.1544985,tp,0.05803212851405639
BNBUSDT,1684309500000,-1,310.5,308.9475,tp,0.2904514619883058
BTCUSDT,1684309500000,-1,26955.1,26820.3245,tp,0.14795321637426845
DOGEUSDT,1684315800000,-1,0.07135,0.07413451890578793,stop,-1.0252926251691494
ETHUSDT,1684322100000,-1,1800.0,1791.0,tp,0.15166793152879662
SUIUSDT,1684323900000,-1,1.1307,1.1250465,tp,0.06675539781129797
BNBUSDT,1684333800000,-1,308.74,307.1963,tp,0.26829416884247304
FILUSDT,1684346400000,-1,4.266,4.551427891396333,stop,-1.0151486824769447
BTCUSDT,1684350900000,-1,26639.7,27361.353997489165,stop,-1.03601904290429
SUIUSDT,1684408500000,-1,1.1766,1.170717,tp,0.07359299233536803
NEARUSDT,1684412100000,-1,1.683,1.674585,tp,0.10424806201550481
ZECUSDT,1684413000000,-1,33.77,33.601150000000004,tp,0.1330966469427991
ETHUSDT,1684421100000,-1,1815.68,1806.6016,tp,0.23836533727228296
FILUSDT,1684421100000,-1,4.523,4.500385,tp,0.11886916502301091
SUIUSDT,1684504800000,-1,1.1284,1.1227580000000001,tp,0.08789401909214788
ZECUSDT,1684551600000,-1,33.28,33.1136,tp,0.1560093896713637
ZECUSDT,1684674000000,-1,32.87,32.70565,tp,0.14087888531618215
SUIUSDT,1684683000000,-1,1.1161,1.1105195,tp,0.11891286970423656
SOLUSDT,1684701900000,-1,19.868,19.768659999999997,tp,0.05792359288422384
BNBUSDT,1684703700000,-1,308.23,306.68885,tp,0.22146990116801654
ZECUSDT,1684720800000,-1,31.93,31.77035,tp,0.10082148499210077
XRPUSDT,1684775700000,-1,0.4562,0.453919,tp,0.11747259832366143
SOLUSDT,1684802700000,-1,19.523,19.425385,tp,0.13913725490196283
BNBUSDT,1684807200000,-1,305.55,311.5358682811578,stop,-1.0494429648241215
BTCUSDT,1684811700000,-1,26642.0,27309.54410952418,stop,-1.038864947699922
ETHUSDT,1684899000000,-1,1841.24,1832.0338,tp,0.224924082729967
SUIUSDT,1684900800000,-1,1.0223,1.0171885,tp,0.056323265756446916
XRPUSDT,1684910700000,-1,0.4586,0.456307,tp,0.11780786589297168
SOLUSDT,1684926900000,-1,19.427,19.329864999999998,tp,0.10257425742574425
FILUSDT,1684940400000,-1,4.395,4.373024999999999,tp,0.11260115606936567
XRPUSDT,1685062800000,-1,0.447,0.4631769760412002,stop,-1.0272002706883214
NEARUSDT,1685079000000,-1,1.54,1.5323,tp,0.07922779922779967
BNBUSDT,1685079000000,-1,303.66,302.1417,tp,0.2029748743718609
ZECUSDT,1685120400000,-1,30.35,31.885267562664907,stop,-1.0197301140994284
BNBUSDT,1685195100000,-1,306.14,304.60929999999996,tp,0.3675915915915948
SOLUSDT,1685220300000,-1,19.157,19.782240232229718,stop,-1.0300574519230783
DOGEUSDT,1685225700000,-1,0.07105,0.07264532174556211,stop,-1.0432596470588262
FILUSDT,1685234700000,-1,4.387,4.544376113013698,stop,-1.0274321002386615
ETHUSDT,1685234700000,-1,1775.0,1851.5619343891406,stop,-1.0229746525045893
BTCUSDT,1685235600000,-1,26060.0,27128.760113814118,stop,-1.024114225236333
ZECUSDT,1685269800000,-1,32.32,33.39206703910614,stop,-1.02959
SUIUSDT,1685271600000,-1,0.97,1.0285362079636888,stop,-1.0166923931623912
FILUSDT,1685375100000,-1,4.616,4.5929199999999994,tp,0.14249033255993998
NEARUSDT,1685375100000,-1,1.634,1.6258299999999999,tp,0.1040510366826155
SOLUSDT,1685376900000,-1,20.486,20.38357,tp,0.1286899151743661
BNBUSDT,1685379600000,-1,313.4,311.83299999999997,tp,0.16566217287866833
ZECUSDT,1685398500000,-1,33.56,33.3922,tp,0.13747692307692375
SUIUSDT,1685405700000,-1,1.0396,1.034402,tp,0.04415866922584816
SUIUSDT,1685454300000,-1,1.025,1.0198749999999999,tp,0.06090800477897301
DOGEUSDT,1685457000000,-1,0.07259,0.07222705,tp,0.1601547816473198
NEARUSDT,1685459700000,-1,1.617,1.608915,tp,0.10882154882154847
SUIUSDT,1685502000000,-1,0.9891,0.9841544999999999,tp,0.06903937007874093
BNBUSDT,1685507400000,-1,311.6,310.04200000000003,tp,0.22844151081775085
ZECUSDT,1685508300000,-1,33.5,33.3325,tp,0.13010689990281613
BTCUSDT,1685508300000,-1,27651.0,27512.745,tp,0.17137099899248448
NEARUSDT,1685508300000,-1,1.585,1.577075,tp,0.09593939393939335
DOGEUSDT,1685508300000,-1,0.07207,0.07170965,tp,0.16937573616018678
ZECUSDT,1685523600000,-1,32.85,32.68575,tp,0.10153132250580223
SUIUSDT,1685542500000,-1,0.952,0.94724,tp,0.055610184372256094
ZECUSDT,1685587500000,-1,32.02,31.859900000000003,tp,0.10321226795803141
ETHUSDT,1685587500000,-1,1856.0,1846.72,tp,0.17439131048102732
BTCUSDT,1685587500000,-1,26942.0,26807.29,tp,0.1662086655541117
SUIUSDT,1685601900000,-1,0.953,0.9482349999999999,tp,0.07114852225963374
ZECUSDT,1685662200000,-1,31.59,31.43205,tp,0.124051130776794
SOLUSDT,1685664900000,-1,20.492,20.38954,tp,0.1033951785939674
NEARUSDT,1685665800000,-1,1.544,1.53628,tp,0.09406727828746146
DOGEUSDT,1685733300000,-1,0.0708,0.07293840610428147,stop,-1.0324033333333356
FILUSDT,1685781900000,-1,4.904,4.87948,tp,0.13968660968660843
SOLUSDT,1685826000000,-1,21.065,20.959675,tp,0.17925925925926114
BTCUSDT,1685826000000,-1,27100.0,26964.5,tp,0.23794689332542654
FILUSDT,1685894400000,-1,4.8,4.776,tp,0.14636155606407386
XRPUSDT,1685911500000,-1,0.5029,0.5441746219657779,stop,-1.0125250303030295
FILUSDT,1685912400000,-1,4.703,4.679485000000001,tp,0.11084365781710778
NEARUSDT,1685925000000,-1,1.626,1.61787,tp,0.12225988700564895
ETHUSDT,1685925900000,-1,1886.13,1876.69935,tp,0.21646856158484118
BTCUSDT,1685925900000,-1,27150.0,27014.25,tp,0.22559657437432465
BNBUSDT,1685925900000,-1,305.4,303.873,tp,0.2797250859106514
DOGEUSDT,1685927700000,-1,0.07235,0.07198825,tp,0.20345991561181184
ZECUSDT,1685933100000,-1,31.72,31.5614,tp,0.15085714285714383
SUIUSDT,1685939400000,-1,0.9222,0.917589,tp,0.07452322738386337
SOLUSDT,1685970000000,-1,21.474,21.36663,tp,0.07247551502870599
ETHUSDT,1685977200000,-1,1864.59,1855.26705,tp,0.11975321733262549
ZECUSDT,1685977200000,-1,31.33,31.17335,tp,0.15240875912408658
FILUSDT,1685979900000,-1,4.533,4.510335,tp,0.08125786163522
NEARUSDT,1686054600000,-1,1.482,1.47459,tp,0.09674876847290645
SOLUSDT,1686054600000,-1,19.694,19.59553,tp,0.1093713327745169
BTCUSDT,1686054600000,-1,25585.4,25457.473,tp,0.21531133671742653
XRPUSDT,1686055500000,-1,0.502,0.49949,tp,0.08577549271636742
FILUSDT,1686056400000,-1,4.184,4.16308,tp,0.11446280991735687
ZECUSDT,1686128400000,-1,29.59,29.44205,tp,0.11106103286385093
FILUSDT,1686131100000,-1,4.301,4.279495,tp,0.09486157253599298
BTCUSDT,1686131100000,-1,26714.3,26580.728499999997,tp,0.1555975062634753
SOLUSDT,1686131100000,-1,20.001,19.900995,tp,0.09145539906103231
BNBUSDT,1686131100000,-1,277.45,276.06275,tp,0.14545215562565622
NEARUSDT,1686135600000,-1,1.478,1.47061,tp,0.07989071038251404
SUIUSDT,1686142800000,-1,0.7806,0.776697,tp,0.049967511371020144
XRPUSDT,1686148200000,-1,0.5237,0.5210815000000001,tp,0.07479256080114352
DOGEUSDT,1686150000000,-1,0.06718,0.0668441,tp,0.08046720575022472
FILUSDT,1686151800000,-1,4.202,4.1809899999999995,tp,0.06227678571428676
NEARUSDT,1686171600000,-1,1.411,1.403945,tp,0.05356125356125378
FILUSDT,1686174300000,-1,4.12,4.0994,tp,0.05469742561016375
SOLUSDT,1686194100000,-1,18.58,18.487099999999998,tp,0.043413408147758514
ZECUSDT,1686195000000,-1,28.53,28.38735,tp,0.11050387596899175
NEARUSDT,1686195000000,-1,1.398,1.3910099999999999,tp,0.0709414758269723
BNBUSDT,1686276900000,-1,260.6,259.297,tp,0.13789069736667928
ZECUSDT,1686276900000,-1,28.88,28.735599999999998,tp,0.14919896640827024
FILUSDT,1686276900000,-1,4.069,4.048655,tp,0.1307568438003222
SOLUSDT,1686329100000,-1,18.551,18.458244999999998,tp,0.09248471234244367
ZECUSDT,1686342600000,-1,28.81,28.66595,tp,0.12411255411255391
SUIUSDT,1686356100000,-1,0.7301,0.7264495,tp,0.043968542044767044
SOLUSDT,1686357000000,-1,17.193,17.107035,tp,0.037718631178707926
BNBUSDT,1686364200000,-1,257.43,256.14285,tp,0.09326053326053332
NEARUSDT,1686367800000,-1,1.341,1.334295,tp,0.049159741458910326
XRPUSDT,1686367800000,-1,0.5272,0.524564,tp,0.06464571780653017
DOGEUSDT,1686369600000,-1,0.06823,0.06788885,tp,0.04971751412429367
ETHUSDT,1686370500000,-1,1826.22,1817.0889,tp,0.09929245025892673
BTCUSDT,1686370500000,-1,26220.0,26088.9,tp,0.07992814938812247
FILUSDT,1686497400000,-1,3.375,3.358125,tp,0.054283413848631855
SOLUSDT,1686499200000,-1,15.235,15.158825,tp,0.04991697492807175
ETHUSDT,1686513600000,-1,1743.0,1776.6527090623867,stop,-1.0501540624999999
BNBUSDT,1686533400000,-1,234.24,233.0688,tp,0.1351299826689774
DOGEUSDT,1686536100000,-1,0.0611,0.0607945,tp,0.0778457616316126
NEARUSDT,1686536100000,-1,1.177,1.1711150000000001,tp,0.05136612021857853
SOLUSDT,1686537900000,-1,15.101,15.025495000000001,tp,0.036220661504291866
FILUSDT,1686537900000,-1,3.342,3.32529,tp,0.0492387287509245
SUIUSDT,1686567600000,-1,0.5928,0.6728295368129967,stop,-1.0079869019043046
SOLUSDT,1686592800000,-1,14.976,14.90112,tp,0.05404819929596562
BNBUSDT,1686656700000,-1,222.0,247.83568644336674,stop,-1.0091131274037293
SOLUSDT,1686668400000,-1,15.055,14.979725,tp,0.03824750192159857
NEARUSDT,1686671100000,-1,1.196,1.1900199999999999,tp,0.05210928961748712
ZECUSDT,1686671100000,-1,25.08,24.9546,tp,0.06671999999999965
SUIUSDT,1686671100000,-1,0.6862,0.6827690000000001,tp,0.02675715550309793
XRPUSDT,1686726900000,-1,0.5091,0.5065545,tp,0.08443337484433297
SUIUSDT,1686733200000,-1,0.6815,0.6780925,tp,0.043590490053372226
ETHUSDT,1686765600000,-1,1735.8,1727.1209999999999,tp,0.21998351090816992
DOGEUSDT,1686765600000,-1,0.06103,0.060724850000000004,tp,0.07707224334600686
FILUSDT,1686772800000,-1,3.608,3.58996,tp,0.044861111111111206
SUIUSDT,1686772800000,-1,0.6677,0.6643614999999999,tp,0.03902124542124565
NEARUSDT,1686772800000,-1,1.186,1.18007,tp,0.10128205128205134
BTCUSDT,1686772800000,-1,25864.9,25735.575500000003,tp,0.10985349625743572
BNBUSDT,1686826800000,-1,234.29,233.11855,tp,0.09006158583525753
FILUSDT,1686849300000,-1,3.509,3.4914549999999998,tp,0.06016302016302064
SOLUSDT,1686850200000,-1,14.346,14.27427,tp,0.04742250953091369
XRPUSDT,1686914100000,-1,0.4745,0.4721275,tp,0.11887005649717555
ZECUSDT,1686914100000,-1,24.21,24.08895,tp,0.09611940298507451
SUIUSDT,1686922200000,-1,0.636,0.63282,tp,0.0500138641315107
DOGEUSDT,1686926700000,-1,0.06108,0.060774600000000005,tp,0.13496959646213227
NEARUSDT,1686926700000,-1,1.184,1.17808,tp,0.08846441947565448
SOLUSDT,1686926700000,-1,14.62,14.546899999999999,tp,0.08764396331378765
BNBUSDT,1686979800000,-1,234.71,245.21951542840029,stop,-1.0221664396654722
NEARUSDT,1687222800000,1,1.244,1.2502199999999999,tp,0.06726045883940525
SOLUSDT,1687223700000,1,16.154,16.234769999999997,tp,0.0587580455081118
SUIUSDT,1687227300000,1,0.7982,0.802191,tp,0.03374304023531854
BTCUSDT,1687277700000,1,27077.0,27212.385,tp,0.09357961453886847
ETHUSDT,1687279500000,1,1738.2,1746.8909999999998,tp,0.16091989090740505
FILUSDT,1687283100000,1,3.7,3.7184999999999997,tp,0.07948470209339549
SUIUSDT,1687286700000,1,0.798,0.80199,tp,0.04122902143041506
DOGEUSDT,1687291200000,1,0.06235,0.06266175,tp,0.11839015151515066
XRPUSDT,1687291200000,1,0.4879,0.49033949999999993,tp,0.07943089430894076
BNBUSDT,1687291200000,1,242.97,244.18484999999998,tp,0.12508426604914338
SOLUSDT,1687306500000,1,16.597,16.679985,tp,0.056861538461536514
BTCUSDT,1687306500000,1,28300.0,28441.499999999996,tp,0.06957033216675683
DOGEUSDT,1687308300000,1,0.06295,0.06326475,tp,0.10447761194029494
SUIUSDT,1687309200000,1,0.8276,0.8317379999999999,tp,0.032575132586917036
FILUSDT,1687311900000,1,3.838,3.8571899999999997,tp,0.061053459119495515
XRPUSDT,1687312800000,1,0.4942,0.4966709999999999,tp,0.08071197411003062
BNBUSDT,1687313700000,1,249.28,250.52639999999997,tp,0.09793399726615629
ETHUSDT,1687322700000,1,1807.61,1816.6480499999998,tp,0.07866748920419395
NEARUSDT,1687326300000,1,1.311,1.3175549999999998,tp,0.060807381776238685
DOGEUSDT,1687331700000,1,0.06434,0.06466169999999999,tp,0.09868199233716347
ETHUSDT,1687355100000,1,1828.0,1837.1399999999999,tp,0.15472876086542528
BTCUSDT,1687356900000,1,29223.6,29369.717999999997,tp,0.1075917662828906
SOLUSDT,1687363200000,1,16.957,17.041784999999997,tp,0.07254439128123023
NEARUSDT,1687363200000,1,1.321,1.3276049999999997,tp,0.0717073170731679
ZECUSDT,1687364100000,1,27.51,27.64755,tp,0.0746883468834675
SUIUSDT,1687365900000,1,0.8259,0.8300294999999999,tp,0.03727743971151583
DOGEUSDT,1687369500000,1,0.06516,0.06548579999999998,tp,0.08731398064731083
FILUSDT,1687371300000,1,3.894,3.91347,tp,0.05975646879756363
SOLUSDT,1687390200000,1,17.307,17.393534999999996,tp,0.049256972535659894
FILUSDT,1687393800000,1,3.952,3.9717599999999997,tp,0.04628621597892839
NEARUSDT,1687395600000,1,1.357,1.3637849999999998,tp,0.05433133732534776
XRPUSDT,1687395600000,1,0.5012,0.5037059999999999,tp,0.09385620915032293
DOGEUSDT,1687396500000,1,0.06676,0.0670938,tp,0.06899044668215781
ZECUSDT,1687397400000,1,27.68,27.818399999999997,tp,0.06593250444049605
BNBUSDT,1687400100000,1,252.51,253.77254999999997,tp,0.08000947867298429
SUIUSDT,1687400100000,1,0.8514,0.855657,tp,0.03243039879608691
FILUSDT,1687518000000,1,3.987,4.0069349999999995,tp,0.095026455026452
BTCUSDT,1687531500000,1,30087.2,30237.636,tp,0.21626464309419807
NEARUSDT,1687532400000,1,1.349,1.3557449999999998,tp,0.07031249999999777
DOGEUSDT,1687534200000,1,0.06659,0.06692295,tp,0.1348103186646431
ZECUSDT,1687535100000,1,27.68,27.818399999999997,tp,0.06488888888888754
ETHUSDT,1687536000000,1,1925.0,1934.6249999999998,tp,0.08253858099062718
BNBUSDT,1687536900000,1,247.41,248.64704999999998,tp,0.08768577494692044
FILUSDT,1687536900000,1,4.061,4.0813049999999995,tp,0.05317631665030971
SUIUSDT,1687536900000,1,0.8182,0.822291,tp,0.04089714993804163
SOLUSDT,1687538700000,1,16.858,16.94229,tp,0.05883107873742589
XRPUSDT,1687543200000,1,0.4994,0.5018969999999999,tp,0.096339113680151
SOLUSDT,1687567500000,1,17.29,17.37645,tp,0.04220281416787935
NEARUSDT,1687572900000,1,1.4,1.4069999999999998,tp,0.051397260273971845
BNBUSDT,1687620600000,1,247.5,236.70932960048427,stop,-1.0208396563693167
ZECUSDT,1687656600000,1,29.61,29.758049999999997,tp,0.04223637650389181
BTCUSDT,1687665600000,1,30699.0,30852.494999999995,tp,0.1886708150879565
ETHUSDT,1687666500000,1,1897.52,1907.0075999999997,tp,0.23085481764901697
SUIUSDT,1687671000000,1,0.7688,0.772644,tp,0.05557720057720002
ZECUSDT,1687671000000,1,30.95,31.104749999999996,tp,0.05805243445692754
BNBUSDT,1687673700000,1,238.98,240.17489999999995,tp,0.11198220348904954
FILUSDT,1687673700000,1,4.062,4.08231,tp,0.0746079779917446
SOLUSDT,1687679100000,1,17.155,17.240775,tp,0.07363977284902855
XRPUSDT,1687680900000,1,0.49,0.49244999999999994,tp,0.12430925221799523
NEARUSDT,1687682700000,1,1.45,1.4572499999999997,tp,0.05362799263351554
FILUSDT,1687712400000,1,4.145,4.165724999999999,tp,0.053989703989703035
NEARUSDT,1687775400000,1,1.585,1.5929249999999997,tp,0.03266769073220579
ZECUSDT,1687778100000,1,30.56,30.712799999999994,tp,0.06910321489001488
BNBUSDT,1687786200000,1,238.96,240.1548,tp,0.11220267417311608
FILUSDT,1687788000000,1,4.073,4.093365,tp,0.0737669376693767
DOGEUSDT,1687816800000,1,0.06642,0.0635539725101397,stop,-1.0210661879895557
SOLUSDT,1687816800000,1,17.054,15.95601469727991,stop,-1.013805479840999
SOLUSDT,1687851900000,1,16.555,16.637774999999998,tp,0.08360428481411317
BNBUSDT,1687860000000,1,238.43,239.62214999999998,tp,0.13983011130638318
BTCUSDT,1687866300000,1,30580.0,30732.899999999998,tp,0.13583530116073905
ETHUSDT,1687874400000,1,1879.97,1889.3698499999998,tp,0.16904281551221287
FILUSDT,1687937400000,1,4.063,3.8248868682531896,stop,-1.015260151753009
XRPUSDT,1687971600000,1,0.4865,0.46716589648798523,stop,-1.0229546511627916
SOLUSDT,1687980600000,1,16.869,15.640943585117714,stop,-1.0120995226487919
SOLUSDT,1688023800000,1,16.24,16.321199999999997,tp,0.08202461693041892
DOGEUSDT,1688033700000,1,0.06304,0.06335519999999999,tp,0.13409888357256244
BNBUSDT,1688033700000,1,233.8,234.969,tp,0.1351465280785311
ZECUSDT,1688033700000,1,30.34,30.491699999999998,tp,0.0757541899441332
SUIUSDT,1688033700000,1,0.6729,0.6762644999999999,tp,0.08664738026357778
XRPUSDT,1688035500000,1,0.4692,0.47154599999999997,tp,0.14460354118552557
NEARUSDT,1688035500000,1,1.375,1.381875,tp,0.08339393939393897
XRPUSDT,1688067900000,1,0.4729,0.4752644999999999,tp,0.10232306861155877
SOLUSDT,1688088600000,1,18.267,18.358334999999997,tp,0.04542465413487056
ZECUSDT,1688090400000,1,29.97,30.119849999999996,tp,0.08914625092798646
FILUSDT,1688092200000,1,3.885,3.9044249999999994,tp,0.09850443599492846
ETHUSDT,1688094900000,1,1859.79,1869.0889499999998,tp,0.15735125652568874
BNBUSDT,1688094900000,1,235.1,236.27549999999997,tp,0.1291213618890686
NEARUSDT,1688095800000,1,1.379,1.3858949999999999,tp,0.06438228438228329
BTCUSDT,1688095800000,1,30661.9,30815.209499999997,tp,0.16352495935608904
SUIUSDT,1688097600000,1,0.6922,0.695661,tp,0.06098245614034975
XRPUSDT,1688099400000,1,0.4769,0.47928449999999995,tp,0.11099537037036858
ZECUSDT,1688114700000,1,33.0,33.165,tp,0.03573938902406035
DOGEUSDT,1688114700000,1,0.06554,0.06586769999999999,tp,0.09149425287355946
NEARUSDT,1688132700000,1,1.419,1.2821572327044026,stop,-1.008901086956522
SOLUSDT,1688144400000,1,19.085,19.180425,tp,0.04090812645873067
ZECUSDT,1688173200000,1,34.27,34.44135,tp,0.02567653080215845
DOGEUSDT,1688173200000,1,0.06674,0.06707369999999999,tp,0.06071850841291361
BNBUSDT,1688175000000,1,241.98,243.18989999999997,tp,0.10097555902235879
NEARUSDT,1688215500000,1,1.393,1.399965,tp,0.05775025799793522
BNBUSDT,1688220000000,1,245.93,247.15964999999997,tp,0.12338098821168429
XRPUSDT,1688220000000,1,0.4727,0.47506349999999997,tp,0.12130769230769002
SUIUSDT,1688255100000,1,0.684,0.68742,tp,0.06867017280240388
SOLUSDT,1688257800000,1,18.555,18.647775,tp,0.09882010582010542
SOLUSDT,1688277600000,1,18.914,19.00857,tp,0.0525100151954676
XRPUSDT,1688308200000,1,0.4896,0.49204799999999993,tp,0.08209999999999809
ETHUSDT,1688310900000,1,1923.79,1884.2070111469438,stop,-1.0452213618136454
SOLUSDT,1688336100000,1,19.494,19.591469999999997,tp,0.05286236297198406
SUIUSDT,1688337900000,1,0.6832,0.686616,tp,0.056573902288187754
ETHUSDT,1688337900000,1,1927.95,1937.5897499999999,tp,0.1110233331911424
NEARUSDT,1688351400000,1,1.477,1.4843849999999998,tp,0.06987043580682903
FILUSDT,1688357700000,1,4.727,4.750635,tp,0.03247179487179437
BNBUSDT,1688370300000,1,249.06,250.3053,tp,0.12262238622386115
ETHUSDT,1688372100000,1,1967.66,1977.4983,tp,0.13875572465299704
FILUSDT,1688393700000,1,4.833,4.857164999999999,tp,0.032287322078780614
XRPUSDT,1688409900000,1,0.4868,0.48923399999999995,tp,0.08962350780532378
BTCUSDT,1688411700000,1,31179.0,31334.894999999997,tp,0.1410332903925663
DOGEUSDT,1688412600000,1,0.06842,0.06876209999999999,tp,0.08757517594369764
SUIUSDT,1688441400000,1,0.708,0.7115399999999998,tp,0.05709794437726528
DOGEUSDT,1688477400000,1,0.06878,0.06912389999999999,tp,0.10010810810810648
SOLUSDT,1688480100000,1,19.398,19.494989999999998,tp,0.07454318857252269
XRPUSDT,1688553000000,1,0.4911,0.46752300853485057,stop,-1.0188381481481474
ZECUSDT,1688569200000,1,34.55,32.00816418665126,stop,-1.0119629111438402
FILUSDT,1688579100000,1,4.717,4.740584999999999,tp,0.026437552388935172
BNBUSDT,1688626800000,1,240.68,241.8834,tp,0.1667740259740243
SOLUSDT,1688628600000,1,19.638,19.73619,tp,0.06387075823997294
NEARUSDT,1688632200000,1,1.363,1.3698149999999998,tp,0.0822926093514301
XRPUSDT,1688633100000,1,0.4787,0.48109349999999995,tp,0.15940149625934802
ETHUSDT,1688633100000,1,1926.6,1936.2329999999997,tp,0.1947119294789188
ZECUSDT,1688636700000,1,32.88,33.044399999999996,tp,0.06521140609635918
DOGEUSDT,1688652900000,1,0.07104,0.06469182389937109,stop,-1.0096810850439872
NEARUSDT,1688722200000,1,1.35,1.35675,tp,0.06220705346985028
SOLUSDT,1688733000000,1,20.532,20.634659999999997,tp,0.03923378236361776
BNBUSDT,1688778900000,1,235.35,236.52674999999996,tp,0.13219320415613298
ZECUSDT,1688792400000,1,31.37,29.04648136349156,stop,-1.011876021505377
SOLUSDT,1688805000000,1,22.234,22.34517,tp,0.04780378326386578
XRPUSDT,1688832000000,1,0.4684,0.47074199999999994,tp,0.20592105263157473
DOGEUSDT,1688863500000,1,0.06573,0.06605865,tp,0.13631469979296024
ETHUSDT,1688905800000,1,1865.75,1875.07875,tp,0.2085532271584204
DOGEUSDT,1688947200000,1,0.06624,0.06390691994572589,stop,-1.0260220706260037
ZECUSDT,1688965200000,1,28.87,29.014349999999997,tp,0.07975257731958539
SUIUSDT,1688976900000,1,0.7247,0.6318490426398697,stop,-1.006464732379439
SUIUSDT,1688998500000,1,0.6472,0.6504359999999999,tp,0.07070806100217668
NEARUSDT,1689003000000,1,1.319,1.3255949999999999,tp,0.07759177679882422
BTCUSDT,1689014700000,1,30366.0,30517.829999999998,tp,0.1493645172396812
ZECUSDT,1689018300000,1,29.17,29.315849999999998,tp,0.07712211221121895
SUIUSDT,1689018300000,1,0.6582,0.6614909999999999,tp,0.07084207694377034
BNBUSDT,1689044400000,1,245.46,246.6873,tp,0.069426652527394
SOLUSDT,1689057000000,1,22.0,22.11,tp,0.05836147101164725
BNBUSDT,1689115500000,1,247.72,248.95859999999996,tp,0.1339259259259216
NEARUSDT,1689123600000,1,1.333,1.3396649999999999,tp,0.10056497175141084
SUIUSDT,1689123600000,1,0.6572,0.6604859999999999,tp,0.11307626392458957
ZECUSDT,1689128100000,1,29.01,29.15505,tp,0.10377122430741606
ETHUSDT,1689142500000,1,1881.86,1891.2692999999997,tp,0.24621716973735172
NEARUSDT,1689145200000,1,1.342,1.3487099999999999,tp,0.10011173184357199
BTCUSDT,1689147000000,1,30688.7,30842.1435,tp,0.2651077321255215
ZECUSDT,1689147900000,1,29.34,29.486699999999995,tp,0.10092783505154358
DOGEUSDT,1689165000000,1,0.06534,0.0656667,tp,0.19984709480122265
ZECUSDT,1689165000000,1,29.53,29.677649999999996,tp,0.09981434599155758
SOLUSDT,1689166800000,1,22.272,22.383359999999996,tp,0.08661654135338161
NEARUSDT,1689172200000,1,1.363,1.3698149999999998,tp,0.07290666666666426
BNBUSDT,1689175800000,1,249.96,242.78739780000006,stop,-1.0321568130336278
ZECUSDT,1689237900000,1,29.89,30.03945,tp,0.07499687304565238
BNBUSDT,1689237900000,1,244.19,245.41094999999999,tp,0.18533257532688868
SUIUSDT,1689240600000,1,0.6587,0.6619934999999999,tp,0.10396844181459404
SOLUSDT,1689244200000,1,22.078,22.18839,tp,0.08437440305635033
ETHUSDT,1689255000000,1,1875.85,1885.2292499999996,tp,0.29035730858467823
BTCUSDT,1689261300000,1,30597.5,30750.487499999996,tp,0.2548549548424611
DOGEUSDT,1689261300000,1,0.06545,0.06577724999999998,tp,0.18183333333332688
XRPUSDT,1689261300000,1,0.4755,0.47787749999999996,tp,0.19759086188992495
NEARUSDT,1689263100000,1,1.353,1.359765,tp,0.08522012578616231
FILUSDT,1689263100000,1,4.442,4.46421,tp,0.07090909090908902
ZECUSDT,1689264000000,1,30.45,30.602249999999994,tp,0.06553237025146927
SOLUSDT,1689271200000,1,25.9,26.029499999999995,tp,0.028768526889673494
BNBUSDT,1689271200000,1,254.25,255.52124999999998,tp,0.09655944586772794
XRPUSDT,1689274800000,1,0.8076,0.8116379999999999,tp,0.013719433719433292
SUIUSDT,1689292800000,1,0.7003,0.7038015,tp,0.052459259259258276
FILUSDT,1689292800000,1,4.625,4.648124999999999,tp,0.03898148148148045
NEARUSDT,1689294600000,1,1.469,1.476345,tp,0.04208422555317586
DOGEUSDT,1689294600000,1,0.07071,0.07106354999999999,tp,0.04147758796904584
ZECUSDT,1689294600000,1,33.05,33.21524999999999,tp,0.039915535444945575
ETHUSDT,1689296400000,1,2015.9,2025.9795,tp,0.07148211966174359
BNBUSDT,1689307200000,1,259.2,260.496,tp,0.08143315340686773
NEARUSDT,1689320700000,1,1.511,1.5185549999999997,tp,0.04450331125827677
NEARUSDT,1689337800000,1,1.557,1.5647849999999999,tp,0.04064724919093816
SUIUSDT,1689345000000,1,0.7239,0.7275194999999999,tp,0.05249954685517328
DOGEUSDT,1689349500000,1,0.07151,0.07186755,tp,0.07331294597349569
SOLUSDT,1689404400000,1,28.095,28.235474999999997,tp,0.0351702325581392
FILUSDT,1689406200000,1,4.445,4.467225,tp,0.09623376623376532
SUIUSDT,1689409800000,1,0.6827,0.6861134999999999,tp,0.08298579631308461
ZECUSDT,1689414300000,1,31.89,32.04945,tp,0.06785562632696383
SOLUSDT,1689501600000,1,27.944,28.083719999999996,tp,0.046149794238682096
SOLUSDT,1689518700000,1,28.341,28.482705,tp,0.05983816729718301
ZECUSDT,1689518700000,1,31.28,31.4364,tp,0.10191869918699001
XRPUSDT,1689519600000,1,0.7625,0.7663124999999998,tp,0.03835705368289513
ZECUSDT,1689573600000,1,31.71,31.86855,tp,0.0715008431703196
DOGEUSDT,1689575400000,1,0.07123,0.07158614999999999,tp,0.07489953632148072
SUIUSDT,1689580800000,1,0.69,0.6934499999999999,tp,0.0655130023640654
FILUSDT,1689588900000,1,4.457,4.259926866173504,stop,-1.0205351711026598
ETHUSDT,1689588900000,1,1939.0,1895.0506214466695,stop,-1.0409629930987494
ZECUSDT,1689602400000,1,32.14,32.3007,tp,0.04477383437717418
SUIUSDT,1689633000000,1,0.7091,0.7126454999999999,tp,0.03577958981961932
BNBUSDT,1689639300000,1,243.9,245.1195,tp,0.09656673592559471
FILUSDT,1689645600000,1,4.366,4.387829999999999,tp,0.06827478532396446
ZECUSDT,1689645600000,1,32.69,32.853449999999995,tp,0.05809018567639176
BTCUSDT,1689698700000,1,31485.0,29570.115864183113,stop,-1.014670135673242
XRPUSDT,1689723900000,1,0.7793,0.7831965,tp,0.03466490590954075
ZECUSDT,1689729300000,1,31.47,31.627349999999996,tp,0.09642201834862246
FILUSDT,1689731100000,1,4.317,4.338585,tp,0.09916236374067705
ETHUSDT,1689735600000,1,1903.62,1913.1380999999997,tp,0.15999579920184437
SOLUSDT,1689738300000,1,26.4,26.531999999999996,tp,0.054917820293460935
XRPUSDT,1689738300000,1,0.8003,0.8043014999999999,tp,0.05100360106466108
BNBUSDT,1689743700000,1,243.0,244.21499999999997,tp,0.14408525754884302
DOGEUSDT,1689781500000,1,0.06954,0.0698877,tp,0.10511136277840477
XRPUSDT,1689792300000,1,0.8297,0.8338484999999999,tp,0.04142998027613308
NEARUSDT,1689826500000,1,1.515,1.5225749999999998,tp,0.06467091295116685
BTCUSDT,1689837300000,1,30067.7,30218.0385,tp,0.22499822307015513
BNBUSDT,1689841800000,1,243.62,244.83809999999997,tp,0.16655390398086042
FILUSDT,1689841800000,1,4.322,4.34361,tp,0.10556776556776523
ZECUSDT,1689845400000,1,31.7,31.858499999999996,tp,0.07643802647412591
DOGEUSDT,1689845400000,1,0.07101,0.07136505,tp,0.09407260726072507
ETHUSDT,1689847200000,1,1914.32,1923.8915999999997,tp,0.21591812568721358
SUIUSDT,1689932700000,1,0.7672,0.6733782896444329,stop,-1.0068183512402178
ZECUSDT,1690164000000,-1,31.42,31.262900000000002,tp,0.10283374283374251
DOGEUSDT,1690167600000,-1,0.07107,0.07071464999999999,tp,0.09274336283185991
BNBUSDT,1690171200000,-1,241.68,240.4716,tp,0.2253230697457466
XRPUSDT,1690171200000,-1,0.73,0.7263499999999999,tp,0.0735050505050514
ETHUSDT,1690191900000,-1,1870.51,1861.15745,tp,0.18000048131302318
BTCUSDT,1690191900000,-1,29690.0,29541.55,tp,0.21335633671195614
NEARUSDT,1690191900000,1,1.58,1.4136514195583596,stop,-1.008073220973783
ZECUSDT,1690197300000,-1,30.82,30.6659,tp,0.06269592476489012
BNBUSDT,1690200000000,-1,239.13,237.93435,tp,0.14962472406180993
XRPUSDT,1690269300000,-1,0.6871,0.6836645,tp,0.08281146304675799
NEARUSDT,1690271100000,-1,1.359,1.3522049999999999,tp,0.08522012578616558
SOLUSDT,1690271100000,-1,23.125,23.009375,tp,0.09198044497655493
ZECUSDT,1690283700000,-1,29.83,29.68085,tp,0.10240549828178577
BNBUSDT,1690291800000,-1,237.47,236.28265,tp,0.2166689513365335
FILUSDT,1690292700000,-1,4.458,4.43571,tp,0.0805434782608694
NEARUSDT,1690303500000,-1,1.347,1.340265,tp,0.08915422885572052
FILUSDT,1690315200000,-1,4.403,4.380985,tp,0.08080808080807943
NEARUSDT,1690333200000,-1,1.335,1.328325,tp,0.07531073446327648
DOGEUSDT,1690364700000,-1,0.07909,0.07869454999999999,tp,0.05416238437821253
SUIUSDT,1690364700000,-1,0.6279,0.6247605,tp,0.07341520467836175
FILUSDT,1690370100000,-1,4.317,4.295415,tp,0.09815699658703066
SOLUSDT,1690374600000,-1,22.944,24.385344189100458,stop,-1.0160725503004973
SUIUSDT,1690394400000,-1,0.6218,0.618691,tp,0.08379986477349656
DOGEUSDT,1690398000000,-1,0.07811,0.07771945,tp,0.058929384965831964
ETHUSDT,1690402500000,-1,1850.86,1884.4548086345642,stop,-1.0532889497206699
SUIUSDT,1690478100000,-1,0.6349,0.6317255,tp,0.1110759771629336
BTCUSDT,1690481700000,-1,29304.1,29157.5795,tp,0.268829921657817
ETHUSDT,1690482600000,-1,1865.0,1855.675,tp,0.22177448618423085
NEARUSDT,1690482600000,-1,1.361,1.354195,tp,0.09191201353637843
FILUSDT,1690486200000,-1,4.346,4.32427,tp,0.09949425287356217
SOLUSDT,1690486200000,-1,24.896,24.771520000000002,tp,0.05774911393875928
ZECUSDT,1690556400000,-1,29.51,30.775036041383995,stop,-1.0231110286844696
ZECUSDT,1690623900000,-1,30.41,30.25795,tp,0.1831674208144785
ZECUSDT,1690698600000,-1,30.19,30.03905,tp,0.18797507788162326
SOLUSDT,1690701300000,-1,25.011,24.885945,tp,0.14846188140882627
XRPUSDT,1690711200000,-1,0.6963,0.733548198893837,stop,-1.0187088452500823
DOGEUSDT,1690731900000,-1,0.07963,0.07923185,tp,0.11152924594785144
ETHUSDT,1690746300000,-1,1871.59,1862.2320499999998,tp,0.5317988064791168
SUIUSDT,1690746300000,-1,0.6274,0.6242629999999999,tp,0.16497041420118758
NEARUSDT,1690746300000,-1,1.399,1.392005,tp,0.12634920634920785
FILUSDT,1690746300000,-1,4.4,4.378,tp,0.19100977198697308
SOLUSDT,1690746300000,-1,24.81,24.68595,tp,0.1493429776974079
DOGEUSDT,1690752600000,-1,0.07831,0.07791845,tp,0.08326902465166255
FILUSDT,1690812000000,-1,4.294,4.27253,tp,0.15885185185185122
XRPUSDT,1690815600000,-1,0.7011,0.6975944999999999,tp,0.1397005988023968
SOLUSDT,1690827300000,-1,24.024,23.90388,tp,0.08961448707178157
DOGEUSDT,1690832700000,-1,0.07808,0.0776896,tp,0.09619223659889063
FILUSDT,1690836300000,-1,4.242,4.22079,tp,0.10014184397163096
BNBUSDT,1690855200000,-1,240.31,239.10845,tp,0.22340306834030585
ETHUSDT,1690855200000,-1,1857.14,1847.8543000000002,tp,0.301702214097089
BTCUSDT,1690855200000,-1,29211.2,29065.144,tp,0.32082660071448116
SUIUSDT,1690962300000,-1,0.6346,0.6314270000000001,tp,0.09433147113594018
DOGEUSDT,1690963200000,-1,0.07702,0.0766349,tp,0.12649361351462776
BNBUSDT,1690984800000,-1,245.39,244.16305,tp,0.178757062146891
ETHUSDT,1690984800000,-1,1852.85,1843.58575,tp,0.3319775835014586
NEARUSDT,1690984800000,-1,1.391,1.384045,tp,0.09353535353535385
XRPUSDT,1690984800000,-1,0.6931,0.6896345,tp,0.13892731829573995
ZECUSDT,1690986600000,-1,29.88,29.7306,tp,0.11744346116027528
FILUSDT,1690988400000,-1,4.223,4.201885,tp,0.14134003350083826
SUIUSDT,1690989300000,-1,0.6201,0.6169995,tp,0.11106325706594689
SUIUSDT,1691044200000,-1,0.6068,0.603766,tp,0.11809245742092479
SOLUSDT,1691045100000,-1,23.09,22.97455,tp,0.07962260884618658
BTCUSDT,1691046900000,-1,29156.0,29010.22,tp,0.1572969016833363
FILUSDT,1691050500000,-1,4.234,4.21283,tp,0.12059829059828973
NEARUSDT,1691050500000,-1,1.392,1.3850399999999998,tp,0.09319932998325038
XRPUSDT,1691052300000,-1,0.6628,0.6594859999999999,tp,0.08905533063427906
NEARUSDT,1691069400000,-1,1.378,1.3711099999999998,tp,0.09818181818181916
SUIUSDT,1691078400000,-1,0.5877,0.5847615,tp,0.06472406181015371
FILUSDT,1691084700000,-1,4.195,4.174025,tp,0.12610985703536562
FILUSDT,1691099100000,-1,4.161,4.140194999999999,tp,0.11701828410689272
NEARUSDT,1691100900000,-1,1.366,1.35917,tp,0.105202312138731
ZECUSDT,1691140500000,-1,29.42,29.2729,tp,0.1281045751634
NEARUSDT,1691173800000,-1,1.349,1.342255,tp,0.09123519458544838
BTCUSDT,1691174700000,-1,29116.0,28970.42,tp,0.2649631248292872
XRPUSDT,1691178300000,-1,0.6554,0.652123,tp,0.09885994714986694
SOLUSDT,1691194500000,-1,22.75,22.63625,tp,0.06748420661464126
SUIUSDT,1691199900000,-1,0.5854,0.582473,tp,0.07776000000000027
BNBUSDT,1691311500000,-1,239.37,245.4303008339953,stop,-1.038473137254901
DOGEUSDT,1691317800000,-1,0.07531,0.07493345,tp,0.11141694413614661
NEARUSDT,1691328600000,-1,1.35,1.34325,tp,0.1426455026455032
XRPUSDT,1691330400000,-1,0.6288,0.625656,tp,0.14129286115795492
ZECUSDT,1691368200000,-1,29.32,29.1734,tp,0.15694779116465787
BNBUSDT,1691395200000,-1,243.38,242.1631,tp,0.3153482345319108
DOGEUSDT,1691413200000,-1,0.07425,0.07387874999999999,tp,0.1191967871485959
SOLUSDT,1691415000000,-1,23.015,22.899925,tp,0.08683460703840094
SUIUSDT,1691416800000,-1,0.588,0.5850599999999999,tp,0.12090674909840432
FILUSDT,1691417700000,-1,4.127,4.106364999999999,tp,0.14781362007168752
XRPUSDT,1691417700000,-1,0.6123,0.6092384999999999,tp,0.08184553660983074
NEARUSDT,1691420400000,-1,1.336,1.32932,tp,0.10706827309236953
BTCUSDT,1691422200000,-1,29015.1,28870.0245,tp,0.7012883732172952
ETHUSDT,1691423100000,-1,1825.61,1816.4819499999999,tp,0.15616218764733628
ZECUSDT,1691424000000,-1,29.24,29.093799999999998,tp,0.10648451730418926
BNBUSDT,1691517600000,-1,240.62,247.0681292920464,stop,-1.036400436808385
XRPUSDT,1691652600000,-1,0.631,0.627845,tp,0.10251018744906326
BTCUSDT,1691688600000,-1,29461.4,29314.093,tp,0.2346720919100063
NEARUSDT,1691722800000,-1,1.332,1.32534,tp,0.12488262910798316
BNBUSDT,1691722800000,-1,240.71,239.50645,tp,0.22644083745001464
XRPUSDT,1691744400000,-1,0.6316,0.6284420000000001,tp,0.12657644110275684
SOLUSDT,1691748000000,-1,24.51,24.38745,tp,0.10939140145170356
ETHUSDT,1691771400000,-1,1849.01,1839.76495,tp,0.26406284592036944
SUIUSDT,1691771400000,-1,0.6027,0.5996865,tp,0.12041979010494744
DOGEUSDT,1691771400000,-1,0.0752,0.074824,tp,0.1447784200385377
ZECUSDT,1691865900000,-1,29.35,29.20325,tp,0.21718518518518717
XRPUSDT,1691869500000,-1,0.6282,0.625059,tp,0.13930116472545548
SUIUSDT,1691900100000,-1,0.6063,0.6032685,tp,0.23889546351084737
DOGEUSDT,1691924400000,-1,0.07638,0.0759981,tp,0.17069351230425198
SOLUSDT,1691939700000,-1,24.631,24.507845,tp,0.19835251362810427
ETHUSDT,1691955000000,-1,1847.04,1858.2301273830158,stop,-1.1577567940551967
DOGEUSDT,1691961300000,-1,0.07586,0.0754807,tp,0.21265964912280816
SOLUSDT,1691965800000,-1,24.368,24.24616,tp,0.12968482905982773
FILUSDT,1691965800000,-1,4.101,4.080495,tp,0.2069696969696981
SUIUSDT,1691965800000,-1,0.603,0.599985,tp,0.13368829728230675
BTCUSDT,1691977500000,-1,29333.9,29187.2305,tp,0.2703348332756425
NEARUSDT,1692036000000,-1,1.336,1.32932,tp,0.1835051546391767
ZECUSDT,1692072900000,-1,29.39,29.24305,tp,0.16322222222222293
FILUSDT,1692076500000,-1,4.046,4.0257700000000005,tp,0.22841807909604345
SUIUSDT,1692078300000,-1,0.5909,0.5879455,tp,0.15312581063553643
BNBUSDT,1692099000000,-1,239.68,238.48160000000001,tp,0.48416161616161557
XRPUSDT,1692108000000,-1,0.6267,0.6235665,tp,0.1779388770433547
DOGEUSDT,1692122400000,-1,0.07386,0.07349069999999999,tp,0.19688000000000144
NEARUSDT,1692122400000,-1,1.326,1.3193700000000002,tp,0.16358024691357728
BTCUSDT,1692126000000,-1,29277.1,29130.7145,tp,0.3081171548117142
SOLUSDT,1692126000000,-1,24.62,24.4969,tp,0.1024903615713255
ETHUSDT,1692126000000,-1,1840.0,1830.8,tp,0.30933400647902876
SUIUSDT,1692126000000,-1,0.5841,0.5811795,tp,0.12710239651416108
DOGEUSDT,1692176400000,-1,0.07042,0.0700679,tp,0.1454263565891452
NEARUSDT,1692176400000,-1,1.264,1.25768,tp,0.11125827814569716
SOLUSDT,1692177300000,-1,23.45,23.33275,tp,0.09125207054467392
ZECUSDT,1692178200000,-1,27.38,27.2431,tp,0.10459173871277695
BNBUSDT,1692188100000,-1,234.27,233.09865000000002,tp,0.21205355116859317
DOGEUSDT,1692190800000,-1,0.06968,0.06933160000000001,tp,0.10602224779439975
SUIUSDT,1692191700000,-1,0.55,0.54725,tp,0.06100976290097708
SOLUSDT,1692192600000,-1,23.2,23.084,tp,0.0789783017256104
XRPUSDT,1692192600000,-1,0.5946,0.591627,tp,0.08179063360881562
FILUSDT,1692216900000,-1,3.794,3.77503,tp,0.12388888888888913
BTCUSDT,1692217800000,-1,29030.0,28884.85,tp,0.25739658881717736
SOLUSDT,1692218700000,-1,22.849,22.734755,tp,0.05785263157894758
XRPUSDT,1692219600000,-1,0.5859,0.5829705,tp,0.06472384124340894
BNBUSDT,1692219600000,-1,232.14,230.9793,tp,0.13519393409157063
ETHUSDT,1692281700000,-1,1791.11,1782.15445,tp,0.1414740090196992
NEARUSDT,1692282600000,-1,1.206,1.19997,tp,0.10929705215419447
DOGEUSDT,1692283500000,-1,0.06677,0.06643615,tp,0.10989300411522568
BNBUSDT,1692283500000,-1,230.1,228.9495,tp,0.10687704534829301
FILUSDT,1692284400000,-1,3.743,3.724285,tp,0.1154320987654305
SUIUSDT,1692284400000,-1,0.5234,0.520783,tp,0.0800920598388946
BTCUSDT,1692284400000,-1,28427.6,28285.462,tp,0.24033570099780047
ZECUSDT,1692284400000,-1,26.72,26.586399999999998,tp,0.1140836012861745
XRPUSDT,1692304200000,-1,0.5725,0.5696375,tp,0.07215389467045062
ETHUSDT,1692306900000,-1,1720.0,1711.4,tp,0.08151991838090393
BTCUSDT,1692307800000,-1,27700.0,27561.5,tp,0.0943728038754136
BNBUSDT,1692307800000,-1,223.0,221.885,tp,0.08334735857877613
BTCUSDT,1692373500000,-1,26111.7,25981.1415,tp,0.12124845517080488
SOLUSDT,1692381600000,-1,21.4,21.293,tp,0.06589988358556423
SOLUSDT,1692513000000,-1,21.672,21.56364,tp,0.13677398989899142
DOGEUSDT,1692549900000,-1,0.0638,0.063481,tp,0.15892834890965907
SUIUSDT,1692576000000,-1,0.5404,0.537698,tp,0.041744186046511374
SOLUSDT,1692589500000,-1,21.497,21.389515,tp,0.10568612958856899
SUIUSDT,1692591300000,-1,0.5311,0.5284445,tp,0.05268608414239539
XRPUSDT,1692597600000,-1,0.5301,0.5274495,tp,0.08583941605839411
BNBUSDT,1692602100000,-1,214.8,213.726,tp,0.16928981206726212
DOGEUSDT,1692603000000,-1,0.06338,0.06306310000000001,tp,0.13994472084024145
SOLUSDT,1692612000000,-1,21.267,21.160664999999998,tp,0.09172815533980715
FILUSDT,1692612000000,-1,3.54,3.5223,tp,0.1864031620553364
DOGEUSDT,1692623700000,-1,0.0625,0.0621875,tp,0.11868758915834562
ZECUSDT,1692630900000,-1,24.57,24.44715,tp,0.14197101449275384
ETHUSDT,1692630900000,-1,1668.16,1659.8192000000001,tp,0.19074105865522195
SUIUSDT,1692632700000,-1,0.5164,0.513818,tp,0.04035460992907757
NEARUSDT,1692636300000,-1,1.132,1.12634,tp,0.06881720430107517
FILUSDT,1692710100000,-1,3.394,3.37703,tp,0.06499760191846582
SOLUSDT,1692711000000,-1,20.904,20.79948,tp,0.05933895009721372
BNBUSDT,1692711000000,-1,207.07,206.03465,tp,0.0660648259303717
XRPUSDT,1692711900000,-1,0.5164,0.513818,tp,0.1374933333333324
NEARUSDT,1692711900000,-1,1.118,1.1124100000000001,tp,0.11197994987468674
DOGEUSDT,1692720900000,-1,0.06237,0.06205815,tp,0.12499248120300868
BTCUSDT,1692725400000,-1,25855.1,25725.8245,tp,0.21216188482534798
FILUSDT,1692725400000,-1,3.359,3.342205,tp,0.10406201550387621
XRPUSDT,1692727200000,-1,0.5088,0.506256,tp,0.06855983772819463
NEARUSDT,1692727200000,-1,1.109,1.103455,tp,0.07102564102564052
SOLUSDT,1692729900000,-1,20.33,20.22835,tp,0.06321752738654114
ETHUSDT,1692738900000,-1,1624.07,1615.94965,tp,0.10833884490763844
NEARUSDT,1692871200000,-1,1.194,1.18803,tp,0.1251443569553821
SUIUSDT,1692883800000,-1,0.5855,0.5825725,tp,0.05261309925725809
ETHUSDT,1692886500000,-1,1665.13,1656.80435,tp,0.26075483517344217
DOGEUSDT,1692887400000,-1,0.06321,0.06289395,tp,0.15982289690069543
XRPUSDT,1692887400000,-1,0.5166,0.514017,tp,0.1222498519834227
ZECUSDT,1692887400000,-1,24.72,24.5964,tp,0.0983084577114426
NEARUSDT,1692889200000,-1,1.18,1.1741,tp,0.11425790754257939
SOLUSDT,1692896400000,-1,21.073,20.967635,tp,0.07568267674042065
ZECUSDT,1692907200000,-1,24.44,24.317800000000002,tp,0.09406551059730202
SUIUSDT,1692907200000,-1,0.5688,0.565956,tp,0.051108108108107425
FILUSDT,1692919800000,-1,3.273,3.256635,tp,0.05503367003366984
SUIUSDT,1692933300000,-1,0.5525,0.5497375,tp,0.04939699618919528
SOLUSDT,1692936900000,-1,20.652,20.548740000000002,tp,0.0811695215593614
FILUSDT,1692937800000,-1,3.234,3.21783,tp,0.07123682750970524
BNBUSDT,1692937800000,-1,216.38,215.2981,tp,0.1124128965158597
XRPUSDT,1692949500000,-1,0.5113,0.5087435,tp,0.10708595387840512
SOLUSDT,1692975600000,-1,20.407,20.304965,tp,0.08365240586847346
ETHUSDT,1692985500000,-1,1643.05,1634.83475,tp,0.1574730369196034
NEARUSDT,1693121400000,-1,1.184,1.2207810650887574,stop,-1.0315309523809528
ZECUSDT,1693125000000,-1,24.73,24.60635,tp,0.1810989010989034
XRPUSDT,1693172700000,-1,0.5246,0.5219769999999999,tp,0.16410015649452503
SUIUSDT,1693181700000,-1,0.5752,0.572324,tp,0.050719646799116766
NEARUSDT,1693183500000,-1,1.168,1.1621599999999999,tp,0.09725000000000132
DOGEUSDT,1693183500000,-1,0.06272,0.0624064,tp,0.21211505922165638
FILUSDT,1693188900000,-1,3.236,3.33750092936803,stop,-1.0312374074074075
ETHUSDT,1693200600000,-1,1645.47,1637.24265,tp,0.471002290950754
BNBUSDT,1693207800000,-1,216.81,215.72595,tp,0.238524635287641
NEARUSDT,1693207800000,-1,1.157,1.151215,tp,0.08700564971751325
SOLUSDT,1693207800000,-1,20.407,20.304965,tp,0.10119225037257855
DOGEUSDT,1693214100000,-1,0.06223,0.06191885,tp,0.1550404984423687
XRPUSDT,1693214100000,-1,0.5146,0.5120269999999999,tp,0.1325338491295958
SOLUSDT,1693291500000,-1,20.351,20.249245,tp,0.12910042836744567
XRPUSDT,1693301400000,-1,0.5172,0.514614,tp,0.17798449612402964
NEARUSDT,1693303200000,-1,1.172,1.16614,tp,0.11480392156862652
ZECUSDT,1693304100000,-1,25.07,24.94465,tp,0.0937078651685397
FILUSDT,1693308600000,-1,3.323,3.306385,tp,0.10308411214953131
SOLUSDT,1693310400000,-1,20.207,20.105965,tp,0.13425103906899433
ETHUSDT,1693318500000,-1,1643.66,1672.1333114415681,stop,-1.0557900210914881
BTCUSDT,1693318500000,-1,25693.6,26970.44264118687,stop,-1.0200666234684257
DOGEUSDT,1693318500000,-1,0.06269,0.06423118763991044,stop,-1.0395926016260197
BNBUSDT,1693318500000,-1,217.32,221.02175841894322,stop,-1.0567218728870835
NEARUSDT,1693395000000,-1,1.209,1.202955,tp,0.08746376811594342
ZECUSDT,1693396800000,-1,25.75,25.62125,tp,0.09190348525469151
DOGEUSDT,1693396800000,-1,0.06536,0.0650332,tp,0.08581937602627296
SOLUSDT,1693398600000,-1,21.454,21.34673,tp,0.11996083368303288
FILUSDT,1693398600000,-1,3.425,3.4078749999999998,tp,0.11612244897959188
SUIUSDT,1693398600000,-1,0.5236,0.520982,tp,0.05106881405563685
ETHUSDT,1693402200000,-1,1712.14,1703.5793,tp,0.27329420689104544
XRPUSDT,1693406700000,-1,0.5274,0.524763,tp,0.13065675340768237
NEARUSDT,1693407600000,-1,1.196,1.1900199999999999,tp,0.09758691206544123
BNBUSDT,1693412100000,-1,223.38,222.2631,tp,0.170608495981629
ZECUSDT,1693468800000,-1,25.96,25.8302,tp,0.1482689556509294
SUIUSDT,1693488600000,-1,0.5162,0.5136189999999999,tp,0.09051519154557645
SOLUSDT,1693494900000,-1,20.598,20.49501,tp,0.09698810785352516
ZECUSDT,1693495800000,-1,25.39,25.26305,tp,0.10367179487179552
XRPUSDT,1693495800000,-1,0.5215,0.5188925,tp,0.13384813384813404
BTCUSDT,1693495800000,-1,27100.7,26965.196500000002,tp,0.1396364292248025
NEARUSDT,1693495800000,-1,1.185,1.179075,tp,0.1409523809523787
DOGEUSDT,1693499400000,-1,0.06539,0.06506305,tp,0.08226438962682024
FILUSDT,1693508400000,-1,3.2,3.184,tp,0.05252575195714871
BTCUSDT,1693514700000,-1,26122.0,25991.39,tp,0.07385820536749543
BNBUSDT,1693548900000,-1,215.73,214.65134999999998,tp,0.09026381909547818
ETHUSDT,1693575900000,-1,1641.33,1633.1233499999998,tp,0.08447193124863193
SUIUSDT,1693579500000,-1,0.495,0.492525,tp,0.0546158098396903
NEARUSDT,1693579500000,-1,1.146,1.14027,tp,0.13160919540229854
ZECUSDT,1693584900000,-1,24.46,24.3377,tp,0.11975490196078342
XRPUSDT,1693584900000,-1,0.5021,0.49958949999999996,tp,0.12306936771025233
BNBUSDT,1693587600000,-1,213.6,212.53199999999998,tp,0.16000000000000242
BTCUSDT,1693587600000,-1,25855.6,25726.322,tp,0.2012663551401836
SOLUSDT,1693589400000,-1,19.232,19.135839999999998,tp,0.07261163477101872
DOGEUSDT,1693678500000,-1,0.06288,0.0625656,tp,0.09300485255692617
SUIUSDT,1693728000000,-1,0.4823,0.4798885,tp,0.05545375972342285
FILUSDT,1693758600000,-1,3.163,3.147185,tp,0.16025348542458753
SOLUSDT,1693758600000,-1,19.352,19.25524,tp,0.10296028880866315
XRPUSDT,1693826100000,-1,0.5033,0.5007834999999999,tp,0.1214519056261363
SOLUSDT,1693839600000,-1,19.501,19.403495,tp,0.12166198063105434
NEARUSDT,1693863000000,-1,1.121,1.115395,tp,0.1194666666666695
BTCUSDT,1693863900000,-1,25760.4,25631.598,tp,0.2725001983654688
DOGEUSDT,1693863900000,-1,0.06288,0.0625656,tp,0.1508468468468503
ETHUSDT,1693863900000,-1,1626.92,1618.7854,tp,0.2497064820157735
SUIUSDT,1693863900000,-1,0.4762,0.473819,tp,0.08688644688644785
ZECUSDT,1693864800000,-1,24.23,24.10885,tp,0.11781021897810219
SOLUSDT,1693922400000,-1,19.138,20.25151691207294,stop,-1.0172776370595529
SOLUSDT,1693977300000,-1,20.056,19.95572,tp,0.09042752397067268
XRPUSDT,1694008800000,-1,0.5001,0.4975995,tp,0.11747938751472356
BTCUSDT,1694010600000,-1,25700.2,25571.699,tp,0.43662928984030414
BNBUSDT,1694019600000,-1,213.68,212.6116,tp,0.20156640717150137
ETHUSDT,1694022300000,-1,1614.76,1660.4014353017803,stop,-1.0345602927056734
BTCUSDT,1694119500000,-1,25705.4,26006.506241975894,stop,-1.0820513741852418
ETHUSDT,1694120400000,-1,1630.16,1654.981611151673,stop,-1.0633412763171126
SOLUSDT,1694133000000,-1,19.393,20.13978911450539,stop,-1.0256200837520946
XRPUSDT,1694167200000,-1,0.4976,0.495112,tp,0.21528138528138605
DOGEUSDT,1694167200000,-1,0.06302,0.06270490000000001,tp,0.11922348484848391
FILUSDT,1694167200000,-1,3.213,3.196935,tp,0.08958770090845669
SOLUSDT,1694172600000,-1,19.632,19.53384,tp,0.11388816267247652
NEARUSDT,1694190600000,-1,1.141,1.135295,tp,0.10285714285714365
SOLUSDT,1694308500000,-1,19.352,19.25524,tp,0.16426564495530016
DOGEUSDT,1694316600000,-1,0.06323,0.06291385,tp,0.3126641883519156
FILUSDT,1694318400000,-1,3.224,3.2078800000000003,tp,0.1677604166666662
XRPUSDT,1694319300000,-1,0.5016,0.49909200000000004,tp,0.3388155668358662
BNBUSDT,1694319300000,-1,214.59,213.51705,tp,0.4462818512740478
SUIUSDT,1694319300000,-1,0.47,0.46764999999999995,tp,0.06603375527426213
ETHUSDT,1694319300000,-1,1629.0,1620.855,tp,0.5229472670358826
ZECUSDT,1694320200000,-1,25.03,24.90485,tp,0.1650165016501675
BTCUSDT,1694364300000,-1,25820.0,25690.9,tp,0.6064810245564479
ETHUSDT,1694364300000,-1,1617.16,1609.0742,tp,0.2789698459945692
FILUSDT,1694423700000,-1,3.074,3.05863,tp,0.09944983818770166
SOLUSDT,1694425500000,-1,17.922,17.83239,tp,0.06655817433595228
XRPUSDT,1694428200000,-1,0.4755,0.4731225,tp,0.08600633197648047
SUIUSDT,1694428200000,-1,0.432,0.42984,tp,0.0646696696696695
DOGEUSDT,1694432700000,-1,0.0604,0.060098,tp,0.0943867924528314
BTCUSDT,1694440800000,-1,25639.8,25511.601,tp,0.23490754107376058
ETHUSDT,1694445300000,-1,1561.2,1553.394,tp,0.08902943823113543
FILUSDT,1694462400000,-1,2.985,2.970075,tp,0.06446245272825425
SUIUSDT,1694513700000,-1,0.4201,0.45689379170638694,stop,-1.011796802721088
SUIUSDT,1694530800000,-1,0.4375,0.4353125,tp,0.05602305475504351
NEARUSDT,1694537100000,-1,1.09,1.0845500000000001,tp,0.07104575163398642
SUIUSDT,1694584800000,-1,0.4216,0.419492,tp,0.07836126629422734
XRPUSDT,1694590200000,-1,0.4768,0.474416,tp,0.1588666666666659
ZECUSDT,1694658600000,-1,25.28,25.1536,tp,0.10549634273772247
ZECUSDT,1694739600000,-1,25.33,25.203349999999997,tp,0.0919527702089024
ETHUSDT,1694788200000,-1,1621.14,1613.0343,tp,0.265566756823213
DOGEUSDT,1694789100000,-1,0.06168,0.0613716,tp,0.20147058823529332
SOLUSDT,1694799000000,-1,18.828,18.73386,tp,0.09368749220601023
ZECUSDT,1694830500000,-1,25.39,26.42074772817068,stop,-1.0243509732360103
BNBUSDT,1694960100000,-1,210.15,216.39825815761853,stop,-1.0329017047733664
XRPUSDT,1694997000000,-1,0.4912,0.488744,tp,0.11659523809523864
BTCUSDT,1695033000000,-1,25868.0,27068.766907605037,stop,-1.0214157538814217
SUIUSDT,1695096000000,1,0.4531,0.4553655,tp,0.08211096075777977
XRPUSDT,1695101400000,1,0.5075,0.5100374999999999,tp,0.11756321839080358
ZECUSDT,1695108600000,1,25.71,25.838549999999998,tp,0.12520681265206549
NEARUSDT,1695111300000,1,1.111,1.116555,tp,0.10982716049382688
SOLUSDT,1695113100000,1,19.977,20.076884999999997,tp,0.10126851500189599
ETHUSDT,1695114900000,1,1641.52,1649.7275999999997,tp,0.2722668324010651
DOGEUSDT,1695114900000,1,0.06241,0.06272204999999999,tp,0.1691598915989084
FILUSDT,1695134700000,1,3.359,3.3757949999999997,tp,0.11796491228069893
BTCUSDT,1695137400000,1,27289.6,27426.047999999995,tp,0.20317771952329897
XRPUSDT,1695146400000,1,0.5118,0.514359,tp,0.11599320882852245
XRPUSDT,1695181500000,1,0.5206,0.5232029999999999,tp,0.1259903381642466
ZECUSDT,1695233700000,1,26.01,26.14005,tp,0.1215850815850792
NEARUSDT,1695254400000,1,1.12,1.1256,tp,0.09643010752687871
SUIUSDT,1695254400000,1,0.4456,0.44782799999999995,tp,0.09859590934217576
DOGEUSDT,1695269700000,1,0.06299,0.06330495,tp,0.13190999476713644
XRPUSDT,1695988800000,1,0.522,0.5246099999999999,tp,0.08202352941176076
NEARUSDT,1696055400000,1,1.13,1.1356499999999998,tp,0.11263681592039824
ETHUSDT,1696081500000,1,1671.99,1680.3499499999998,tp,0.35725772865608196
ZECUSDT,1696081500000,1,26.78,26.913899999999998,tp,0.18708551483420038
FILUSDT,1696088700000,1,3.332,3.3486599999999993,tp,0.18916312056736978
BTCUSDT,1696088700000,1,26949.6,27084.347999999994,tp,0.593049598592316
BNBUSDT,1696088700000,1,215.21,216.28605,tp,0.3808311229000821
SUIUSDT,1696092300000,1,0.4737,0.47606849999999995,tp,0.0797145256087301
ZECUSDT,1696136400000,1,27.13,27.265649999999997,tp,0.14151041666666572
SOLUSDT,1696151700000,1,21.44,21.5472,tp,0.11468161794152879
DOGEUSDT,1696154400000,1,0.06237,0.06268185,tp,0.31151061173532807
ETHUSDT,1696154400000,1,1680.95,1689.35475,tp,0.3632183163237694
SUIUSDT,1696154400000,1,0.4784,0.48079199999999994,tp,0.09608433734939596
SUIUSDT,1696179600000,1,0.4852,0.48762599999999995,tp,0.06975348338692158
SUIUSDT,1696194900000,1,0.4897,0.4921485,tp,0.059969502897223824
BNBUSDT,1696198500000,1,215.9,216.97949999999997,tp,0.3323041474654308
ZECUSDT,1696198500000,1,27.49,27.627449999999996,tp,0.17233176838810382
XRPUSDT,1696217400000,1,0.5226,0.5252129999999999,tp,0.14796610169491317
ZECUSDT,1696271400000,1,28.22,26.8119957537155,stop,-1.0180904255319136
DOGEUSDT,1696271400000,1,0.06372,0.06149738333855309,stop,-1.0262854657687979
BTCUSDT,1696283100000,1,28477.0,27323.950903994395,stop,-1.0225122706818963
SOLUSDT,1696320900000,1,23.948,24.067739999999997,tp,0.06703307461016515
BNBUSDT,1696363200000,1,220.3,212.66675452488684,stop,-1.0264675644792685
XRPUSDT,1696364100000,1,0.5132,0.515766,tp,0.1272118959107789
ZECUSDT,1696373100000,1,27.63,26.722828328509408,stop,-1.0279844352617094
BTCUSDT,1696446000000,1,27500.0,27637.499999999996,tp,0.2276120174513511
ZECUSDT,1696446000000,1,26.87,27.00435,tp,0.1390697674418584
NEARUSDT,1696450500000,1,1.098,1.1034899999999999,tp,0.09053497942386436
DOGEUSDT,1696461300000,1,0.06119,0.061495949999999994,tp,0.1660162601625979
BNBUSDT,1696466700000,1,213.0,214.06499999999997,tp,0.24381932532875353
ZECUSDT,1696497300000,1,27.16,27.295799999999996,tp,0.1372222222222185
SUIUSDT,1696512600000,1,0.4448,0.4470239999999999,tp,0.10250574712643414
ZECUSDT,1696577400000,1,27.28,27.4164,tp,0.16171851851851676
SUIUSDT,1696580100000,1,0.438,0.44018999999999997,tp,0.12989629629629423
BTCUSDT,1696605300000,1,27671.1,27809.455499999996,tp,0.2614415946341638
SUIUSDT,1696606200000,1,0.442,0.44420999999999994,tp,0.09285115303982913
ETHUSDT,1696613400000,1,1639.45,1647.6472499999998,tp,0.13170249924720884
FILUSDT,1696615200000,1,3.314,3.33057,tp,0.12176308539944693
XRPUSDT,1696627800000,1,0.5256,0.5282279999999999,tp,0.1448760330578476
DOGEUSDT,1696636800000,1,0.06125,0.06155624999999999,tp,0.20997429305912388
SUIUSDT,1696644000000,1,0.448,0.45024,tp,0.10321995464852439
NEARUSDT,1696655700000,1,1.097,1.102485,tp,0.11711999999999899
FILUSDT,1696687200000,1,3.354,3.37077,tp,0.1424628450106136
BNBUSDT,1696761900000,1,212.79,210.4576096099624,stop,-1.0857209539121102
NEARUSDT,1696794300000,1,1.093,1.0984649999999998,tp,0.1870085470085427
DOGEUSDT,1696834800000,1,0.0616,0.06034810968684083,stop,-1.045795309381237
ZECUSDT,1696844700000,1,26.3,25.49061550151976,stop,-1.0299191358024706
FILUSDT,1696844700000,1,3.437,3.2915059852002324,stop,-1.0214918166238218
SUIUSDT,1696844700000,1,0.457,0.42151344643246774,stop,-1.0112842114506495
SOLUSDT,1696844700000,1,24.458,21.976789662044006,stop,-1.0084144217278006
ZECUSDT,1696925700000,1,25.7,25.8285,tp,0.13613756613756545
BNBUSDT,1696931100000,1,209.4,210.44699999999997,tp,0.1605207735018141
DOGEUSDT,1696982400000,1,0.059,0.059294999999999994,tp,0.18919871794871626
BTCUSDT,1697040000000,1,28035.6,26691.12939426081,stop,-1.018859893861798
SOLUSDT,1697100300000,1,22.437,21.310556346804347,stop,-1.0179725177304975
FILUSDT,1697112000000,1,3.177,3.1928849999999995,tp,0.16637908496731404
FILUSDT,1697126400000,1,3.198,3.2139899999999995,tp,0.09569506726457072
ETHUSDT,1697127300000,1,1575.38,1514.9407421651879,stop,-1.023812233250621
SUIUSDT,1697206500000,1,0.4167,0.4187835,tp,0.1196559139784924
XRPUSDT,1697229900000,1,0.4839,0.48631949999999996,tp,0.12273764258554941
SUIUSDT,1697420700000,1,0.413,0.41506499999999996,tp,0.12084795321637265
ZECUSDT,1697422500000,1,25.21,25.336049999999997,tp,0.1407531380753093
SOLUSDT,1697422500000,1,22.1,22.2105,tp,0.11564615183587945
NEARUSDT,1697433300000,1,1.037,1.042185,tp,0.107286821705427
FILUSDT,1697433300000,1,3.241,3.257205,tp,0.17360107095046756
XRPUSDT,1697439600000,1,0.49,0.49244999999999994,tp,0.16884318766066586
SOLUSDT,1697443200000,1,22.762,22.875809999999998,tp,0.09479400749063496
SOLUSDT,1697462100000,1,23.36,23.476799999999997,tp,0.06581380620645862
SUIUSDT,1697462100000,1,0.4208,0.42290399999999995,tp,0.09689041881812671
ZECUSDT,1697462100000,1,25.63,25.758149999999997,tp,0.1314871794871772
BTCUSDT,1697463900000,1,28168.6,28309.442999999996,tp,0.09917691110269478
ETHUSDT,1697463900000,1,1588.51,1596.4525499999997,tp,0.13721786106186815
SOLUSDT,1697537700000,1,24.337,24.458684999999996,tp,0.06765647743813445
NEARUSDT,1697550300000,1,1.05,0.9973020735155512,stop,-1.0179786384976535
FILUSDT,1697550300000,1,3.298,3.1577042053277458,stop,-1.0213821020228682
SUIUSDT,1697649300000,1,0.379,0.380895,tp,0.08163440860214967
DOGEUSDT,1697679000000,1,0.0606,0.05793827907737608,stop,-1.0206788640595912
XRPUSDT,1697698800000,1,0.4973,0.4760209191759112,stop,-1.0212518518518527
SOLUSDT,1697713200000,1,23.893,24.012465,tp,0.10449531284063535
BTCUSDT,1697717700000,1,28404.6,28546.622999999996,tp,0.2547390555443643
DOGEUSDT,1697732100000,1,0.05842,0.058712099999999996,tp,0.20130921619293443
ZECUSDT,1697732100000,1,24.97,25.094849999999997,tp,0.10744086021505175
ETHUSDT,1697732100000,1,1559.76,1567.5587999999998,tp,0.1639967420719331
SOLUSDT,1697739300000,1,24.978,25.10289,tp,0.052784473313506386
XRPUSDT,1697747400000,1,0.4874,0.48983699999999997,tp,0.1518691588785026
XRPUSDT,1697760000000,1,0.5199,0.5224995,tp,0.054354964816262306
SUIUSDT,1697768100000,1,0.3714,0.37325699999999995,tp,0.09870370370370084
DOGEUSDT,1697769900000,1,0.05896,0.05925479999999999,tp,0.19420576131686687
ZECUSDT,1697769900000,1,25.13,25.255649999999996,tp,0.15669781931463683
ETHUSDT,1697769900000,1,1574.34,1582.2116999999998,tp,0.20375646997929409
BTCUSDT,1697771700000,1,28950.0,29094.749999999996,tp,0.15872820175618377
SUIUSDT,1697789700000,1,0.3783,0.38019149999999996,tp,0.06640350877192767
NEARUSDT,1697789700000,1,0.999,1.003995,tp,0.10025062656641538
ZECUSDT,1697789700000,1,25.47,25.597349999999995,tp,0.13535192563080628
FILUSDT,1697789700000,1,3.218,3.2340899999999997,tp,0.12966767371601015
BNBUSDT,1697796000000,1,214.6,215.67299999999997,tp,0.15008458484377335
BTCUSDT,1697797800000,1,29840.0,29989.199999999997,tp,0.085437298506714
SUIUSDT,1697824800000,1,0.3849,0.38682449999999996,tp,0.06252537555826042
SOLUSDT,1697868900000,1,27.195,27.330975,tp,0.06973259301806033
DOGEUSDT,1697887800000,1,0.0603,0.060601499999999996,tp,0.2361290322580613
SUIUSDT,1697888700000,1,0.3889,0.3908445,tp,0.10769017980635985
FILUSDT,1697895900000,1,3.245,3.2612249999999996,tp,0.19321428571427945
ZECUSDT,1697897700000,1,25.57,25.69785,tp,0.16435897435897368
XRPUSDT,1697898600000,1,0.5235,0.5261174999999999,tp,0.0767650273224023
BNBUSDT,1697899500000,1,213.1,214.16549999999998,tp,0.30845986984815316
BTCUSDT,1697900400000,1,29784.5,29933.422499999997,tp,0.2534760903277844
DOGEUSDT,1697904900000,1,0.06095,0.06125474999999999,tp,0.1611353135313501
ETHUSDT,1697909400000,1,1624.98,1633.1048999999998,tp,0.1765660510400522
NEARUSDT,1697909400000,1,1.042,1.04721,tp,0.09933333333333125
FILUSDT,1697911200000,1,3.349,3.365745,tp,0.0925879917184253
SUIUSDT,1697951700000,1,0.3999,0.4018994999999999,tp,0.07924715205547042
FILUSDT,1697952600000,1,3.386,3.4029299999999996,tp,0.10201201201200825
BNBUSDT,1697953500000,1,214.98,216.05489999999998,tp,0.21231680236861086
NEARUSDT,1698013800000,1,1.043,1.048215,tp,0.09423423423423347
FILUSDT,1698015600000,1,3.398,3.41499,tp,0.1141038525963139
DOGEUSDT,1698019200000,1,0.06144,0.061747199999999995,tp,0.1413793103448243
SOLUSDT,1698021900000,1,29.16,29.305799999999998,tp,0.0678147696240766
SUIUSDT,1698021900000,1,0.4043,0.40632149999999995,tp,0.08633599999999826
BNBUSDT,1698024600000,1,218.84,219.93419999999998,tp,0.16683819325328245
XRPUSDT,1698024600000,1,0.5239,0.5265195,tp,0.1421680216802172
DOGEUSDT,1698032700000,1,0.06248,0.0627924,tp,0.10148599269183843
FILUSDT,1698032700000,1,3.512,3.5295599999999996,tp,0.07821925431274154
ETHUSDT,1698032700000,1,1688.82,1697.2640999999996,tp,0.09651522288356604
ZECUSDT,1698036300000,1,26.31,26.441549999999996,tp,0.08923857868020095
BTCUSDT,1698038100000,1,30650.0,30803.249999999996,tp,0.10756855639874087
XRPUSDT,1698049800000,1,0.5274,0.5300369999999999,tp,0.09548037889038805
DOGEUSDT,1698055200000,1,0.06313,0.06344564999999999,tp,0.0794616588419373
BTCUSDT,1698080400000,1,30996.8,31151.783999999996,tp,0.10125827760494283
FILUSDT,1698084000000,1,3.531,3.5486549999999997,tp,0.07369848721961196
ZECUSDT,1698090300000,1,26.47,26.602349999999998,tp,0.08128735632183855
ETHUSDT,1698090300000,1,1696.38,1704.8618999999999,tp,0.0893121693121666
BNBUSDT,1698092100000,1,221.41,222.51704999999998,tp,0.11239397392074832
XRPUSDT,1698093000000,1,0.5357,0.5383784999999999,tp,0.06328904635370326
BTCUSDT,1698096600000,1,31430.9,31588.0545,tp,0.06605412275035455
SUIUSDT,1698098400000,1,0.4063,0.40833149999999996,tp,0.059460247994163724
NEARUSDT,1698099300000,1,1.075,1.0803749999999999,tp,0.06943639291465259
BNBUSDT,1698113700000,1,231.75,232.90874999999997,tp,0.05974146247346939
ZECUSDT,1698113700000,1,27.45,27.587249999999997,tp,0.06632850241545796
FILUSDT,1698114600000,1,3.925,3.9446249999999994,tp,0.03237742068397122
ETHUSDT,1698115500000,1,1803.0,1812.0149999999999,tp,0.044059465058185
NEARUSDT,1698117300000,1,1.121,1.1266049999999999,tp,0.04736067297581375
DOGEUSDT,1698118200000,1,0.06839,0.06873195,tp,0.038788902971411764
SUIUSDT,1698140700000,1,0.4425,0.44471249999999996,tp,0.032519613209267655
NEARUSDT,1698149700000,1,1.153,1.1587649999999998,tp,0.050657894736840355
FILUSDT,1698151500000,1,3.95,3.96975,tp,0.04104554865424372
BTCUSDT,1698244200000,1,34479.0,34651.395,tp,0.09546664454261823
ETHUSDT,1698247800000,1,1804.65,1813.6732499999998,tp,0.09026133013540928
XRPUSDT,1698248700000,1,0.5573,0.5600864999999999,tp,0.08965461847389286
NEARUSDT,1698250500000,1,1.155,1.160775,tp,0.05870722433459949
DOGEUSDT,1698273900000,1,0.06948,0.0698274,tp,0.06081428260396213
ZECUSDT,1698303600000,1,27.96,28.0998,tp,0.06293064876957362
ETHUSDT,1698303600000,1,1815.43,1824.50715,tp,0.10961279613701355
NEARUSDT,1698303600000,1,1.164,1.1698199999999999,tp,0.06101960784313662
DOGEUSDT,1698306300000,1,0.07179,0.07214895,tp,0.03960558751027091
BNBUSDT,1698307200000,1,226.22,227.35109999999997,tp,0.11000120992135243
XRPUSDT,1698311700000,1,0.5608,0.5636039999999999,tp,0.0902083333333305
DOGEUSDT,1698321600000,1,0.07348,0.0738474,tp,0.03795463283352457
SUIUSDT,1698366600000,1,0.4488,0.45104399999999994,tp,0.056758293838861794
BNBUSDT,1698384600000,1,223.99,225.10995,tp,0.14072190834902512
NEARUSDT,1698408900000,1,1.199,1.204995,tp,0.06365079365079325
BNBUSDT,1698410700000,1,227.0,228.13499999999996,tp,0.09757225433525675
SOLUSDT,1698410700000,1,33.145,33.310725,tp,0.04798465602721248
NEARUSDT,1698424200000,1,1.245,1.251225,tp,0.05442265795206901
XRPUSDT,1698426000000,1,0.5542,0.533496122320303,stop,-1.0244795358649788
FILUSDT,1698426000000,1,3.953,3.5526505474452548,stop,-1.0084301801801798
BNBUSDT,1698469200000,1,226.68,227.81339999999997,tp,0.17304414003043753
SUIUSDT,1698469200000,1,0.4497,0.4519484999999999,tp,0.05593855606758657
FILUSDT,1698469200000,1,3.658,3.6762899999999994,tp,0.10996996996996669
ZECUSDT,1698470100000,1,27.52,27.657599999999995,tp,0.1147663551401834
NEARUSDT,1698484500000,1,1.248,1.2542399999999998,tp,0.0658761528326725
DOGEUSDT,1698484500000,1,0.06896,0.06930479999999999,tp,0.11917098445595627
ETHUSDT,1698491700000,1,1789.55,1798.4977499999998,tp,0.18598386385451174
XRPUSDT,1698492600000,1,0.5479,0.5506395,tp,0.23646170442286263
FILUSDT,1698520500000,1,3.687,3.7054349999999996,tp,0.11773524720892971
FILUSDT,1698570000000,1,3.758,3.7767899999999996,tp,0.07817522032140847
XRPUSDT,1698572700000,1,0.548,0.55074,tp,0.19645161290322205
BTCUSDT,1698580800000,1,34199.5,34370.4975,tp,0.2664803493449745
SOLUSDT,1698586200000,1,32.39,32.55195,tp,0.07341264445954998
NEARUSDT,1698587100000,1,1.228,1.2341399999999998,tp,0.09310606060605757
DOGEUSDT,1698589800000,1,0.0692,0.069546,tp,0.13366088631984585
ZECUSDT,1698590700000,1,27.96,28.0998,tp,0.11132338308457516
FILUSDT,1698592500000,1,3.796,3.8149799999999994,tp,0.08205294435440093
XRPUSDT,1698600600000,1,0.557,0.559785,tp,0.12102062975026734
ETHUSDT,1698600600000,1,1794.0,1802.9699999999998,tp,0.23791526207944289
SOLUSDT,1698601500000,1,32.927,33.091635,tp,0.07790493061706369
BTCUSDT,1698604200000,1,34579.7,34752.59849999999,tp,0.18672592113768036
NEARUSDT,1698612300000,1,1.253,1.2592649999999999,tp,0.0759999999999999
BNBUSDT,1698614100000,1,226.68,227.81339999999997,tp,0.28953110047845976
ZECUSDT,1698619500000,1,28.2,28.340999999999998,tp,0.1016576576576564
ETHUSDT,1698656400000,1,1813.1,1822.1654999999996,tp,0.13127966193519983
FILUSDT,1698658200000,1,3.844,3.8632199999999997,tp,0.06932973459289161
SUIUSDT,1698660900000,1,0.4692,0.47154599999999997,tp,0.04161589403973433
XRPUSDT,1698666300000,1,0.559,0.561795,tp,0.139203980099501
DOGEUSDT,1698675300000,1,0.06988,0.07022939999999998,tp,0.10075512405609055
NEARUSDT,1698696900000,1,1.295,1.3014749999999997,tp,0.05947308132874945
ZECUSDT,1698712200000,1,28.64,28.783199999999997,tp,0.08560775540641129
NEARUSDT,1698712200000,1,1.327,1.333635,tp,0.060684931506848734
SUIUSDT,1698714000000,1,0.4713,0.4736564999999999,tp,0.06404616429056158
FILUSDT,1698715800000,1,3.879,3.8983949999999994,tp,0.08197064989517563
DOGEUSDT,1698765300000,1,0.07041,0.06643858254182024,stop,-1.0158927269871199
SOLUSDT,1698784200000,1,36.634,36.81717,tp,0.05005957852449446
NEARUSDT,1698793200000,1,1.32,1.3266,tp,0.05547169811320703
SOLUSDT,1698798600000,1,38.0,38.19,tp,0.0545339450193814
SOLUSDT,1698830100000,1,38.789,38.982945,tp,0.0483310174463484
NEARUSDT,1698840900000,1,1.366,1.37283,tp,0.05360784313725399
BTCUSDT,1698842700000,1,34700.0,34873.49999999999,tp,0.1426523341523275
XRPUSDT,1698842700000,1,0.6035,0.6065174999999999,tp,0.076477987421381
ETHUSDT,1698844500000,1,1818.95,1828.0447499999998,tp,0.1406587890021591
SOLUSDT,1698850800000,1,39.93,40.12965,tp,0.03342594889605526
SUIUSDT,1698862500000,1,0.449,0.45124499999999995,tp,0.03833546734955086
FILUSDT,1698864300000,1,3.831,3.8501549999999995,tp,0.05287972508590957
NEARUSDT,1698864300000,1,1.506,1.5135299999999998,tp,0.02803894297635537
DOGEUSDT,1698868800000,1,0.0684,0.068742,tp,0.0562226314712495
ETHUSDT,1698868800000,1,1837.5,1846.6874999999998,tp,0.07220117672354642
BNBUSDT,1698872400000,1,228.69,229.83344999999997,tp,0.1519920318725054
BTCUSDT,1698873300000,1,35249.0,35425.244999999995,tp,0.07676761778080377
ZECUSDT,1698887700000,1,28.86,29.004299999999997,tp,0.05307692307692226
BNBUSDT,1698892200000,1,230.15,231.30075,tp,0.09688328075709672
ETHUSDT,1698893100000,1,1861.63,1870.93815,tp,0.061849810483803176
DOGEUSDT,1698914700000,1,0.06977,0.07011885,tp,0.05972240017083039
XRPUSDT,1698921000000,1,0.6138,0.616869,tp,0.08538328130419652
SUIUSDT,1698924600000,1,0.475,0.47737499999999994,tp,0.04705071393402188
NEARUSDT,1698955200000,1,1.538,1.5456899999999998,tp,0.027358156028367952
XRPUSDT,1699020900000,1,0.6083,0.6113414999999999,tp,0.07479914136767678
ETHUSDT,1699021800000,1,1804.82,1813.8440999999998,tp,0.13003613613073525
ZECUSDT,1699038000000,1,27.29,27.426449999999996,tp,0.07674385964912085
ETHUSDT,1699042500000,1,1819.57,1828.6678499999998,tp,0.10927331382699253
DOGEUSDT,1699046100000,1,0.06779,0.06812895,tp,0.09458856345885348
SUIUSDT,1699046100000,1,0.448,0.45024,tp,0.05582321817615842
ZECUSDT,1699056000000,1,27.61,27.748049999999996,tp,0.09256281407034915
SUIUSDT,1699062300000,1,0.4562,0.45848099999999997,tp,0.07420008100445444
DOGEUSDT,1699062300000,1,0.06829,0.06863145,tp,0.12934844192634334
BNBUSDT,1699069500000,1,230.16,231.31079999999997,tp,0.14502912927097852
NEARUSDT,1699074000000,1,1.5,1.5074999999999998,tp,0.058674463937620526
ZECUSDT,1699081200000,1,27.9,28.039499999999997,tp,0.1020273972602724
XRPUSDT,1699083000000,1,0.6135,0.6165674999999999,tp,0.08884545783568226
ETHUSDT,1699085700000,1,1834.32,1843.4915999999998,tp,0.13202878215506245
BNBUSDT,1699093800000,1,234.95,236.12474999999998,tp,0.1463555762949128
SUIUSDT,1699117200000,1,0.4676,0.46993799999999997,tp,0.05884543761638599
NEARUSDT,1699137900000,1,1.517,1.5245849999999996,tp,0.07391727493917061
DOGEUSDT,1699138800000,1,0.06884,0.06918419999999999,tp,0.13919191919191487
BNBUSDT,1699138800000,1,236.92,238.10459999999995,tp,0.11740066839955059
ETHUSDT,1699138800000,1,1847.78,1857.0188999999998,tp,0.22672304958018788
ZECUSDT,1699144200000,1,28.14,28.280699999999996,tp,0.10839577329490523
XRPUSDT,1699144200000,1,0.6169,0.6199844999999999,tp,0.1977564102564046
DOGEUSDT,1699156800000,1,0.06969,0.07003844999999999,tp,0.12081385281384806
NEARUSDT,1699176600000,1,1.589,1.5969449999999998,tp,0.04771300448430418
ZECUSDT,1699182900000,1,28.5,28.6425,tp,0.08800615858352481
DOGEUSDT,1699214400000,1,0.07117,0.07152584999999999,tp,0.08466134279798647
BNBUSDT,1699225200000,1,243.83,245.04915,tp,0.09775779376498674
XRPUSDT,1699227000000,1,0.6555,0.6587774999999999,tp,0.05291541089009348
FILUSDT,1699231500000,1,4.164,4.184819999999999,tp,0.03693598233995516
ZECUSDT,1699233300000,1,28.94,29.084699999999998,tp,0.06805164319248672
DOGEUSDT,1699265700000,1,0.07189,0.07224944999999999,tp,0.06465459423205858
XRPUSDT,1699266600000,1,0.6933,0.6967665,tp,0.058171907756812274
FILUSDT,1699269300000,1,4.207,4.228034999999999,tp,0.06624213836477823
ZECUSDT,1699270200000,1,29.27,29.416349999999998,tp,0.06526432943795137
SUIUSDT,1699273800000,1,0.5106,0.513153,tp,0.04743713956170535
ETHUSDT,1699280100000,1,1906.51,1916.04255,tp,0.09983209101608358
XRPUSDT,1699280100000,1,0.7196,0.7231979999999999,tp,0.04531195976740382
DOGEUSDT,1699285500000,1,0.07386,0.07422929999999998,tp,0.06586879432623921
ZECUSDT,1699303500000,1,29.55,29.69775,tp,0.07234250764525926
BNBUSDT,1699311600000,1,254.13,255.40064999999996,tp,0.0759614954107881
ZECUSDT,1699339500000,1,29.91,30.059549999999998,tp,0.05602996254681568
BTCUSDT,1699389900000,1,35734.0,35912.67,tp,0.07712381075658464
SUIUSDT,1699405200000,1,0.5265,0.5291324999999999,tp,0.039601428840006433
ZECUSDT,1699425900000,1,29.71,29.858549999999997,tp,0.07675048355899217
FILUSDT,1699437600000,1,4.294,4.3154699999999995,tp,0.08441176470588191
ZECUSDT,1699440300000,1,30.11,30.260549999999995,tp,0.07045614035087511
XRPUSDT,1699442100000,1,0.6922,0.695661,tp,0.08021914648212121
SUIUSDT,1699454700000,1,0.5808,0.5837039999999999,tp,0.041251989389919204
NEARUSDT,1699463700000,1,1.471,1.4783549999999999,tp,0.07085439229843352
DOGEUSDT,1699465500000,1,0.07639,0.07677194999999999,tp,0.04402015838732814
FILUSDT,1699476300000,1,4.39,4.411949999999999,tp,0.07203271983639906
ZECUSDT,1699494300000,1,30.34,30.491699999999998,tp,0.07827208252740066
ETHUSDT,1699496100000,1,1901.76,1911.2687999999998,tp,0.10051680405833674
BNBUSDT,1699502400000,1,249.85,251.09924999999996,tp,0.09523374274016651
NEARUSDT,1699504200000,1,1.491,1.4984549999999999,tp,0.05840155945418916
XRPUSDT,1699508700000,1,0.6955,0.6989774999999999,tp,0.07824915824915646
SOLUSDT,1699521300000,1,45.14,45.3657,tp,0.022733448647564235
FILUSDT,1699525800000,1,4.601,4.6240049999999995,tp,0.05610062893081631
NEARUSDT,1699535700000,1,1.521,1.5286049999999998,tp,0.054402852049910196
DOGEUSDT,1699539300000,1,0.07693,0.07731464999999998,tp,0.07838044308632272
ETHUSDT,1699540200000,1,1930.7,1940.3535,tp,0.1273399144455397
ZECUSDT,1699542900000,1,30.77,30.923849999999998,tp,0.06315897435897373
BNBUSDT,1699542900000,1,252.25,253.51124999999996,tp,0.09376570583887364
SOLUSDT,1699545600000,1,48.2,41.6905372625929,stop,-1.0060843747014423
ETHUSDT,1699567200000,1,2065.0,2075.325,tp,0.0360877679521386
SOLUSDT,1699598700000,1,47.639,47.877195,tp,0.033617178043260545
DOGEUSDT,1699599600000,1,0.07456,0.0749328,tp,0.06638184245660758
SOLUSDT,1699611300000,1,48.999,49.243995,tp,0.032626031619766745
BTCUSDT,1699632000000,1,37198.0,37383.99,tp,0.12544332608365705
NEARUSDT,1699638300000,1,1.473,1.480365,tp,0.03970430107526796
SOLUSDT,1699640100000,1,52.599,52.86199499999999,tp,0.02411929896954454
ZECUSDT,1699642800000,1,30.32,30.4716,tp,0.05025641025640975
DOGEUSDT,1699651800000,1,0.07494,0.0753147,tp,0.060237090616836186
FILUSDT,1699656300000,1,4.551,4.573754999999999,tp,0.06081333333333117
DOGEUSDT,1699679700000,1,0.07701,0.07739504999999999,tp,0.039437627811860755
XRPUSDT,1699689600000,1,0.664,0.6673199999999999,tp,0.0631009957325725
DOGEUSDT,1699698600000,1,0.08001,0.08041004999999998,tp,0.034509803921567335
NEARUSDT,1699711200000,1,1.574,1.5818699999999999,tp,0.04320987654320894
FILUSDT,1699713000000,1,4.642,4.66521,tp,0.06954833893243675
ETHUSDT,1699713000000,1,2068.48,2078.8224,tp,0.14760268963918138
ZECUSDT,1699731900000,1,30.66,30.813299999999998,tp,0.06555555555555456
NEARUSDT,1699731900000,1,1.622,1.63011,tp,0.04129770992366328
SOLUSDT,1699775100000,1,60.695,60.99847499999999,tp,0.023732440441826697
FILUSDT,1699776000000,1,4.845,4.869224999999999,tp,0.04694726656990711
ZECUSDT,1699777800000,1,30.83,30.984149999999996,tp,0.055829941203074725
SUIUSDT,1699783200000,1,0.6198,0.622899,tp,0.030623846437799564
NEARUSDT,1699789500000,1,1.735,1.7436749999999999,tp,0.03261134552273702
ZECUSDT,1699824600000,1,31.35,31.506749999999997,tp,0.057435897435895646
BTCUSDT,1699838100000,1,37221.0,37407.104999999996,tp,0.23032304956312957
FILUSDT,1699839900000,1,5.274,5.300369999999999,tp,0.03418656478828283
SUIUSDT,1699863300000,1,0.6426,0.6458129999999999,tp,0.03572430870821197
XRPUSDT,1699885800000,1,0.6706,0.6406794617563739,stop,-1.0203420634920637
ETHUSDT,1699886700000,1,2068.96,2079.3048,tp,0.11454224283072287
DOGEUSDT,1699911000000,1,0.07905,0.07345240674927661,stop,-1.012466033755273
XRPUSDT,1699917300000,1,0.6605,0.6638024999999999,tp,0.05182115594329145
BNBUSDT,1699920000000,1,256.36,238.0409146602357,stop,-1.0123444410423894
BNBUSDT,1699957800000,1,246.14,247.37069999999997,tp,0.14149168100975132
SOLUSDT,1699975800000,1,55.98,56.25989999999999,tp,0.030794089738375028
ZECUSDT,1699987500000,1,31.74,28.78967952755905,stop,-1.0092702456586196
SOLUSDT,1700028900000,1,57.999,58.28899499999999,tp,0.03817835700688114
ZECUSDT,1700029800000,1,29.84,29.989199999999997,tp,0.07676300578034524
NEARUSDT,1700032500000,1,1.587,1.5949349999999998,tp,0.05984934086628848
DOGEUSDT,1700034300000,1,0.0734,0.073767,tp,0.096719367588931
FILUSDT,1700036100000,1,4.898,4.922489999999999,tp,0.06533333333333119
SUIUSDT,1700046000000,1,0.5862,0.589131,tp,0.05692568385378681
ETHUSDT,1700046900000,1,1992.97,2002.9348499999999,tp,0.14915104575896737
BNBUSDT,1700047800000,1,245.97,247.19984999999997,tp,0.1295418641390172
ZECUSDT,1700049600000,1,30.29,30.441449999999996,tp,0.08887912087911916
SUIUSDT,1700068500000,1,0.6043,0.6073214999999998,tp,0.04247559274755774
NEARUSDT,1700072100000,1,1.696,1.7044799999999998,tp,0.041766485178462556
ETHUSDT,1700073900000,1,2026.0,2036.1299999999999,tp,0.10530842621719824
XRPUSDT,1700076600000,1,0.6427,0.6459135,tp,0.08231383828699217
FILUSDT,1700077500000,1,5.215,5.2410749999999995,tp,0.05517350157728617
DOGEUSDT,1700079300000,1,0.07508,0.07545539999999999,tp,0.06656921373200404
ZECUSDT,1700095500000,1,30.48,30.632399999999997,tp,0.06219512195121797
DOGEUSDT,1700098200000,1,0.0766,0.076983,tp,0.06633957391865639
SUIUSDT,1700100000000,1,0.6215,0.6246075,tp,0.040355125100886895
NEARUSDT,1700104500000,1,1.744,1.7527199999999998,tp,0.05156732891832136
FILUSDT,1700106300000,1,5.291,5.317455,tp,0.04599436130991012
XRPUSDT,1700108100000,1,0.6484,0.6516419999999999,tp,0.07813645927261718
ZECUSDT,1700114400000,1,30.72,30.873599999999996,tp,0.08259705488621012
SOLUSDT,1700117100000,1,67.258,67.59428999999999,tp,0.037593639184396135
NEARUSDT,1700118900000,1,1.834,1.84317,tp,0.04050772626931517
DOGEUSDT,1700123400000,1,0.07743,0.07781714999999999,tp,0.07792325056433189
ETHUSDT,1700133300000,1,2064.08,2074.4003999999995,tp,0.07237960882665126
BNBUSDT,1700161200000,1,254.91,243.35369732719795,stop,-1.0200051884245753
SUIUSDT,1700161200000,1,0.6331,0.5655278927397903,stop,-1.0079507879787433
NEARUSDT,1700184600000,1,1.772,1.7808599999999999,tp,0.02916563912864733
DOGEUSDT,1700201700000,1,0.08238,0.08279189999999999,tp,0.036987654320986996
SOLUSDT,1700322300000,1,57.699,57.98749499999999,tp,0.04311459898703042
FILUSDT,1700323200000,1,4.679,4.702395,tp,0.057438725490195755
SUIUSDT,1700323200000,1,0.5441,0.5468204999999999,tp,0.05649559357179704
BTCUSDT,1700323200000,1,36586.9,36769.8345,tp,0.25297310378205756
ZECUSDT,1700325900000,1,28.78,28.9239,tp,0.0752604166666659
ETHUSDT,1700326800000,1,1955.62,1965.3980999999997,tp,0.14955888520339655
FILUSDT,1700376300000,1,4.745,4.768725,tp,0.06433670033669978
SOLUSDT,1700382600000,1,60.958,61.262789999999995,tp,0.04770005858230766
XRPUSDT,1700397000000,1,0.6152,0.6182759999999999,tp,0.06708061002178552
NEARUSDT,1700414100000,1,1.853,1.8622649999999998,tp,0.04361502347417774
ETHUSDT,1700415000000,1,1969.8,1979.6489999999997,tp,0.1584848302552636
BTCUSDT,1700419500000,1,36684.9,36868.324499999995,tp,0.28871128949748814
FILUSDT,1700421300000,1,4.831,4.855155,tp,0.06787241500175117
SUIUSDT,1700423100000,1,0.5541,0.5568704999999999,tp,0.06658265826582435
BNBUSDT,1700434800000,1,245.22,246.44609999999997,tp,0.09047197640117796
ZECUSDT,1700434800000,1,29.07,29.215349999999997,tp,0.08338351254480135
SOLUSDT,1700436600000,1,61.56,61.867799999999995,tp,0.05043769394087754
NEARUSDT,1700462700000,1,2.055,2.0652749999999997,tp,0.04007751937984334
ETHUSDT,1700471700000,1,2016.45,2026.5322499999997,tp,0.14038672017511383
SUIUSDT,1700471700000,1,0.5676,0.5704379999999999,tp,0.06369747899159425
ZECUSDT,1700473500000,1,29.42,29.5671,tp,0.09740281224152071
BNBUSDT,1700478000000,1,247.66,248.89829999999998,tp,0.14837376460017712
ETHUSDT,1700502300000,1,2044.33,2054.55165,tp,0.08327994223591716
DOGEUSDT,1700578800000,1,0.08624,0.07459086639676112,stop,-1.006082969385571
ZECUSDT,1700578800000,1,29.62,27.775622679716506,stop,-1.0143066395663949
BNBUSDT,1700585100000,1,264.61,265.93305,tp,0.04727564961157114
SUIUSDT,1700604900000,1,0.5791,0.5130249290505674,stop,-1.0073760599208592
ETHUSDT,1700649000000,1,2004.83,2014.8541499999997,tp,0.14453926758128613
ZECUSDT,1700656200000,1,27.9,28.039499999999997,tp,0.09101874490627437
SUIUSDT,1700657100000,1,0.5295,0.5321474999999999,tp,0.07296143250688485
SUIUSDT,1700676900000,1,0.5379,0.5405895,tp,0.05517697988286003
DOGEUSDT,1700676900000,1,0.07503,0.07540514999999999,tp,0.0890628706998792
FILUSDT,1700676900000,1,4.398,4.419989999999999,tp,0.08555879494654924
ZECUSDT,1700679600000,1,28.37,28.51185,tp,0.07556440903054344
ETHUSDT,1700682300000,1,2059.79,2070.08895,tp,0.08176354055231876
BNBUSDT,1700702100000,1,237.77,238.95884999999998,tp,0.07026731649682315
SUIUSDT,1700703000000,1,0.5622,0.5650109999999999,tp,0.04823806465424784
FILUSDT,1700728200000,1,4.524,4.54662,tp,0.05991393578285297
XRPUSDT,1700730900000,1,0.6135,0.6165674999999999,tp,0.09245951035781208
SOLUSDT,1700740800000,1,58.582,58.87490999999999,tp,0.06684353741496415
ZECUSDT,1700780400000,1,28.75,28.893749999999997,tp,0.08721212121211952
BNBUSDT,1700788500000,1,234.58,235.75289999999998,tp,0.13082392304474721
DOGEUSDT,1700788500000,1,0.07647,0.07685234999999999,tp,0.13828364950315775
SUIUSDT,1700804700000,1,0.5936,0.596568,tp,0.038564702062022685
FILUSDT,1700813700000,1,4.575,4.597874999999999,tp,0.1054691997697136
DOGEUSDT,1700818200000,1,0.07745,0.07783725,tp,0.1301259445843805
BTCUSDT,1700818200000,1,37403.8,37590.818999999996,tp,0.213568412644062
ETHUSDT,1700818200000,1,2088.0,2098.4399999999996,tp,0.15017112453263617
SUIUSDT,1700819100000,1,0.6309,0.6340545,tp,0.04078014184397097
NEARUSDT,1700821800000,1,1.824,1.8331199999999999,tp,0.07113702623906547
NEARUSDT,1700838900000,1,1.846,1.85523,tp,0.05860979462875093
ZECUSDT,1700839800000,1,29.21,29.356049999999996,tp,0.1269489685124828
DOGEUSDT,1700875800000,1,0.07839,0.07878194999999999,tp,0.10183706588769584
ZECUSDT,1700876700000,1,30.02,30.170099999999998,tp,0.09109599395313572
FILUSDT,1700878500000,1,4.693,4.7164649999999995,tp,0.07310774017891852
SOLUSDT,1700879400000,1,58.55,58.84274999999999,tp,0.06371682374607118
SOLUSDT,1700937000000,1,58.99,59.284949999999995,tp,0.08182251216733757
NEARUSDT,1700955000000,1,1.877,1.8863849999999998,tp,0.0873867595818796
FILUSDT,1700955900000,1,4.75,4.77375,tp,0.0870146520146509
XRPUSDT,1700995500000,1,0.6247,0.6278235,tp,0.15817836812143876
BNBUSDT,1701015300000,1,235.99,228.60687571501208,stop,-1.0294152615540875
ETHUSDT,1701015300000,1,2086.94,2043.7216753380028,stop,-1.0449238976002775
DOGEUSDT,1701065700000,1,0.08052,0.08092259999999998,tp,0.06600327600327409
NEARUSDT,1701067500000,1,1.896,1.7707267960146833,stop,-1.0134281746031741
SUIUSDT,1701146700000,1,0.6455,0.5745144788765089,stop,-1.0076887335092355
SOLUSDT,1701163800000,1,55.254,55.530269999999994,tp,0.06750899006521516
BNBUSDT,1701171000000,1,227.86,228.99929999999998,tp,0.10802131438720773
XRPUSDT,1701179100000,1,0.6057,0.6087285,tp,0.11378403755868512
SUIUSDT,1701180900000,1,0.5912,0.5941559999999999,tp,0.05898658718330783
ETHUSDT,1701181800000,1,2029.96,2040.1097999999997,tp,0.11140801644398422
NEARUSDT,1701186300000,1,1.786,1.79493,tp,0.06377896613190648
SUIUSDT,1701199800000,1,0.621,0.6241049999999999,tp,0.04285418821096064
BTCUSDT,1701199800000,1,38200.0,38390.99999999999,tp,0.09481544766786429
NEARUSDT,1701220500000,1,1.827,1.8361349999999999,tp,0.06880751173708854
XRPUSDT,1701242100000,1,0.6123,0.6153614999999999,tp,0.11920194647201694
SOLUSDT,1701247500000,1,59.936,60.235679999999995,tp,0.06687186349949721
ETHUSDT,1701251100000,1,2065.29,2075.6164499999995,tp,0.178351847067935
BTCUSDT,1701251100000,1,38270.0,38461.35,tp,0.1715810674723061
DOGEUSDT,1701260100000,1,0.08136,0.08176679999999999,tp,0.09641207815274971
ZECUSDT,1701316800000,1,29.29,29.436449999999997,tp,0.12362869198312067
SOLUSDT,1701316800000,1,60.396,60.697979999999994,tp,0.061043241608707416
SUIUSDT,1701327600000,1,0.6188,0.621894,tp,0.043373493975902615
DOGEUSDT,1701333000000,1,0.0817,0.08210849999999999,tp,0.10628943089430669
ETHUSDT,1701345600000,1,2042.21,2052.42105,tp,0.16283869424847294
ZECUSDT,1701351900000,1,29.65,29.798249999999996,tp,0.10300518134714845
DOGEUSDT,1701363600000,1,0.08315,0.08356575,tp,0.07401777777777643
NEARUSDT,1701394200000,1,1.885,1.8944249999999998,tp,0.07833852544132754
XRPUSDT,1701395100000,1,0.6065,0.6095324999999999,tp,0.16405679513183985
FILUSDT,1701398700000,1,4.425,4.447125,tp,0.12297222222222207
SUIUSDT,1701398700000,1,0.6068,0.609834,tp,0.06732113144758683
BTCUSDT,1701404100000,1,37960.0,38149.799999999996,tp,0.2232379608811251
ETHUSDT,1701414000000,1,2093.77,2104.2388499999997,tp,0.13871750318555381
SOLUSDT,1701421200000,1,61.099,61.40449499999999,tp,0.07007048306687136
FILUSDT,1701421200000,1,4.454,4.4762699999999995,tp,0.11744400527009147
BTCUSDT,1701422100000,1,38326.1,38517.7305,tp,0.18870386097059516
FILUSDT,1701448200000,1,4.51,4.53255,tp,0.11324577861163125
SUIUSDT,1701450000000,1,0.6201,0.6232004999999999,tp,0.06888334718758553
ZECUSDT,1701455400000,1,29.68,29.828399999999995,tp,0.12255933952527996
NEARUSDT,1701477000000,1,1.899,1.9084949999999998,tp,0.08501118568232516
SOLUSDT,1701493200000,1,61.116,61.42157999999999,tp,0.08864868783528827
XRPUSDT,1701497700000,1,0.6129,0.6159644999999999,tp,0.18876058506542917
DOGEUSDT,1701497700000,1,0.08404,0.0844602,tp,0.1199857244825114
ZECUSDT,1701501300000,1,30.14,30.290699999999998,tp,0.1564721141374808
NEARUSDT,1701504000000,1,1.969,1.978845,tp,0.08246603970741799
FILUSDT,1701504000000,1,4.542,4.564709999999999,tp,0.143546099290774
NEARUSDT,1701519300000,1,1.993,2.002965,tp,0.08346917450365705
FILUSDT,1701525600000,1,4.58,4.6029,tp,0.14692307692307596
SUIUSDT,1701540000000,1,0.6227,0.6258134999999999,tp,0.10394014962593151
ETHUSDT,1701540000000,1,2098.5,2108.9925,tp,0.2637511781338276
DOGEUSDT,1701542700000,1,0.08447,0.08489234999999999,tp,0.1741164348274024
BTCUSDT,1701543600000,1,38859.5,39053.79749999999,tp,0.34649101689624906
FILUSDT,1701552600000,1,4.684,4.70742,tp,0.07382075471698052
DOGEUSDT,1701559800000,1,0.0862,0.08663099999999999,tp,0.08835119959162599
SOLUSDT,1701562500000,1,63.553,63.87076499999999,tp,0.06718253026346903
ZECUSDT,1701574200000,1,31.78,31.938899999999997,tp,0.08717109747784332
BTCUSDT,1701611100000,1,39549.0,39746.744999999995,tp,0.3039440570187995
DOGEUSDT,1701642600000,1,0.08558,0.0860079,tp,0.0949240541286921
BTCUSDT,1701648000000,1,39858.4,40057.691999999995,tp,0.16740064818601735
NEARUSDT,1701653400000,1,2.02,2.0301,tp,0.07564245810055861
XRPUSDT,1701657000000,1,0.6279,0.6310395,tp,0.12960905349794088
DOGEUSDT,1701658800000,1,0.0864,0.08683199999999999,tp,0.07398592450415657
SOLUSDT,1701659700000,1,64.292,64.61345999999999,tp,0.06766784359879428
SUIUSDT,1701659700000,1,0.6229,0.6260144999999999,tp,0.06114774114773919
BNBUSDT,1701670500000,1,231.32,232.47659999999996,tp,0.2060476508572642
NEARUSDT,1701676800000,1,2.132,2.14266,tp,0.04367534456355158
XRPUSDT,1701677700000,1,0.6338,0.636969,tp,0.10197024527543114
ZECUSDT,1701682200000,1,31.72,31.878599999999995,tp,0.07581839904420372
FILUSDT,1701687600000,1,4.83,4.42804010115607,stop,-1.0104653178294583
BTCUSDT,1701719100000,1,41841.2,42050.405999999995,tp,0.09394773441004825
SUIUSDT,1701734400000,1,0.6311,0.6342555,tp,0.0501942132382082
NEARUSDT,1701735300000,1,2.168,2.17884,tp,0.03176341730558587
ZECUSDT,1701736200000,1,31.66,31.818299999999997,tp,0.07668481548699198
BTCUSDT,1701785700000,1,41934.7,42144.373499999994,tp,0.16919736113209183
FILUSDT,1701792900000,1,4.782,4.80591,tp,0.07298325722983208
DOGEUSDT,1701793800000,1,0.09034,0.09079169999999999,tp,0.06783586284429236
ETHUSDT,1701795600000,1,2238.33,2249.5216499999997,tp,0.10548401133730723
SOLUSDT,1701796500000,1,60.789,61.09294499999999,tp,0.06552690944247329
BTCUSDT,1701799200000,1,43420.0,43637.1,tp,0.0823510044354128
ZECUSDT,1701819900000,1,31.59,31.747949999999996,tp,0.06830636461704265
NEARUSDT,1701823500000,1,2.295,2.306475,tp,0.04319248826291035
FILUSDT,1701824400000,1,4.826,4.850129999999999,tp,0.04430402930402851
SUIUSDT,1701824400000,1,0.6489,0.6521445,tp,0.04209708737864051
DOGEUSDT,1701828000000,1,0.09611,0.09659055,tp,0.03627073906485646
DOGEUSDT,1701843300000,1,0.0987,0.09919349999999999,tp,0.04079345603271937
XRPUSDT,1701849600000,1,0.6271,0.6302355,tp,0.12625563909774268
NEARUSDT,1701856800000,1,2.355,2.3667749999999996,tp,0.03787878787878673
FILUSDT,1701922500000,1,4.845,4.869224999999999,tp,0.06017984496123916
XRPUSDT,1701923400000,1,0.6407,0.6439035,tp,0.08112055398174162
ZECUSDT,1701924300000,1,31.69,31.848449999999996,tp,0.06492575524833381
SOLUSDT,1701951300000,1,64.009,64.329045,tp,0.04796791643350019
ETHUSDT,1701963000000,1,2311.51,2323.0675499999998,tp,0.05787132833868244
SUIUSDT,1701964800000,1,0.6414,0.6446069999999999,tp,0.04118761033541912
SOLUSDT,1701965700000,1,65.249,65.575245,tp,0.038587367126416604
ETHUSDT,1701986400000,1,2364.9,2376.7245,tp,0.07141375599256264
SOLUSDT,1701993600000,1,68.194,68.53497,tp,0.0347013538624899
XRPUSDT,1702004400000,1,0.6468,0.650034,tp,0.08092557848655314
BNBUSDT,1702005300000,1,235.0,236.17499999999998,tp,0.09500807102501872
DOGEUSDT,1702015200000,1,0.09726,0.0977463,tp,0.07111598173515919
ZECUSDT,1702032300000,1,32.43,32.59215,tp,0.0936796536796521
SUIUSDT,1702036800000,1,0.6953,0.6987764999999999,tp,0.046437697030030006
SOLUSDT,1702036800000,1,73.0,73.365,tp,0.040426446280991186
XRPUSDT,1702038600000,1,0.6515,0.6547574999999999,tp,0.10720720720720432
FILUSDT,1702046700000,1,5.156,5.181779999999999,tp,0.06023228803716434
DOGEUSDT,1702046700000,1,0.09827,0.09876134999999998,tp,0.06448818897637623
NEARUSDT,1702053000000,1,2.309,2.320545,tp,0.048966613672495635
BTCUSDT,1702070100000,1,44300.0,44521.49999999999,tp,0.054835152289352526
BNBUSDT,1702071000000,1,238.9,240.09449999999998,tp,0.11154653603918621
NEARUSDT,1702076400000,1,2.367,2.3788349999999996,tp,0.05383304940374602
FILUSDT,1702081800000,1,5.26,5.286299999999999,tp,0.08893958597380351
BNBUSDT,1702090800000,1,241.48,242.68739999999997,tp,0.1219025990411282
ZECUSDT,1702092600000,1,33.85,34.01925,tp,0.09936996336996184
XRPUSDT,1702094400000,1,0.6764,0.6797819999999999,tp,0.08742028985506936
SOLUSDT,1702098900000,1,74.5,74.87249999999999,tp,0.050759817630207926
NEARUSDT,1702106100000,1,2.535,2.547675,tp,0.04597826086956454
DOGEUSDT,1702108800000,1,0.10399,0.10450994999999999,tp,0.06154614932392609
ZECUSDT,1702109700000,1,34.38,34.551899999999996,tp,0.0783817663817633
ETHUSDT,1702109700000,1,2384.14,2396.0606999999995,tp,0.1654537885095713
SUIUSDT,1702135800000,1,0.7123,0.7158614999999999,tp,0.04571794871794721
SUIUSDT,1702188000000,1,0.7087,0.7122434999999999,tp,0.05205479452054674
FILUSDT,1702200600000,1,5.482,5.032117392492713,stop,-1.0106261310019427
SOLUSDT,1702224000000,1,73.699,74.067495,tp,0.05721248347606114
ETHUSDT,1702240200000,1,2357.96,2369.7497999999996,tp,0.19143703343069696
DOGEUSDT,1702240200000,1,0.10207,0.10258034999999999,tp,0.07152341020265442
SUIUSDT,1702242000000,1,0.6938,0.6972689999999999,tp,0.06464618249534343
FILUSDT,1702248300000,1,5.12,5.1456,tp,0.08764102564102486
SUIUSDT,1702258200000,1,0.7017,0.7052084999999999,tp,0.06109374999999835
SOLUSDT,1702260000000,1,74.745,68.26741431875527,stop,-1.0100120703598863
BNBUSDT,1702260000000,1,240.94,231.59474079990042,stop,-1.0235429536034244
XRPUSDT,1702260000000,1,0.6662,0.6344672912926392,stop,-1.0189944051825697
DOGEUSDT,1702317600000,1,0.10284,0.09293142569317855,stop,-1.0089099452327608
SOLUSDT,1702341900000,1,70.96,71.31479999999999,tp,0.03347289544549797
BNBUSDT,1702343700000,1,248.44,249.68219999999997,tp,0.06440914374273383
ZECUSDT,1702349100000,1,30.76,30.9138,tp,0.0627522935779804
NEARUSDT,1702366200000,1,2.315,2.3265749999999996,tp,0.04690909090908966
FILUSDT,1702367100000,1,4.709,4.732544999999999,tp,0.06618947368420906
DOGEUSDT,1702370700000,1,0.09705,0.09753524999999999,tp,0.062422499201021685
NEARUSDT,1702385100000,1,2.365,2.3768249999999997,tp,0.04316169828364775
BNBUSDT,1702394100000,1,254.37,255.64184999999998,tp,0.07823245109320914
SUIUSDT,1702424700000,1,0.6589,0.6621945,tp,0.03888741721854271
ETHUSDT,1702479600000,1,2193.53,2204.49765,tp,0.11891653116530705
BTCUSDT,1702479600000,1,41386.1,41593.03049999999,tp,0.14976927599149517
SOLUSDT,1702481400000,1,67.568,67.90583999999998,tp,0.049305305305303346
NEARUSDT,1702494000000,1,2.254,2.2652699999999997,tp,0.04811501597443945
SUIUSDT,1702495800000,1,0.65,0.65325,tp,0.050023041474653966
FILUSDT,1702495800000,1,4.642,4.66521,tp,0.06610049539985793
DOGEUSDT,1702495800000,1,0.0937,0.0941685,tp,0.06397690609611091
XRPUSDT,1702495800000,1,0.6238,0.626919,tp,0.08606060606060559
BNBUSDT,1702495800000,1,251.48,252.73739999999995,tp,0.0948667231798031
ETHUSDT,1702495800000,1,2229.88,2241.0294,tp,0.1002540729029995
SOLUSDT,1702502100000,1,71.725,72.08362499999998,tp,0.04462067142479387
NEARUSDT,1702508400000,1,2.332,2.3436599999999994,tp,0.043135085292759966
FILUSDT,1702535400000,1,4.774,4.79787,tp,0.07393658159319323
FILUSDT,1702554300000,1,4.81,4.8340499999999995,tp,0.07581267217630829
DOGEUSDT,1702554300000,1,0.09735,0.09783675,tp,0.09341007194244495
SOLUSDT,1702556100000,1,72.967,73.33183499999998,tp,0.05546603296744506
BTCUSDT,1702560600000,1,43126.2,41757.85345838611,stop,-1.0289911653072046
XRPUSDT,1702560600000,1,0.6333,0.6058644858156026,stop,-1.0209790586630285
DOGEUSDT,1702573200000,1,0.09788,0.09836939999999998,tp,0.054885806361214866
XRPUSDT,1702591200000,1,0.6348,0.6379739999999999,tp,0.09822119102861268
NEARUSDT,1702594800000,1,2.322,2.3336099999999997,tp,0.03967604433077464
SOLUSDT,1702624500000,1,76.282,76.66340999999998,tp,0.04312714630940642
FILUSDT,1702655100000,1,4.823,4.847115,tp,0.05704937189599603
ETHUSDT,1702682100000,1,2319.0,2216.1727322273964,stop,-1.020474764536892
NEARUSDT,1702702800000,1,2.298,2.30949,tp,0.03804797353184376
SUIUSDT,1702728000000,1,0.6332,0.6363659999999999,tp,0.08987234042552877
SOLUSDT,1702728900000,1,74.952,75.32676,tp,0.07326020184291246
DOGEUSDT,1702729800000,1,0.09434,0.09481169999999998,tp,0.13812340270171455
BTCUSDT,1702729800000,1,42280.0,42491.399999999994,tp,0.1423848183819907
NEARUSDT,1702731600000,1,2.326,2.33763,tp,0.057802607076348954
FILUSDT,1702736100000,1,5.306,5.332529999999999,tp,0.03314866112649952
SUIUSDT,1702744200000,1,0.6405,0.6437024999999998,tp,0.08250965250964946
NEARUSDT,1702747800000,1,2.401,2.4130049999999996,tp,0.053839383938392896
FILUSDT,1702748700000,1,5.781,5.809904999999999,tp,0.03219917012448031
DOGEUSDT,1702756800000,1,0.09512,0.09559559999999999,tp,0.10726300984528693
DOGEUSDT,1702771200000,1,0.09662,0.09710309999999998,tp,0.05614492753623032
BTCUSDT,1702823400000,1,42577.0,41517.224027249664,stop,-1.03721669847216
XRPUSDT,1702855800000,1,0.6383,0.6088680495103374,stop,-1.0196529498525078
BNBUSDT,1702863000000,1,253.04,237.9490602409639,stop,-1.0149792929292933
SOLUSDT,1702863000000,1,76.8,70.36782336019903,stop,-1.0103929720739546
ZECUSDT,1702865700000,1,31.08,28.922219730941702,stop,-1.0127335063437144
DOGEUSDT,1702890900000,1,0.096,0.08997125598833576,stop,-1.0141775290215582
ETHUSDT,1702890900000,1,2253.77,2146.6730342551996,stop,-1.0190419902969254
NEARUSDT,1702890900000,1,2.452,2.138796476306197,stop,-1.0064873365041622
BTCUSDT,1702909800000,1,41350.0,41556.74999999999,tp,0.10247778954080472
SOLUSDT,1702910700000,1,70.859,71.21329499999999,tp,0.04014426340801004
FILUSDT,1702923300000,1,5.192,5.21796,tp,0.043681903569191376
SOLUSDT,1702929600000,1,72.2,72.56099999999999,tp,0.0456610800744866
BNBUSDT,1702933200000,1,238.57,239.76284999999996,tp,0.08555436337624918
DOGEUSDT,1702935000000,1,0.09132,0.09177659999999999,tp,0.07764206955046432
XRPUSDT,1702935900000,1,0.607,0.6100349999999999,tp,0.11699421965317598
BNBUSDT,1702945800000,1,241.88,243.08939999999998,tp,0.14617731460504355
SUIUSDT,1702947600000,1,0.6117,0.6147585,tp,0.06672117743254222
ZECUSDT,1702947600000,1,29.02,29.165099999999995,tp,0.07207945375542942
DOGEUSDT,1702950300000,1,0.09247,0.09293234999999998,tp,0.0889145052833789
SOLUSDT,1702952100000,1,75.515,75.892575,tp,0.04916431559490122
FILUSDT,1702958400000,1,5.411,5.438054999999999,tp,0.04160734787600431
NEARUSDT,1702966500000,1,2.319,2.3305949999999998,tp,0.046737053795876365
SUIUSDT,1702970100000,1,0.6314,0.6345569999999999,tp,0.05449687567334564
NEARUSDT,1702989000000,1,2.437,2.4491849999999995,tp,0.04559139784946113
SUIUSDT,1703010600000,1,0.6841,0.6875205,tp,0.029957613302901302
NEARUSDT,1703014200000,1,2.45,2.46225,tp,0.03587266739846283
FILUSDT,1703048400000,1,5.184,5.209919999999999,tp,0.06930666666666463
ETHUSDT,1703048400000,1,2202.8,2213.814,tp,0.12856117626465569
ZECUSDT,1703049300000,1,28.26,28.4013,tp,0.07745379876796579
BTCUSDT,1703052900000,1,42765.6,42979.42799999999,tp,0.14855617105753266
NEARUSDT,1703053800000,1,2.742,2.7557099999999997,tp,0.02792395437262286
BNBUSDT,1703056500000,1,254.0,255.26999999999998,tp,0.07992140218501811
SOLUSDT,1703059200000,1,76.114,76.49457,tp,0.055096305138081496
SUIUSDT,1703062800000,1,0.7104,0.7139519999999999,tp,0.030426816572974254
NEARUSDT,1703073600000,1,2.882,2.89641,tp,0.02621284320399328
FILUSDT,1703077200000,1,5.246,5.2722299999999995,tp,0.06743589743589495
XRPUSDT,1703077200000,1,0.6145,0.6175725,tp,0.1204301075268798
DOGEUSDT,1703078100000,1,0.09132,0.09177659999999999,tp,0.0913343328335807
SOLUSDT,1703081700000,1,78.725,79.11862499999998,tp,0.046090470147183746
ZECUSDT,1703081700000,1,28.85,28.994249999999997,tp,0.07745649263721359
BNBUSDT,1703090700000,1,257.78,259.0688999999999,tp,0.10130515605126379
SOLUSDT,1703094300000,1,81.388,81.79494,tp,0.036751767301543586
ZECUSDT,1703097000000,1,29.55,29.69775,tp,0.061182466870539715
SOLUSDT,1703140200000,1,84.83,85.25415,tp,0.034075546320554644
BNBUSDT,1703146500000,1,260.33,261.63165,tp,0.12915644741731722
ZECUSDT,1703152800000,1,29.74,29.888699999999996,tp,0.09821782178217663
DOGEUSDT,1703153700000,1,0.0919,0.09235949999999998,tp,0.10819652839069979
ETHUSDT,1703154600000,1,2222.08,2233.1903999999995,tp,0.13563967592804022
SOLUSDT,1703160000000,1,87.4,87.837,tp,0.039275537634408365
BNBUSDT,1703162700000,1,270.39,271.74195,tp,0.08179504555379838
NEARUSDT,1703165400000,1,3.424,3.4411199999999997,tp,0.022618583495776227
FILUSDT,1703183400000,1,5.465,5.492324999999999,tp,0.0511686494051773
NEARUSDT,1703184300000,1,3.558,3.5757899999999996,tp,0.0215953897482557
DOGEUSDT,1703188800000,1,0.09297,0.09343484999999999,tp,0.07304756312389736
XRPUSDT,1703188800000,1,0.6198,0.622899,tp,0.1419554030874771
FILUSDT,1703207700000,1,5.55,5.577749999999999,tp,0.05244633168199924
BTCUSDT,1703226600000,1,44224.9,44446.0245,tp,0.10052108843537327
ETHUSDT,1703228400000,1,2267.14,2278.4756999999995,tp,0.10910521706793015
ZECUSDT,1703245500000,1,30.27,30.421349999999997,tp,0.09157974300831268
DOGEUSDT,1703282400000,1,0.0944,0.09487199999999998,tp,0.08864335664335403
SOLUSDT,1703286900000,1,97.499,97.98649499999999,tp,0.03681295479395212
SUIUSDT,1703290500000,1,0.7104,0.7139519999999999,tp,0.04337907898749476
FILUSDT,1703349900000,1,5.435,5.462174999999999,tp,0.10160597572362184
BNBUSDT,1703352600000,1,268.92,270.2646,tp,0.17884621778885587
NEARUSDT,1703372400000,1,3.612,3.63006,tp,0.031269738265195295
SUIUSDT,1703374200000,1,0.7418,0.745509,tp,0.05696969696969663
DOGEUSDT,1703380500000,1,0.09353,0.09399764999999999,tp,0.14876440206594768
SOLUSDT,1703395800000,1,114.869,115.443345,tp,0.027172830206307483
ZECUSDT,1703416500000,1,30.49,30.642449999999997,tp,0.08190476190476102
FILUSDT,1703423700000,1,5.673,5.701364999999999,tp,0.0530821121190957
SOLUSDT,1703442600000,1,115.528,116.10564,tp,0.03351377203852189
XRPUSDT,1703448900000,1,0.6235,0.6266174999999999,tp,0.15825095057033636
BNBUSDT,1703455200000,1,271.56,263.5370680705372,stop,-1.0312055763239878
BTCUSDT,1703455200000,1,43808.0,42982.590299442454,stop,-1.0494705365794608
FILUSDT,1703469600000,1,5.777,5.805885,tp,0.040192539109506396
NEARUSDT,1703478600000,1,3.87,3.88935,tp,0.030415686274509444
NEARUSDT,1703493900000,1,4.006,4.0260299999999996,tp,0.03001304266815623
SUIUSDT,1703509200000,1,0.7449,0.7486244999999999,tp,0.05227535470309904
SOLUSDT,1703511000000,1,114.648,115.22123999999998,tp,0.04424570704160308
DOGEUSDT,1703512800000,1,0.0934,0.09386699999999999,tp,0.12297607341855005
ZECUSDT,1703517300000,1,31.52,31.677599999999995,tp,0.07683698296836743
SUIUSDT,1703523600000,1,0.7748,0.778674,tp,0.0368191873326341
DOGEUSDT,1703543400000,1,0.09456,0.0950328,tp,0.09894022448446804
SUIUSDT,1703551500000,1,0.8329,0.8370644999999999,tp,0.02768344850279636
BNBUSDT,1703558700000,1,266.88,268.21439999999996,tp,0.1201935629079405
NEARUSDT,1703581200000,1,4.388,4.40994,tp,0.0334195240771967
BNBUSDT,1703586600000,1,280.42,281.8221,tp,0.048538342768912605
BNBUSDT,1703600100000,1,299.18,300.67589999999996,tp,0.03550356231858439
FILUSDT,1703608200000,1,5.762,5.790809999999999,tp,0.05560693641618308
XRPUSDT,1703611800000,1,0.6457,0.6027455477072718,stop,-1.0133305918189741
ZECUSDT,1703611800000,1,31.73,29.946686083123424,stop,-1.015953081232494
SUIUSDT,1703631600000,1,0.8983,0.9027914999999999,tp,0.022538071065989197
ZECUSDT,1703667600000,1,30.51,30.66255,tp,0.06092675635276456
DOGEUSDT,1703668500000,1,0.09181,0.09226904999999999,tp,0.0832315003394409
XRPUSDT,1703670300000,1,0.6249,0.6280245,tp,0.0959263521288829
BNBUSDT,1703679300000,1,307.99,309.52995,tp,0.059295330850758325
ZECUSDT,1703684700000,1,31.47,31.627349999999996,tp,0.06496147919876633
FILUSDT,1703687400000,1,5.764,5.79282,tp,0.06316939890710306
DOGEUSDT,1703690100000,1,0.09285,0.09331424999999999,tp,0.08477884176926331
ETHUSDT,1703690100000,1,2334.77,2346.4438499999997,tp,0.061126442630756554
FILUSDT,1703704500000,1,6.0,6.029999999999999,tp,0.043068100358422075
XRPUSDT,1703709900000,1,0.639,0.642195,tp,0.07976301839725461
BNBUSDT,1703716200000,1,314.0,315.57,tp,0.04534918062308635
ETHUSDT,1703721600000,1,2379.0,2390.8949999999995,tp,0.0805416761586522
BTCUSDT,1703723400000,1,43594.8,43812.774,tp,0.10979427594185154
DOGEUSDT,1703727900000,1,0.094,0.09446999999999998,tp,0.10324842508901327
XRPUSDT,1703731500000,1,0.6434,0.6466169999999999,tp,0.09127878143818392
ZECUSDT,1703736900000,1,32.34,32.5017,tp,0.06946581196581006
BNBUSDT,1703751300000,1,327.99,329.62994999999995,tp,0.05037699778236419
NEARUSDT,1703753100000,1,4.216,4.23708,tp,0.02841190237378741
FILUSDT,1703765700000,1,6.08,6.110399999999999,tp,0.04863771564544806
BNBUSDT,1703766600000,1,331.99,333.64995,tp,0.048666301369862414
SOLUSDT,1703770200000,1,113.787,99.89510798016035,stop,-1.0068313482746356
FILUSDT,1703805300000,1,6.178,6.208889999999999,tp,0.02636431385073941
SOLUSDT,1703816100000,1,104.047,104.56723499999998,tp,0.0333623000536115
NEARUSDT,1703835000000,1,3.834,3.8531699999999995,tp,0.03898528665651844
DOGEUSDT,1703845800000,1,0.09231,0.09277155,tp,0.08167992926613454
ETHUSDT,1703848500000,1,2368.04,2379.8801999999996,tp,0.10393491870319509
SOLUSDT,1703858400000,1,108.936,109.48067999999999,tp,0.03641739797151353
BTCUSDT,1703860200000,1,42861.0,43075.30499999999,tp,0.14609284941979295
DOGEUSDT,1703888100000,1,0.09309,0.08863547851772287,stop,-1.0189029741863087
NEARUSDT,1703941200000,1,3.676,3.6943799999999998,tp,0.04858734841035632
BNBUSDT,1703948400000,1,317.72,319.3086,tp,0.10546540567446405
BTCUSDT,1703952000000,1,42300.0,42511.49999999999,tp,0.14899126514510597
SUIUSDT,1703965500000,1,0.8081,0.8121404999999999,tp,0.053792415169659186
SUIUSDT,1703984400000,1,0.8164,0.8204819999999999,tp,0.04665810868634911
BNBUSDT,1703997900000,1,319.7,321.29849999999993,tp,0.10426405867970305
BTCUSDT,1704014100000,1,42494.4,42706.871999999996,tp,0.18002960895035636
FILUSDT,1704017700000,1,6.213,6.244064999999999,tp,0.04739559605163098
ETHUSDT,1704025800000,1,2311.0,2322.555,tp,0.11306074595148953
FILUSDT,1704032100000,1,6.668,6.701339999999999,tp,0.036980506014100974
FILUSDT,1704047400000,1,6.861,6.895304999999999,tp,0.026138165345412533
ZECUSDT,1704062700000,1,29.0,27.027830350997935,stop,-1.0130193864642636
XRPUSDT,1704062700000,1,0.6339,0.6055002223359043,stop,-1.0202545674132646
FILUSDT,1704109500000,1,7.305,7.341524999999999,tp,0.02710655207466907
FILUSDT,1704122100000,1,7.796,7.83498,tp,0.026262221108046824
ZECUSDT,1704124800000,1,27.19,27.32595,tp,0.08682615629983903
ETHUSDT,1704125700000,1,2309.49,2321.0374499999994,tp,0.1997284735283228
SOLUSDT,1704131100000,1,106.5,107.03249999999998,tp,0.05300687285223207
DOGEUSDT,1704132000000,1,0.09106,0.0915153,tp,0.10930693069306753
NEARUSDT,1704132000000,1,3.666,3.6843299999999997,tp,0.06160804020100423
XRPUSDT,1704132000000,1,0.6222,0.625311,tp,0.21220801364023625
BTCUSDT,1704132000000,1,42825.2,43039.325999999994,tp,0.20604208705678567
BNBUSDT,1704150900000,1,312.02,313.58009999999996,tp,0.12249950951539956
ZECUSDT,1704153600000,1,27.77,27.908849999999997,tp,0.08629457364340976
ETHUSDT,1704154500000,1,2353.67,2365.43835,tp,0.12895314767654978
XRPUSDT,1704155400000,1,0.6298,0.632949,tp,0.17789992952783534
DOGEUSDT,1704155400000,1,0.0922,0.092661,tp,0.1369561989606505
SOLUSDT,1704156300000,1,109.6,110.14799999999998,tp,0.05790423572743882
BTCUSDT,1704162600000,1,44971.0,45195.854999999996,tp,0.09347754346217962
SUIUSDT,1704169800000,1,0.88,0.8844,tp,0.04561512561512518
NEARUSDT,1704177000000,1,3.975,3.9948749999999995,tp,0.04060234813680327
DOGEUSDT,1704183300000,1,0.09362,0.09408809999999998,tp,0.10366694237661671
SOLUSDT,1704190500000,1,115.15,115.72574999999999,tp,0.05561793146687732
BNBUSDT,1704208500000,1,320.29,307.77797010844165,stop,-1.023368635955729
SUIUSDT,1704235500000,1,0.9117,0.9162584999999999,tp,0.03743762093899502
XRPUSDT,1704257100000,1,0.6362,0.6393809999999999,tp,0.13160226687274168
BTCUSDT,1704717000000,1,44431.1,44653.25549999999,tp,0.10662558075650279
NEARUSDT,1704717900000,1,3.251,3.2672549999999996,tp,0.03138153185397217
SUIUSDT,1704724200000,1,0.7996,0.8035979999999999,tp,0.035608888888888385
ETHUSDT,1704727800000,1,2269.91,2281.2595499999998,tp,0.0876584819705036
SOLUSDT,1704729600000,1,95.0,95.475,tp,0.04002270219139158
DOGEUSDT,1704735000000,1,0.07917,0.07956585,tp,0.06928961748633705
BNBUSDT,1704736800000,1,302.11,303.62055,tp,0.08426800390026257
FILUSDT,1704738600000,1,5.639,5.6671949999999995,tp,0.044292988640813706
SUIUSDT,1704741300000,1,0.8509,0.8551544999999999,tp,0.032469696969696524
FILUSDT,1704753900000,1,5.837,5.866184999999999,tp,0.04642474717429964
DOGEUSDT,1704753900000,1,0.08121,0.08161605,tp,0.07741904761904593
NEARUSDT,1704775500000,1,3.479,3.4963949999999997,tp,0.03326666666666587
ETHUSDT,1704837600000,1,2331.2,2342.8559999999998,tp,0.05706939428934545
DOGEUSDT,1704838500000,1,0.08085,0.08125425,tp,0.044228571428570826
ZECUSDT,1704851100000,1,20.04,20.140199999999997,tp,0.0326106374340227
NEARUSDT,1704878100000,1,3.254,3.2702699999999996,tp,0.035314439946017934
ZECUSDT,1704879900000,1,20.35,20.45175,tp,0.04709416522241453
ETHUSDT,1704900600000,1,2431.8,2443.959,tp,0.05443407273578758
XRPUSDT,1704901500000,1,0.5775,0.5803875,tp,0.048381430363863456
ZECUSDT,1704909600000,1,20.71,20.81355,tp,0.033946830265848195
ETHUSDT,1704919500000,1,2473.8,2486.169,tp,0.0421007786476556
NEARUSDT,1704922200000,1,3.339,3.3556949999999994,tp,0.028393044206996784
SUIUSDT,1704922200000,1,0.8159,0.8199794999999999,tp,0.033075216777575314
XRPUSDT,1704922200000,1,0.5834,0.586317,tp,0.040709071949947086
ZECUSDT,1704922200000,1,20.91,21.014549999999996,tp,0.033991967871484736
DOGEUSDT,1704922200000,1,0.0797,0.08009849999999999,tp,0.049279654480949744
SOLUSDT,1704924900000,1,102.38,102.89189999999998,tp,0.02899731343488591
BTCUSDT,1704927600000,1,47100.0,47335.49999999999,tp,0.08065453078513181
FILUSDT,1704939300000,1,6.072,6.102359999999999,tp,0.027617098681217908
ZECUSDT,1704963600000,1,23.92,24.0396,tp,0.027881914588706997
FILUSDT,1704973500000,1,6.265,6.296324999999999,tp,0.04150558842866394
ETHUSDT,1704973500000,1,2651.71,2664.9685499999996,tp,0.08101466871310621
DOGEUSDT,1704973500000,1,0.08516,0.08558579999999999,tp,0.07182795698924556
SOLUSDT,1704975300000,1,104.455,104.97727499999999,tp,0.04916096252910812
XRPUSDT,1704976200000,1,0.6103,0.6133514999999999,tp,0.06921119592875302
SUIUSDT,1704976200000,1,1.03,1.03515,tp,0.024921090387374396
NEARUSDT,1704978900000,1,3.779,3.7978949999999996,tp,0.03510090466249067
BTCUSDT,1704981600000,1,47184.8,47420.723999999995,tp,0.0984225698021672
SUIUSDT,1705000500000,1,1.0695,1.0748474999999997,tp,0.017669950738915724
FILUSDT,1705014900000,1,6.421,6.453105,tp,0.02955425690386122
ETHUSDT,1705061700000,1,2666.66,2679.9932999999996,tp,0.06923467874050201
DOGEUSDT,1705097700000,1,0.08712,0.07877728805781806,stop,-1.0089705151242883
BTCUSDT,1705410000000,1,42965.0,43179.825,tp,0.17475627589568404
ETHUSDT,1705418100000,1,2543.0,2555.7149999999997,tp,0.12807188432060707
SOLUSDT,1705444200000,1,98.1,98.59049999999998,tp,0.056639898684625156
XRPUSDT,1705596300000,1,0.5786,0.5526768819060774,stop,-1.0202538535645465
SUIUSDT,1705626900000,-1,1.1428,1.137086,tp,0.032952131529172125
FILUSDT,1705631400000,-1,5.471,5.443645,tp,0.03724704673857224
NEARUSDT,1705634100000,-1,2.985,2.970075,tp,0.04160895417978261
ZECUSDT,1705634100000,-1,21.91,21.80045,tp,0.03969160997732374
XRPUSDT,1705676400000,-1,0.5456,0.542872,tp,0.13870229007633436
SOLUSDT,1705679100000,-1,91.408,90.95096,tp,0.05832276250881
NEARUSDT,1705680000000,-1,2.917,2.902415,tp,0.05663751214771576
BTCUSDT,1705680900000,1,43450.0,40574.608098004246,stop,-1.0134054344614212
DOGEUSDT,1705680900000,-1,0.07683,0.07644585,tp,0.07446870451237243
BNBUSDT,1705682700000,1,318.0,304.70751603168617,stop,-1.0217771291596176
SUIUSDT,1705683600000,-1,1.1106,1.1050470000000001,tp,0.03079183442819762
SUIUSDT,1705730400000,-1,1.1085,1.1029575,tp,0.049495694956949686
SOLUSDT,1705738500000,-1,92.054,91.59373000000001,tp,0.0677873626778726
NEARUSDT,1705758300000,-1,2.913,2.8984349999999997,tp,0.06514029180695931
SUIUSDT,1705768200000,-1,1.0691,1.0637545,tp,0.04448329690914767
NEARUSDT,1705852800000,-1,2.968,2.95316,tp,0.07956902356902351
FILUSDT,1705852800000,-1,5.479,5.451605,tp,0.10942528735632241
SUIUSDT,1705855500000,-1,1.0881,1.0826595,tp,0.05577260981912087
SUIUSDT,1705870800000,-1,1.0733,1.0679334999999999,tp,0.05769892473118325
XRPUSDT,1705880700000,-1,0.5491,0.5463545000000001,tp,0.1904861111111087
NEARUSDT,1705882500000,-1,2.924,2.90938,tp,0.07098967820279203
FILUSDT,1705882500000,-1,5.381,5.354095,tp,0.07958472376714922
DOGEUSDT,1705882500000,-1,0.08508,0.0846546,tp,0.0570642509646041
SOLUSDT,1705883400000,-1,91.017,90.561915,tp,0.07890482398956904
ETHUSDT,1705886100000,-1,2452.16,2439.8992,tp,0.1085365934907898
BNBUSDT,1705890600000,-1,317.24,315.6538,tp,0.132250104558762
SUIUSDT,1705890600000,-1,1.0211,1.0159945,tp,0.046424657534246364
BTCUSDT,1705893300000,-1,41405.0,41197.975,tp,0.21163687616119056
XRPUSDT,1705909500000,-1,0.5395,0.5368025,tp,0.10186968838526987
ETHUSDT,1705912200000,-1,2418.18,2406.0890999999997,tp,0.1217190490581257
FILUSDT,1705912200000,-1,5.226,5.19987,tp,0.05788130892956239
NEARUSDT,1705916700000,-1,2.842,2.8277900000000002,tp,0.043134556574923155
SOLUSDT,1705916700000,-1,88.13,87.68934999999999,tp,0.052637196264484806
BNBUSDT,1705926600000,-1,313.3,311.7335,tp,0.1077360931435979
BTCUSDT,1705949100000,-1,40508.7,40306.1565,tp,0.09616448144046282
DOGEUSDT,1705949100000,-1,0.08218,0.0817691,tp,0.06559774964838327
XRPUSDT,1705951800000,-1,0.5251,0.5224745000000001,tp,0.08067744418783486
SOLUSDT,1705952700000,-1,84.323,83.90138499999999,tp,0.033262196929278724
BNBUSDT,1705959000000,-1,307.94,306.4003,tp,0.09095185267361788
FILUSDT,1705960800000,-1,5.09,5.06455,tp,0.03828962371721803
NEARUSDT,1705962600000,-1,2.662,2.6486899999999998,tp,0.037832795120201386
SUIUSDT,1705972500000,-1,1.0461,1.0408695000000001,tp,0.026055671274379445
DOGEUSDT,1705995900000,-1,0.08004,0.0796398,tp,0.08725586470267387
ZECUSDT,1705996800000,-1,22.15,22.03925,tp,0.04561403508771905
FILUSDT,1705997700000,-1,5.016,4.99092,tp,0.06409468969929655
SOLUSDT,1705997700000,-1,82.975,82.560125,tp,0.05826535099291081
NEARUSDT,1705998600000,-1,2.606,2.5929699999999998,tp,0.053415384615385066
BNBUSDT,1706001300000,-1,304.9,303.3755,tp,0.11450427591391735
BTCUSDT,1706010300000,-1,38850.0,38655.75,tp,0.09749268427464446
ZECUSDT,1706020200000,-1,20.9,20.795499999999997,tp,0.036116168183789016
ETHUSDT,1706035500000,-1,2200.11,2189.10945,tp,0.060189639602661014
SUIUSDT,1706087700000,-1,1.0263,1.2398056122198189,stop,-1.0055165544332214
ETHUSDT,1706125500000,-1,2217.18,2206.0941,tp,0.0863044387998403
BNBUSDT,1706157900000,-1,289.94,288.4903,tp,0.1327348066298345
FILUSDT,1706190300000,-1,4.877,4.852615,tp,0.07057971014492641
ETHUSDT,1706195700000,-1,2202.18,2191.1690999999996,tp,0.12879937987217419
SOLUSDT,1706202900000,-1,86.0,85.57,tp,0.049607332870692446
SUIUSDT,1706227200000,-1,1.1724,1.166538,tp,0.03167512690355351
BTCUSDT,1706285700000,-1,39602.0,41709.073136441795,stop,-1.0188050518011589
ETHUSDT,1706285700000,-1,2206.64,2274.1625947556286,stop,-1.031996022558624
ZECUSDT,1706470200000,-1,22.12,22.0094,tp,0.10077625570776416
SOLUSDT,1706663700000,-1,101.003,100.497985,tp,0.05684855155286526
FILUSDT,1706663700000,-1,5.126,5.100370000000001,tp,0.07419471588852584
ZECUSDT,1706693400000,-1,22.24,22.1288,tp,0.08154269972451798
ETHUSDT,1706694300000,-1,2326.11,2314.4794500000003,tp,0.16124187425243
FILUSDT,1706694300000,-1,5.06,5.0347,tp,0.07526785714285628
DOGEUSDT,1706697000000,-1,0.07896,0.0785652,tp,0.12746666666666656
XRPUSDT,1706709600000,-1,0.5006,0.49809700000000007,tp,0.05020377358490509
ZECUSDT,1706712300000,-1,21.92,21.8104,tp,0.07066989507667511
SOLUSDT,1706714100000,-1,98.5,98.0075,tp,0.05543399842182484
NEARUSDT,1706714100000,-1,2.842,2.8277900000000002,tp,0.050892777030057644
BNBUSDT,1706714100000,-1,303.03,301.51484999999997,tp,0.18658012671920954
BTCUSDT,1706735700000,-1,42575.3,42362.423500000004,tp,0.17375895685333678
FILUSDT,1706738400000,-1,4.938,4.91331,tp,0.048875592121664785
ZECUSDT,1706738400000,-1,21.5,21.3925,tp,0.05047281323877146
SOLUSDT,1706738400000,-1,97.242,96.75579,tp,0.033058241549890496
SUIUSDT,1706745600000,-1,1.5137,1.5061315,tp,0.046404101608017355
NEARUSDT,1706747400000,-1,2.824,2.8098799999999997,tp,0.03882189882189922
ETHUSDT,1706750100000,-1,2279.24,2267.8437999999996,tp,0.07006748390292311
DOGEUSDT,1706750100000,-1,0.07812,0.07772939999999999,tp,0.07515414258188914
BNBUSDT,1706750100000,-1,300.06,298.5597,tp,0.09462641629030878
SUIUSDT,1706792400000,-1,1.4428,1.435586,tp,0.03398739025396289
XRPUSDT,1706955300000,-1,0.4912,0.5168761361320563,stop,-1.0191240740740746
NEARUSDT,1707006600000,-1,2.795,2.781025,tp,0.08821484992101035
NEARUSDT,1707027300000,-1,2.778,2.76411,tp,0.0803195352214959
XRPUSDT,1707028200000,-1,0.5151,0.5125245,tp,0.15453453453453134
ZECUSDT,1707031800000,-1,21.81,21.70095,tp,0.1014918414918414
BNBUSDT,1707056100000,-1,298.22,305.0013643681244,stop,-1.0427275811209404
BTCUSDT,1707073200000,-1,42829.8,42615.651000000005,tp,0.32411991823756087
ETHUSDT,1707073200000,-1,2290.0,2278.55,tp,0.24230382027234695
XRPUSDT,1707085800000,-1,0.5072,0.504664,tp,0.1403465003464993
DOGEUSDT,1707085800000,-1,0.0785,0.0781075,tp,0.21057008718980577
SUIUSDT,1707087600000,-1,1.4814,1.473993,tp,0.053452477660438216
BTCUSDT,1707094800000,-1,42512.0,42299.44,tp,0.15788808681029518
NEARUSDT,1707291000000,-1,2.714,2.70043,tp,0.08354938271605007
XRPUSDT,1707292800000,-1,0.5024,0.49988799999999994,tp,0.1423829787234063
SUIUSDT,1707316200000,-1,1.5112,1.503644,tp,0.057692679624795476
ETHUSDT,1707325200000,-1,2355.89,2417.2155074755697,stop,-1.0374453441419371
BNBUSDT,1707336900000,-1,301.99,307.98883236434114,stop,-1.0487743902438975
SOLUSDT,1707534000000,1,109.23,109.77614999999999,tp,0.0563230267047044
NEARUSDT,1707534000000,1,3.049,3.0642449999999997,tp,0.06149824032176875
NEARUSDT,1707615900000,1,3.076,3.0913799999999996,tp,0.08118343195265988
ZECUSDT,1707621300000,1,21.04,21.145199999999996,tp,0.12497777777777351
FILUSDT,1707624900000,1,5.4,5.427,tp,0.1121202695697223
XRPUSDT,1707625800000,1,0.5254,0.5280269999999999,tp,0.20676499508357785
NEARUSDT,1707632100000,1,3.144,3.1597199999999996,tp,0.06556249999999798
ETHUSDT,1707633000000,1,2516.12,2528.7005999999997,tp,0.146430441612845
DOGEUSDT,1707633900000,1,0.08201,0.08242005,tp,0.17884531590413685
NEARUSDT,1707644700000,1,3.184,3.1999199999999997,tp,0.0530337078651668
SOLUSDT,1707654600000,1,110.2,110.75099999999999,tp,0.09401578161654704
NEARUSDT,1707700500000,1,3.218,3.2340899999999997,tp,0.04296296296296214
BNBUSDT,1707719400000,1,322.67,316.9631715672613,stop,-1.0527639855548283
SUIUSDT,1707741000000,1,1.763,1.7718149999999997,tp,0.06148090681837633
BTCUSDT,1707749100000,1,48469.3,48711.646499999995,tp,0.14523536952567903
SOLUSDT,1707750900000,1,106.596,107.12898,tp,0.07561062072388174
DOGEUSDT,1707750900000,1,0.08051,0.08091254999999999,tp,0.14843462246776717
BNBUSDT,1707751800000,1,320.05,321.65024999999997,tp,0.2008274565115137
FILUSDT,1707751800000,1,5.31,5.336549999999999,tp,0.09893072989307049
XRPUSDT,1707751800000,1,0.5241,0.5267204999999999,tp,0.13076635514018242
BNBUSDT,1707768000000,1,324.45,326.07224999999994,tp,0.1547857142857093
ETHUSDT,1707772500000,1,2639.98,2653.1798999999996,tp,0.07304405514667561
ZECUSDT,1707776100000,1,20.91,21.014549999999996,tp,0.07429078014184107
SOLUSDT,1707781500000,1,111.448,112.00523999999999,tp,0.050062563654880814
FILUSDT,1707813900000,1,5.497,5.524484999999999,tp,0.10443814919735367
SUIUSDT,1707815700000,1,1.8074,1.8164369999999996,tp,0.0585185185185168
BNBUSDT,1707890400000,1,324.55,326.17274999999995,tp,0.21207904621916426
ZECUSDT,1707900300000,1,20.88,20.984399999999997,tp,0.1073333333333321
FILUSDT,1707900300000,1,5.514,5.541569999999999,tp,0.11211752786220483
BTCUSDT,1707900300000,1,49783.5,50032.417499999996,tp,0.16808800101150217
NEARUSDT,1707901200000,1,3.401,3.4180049999999995,tp,0.050663716814158495
DOGEUSDT,1707903900000,1,0.08292,0.08333459999999998,tp,0.10295468653010263
BNBUSDT,1707903900000,1,329.89,331.53944999999993,tp,0.22594076356787302
ETHUSDT,1707906600000,1,2749.8,2763.549,tp,0.11587806829185972
SUIUSDT,1707916500000,1,1.9226,1.932213,tp,0.05875958399757002
ZECUSDT,1707919200000,1,21.26,21.3663,tp,0.09581081081080842
ETHUSDT,1707947100000,1,2763.6,2777.4179999999997,tp,0.08761140269630398
XRPUSDT,1707948000000,1,0.5385,0.5411925,tp,0.092782795698924
BNBUSDT,1707957900000,1,334.42,336.09209999999996,tp,0.16937840232940168
ZECUSDT,1707959700000,1,21.44,21.5472,tp,0.10187425860023645
FILUSDT,1707963300000,1,5.654,5.682269999999999,tp,0.10856871136471365
BTCUSDT,1707967800000,1,52100.0,52360.49999999999,tp,0.12408436836423276
ZECUSDT,1707989400000,1,21.76,21.8688,tp,0.08157303370786445
BNBUSDT,1707993900000,1,344.9,346.62449999999995,tp,0.08168027452372398
ZECUSDT,1708006500000,1,22.04,22.150199999999998,tp,0.07251231527093555
FILUSDT,1708006500000,1,5.802,5.831009999999999,tp,0.07061818181818076
NEARUSDT,1708010100000,1,3.371,3.3878549999999996,tp,0.05783483097988742
ETHUSDT,1708011900000,1,2817.51,2831.59755,tp,0.10312485206022981
ZECUSDT,1708050600000,1,22.42,22.5321,tp,0.07016393442622837
NEARUSDT,1708060500000,1,3.425,3.4421249999999994,tp,0.04798319327730985
ZECUSDT,1708070400000,1,22.67,22.78335,tp,0.0724582338902129
FILUSDT,1708078500000,1,5.933,5.962664999999999,tp,0.07510357815442448
DOGEUSDT,1708085700000,1,0.08657,0.08700284999999998,tp,0.1044022884673252
ZECUSDT,1708152300000,1,22.87,22.98435,tp,0.09746538871139347
NEARUSDT,1708156800000,1,3.292,3.3084599999999993,tp,0.08842387659288796
ZECUSDT,1708177500000,1,23.12,23.235599999999998,tp,0.06191214470284088
ZECUSDT,1708197300000,1,24.61,24.733049999999995,tp,0.02401932367149673
NEARUSDT,1708207200000,1,3.295,3.3114749999999997,tp,0.06887155486219358
ZECUSDT,1708218900000,1,25.0,25.124999999999996,tp,0.037014042867700325
NEARUSDT,1708231500000,1,3.374,3.3908699999999996,tp,0.05496133496133314
ZECUSDT,1708232400000,1,26.11,26.240549999999995,tp,0.03974503187101487
ETHUSDT,1708233300000,1,2789.98,2803.9298999999996,tp,0.12247837668957554
FILUSDT,1708234200000,1,6.292,6.323459999999999,tp,0.051086780210866434
BNBUSDT,1708246800000,1,355.33,357.10664999999995,tp,0.11636958834601623
SOLUSDT,1708248600000,1,109.88,110.42939999999999,tp,0.09623526839400745
DOGEUSDT,1708279200000,1,0.08441,0.08483204999999999,tp,0.13548076923076693
SUIUSDT,1708279200000,1,1.798,1.8069899999999999,tp,0.06835419036784077
ETHUSDT,1708284600000,1,2825.0,2839.1249999999995,tp,0.12268474664244118
FILUSDT,1708285500000,1,6.274,6.305369999999999,tp,0.06088376560998844
NEARUSDT,1708295400000,1,3.564,3.5818199999999996,tp,0.0506922257720967
DOGEUSDT,1708308900000,1,0.0854,0.085827,tp,0.11247290640394013
FILUSDT,1708313400000,1,6.381,6.412904999999999,tp,0.04713916574381575
NEARUSDT,1708314300000,1,3.587,3.604935,tp,0.05394550205300363
ETHUSDT,1708323300000,1,2907.95,2922.4897499999997,tp,0.09089809693447008
DOGEUSDT,1708326000000,1,0.0864,0.08683199999999999,tp,0.11431780640898288
FILUSDT,1708327800000,1,6.521,6.553604999999999,tp,0.04707146695325007
SUIUSDT,1708327800000,1,1.812,1.82106,tp,0.06727896836441111
SOLUSDT,1708347600000,1,113.498,114.06549,tp,0.06873599613998484
FILUSDT,1708356600000,1,6.79,6.823949999999999,tp,0.03510973405628614
DOGEUSDT,1708362000000,1,0.08708,0.0875154,tp,0.0885345482156391
ETHUSDT,1708365600000,1,2934.0,2948.6699999999996,tp,0.11190619190618897
FILUSDT,1708376400000,1,7.378,7.41489,tp,0.02597153087066609
DOGEUSDT,1708382700000,1,0.08986,0.09030929999999998,tp,0.059251936068543246
BNBUSDT,1708407000000,1,355.0,356.775,tp,0.10767740959297817
FILUSDT,1708432200000,1,7.907,7.946534999999999,tp,0.028505251817936242
ETHUSDT,1708434900000,1,2957.0,2971.785,tp,0.08166762886597842
BTCUSDT,1708435800000,1,52549.5,52812.2475,tp,0.11211812269291527
NEARUSDT,1708508700000,1,3.522,3.1651013340902643,stop,-1.0084249299719883
BNBUSDT,1708517700000,1,364.99,366.81494999999995,tp,0.07221958456973064
SUIUSDT,1708531200000,1,1.6978,1.7062889999999997,tp,0.047785744411639255
ZECUSDT,1708554600000,1,24.41,24.532049999999998,tp,0.05199362041467216
SOLUSDT,1708556400000,1,104.582,105.10490999999998,tp,0.050535033077404166
BNBUSDT,1708558200000,1,374.0,375.86999999999995,tp,0.06913969571230794
DOGEUSDT,1708559100000,1,0.08429,0.08471145,tp,0.09076136669356831
NEARUSDT,1708559100000,1,3.222,3.23811,tp,0.05434471133586124
ZECUSDT,1708578900000,1,24.7,24.823499999999996,tp,0.04726461401160061
FILUSDT,1708581600000,1,7.409,7.446044999999999,tp,0.036836747361886114
DOGEUSDT,1708587900000,1,0.08488,0.08530439999999999,tp,0.11537886510363292
SUIUSDT,1708588800000,1,1.6956,1.7040779999999998,tp,0.06647156374987627
ZECUSDT,1708591500000,1,29.07,29.215349999999997,tp,0.019972677595627996
ETHUSDT,1708591500000,1,3009.68,3024.7283999999995,tp,0.07636264867698635
SOLUSDT,1708595100000,1,106.522,107.05461,tp,0.06602543252327064
FILUSDT,1708615800000,1,7.706,7.744529999999999,tp,0.034021164021162995
SUIUSDT,1708627500000,1,1.725,1.733625,tp,0.05613196814561924
BNBUSDT,1708634700000,1,383.57,385.48785,tp,0.10268030211884198
NEARUSDT,1708638300000,1,3.333,3.349665,tp,0.057553832902669126
NEARUSDT,1708700400000,1,3.267,3.2833349999999997,tp,0.05425628347754347
DOGEUSDT,1708709400000,1,0.08446,0.08488229999999998,tp,0.09242622950819378
NEARUSDT,1708725600000,1,3.401,3.4180049999999995,tp,0.03275862068965458
NEARUSDT,1708761600000,1,3.553,3.5707649999999997,tp,0.039425573046119364
SOLUSDT,1708765200000,1,101.849,102.358245,tp,0.07922491456974082
SUIUSDT,1708775100000,1,1.6232,1.6313159999999998,tp,0.07765998089780121
DOGEUSDT,1708777800000,1,0.08539,0.08581694999999999,tp,0.14982456140350645
ETHUSDT,1708794000000,1,2956.2,2970.9809999999993,tp,0.1545435318998887
BTCUSDT,1708795800000,1,51147.6,51403.337999999996,tp,0.2953782664531091
BNBUSDT,1708795800000,1,379.9,381.7994999999999,tp,0.13433968926553236
SOLUSDT,1708795800000,1,102.888,103.40244,tp,0.1140601836486319
FILUSDT,1708817400000,1,7.999,8.038994999999998,tp,0.05140012845214955
DOGEUSDT,1708849800000,1,0.08628,0.08671139999999998,tp,0.12728613569321132
FILUSDT,1708857000000,1,8.36,8.401799999999998,tp,0.04536367330353358
BNBUSDT,1708861500000,1,382.24,384.15119999999996,tp,0.17188132164530706
ETHUSDT,1708888500000,1,3055.19,3070.46595,tp,0.1353431907644444
ZECUSDT,1708891200000,1,27.8,27.938999999999997,tp,0.08902711323763672
BTCUSDT,1708892100000,1,51736.6,51995.282999999996,tp,0.21903554104181436
SOLUSDT,1708910100000,1,104.5,105.0225,tp,0.09474089683456702
ZECUSDT,1708925400000,1,28.13,28.270649999999996,tp,0.08065808297567799
NEARUSDT,1708931700000,1,3.81,3.8290499999999996,tp,0.05412765957446684
BNBUSDT,1708946100000,1,390.23,392.18115,tp,0.12987025948103637
NEARUSDT,1708954200000,1,3.916,3.9355799999999994,tp,0.0339173696733714
BNBUSDT,1708959600000,1,396.32,398.30159999999995,tp,0.07689845795751962
DOGEUSDT,1708963200000,1,0.08624,0.08667119999999999,tp,0.10583256669732999
SOLUSDT,1708965000000,1,104.763,105.28681499999999,tp,0.06540447182934037
SUIUSDT,1708965900000,1,1.6483,1.6565415,tp,0.0784531435349921
NEARUSDT,1708966800000,1,4.135,4.155675,tp,0.028835758835758552
ETHUSDT,1708977600000,1,3176.96,3192.8448,tp,0.08217885171416667
SOLUSDT,1708992900000,1,110.552,111.10476,tp,0.047026148995126284
DOGEUSDT,1708998300000,1,0.08932,0.08976659999999999,tp,0.06820483533218977
ZECUSDT,1709004600000,1,28.85,28.994249999999997,tp,0.059782945736432384
DOGEUSDT,1709017200000,1,0.09087,0.09132435,tp,0.05925492109972241
ZECUSDT,1709018100000,1,29.22,29.366099999999996,tp,0.05238351254480179
DOGEUSDT,1709046900000,1,0.0966,0.09708299999999999,tp,0.043808878346321786
FILUSDT,1709048700000,1,8.556,7.611010435992581,stop,-1.0076513648293963
XRPUSDT,1709059500000,1,0.5773,0.5801864999999999,tp,0.05509272467902806
DOGEUSDT,1709063100000,1,0.09864,0.09913319999999999,tp,0.031782496782495825
FILUSDT,1709091000000,1,7.947,7.9867349999999995,tp,0.05330033003300253
ETHUSDT,1709106300000,1,3273.33,3289.6966499999994,tp,0.1399717930636533
BNBUSDT,1709106300000,1,396.77,398.75384999999994,tp,0.17289774583469145
SOLUSDT,1709109000000,1,109.455,110.00227499999998,tp,0.08287312022972626
ZECUSDT,1709116200000,1,29.14,29.2857,tp,0.06332247557003168
DOGEUSDT,1709117100000,1,0.09972,0.10021859999999999,tp,0.050772156713578154
SUIUSDT,1709118900000,1,1.7131,1.7216654999999998,tp,0.05486024596709645
XRPUSDT,1709136900000,1,0.5914,0.594357,tp,0.0745157232704397
SOLUSDT,1709138700000,1,115.962,116.54180999999998,tp,0.035558416084343535
BTCUSDT,1709138700000,1,61437.4,61744.58699999999,tp,0.0565446388948272
NEARUSDT,1709141400000,1,4.08,3.4655286343612337,stop,-1.0053578610603289
DOGEUSDT,1709142300000,1,0.10108,0.10158539999999999,tp,0.030730743910466776
SOLUSDT,1709163900000,1,117.275,117.861375,tp,0.023484163347607348
ETHUSDT,1709164800000,1,3381.11,3398.0155499999996,tp,0.05698171180840362
DOGEUSDT,1709180100000,1,0.12436,0.12498179999999999,tp,0.023654257595207222
ZECUSDT,1709184600000,1,29.57,29.71785,tp,0.04208986415882916
ETHUSDT,1709189100000,1,3478.77,3496.1638499999995,tp,0.0662876279636166
BTCUSDT,1709190900000,1,62800.0,63113.99999999999,tp,0.06153680095685264
SOLUSDT,1709192700000,1,124.879,125.503395,tp,0.030926754694184135
XRPUSDT,1709202600000,1,0.5977,0.6006885,tp,0.060535353535352665
FILUSDT,1709213400000,1,8.279,8.320395,tp,0.033858363858363556
SOLUSDT,1709215200000,1,133.209,133.875045,tp,0.03193346797014144
NEARUSDT,1709217000000,1,4.024,4.0441199999999995,tp,0.04167179487179369
XRPUSDT,1709224200000,1,0.6102,0.6132509999999999,tp,0.04445402298850451
SOLUSDT,1709262000000,1,135.0,135.67499999999998,tp,0.02783866894753923
NEARUSDT,1709267400000,1,4.05,4.07025,tp,0.034797166773985616
SUIUSDT,1709268300000,1,1.7002,1.7087009999999998,tp,0.031385180087175474
ZECUSDT,1709285400000,1,29.15,29.295749999999995,tp,0.05849075462268706
BTCUSDT,1709298900000,1,62332.0,62643.659999999996,tp,0.11369530742351175
DOGEUSDT,1709328600000,1,0.13965,0.14034824999999998,tp,0.021372773828632063
ZECUSDT,1709334000000,1,29.55,29.69775,tp,0.06377562028047401
XRPUSDT,1709334000000,1,0.5994,0.602397,tp,0.06873464724364262
DOGEUSDT,1709341200000,1,0.1458,0.146529,tp,0.01967016491754067
FILUSDT,1709344800000,1,8.345,8.386725,tp,0.0601219949766769
ZECUSDT,1709350200000,1,30.37,30.521849999999997,tp,0.05736916548797594
NEARUSDT,1709352000000,1,4.032,4.05216,tp,0.05391999999999926
NEARUSDT,1709368200000,1,4.106,4.12653,tp,0.044809989142236537
XRPUSDT,1709381700000,1,0.6433,0.6465164999999999,tp,0.0504409171075831
FILUSDT,1709382600000,1,8.89,8.93445,tp,0.026729461015174955
NEARUSDT,1709383500000,1,4.155,4.175775,tp,0.04025992779783304
ZECUSDT,1709386200000,1,31.36,31.516799999999996,tp,0.047315233785821045
ZECUSDT,1709400600000,1,31.8,31.958999999999996,tp,0.04382920110192705
NEARUSDT,1709417700000,1,4.305,4.326524999999999,tp,0.040673684210525446
ZECUSDT,1709423100000,1,32.45,32.612249999999996,tp,0.053398933989337614
SUIUSDT,1709450100000,1,1.6275,1.5240705369199605,stop,-1.0139985935047684
FILUSDT,1709454600000,1,9.429,9.476144999999999,tp,0.033074229691875796
NEARUSDT,1709484300000,1,4.37,4.39185,tp,0.04150568181818111
BTCUSDT,1709485200000,1,62750.0,63063.74999999999,tp,0.0831970442047358
FILUSDT,1709500500000,1,10.817,10.871084999999999,tp,0.025508270057095203
SOLUSDT,1709505000000,1,130.95,131.60474999999997,tp,0.04413974417311155
NEARUSDT,1709505900000,1,4.465,4.487324999999999,tp,0.046945101129497104
BTCUSDT,1709511300000,1,63079.0,63394.395,tp,0.1393500999591314
ETHUSDT,1709511300000,1,3508.3,3525.8415,tp,0.06707073017325109
XRPUSDT,1709512200000,1,0.6308,0.6339539999999999,tp,0.09298013245032699
DOGEUSDT,1709520300000,1,0.15655,0.15733274999999997,tp,0.01812089393808924
XRPUSDT,1709537400000,1,0.64,0.6432,tp,0.055468043899289554
ZECUSDT,1709540100000,1,32.24,32.401199999999996,tp,0.043481182795697224
BNBUSDT,1709541000000,1,418.8,420.89399999999995,tp,0.059276649746191123
SOLUSDT,1709547300000,1,133.312,133.97856,tp,0.06454345991560917
XRPUSDT,1709557200000,1,0.6527,0.6559634999999999,tp,0.04990867579908632
DOGEUSDT,1709562600000,1,0.16728,0.1681164,tp,0.022248077047378623
ETHUSDT,1709564400000,1,3538.19,3555.8809499999998,tp,0.09051607169118657
BTCUSDT,1709572500000,1,66666.6,66999.933,tp,0.0650958618556747
ETHUSDT,1709579700000,1,3589.43,3607.3771499999993,tp,0.06095429134874428
ZECUSDT,1709594100000,1,32.87,33.034349999999996,tp,0.03323308270676665
BTCUSDT,1709594100000,1,67933.9,68273.56949999998,tp,0.05756008575062296
ETHUSDT,1709595000000,1,3616.78,3634.8639,tp,0.0633542741461492
FILUSDT,1709597700000,1,10.18,10.230899999999998,tp,0.033086060606059724
BNBUSDT,1709597700000,1,420.68,422.7834,tp,0.09654397431487087
SUIUSDT,1709615700000,1,1.5099,1.5174495,tp,0.048498764250975906
NEARUSDT,1709619300000,1,4.416,4.43808,tp,0.036584158415841395
ZECUSDT,1709629200000,1,33.88,34.0494,tp,0.03126119917298343
ETHUSDT,1709651700000,1,3793.28,3812.2464,tp,0.07721497430283066
BTCUSDT,1709658000000,1,68553.0,63595.79276928654,stop,-1.0121875080703715
BNBUSDT,1709658000000,1,423.6,399.8359830712281,stop,-1.0159840057788292
ZECUSDT,1709667900000,1,34.83,29.47077077363896,stop,-1.0052241154562382
DOGEUSDT,1709667900000,1,0.20064,0.14344873084479373,stop,-1.0023828164038942
BTCUSDT,1709703900000,1,65705.3,66033.8265,tp,0.05333908734138364
BNBUSDT,1709710200000,1,406.34,408.3716999999999,tp,0.05922321623390632
DOGEUSDT,1709712000000,1,0.16875,0.16959375,tp,0.018208739035969552
FILUSDT,1709712900000,1,9.42,9.467099999999999,tp,0.03668514735920522
NEARUSDT,1709712900000,1,4.304,4.32552,tp,0.03495059487799928
ZECUSDT,1709713800000,1,31.83,31.989149999999995,tp,0.035176600441500415
ETHUSDT,1709726400000,1,3873.24,3892.6061999999993,tp,0.04757202551132496
NEARUSDT,1709735400000,1,4.567,4.589835,tp,0.033188563155989476
FILUSDT,1709747100000,1,9.816,9.865079999999999,tp,0.027127483443707624
SUIUSDT,1709766900000,1,1.479,1.486395,tp,0.050348866819453844
ZECUSDT,1709770500000,1,32.68,32.843399999999995,tp,0.0522685736988465
NEARUSDT,1709771400000,1,5.968,5.997839999999999,tp,0.01654098360655693
SOLUSDT,1709772300000,1,133.444,134.11121999999997,tp,0.034673992957473275
SUIUSDT,1709781300000,1,1.53,1.53765,tp,0.049407210258891325
XRPUSDT,1709782200000,1,0.6171,0.6201855,tp,0.06327440430438061
BNBUSDT,1709796600000,1,430.75,432.90374999999995,tp,0.046907395358923194
BNBUSDT,1709811000000,1,436.35,438.53175,tp,0.07572876071706815
SOLUSDT,1709811900000,1,141.967,142.676835,tp,0.0370064668749437
ETHUSDT,1709837100000,1,3860.0,3879.2999999999997,tp,0.0709394052164156
XRPUSDT,1709844300000,1,0.6355,0.6386774999999999,tp,0.064863763687292
BNBUSDT,1709844300000,1,467.96,470.29979999999995,tp,0.05977667177131099
SUIUSDT,1709851500000,1,1.5554,1.5631769999999998,tp,0.05078436153783588
ZECUSDT,1709856000000,1,34.29,34.46144999999999,tp,0.04581673306772721
DOGEUSDT,1709861400000,1,0.16092,0.1617246,tp,0.032362323201925516
ZECUSDT,1709892000000,1,34.7,34.8735,tp,0.06756073858114556
DOGEUSDT,1709899200000,1,0.16896,0.16980479999999998,tp,0.033790693029757506
ETHUSDT,1709904600000,1,3959.98,3979.7798999999995,tp,0.10358232931726663
BTCUSDT,1709906400000,1,67719.3,68057.8965,tp,0.14080083041390898
SOLUSDT,1709911800000,1,150.192,150.94296,tp,0.05480407014505242
FILUSDT,1709918100000,1,10.364,10.41582,tp,0.04723302627089657
NEARUSDT,1709924400000,1,5.486,5.51343,tp,0.030335533553355134
NEARUSDT,1709937900000,1,5.7,5.7284999999999995,tp,0.025599464166107883
FILUSDT,1709937900000,1,11.763,11.821814999999999,tp,0.019894367684961896
NEARUSDT,1709951400000,1,5.787,5.815935,tp,0.032121212121211835
ZECUSDT,1709964900000,1,35.28,35.456399999999995,tp,0.05057224606580647
BNBUSDT,1709977500000,1,488.73,491.17364999999995,tp,0.08720609870268572
SUIUSDT,1709985600000,1,1.5627,1.5705135,tp,0.07317198643750644
ETHUSDT,1710044100000,1,3931.07,3950.7253499999997,tp,0.1497117533498771
BNBUSDT,1710044100000,1,489.36,491.80679999999995,tp,0.12981702466189082
SOLUSDT,1710047700000,1,147.471,148.20835499999998,tp,0.08120687998462323
XRPUSDT,1710110700000,1,0.63,0.6016814650388458,stop,-1.0201845679012327
ETHUSDT,1710110700000,1,3956.48,3821.5690355783277,stop,-1.026910270780157
SUIUSDT,1710117900000,1,1.6634,1.4716934489575841,stop,-1.0072929629629634
NEARUSDT,1710126000000,1,6.404,6.436019999999999,tp,0.02482080924855436
BTCUSDT,1710140400000,1,69799.8,70148.799,tp,0.12418035701585839
XRPUSDT,1710142200000,1,0.6147,0.6177735,tp,0.06139117427075443
FILUSDT,1710144900000,1,10.724,10.777619999999999,tp,0.0358339572414932
ETHUSDT,1710156600000,1,4033.25,4053.4162499999998,tp,0.06863444157452452
FILUSDT,1710162900000,1,11.284,11.34042,tp,0.04213022135778407
BTCUSDT,1710162900000,1,71988.0,72347.93999999999,tp,0.07816134169727075
NEARUSDT,1710165600000,1,7.125,7.160625,tp,0.021180279617365457
ZECUSDT,1710178200000,1,34.04,34.21019999999999,tp,0.05182648401826318
DOGEUSDT,1710198900000,1,0.17836,0.17925179999999996,tp,0.038823276325695155
ETHUSDT,1710201600000,1,4072.21,4092.5710499999996,tp,0.08788267960641434
SUIUSDT,1710207000000,1,1.5819,1.5898094999999999,tp,0.06577694626338064
BNBUSDT,1710210600000,1,525.0,527.625,tp,0.1068700737350631
NEARUSDT,1710220500000,1,6.941,6.975704999999999,tp,0.03829578041786029
NEARUSDT,1710236700000,1,7.095,7.130474999999999,tp,0.028122718753081984
NEARUSDT,1710253800000,1,7.266,7.3023299999999995,tp,0.02410104011887041
NEARUSDT,1710285300000,1,7.872,7.911359999999999,tp,0.019761592710478375
SUIUSDT,1710291600000,1,1.6375,1.6456874999999997,tp,0.032816971880315425
DOGEUSDT,1710301500000,1,0.17109,0.17194544999999997,tp,0.05461624381681707
SOLUSDT,1710308700000,1,151.852,152.61126,tp,0.06754908478482304
ETHUSDT,1710311400000,1,4035.0,4055.1749999999997,tp,0.09297741225796663
FILUSDT,1710317700000,1,11.008,11.063039999999997,tp,0.06584229390680797
SOLUSDT,1710329400000,1,153.399,154.16599499999998,tp,0.06534703167208916
SOLUSDT,1710342900000,1,154.919,155.693595,tp,0.05170554044952075
SOLUSDT,1710358200000,1,160.32,161.12159999999997,tp,0.04295534982303777
SUIUSDT,1710378900000,1,1.627,1.6351349999999998,tp,0.06440035534497895
DOGEUSDT,1710387900000,1,0.17204,0.17290019999999998,tp,0.055114285714284374
SOLUSDT,1710392400000,1,166.998,167.83298999999997,tp,0.04655869272933982
BTCUSDT,1710399600000,1,73444.0,73811.21999999999,tp,0.1216536891004939
XRPUSDT,1710444600000,1,0.6926,0.643957217857143,stop,-1.012576570048309
BNBUSDT,1710444600000,1,627.0,573.2434094798897,stop,-1.010130501836834
NEARUSDT,1710451800000,1,8.403,8.445015,tp,0.02614112373444578
ZECUSDT,1710472500000,1,35.16,31.62717703349281,stop,-1.0085047619047622
BNBUSDT,1710518400000,1,592.66,595.6232999999999,tp,0.028824763776183697
XRPUSDT,1710530100000,1,0.6411,0.6443055,tp,0.04553606237816721
SUIUSDT,1710542700000,1,1.4677,1.4750385,tp,0.03668653750620922
BTCUSDT,1710544500000,1,68910.5,69255.05249999999,tp,0.057111377561319614
SOLUSDT,1710553500000,1,185.0,185.92499999999998,tp,0.025354304489498675
SUIUSDT,1710557100000,1,1.6498,1.6580489999999997,tp,0.027496459218527794
SOLUSDT,1710572400000,1,190.0,190.95,tp,0.034243594368655796
SUIUSDT,1710581400000,1,1.6772,1.6855859999999998,tp,0.0278735983690105
SOLUSDT,1710585000000,1,195.0,195.97499999999997,tp,0.03924223227752505
FILUSDT,1710612000000,1,9.85,8.910879372219975,stop,-1.009014108681245
NEARUSDT,1710612000000,1,8.959,6.865941700865129,stop,-1.0031163224734436
ETHUSDT,1710659700000,1,3784.0,3419.964742414369,stop,-1.0089248676813383
NEARUSDT,1710663300000,1,7.197,7.232984999999999,tp,0.024288124156544726
DOGEUSDT,1710668700000,1,0.14827,0.14901135,tp,0.03427419819197204
ETHUSDT,1710673200000,1,3585.86,3603.7893,tp,0.06061171906298028
BTCUSDT,1710673200000,1,66877.0,67211.385,tp,0.07235789450985361
XRPUSDT,1710689400000,1,0.6182,0.6212909999999999,tp,0.06039043435822282
BTCUSDT,1710690300000,1,67600.0,67938.0,tp,0.06432399411455693
ETHUSDT,1710691200000,1,3610.25,3628.3012499999995,tp,0.0588600977383778
ZECUSDT,1710691200000,1,29.65,29.798249999999996,tp,0.0430513376717274
DOGEUSDT,1710693000000,1,0.15197,0.15272984999999997,tp,0.034284750337380966
SOLUSDT,1710697500000,1,194.597,195.56998499999997,tp,0.0336292081555228
SUIUSDT,1710712800000,1,1.569,1.5768449999999998,tp,0.03954708435553818
NEARUSDT,1710712800000,1,8.26,8.3013,tp,0.02261035162891909
FILUSDT,1710727200000,1,9.301,9.347505,tp,0.05809523809523791
XRPUSDT,1710738900000,1,0.6246,0.627723,tp,0.10340777502067838
SUIUSDT,1710739800000,1,1.6621,1.6704104999999998,tp,0.03578172507601167
SOLUSDT,1710754200000,1,205.0,206.02499999999998,tp,0.039980506252618564
NEARUSDT,1710782100000,1,8.474,7.008406206047822,stop,-1.0045428589580687
ETHUSDT,1710810000000,1,3661.18,3441.3539513985165,stop,-1.0148721512970253
BNBUSDT,1710819000000,1,584.29,523.8467219079104,stop,-1.008233411580594
BTCUSDT,1710819000000,1,68757.1,65288.81978044854,stop,-1.0178833239718585
SUIUSDT,1710844200000,1,1.5679,1.5757394999999998,tp,0.02365897783808164
SUIUSDT,1710864900000,1,1.6924,1.7008619999999997,tp,0.020757935782610728
ZECUSDT,1710868500000,1,26.4,26.531999999999996,tp,0.030504177470469157
ZECUSDT,1710935100000,1,26.43,26.562149999999995,tp,0.035079365079363975
FILUSDT,1710936000000,1,8.276,8.317379999999998,tp,0.03478624438172753
ETHUSDT,1710936000000,1,3266.31,3282.6415499999994,tp,0.041783114646467986
BNBUSDT,1710936900000,1,536.0,538.68,tp,0.03543476470491276
DOGEUSDT,1710958500000,1,0.13602,0.1367001,tp,0.030857855644383456
ZECUSDT,1710959400000,1,26.88,27.014399999999995,tp,0.0353287536800774
SOLUSDT,1710959400000,1,176.961,177.84580499999998,tp,0.028751526325577464
FILUSDT,1710962100000,1,8.407,8.449034999999999,tp,0.03433029381965427
BTCUSDT,1710963900000,1,65547.2,65874.93599999999,tp,0.047260397129538584
BNBUSDT,1710963900000,1,539.88,542.5794,tp,0.042582728006456384
ETHUSDT,1710964800000,1,3399.58,3416.5778999999998,tp,0.03282522032065914
XRPUSDT,1710965700000,1,0.6097,0.6127484999999999,tp,0.04552135795560378
NEARUSDT,1710966600000,1,6.981,7.015904999999999,tp,0.021035832580547618
SUIUSDT,1710968400000,1,1.6828,1.691214,tp,0.03360757915731706
DOGEUSDT,1710981900000,1,0.15258,0.15334289999999998,tp,0.023366594028366626
FILUSDT,1710986400000,1,8.753,8.796764999999999,tp,0.04069980303556826
ETHUSDT,1710987300000,1,3539.16,3556.8557999999994,tp,0.04063968222533993
SOLUSDT,1710991800000,1,193.39,194.35694999999996,tp,0.027956640152948964
BNBUSDT,1710991800000,1,559.47,562.26735,tp,0.052190502715498105
DOGEUSDT,1711009800000,1,0.15463,0.15540314999999996,tp,0.03702210433244785
FILUSDT,1711014300000,1,9.073,9.118364999999999,tp,0.03770100632845613
SUIUSDT,1711016100000,1,1.8782,1.8875909999999998,tp,0.03080713817943584
XRPUSDT,1711017000000,1,0.6171,0.6201855,tp,0.06670978172999104
BNBUSDT,1711026900000,1,562.58,565.3928999999999,tp,0.053174412864092774
XRPUSDT,1711034100000,1,0.625,0.6281249999999999,tp,0.060047619047617753
DOGEUSDT,1711040400000,1,0.158,0.15879,tp,0.03676704380620764
NEARUSDT,1711041300000,1,6.759,6.792795,tp,0.04130289193302839
ZECUSDT,1711052100000,1,29.4,29.546999999999997,tp,0.05171453437771926
DOGEUSDT,1711089000000,1,0.15968,0.16047839999999997,tp,0.03359882470223941
BNBUSDT,1711090800000,1,579.99,582.88995,tp,0.062458004615466835
FILUSDT,1711095300000,1,9.214,9.260069999999999,tp,0.04658336488703628
NEARUSDT,1711096200000,1,6.679,6.712395,tp,0.04109370199692734
BTCUSDT,1711115100000,1,66356.0,62878.71673353885,stop,-1.0171785777342364
ETHUSDT,1711118700000,1,3564.61,3287.698784175763,stop,-1.0112791164332957
SOLUSDT,1711152900000,1,174.599,175.47199499999996,tp,0.04875563345017374
NEARUSDT,1711170000000,1,6.631,6.664154999999999,tp,0.04226042661572614
XRPUSDT,1711188000000,1,0.6175,0.6205875,tp,0.10070089649551432
BTCUSDT,1711189800000,1,64418.0,64740.09,tp,0.09713997553861939
ETHUSDT,1711189800000,1,3364.44,3381.2621999999997,tp,0.08163126242785602
DOGEUSDT,1711203300000,1,0.16525,0.16607624999999998,tp,0.04042266350883454
ZECUSDT,1711203300000,1,28.99,29.134949999999996,tp,0.053151183970855394
NEARUSDT,1711204200000,1,6.726,6.75963,tp,0.054759878419452235
ETHUSDT,1711208700000,1,3386.81,3403.74405,tp,0.07941037612128135
BTCUSDT,1711210500000,1,64968.0,65292.84,tp,0.09975909520909558
FILUSDT,1711211400000,1,8.899,8.943494999999999,tp,0.0583790849673198
DOGEUSDT,1711266300000,1,0.1731,0.1739655,tp,0.035189629854675816
XRPUSDT,1711271700000,1,0.6308,0.6339539999999999,tp,0.10297560975609364
BTCUSDT,1711281600000,1,65245.3,65571.52649999999,tp,0.11315068493150322
ZECUSDT,1711281600000,1,29.31,29.456549999999996,tp,0.06822571262361733
DOGEUSDT,1711310400000,1,0.17519,0.17606595,tp,0.04471095881718315
BNBUSDT,1711312200000,1,564.99,567.81495,tp,0.07438402579032038
ZECUSDT,1711316700000,1,29.58,29.727899999999995,tp,0.06431499460625528
ETHUSDT,1711317600000,1,3417.64,3434.7281999999996,tp,0.08298113321825348
BTCUSDT,1711318500000,1,66569.6,66902.448,tp,0.08481512977065161
NEARUSDT,1711324800000,1,6.985,7.019925,tp,0.056450635978194115
FILUSDT,1711329300000,1,8.946,8.99073,tp,0.07080867850098542
BNBUSDT,1711341900000,1,582.72,585.6336,tp,0.09642756680731272
SOLUSDT,1711358100000,1,187.616,188.55408,tp,0.06179472005786146
ZECUSDT,1711360800000,1,30.04,30.190199999999997,tp,0.0771025641025632
BTCUSDT,1711376100000,1,67780.0,68118.9,tp,0.1072089615729996
FILUSDT,1711377900000,1,9.219,9.265094999999999,tp,0.06559346126510225
XRPUSDT,1711377900000,1,0.6377,0.6408885,tp,0.1023289315726264
SOLUSDT,1711377900000,1,192.117,193.07758499999997,tp,0.05139097594911442
BNBUSDT,1711378800000,1,589.88,592.8294,tp,0.07239600563621781
ETHUSDT,1711386000000,1,3599.85,3617.8492499999993,tp,0.07308953239344901
ZECUSDT,1711389600000,1,30.46,30.612299999999998,tp,0.061543116490165216
NEARUSDT,1711390500000,1,7.585,7.6229249999999995,tp,0.039769844383417824
FILUSDT,1711405800000,1,9.472,9.519359999999999,tp,0.05318761384335089
ZECUSDT,1711419300000,1,30.76,30.9138,tp,0.07500304692260643
FILUSDT,1711420200000,1,9.555,9.602775,tp,0.059408027274135716
NEARUSDT,1711426500000,1,7.83,7.869149999999999,tp,0.03754926549623733
SOLUSDT,1711431000000,1,194.647,195.62023499999998,tp,0.06655315075050365
BTCUSDT,1711437300000,1,70888.0,71242.43999999999,tp,0.0692004372608705
ZECUSDT,1711440000000,1,31.05,31.205249999999996,tp,0.09405731523378259
DOGEUSDT,1711441800000,1,0.18193,0.18283965,tp,0.059671970624234044
ETHUSDT,1711446300000,1,3651.44,3669.6971999999996,tp,0.10233121099413503
NEARUSDT,1711458000000,1,8.016,8.05608,tp,0.045796115128313705
SUIUSDT,1711503000000,1,1.9041,1.9136204999999997,tp,0.03273355235447668
DOGEUSDT,1711509300000,1,0.18424,0.18516119999999997,tp,0.04819890368050023
FILUSDT,1711545300000,1,9.538,9.58569,tp,0.054110688635402776
BNBUSDT,1711548000000,1,595.75,571.7684747539419,stop,-1.0226499376266975
DOGEUSDT,1711553400000,1,0.19,0.19094999999999998,tp,0.040916868442291233
BNBUSDT,1711590300000,1,585.46,588.3873,tp,0.10347841378703762
BTCUSDT,1711631700000,1,70799.3,71153.2965,tp,0.11643066220866585
FILUSDT,1711640700000,1,9.213,9.259064999999998,tp,0.06901608679386254
FILUSDT,1711659600000,1,9.3,9.346499999999999,tp,0.06253568429890574
SOLUSDT,1711665900000,1,188.669,189.612345,tp,0.06401042592263452
BNBUSDT,1711685700000,1,589.96,592.9098,tp,0.07477682811016108
FILUSDT,1711686600000,1,9.384,9.430919999999999,tp,0.08415491381239876
FILUSDT,1711705500000,1,9.516,9.563579999999998,tp,0.04624803387779619
FILUSDT,1711720800000,1,9.884,9.93342,tp,0.043900286785792636
SOLUSDT,1711772100000,1,193.246,194.21222999999998,tp,0.06715976382513157
BTCUSDT,1711886400000,1,70246.9,70598.13449999999,tp,0.22058957342996857
FILUSDT,1711895400000,1,9.667,9.715335,tp,0.11386243386243317
ETHUSDT,1711909800000,1,3631.0,3649.1549999999997,tp,0.09365322260243145
BTCUSDT,1711913400000,1,70824.0,71178.12,tp,0.18966907569417701
FILUSDT,1711917900000,1,9.797,9.845984999999999,tp,0.09683899556868177
SOLUSDT,1711933200000,1,201.467,202.474335,tp,0.09218880991434135
BNBUSDT,1711949400000,1,608.17,587.2498834486383,stop,-1.0266675086587858
NEARUSDT,1711950300000,1,7.856,6.797913740458018,stop,-1.0061034891958904
ZECUSDT,1711950300000,1,31.95,29.469828799249527,stop,-1.0112880664652564
XRPUSDT,1711983600000,1,0.6543,0.5963568167985394,stop,-1.0097774914089344
XRPUSDT,1712023200000,1,0.6152,0.6182759999999999,tp,0.11636020744931536
DOGEUSDT,1712034900000,1,0.22575,0.18502653872372243,stop,-1.0043163131590174
SOLUSDT,1712086200000,1,185.612,186.54005999999998,tp,0.041803444782167666
SUIUSDT,1712103300000,1,2.1695,1.7059090648241666,stop,-1.0034957836502307
BNBUSDT,1712106000000,-1,546.85,544.11575,tp,0.08485371926548345
XRPUSDT,1712106000000,-1,0.5792,0.576304,tp,0.0778997289972902
ZECUSDT,1712123100000,1,27.98,28.119899999999998,tp,0.061002178649236294
DOGEUSDT,1712148300000,-1,0.18062,0.1797169,tp,0.03609583143392555
SUIUSDT,1712162700000,-1,1.7023,1.6937885,tp,0.05419963238232239
FILUSDT,1712164500000,-1,8.469,8.426655,tp,0.05489776046737977
DOGEUSDT,1712167200000,-1,0.17719,0.17630405,tp,0.036279212792127764
ZECUSDT,1712167200000,-1,27.44,27.3028,tp,0.05792592592592611
SOLUSDT,1712172600000,-1,186.003,185.072985,tp,0.047474619207952345
XRPUSDT,1712176200000,-1,0.5753,0.5724235000000001,tp,0.0765466666666653
NEARUSDT,1712195100000,-1,6.542,6.50929,tp,0.035647042678742705
ETHUSDT,1712196900000,-1,3291.04,3274.5848,tp,0.07018596715717593
ZECUSDT,1712197800000,-1,26.93,26.79535,tp,0.057592295345104697
FILUSDT,1712204100000,-1,8.3,8.258500000000002,tp,0.046185107863603775
ZECUSDT,1712217600000,1,27.55,27.687749999999998,tp,0.06543297746144575
NEARUSDT,1712223000000,1,6.73,6.763649999999999,tp,0.04429133858267559
BNBUSDT,1712223900000,-1,552.38,587.4514483049007,stop,-1.0159126270189323
ETHUSDT,1712225700000,1,3336.88,3353.5643999999998,tp,0.09664191096633876
BTCUSDT,1712233800000,1,66375.8,66707.67899999999,tp,0.1272790896104721
NEARUSDT,1712236500000,1,6.946,6.9807299999999985,tp,0.04371101708196051
ETHUSDT,1712239200000,1,3363.84,3380.6591999999996,tp,0.12543908187313868
BNBUSDT,1712239200000,1,588.26,591.2013,tp,0.11379876400154317
SOLUSDT,1712240100000,1,187.775,188.71387499999997,tp,0.08290182603140761
BTCUSDT,1712252700000,1,67916.0,68255.57999999999,tp,0.11222388830369075
ZECUSDT,1712252700000,1,28.02,28.160099999999996,tp,0.08662047729022107
SUIUSDT,1712280600000,-1,1.66,1.6517,tp,0.04876858220545803
BNBUSDT,1712293200000,1,595.19,569.7150290712307,stop,-1.0212455307262578
DOGEUSDT,1712294100000,-1,0.17222,0.1713589,tp,0.033594271139886375
ETHUSDT,1712318400000,1,3398.0,3234.3076434771915,stop,-1.01877052983152
FILUSDT,1712318400000,1,8.786,8.125553236797273,stop,-1.0116879603399447
FILUSDT,1712373300000,1,8.497,8.539484999999999,tp,0.088645833333331
SOLUSDT,1712381400000,1,176.98,177.86489999999998,tp,0.07399436619718242
DOGEUSDT,1712385900000,1,0.1822,0.18311099999999997,tp,0.058827324784254724
XRPUSDT,1712415600000,1,0.5919,0.5948594999999999,tp,0.15791999999999415
SOLUSDT,1712419200000,1,178.333,179.224665,tp,0.0833354349095145
BTCUSDT,1712424600000,1,68074.8,68415.174,tp,0.15767907496511188
ETHUSDT,1712443500000,1,3355.44,3372.2171999999996,tp,0.14221869141059124
BNBUSDT,1712443500000,1,583.78,586.6988999999999,tp,0.1392309068145184
FILUSDT,1712444400000,1,8.62,8.663099999999998,tp,0.09370129870129691
ZECUSDT,1712444400000,1,27.66,27.798299999999998,tp,0.11154078549848738
DOGEUSDT,1712448900000,1,0.1864,0.187332,tp,0.07129072322537397
SUIUSDT,1712452500000,1,1.6352,1.6433759999999997,tp,0.1171764705882314
SOLUSDT,1712452500000,1,179.439,180.33619499999998,tp,0.08231293920739016
NEARUSDT,1712551500000,1,7.035,7.070174999999999,tp,0.06618779342722791
BTCUSDT,1712561400000,1,69898.0,70247.48999999999,tp,0.15664269874336076
DOGEUSDT,1712561400000,1,0.20256,0.20357279999999997,tp,0.05252493846353044
NEARUSDT,1712564100000,1,7.26,7.296299999999999,tp,0.04843088210771899
SUIUSDT,1712565000000,1,1.6719,1.6802594999999998,tp,0.08401909068073213
ZECUSDT,1712566800000,1,28.06,28.200299999999995,tp,0.09189542483659918
XRPUSDT,1712569500000,1,0.608,0.6110399999999999,tp,0.10378516624040666
BNBUSDT,1712570400000,1,595.68,598.6583999999999,tp,0.11253891876592023
FILUSDT,1712572200000,1,9.109,9.154544999999999,tp,0.0775641841714389
ETHUSDT,1712574900000,1,3619.94,3638.0397,tp,0.09219018522054508
XRPUSDT,1712586600000,1,0.6126,0.615663,tp,0.07135480127647037
ZECUSDT,1712593800000,1,28.46,28.602299999999996,tp,0.08360439560439298
ETHUSDT,1712606400000,1,3693.32,3711.7866,tp,0.07458651600753193
FILUSDT,1712611800000,1,9.248,9.294239999999999,tp,0.06176176176176074
SUIUSDT,1712649600000,1,1.7184,1.6340129503916447,stop,-1.0183951484271148
XRPUSDT,1712664000000,1,0.6263,0.6294314999999999,tp,0.07006711409395845
BTCUSDT,1712673900000,1,72753.6,68742.16175920676,stop,-1.016279710605323
SUIUSDT,1712914200000,-1,1.4785,1.4711075,tp,0.08012486427795758
FILUSDT,1712926800000,-1,8.05,8.00975,tp,0.08962279966471133
ETHUSDT,1712926800000,-1,3503.53,3486.01235,tp,0.12997880410531187
DOGEUSDT,1712929500000,-1,0.19434,0.19336830000000002,tp,0.05407391939862138
BTCUSDT,1712931300000,-1,70035.2,69685.02399999999,tp,0.14278361210337545
SUIUSDT,1712938500000,-1,1.4106,1.403547,tp,0.054218885359514704
SOLUSDT,1712941200000,-1,166.7,165.8665,tp,0.06692564820670228
FILUSDT,1712941200000,-1,7.78,7.7411,tp,0.055767366720516805
ETHUSDT,1712941200000,-1,3440.44,3423.2378,tp,0.09268079817344316
ZECUSDT,1712942100000,-1,26.06,25.929699999999997,tp,0.05794101279911041
SOLUSDT,1713024000000,-1,148.7,147.95649999999998,tp,0.055777790298045665
NEARUSDT,1713025800000,-1,5.648,5.619759999999999,tp,0.04191970121381929
FILUSDT,1713025800000,-1,6.512,6.479439999999999,tp,0.045689077113111196
DOGEUSDT,1713025800000,-1,0.16873,0.16788635,tp,0.0442768785366496
SUIUSDT,1713025800000,-1,1.1969,1.1909155,tp,0.044367688022284475
BNBUSDT,1713028500000,-1,583.2,580.284,tp,0.07070960698690072
BTCUSDT,1713029400000,-1,67116.9,66781.3155,tp,0.1195921770026686
ETHUSDT,1713030300000,-1,3220.51,3204.40745,tp,0.07463084909933464
BTCUSDT,1713204900000,-1,63428.6,63111.456999999995,tp,0.06555912269218456
SOLUSDT,1713207600000,-1,135.472,134.79464000000002,tp,0.02512270110123511
BNBUSDT,1713233700000,-1,544.34,541.6183,tp,0.04739581963980647
SOLUSDT,1713241800000,-1,133.534,132.86633,tp,0.03346825157989697
XRPUSDT,1713242700000,-1,0.4791,0.47670450000000003,tp,0.037455470737913416
BTCUSDT,1713262500000,-1,62224.3,61913.1785,tp,0.06524132890610027
ETHUSDT,1713263400000,-1,3022.08,3006.9696,tp,0.05267232200520157
BNBUSDT,1713281400000,-1,530.64,527.9868,tp,0.05236160537761911
DOGEUSDT,1713281400000,-1,0.14944,0.14869279999999999,tp,0.024647275158809878
SOLUSDT,1713283200000,-1,129.0,128.355,tp,0.026480169244357223
XRPUSDT,1713353400000,-1,0.4918,0.489341,tp,0.07282165368928398
BTCUSDT,1713354300000,-1,63104.3,62788.7785,tp,0.10221956681664386
SOLUSDT,1713356100000,-1,134.708,134.03446,tp,0.03865589772383714
BNBUSDT,1713363300000,-1,534.34,531.6683,tp,0.08874264981859128
ETHUSDT,1713364200000,-1,3013.39,2998.32305,tp,0.07940679809384427
FILUSDT,1713365100000,-1,5.772,5.74314,tp,0.04692055692055663
DOGEUSDT,1713366000000,-1,0.15041,0.14965794999999998,tp,0.04258833546189892
ZECUSDT,1713366900000,-1,20.27,20.16865,tp,0.047595532039976615
XRPUSDT,1713368700000,-1,0.4782,0.47580900000000004,tp,0.049492753623187995
SOLUSDT,1713369600000,-1,128.61,127.96695000000001,tp,0.031208711169379868
BTCUSDT,1713369600000,-1,60663.0,60359.685,tp,0.05994123923670612
SUIUSDT,1713369600000,-1,1.1146,1.2804231605426288,stop,-1.007335537439614
NEARUSDT,1713438900000,-1,4.962,5.722907099391482,stop,-1.0071451058201057
NEARUSDT,1713490200000,-1,5.568,5.540159999999999,tp,0.04930583277888721
BNBUSDT,1713573900000,-1,554.05,551.2797499999999,tp,0.10843163210276092
ETHUSDT,1713573900000,-1,3042.42,3027.2079,tp,0.07624824508624241
BTCUSDT,1713574800000,-1,63477.5,63160.1125,tp,0.07313199395117656
SOLUSDT,1713636000000,-1,131.33,150.9703467085942,stop,-1.0073024082263486
BNBUSDT,1713748500000,1,582.21,585.12105,tp,0.11317589893099864
NEARUSDT,1713748500000,1,6.482,6.51441,tp,0.04320506413459881
SUIUSDT,1713757500000,1,1.3932,1.4001659999999998,tp,0.060613176777558564
BNBUSDT,1713762900000,1,598.97,601.96485,tp,0.07956582354112565
BTCUSDT,1713762900000,1,65654.9,65983.1745,tp,0.10246754057428202
NEARUSDT,1713762900000,1,6.669,6.702344999999998,tp,0.036555783709786516
SOLUSDT,1713764700000,1,151.683,152.44141499999998,tp,0.05443960026553165
FILUSDT,1713765600000,1,6.638,6.671189999999999,tp,0.056579562353939836
DOGEUSDT,1713767400000,1,0.16187,0.16267935,tp,0.053657407407406585
NEARUSDT,1713801600000,1,6.999,7.033994999999999,tp,0.041927855111509545
XRPUSDT,1713810600000,1,0.5434,0.546117,tp,0.09266837169650412
ZECUSDT,1713821400000,1,24.13,24.250649999999997,tp,0.0627237354085591
SOLUSDT,1713825000000,1,156.12,156.9006,tp,0.0621553376841386
BTCUSDT,1713825900000,1,66449.0,66781.245,tp,0.11136183620239802
FILUSDT,1713827700000,1,6.606,6.639029999999999,tp,0.07069444444444252
ETHUSDT,1713880800000,1,3216.78,3232.8639,tp,0.11100267356618923
DOGEUSDT,1713884400000,1,0.16192,0.1627296,tp,0.0722504456327978
NEARUSDT,1713940200000,-1,6.853,6.818734999999999,tp,0.057372721558768894
XRPUSDT,1713965400000,-1,0.5404,0.537698,tp,0.0969223867205012
DOGEUSDT,1713966300000,-1,0.15989,0.15909055,tp,0.0695440200239422
BTCUSDT,1713968100000,-1,66172.0,65841.14,tp,0.1549473536184516
SOLUSDT,1713970800000,-1,155.237,154.460815,tp,0.06496695827301888
ETHUSDT,1713971700000,-1,3212.0,3195.94,tp,0.09204328948221104
SUIUSDT,1713984300000,-1,1.2642,1.257879,tp,0.03950419706597641
ZECUSDT,1713984300000,-1,23.11,22.99445,tp,0.04681887366818833
BNBUSDT,1713985200000,-1,596.35,593.36825,tp,0.07565159447882057
FILUSDT,1713985200000,-1,6.086,6.05557,tp,0.04395572491380862
SOLUSDT,1713985200000,-1,150.524,149.77138,tp,0.04622009275469202
BTCUSDT,1713987900000,-1,64315.9,63994.3205,tp,0.08401006546483986
NEARUSDT,1713999600000,-1,6.789,6.755055,tp,0.040868778280543146
DOGEUSDT,1714000500000,-1,0.15102,0.15026489999999998,tp,0.05054060849886907
SUIUSDT,1714001400000,-1,1.25,1.24375,tp,0.04554552912223198
SOLUSDT,1714009500000,-1,147.388,146.65106,tp,0.04445392775533088
ZECUSDT,1714017600000,-1,22.57,22.45715,tp,0.05439421338155594
SUIUSDT,1714030200000,-1,1.2239,1.2177805,tp,0.04653233544425294
FILUSDT,1714031100000,-1,5.931,5.901345,tp,0.04877301882888473
NEARUSDT,1714033800000,-1,6.703,6.669485,tp,0.027819187806660785
DOGEUSDT,1714039200000,-1,0.14906,0.1483147,tp,0.055638506876228275
BTCUSDT,1714049100000,-1,63516.3,63198.7185,tp,0.12147956618544875
SOLUSDT,1714091400000,-1,143.004,142.28897999999998,tp,0.05236829094105434
SUIUSDT,1714113000000,-1,1.1865,1.1805675000000002,tp,0.05525475107846456
SUIUSDT,1714136400000,-1,1.1745,1.1686275000000002,tp,0.06072924747866497
BTCUSDT,1714143600000,-1,63800.7,63481.6965,tp,0.1386966257935459
BNBUSDT,1714144500000,-1,600.2,597.1990000000001,tp,0.12955627705627573
ETHUSDT,1714144500000,-1,3122.68,3107.0665999999997,tp,0.12454445707902081
DOGEUSDT,1714177800000,-1,0.14727,0.14653365000000002,tp,0.0602907452907448
BNBUSDT,1714177800000,-1,596.35,593.36825,tp,0.12426866760460767
SOLUSDT,1714178700000,-1,138.456,137.76371999999998,tp,0.06481823609989232
SUIUSDT,1714179600000,-1,1.1605,1.1546975000000002,tp,0.08495698334248496
FILUSDT,1714179600000,-1,5.906,5.876469999999999,tp,0.07592020592020667
ETHUSDT,1714180500000,-1,3100.38,3084.8781,tp,0.11985098518583348
NEARUSDT,1714212900000,-1,6.888,6.85356,tp,0.05236238532110102
XRPUSDT,1714215600000,-1,0.5139,0.5113305,tp,0.0862962962962963
NEARUSDT,1714342500000,-1,7.176,7.1401200000000005,tp,0.05561240310077472
SOLUSDT,1714343400000,-1,140.822,140.11789,tp,0.09866006704930597
DOGEUSDT,1714345200000,-1,0.14835,0.14760825,tp,0.1259787685774968
ZECUSDT,1714347000000,-1,22.48,22.3676,tp,0.06684603886397683
FILUSDT,1714347000000,-1,5.924,5.89438,tp,0.08483154121863923
SUIUSDT,1714356000000,-1,1.2238,1.217681,tp,0.0870802139037436
ETHUSDT,1714357800000,-1,3262.0,3245.69,tp,0.11141669659808079
BNBUSDT,1714357800000,-1,598.85,595.8557500000001,tp,0.1688202524504588
NEARUSDT,1714360500000,-1,6.933,6.898334999999999,tp,0.055914498890906016
XRPUSDT,1714362300000,-1,0.5068,0.504266,tp,0.10572769953051785
BTCUSDT,1714368600000,-1,62388.1,62076.1595,tp,0.11682785408691604
ZECUSDT,1714372200000,-1,22.22,22.1089,tp,0.06539823008849589
FILUSDT,1714372200000,-1,5.827,5.797865,tp,0.05958429561200937
BNBUSDT,1714374000000,-1,588.3,585.3584999999999,tp,0.10155016642891158
NEARUSDT,1714390200000,-1,6.839,6.804805,tp,0.05719563392107543
SUIUSDT,1714442400000,-1,1.1741,1.1682294999999998,tp,0.05470169293636988
ETHUSDT,1714465800000,-1,3128.67,3113.0266500000002,tp,0.08532349222620807
XRPUSDT,1714465800000,-1,0.5072,0.504664,tp,0.10377880184331702
ZECUSDT,1714465800000,-1,21.96,21.8502,tp,0.07522336769759452
SOLUSDT,1714465800000,-1,133.601,132.932995,tp,0.0569726052230286
BNBUSDT,1714469400000,-1,588.89,585.94555,tp,0.08677527799327515
FILUSDT,1714469400000,-1,5.746,5.71727,tp,0.06373243395165909
DOGEUSDT,1714469400000,-1,0.13948,0.1387826,tp,0.06591006423982736
SUIUSDT,1714469400000,-1,1.1576,1.151812,tp,0.06091244725738288
SOLUSDT,1714478400000,-1,128.765,128.121175,tp,0.05790777267405139
ZECUSDT,1714478400000,-1,21.04,20.9348,tp,0.06292134831460677
ETHUSDT,1714484700000,-1,3002.17,2987.15915,tp,0.06886306911093959
NEARUSDT,1714489200000,-1,6.13,6.09935,tp,0.04068495428096374
BTCUSDT,1714492800000,-1,60714.0,60410.43,tp,0.08820973357222962
XRPUSDT,1714492800000,-1,0.4946,0.492127,tp,0.07390262172284609
SUIUSDT,1714497300000,-1,1.0957,1.0902215,tp,0.033816604708797715
DOGEUSDT,1714505400000,-1,0.131,0.13034500000000002,tp,0.03926409852068724
BTCUSDT,1714506300000,-1,60000.0,59700.0,tp,0.06788904831848953
SOLUSDT,1714546800000,-1,122.254,121.64273,tp,0.03647331301177487
DOGEUSDT,1714546800000,-1,0.12901,0.12836495,tp,0.04339664049970517
BNBUSDT,1714546800000,-1,557.19,554.4040500000001,tp,0.05240843977136318
XRPUSDT,1714548600000,-1,0.4916,0.48914199999999997,tp,0.08542372881356025
DOGEUSDT,1714578300000,-1,0.12154,0.12093229999999999,tp,0.03778976162563522
SUIUSDT,1714720500000,-1,1.1068,1.101266,tp,0.06750228728270696
ZECUSDT,1714727700000,-1,22.47,22.35765,tp,0.07620016963528325
FILUSDT,1714869000000,-1,6.044,6.01378,tp,0.09714515480498569
XRPUSDT,1714869000000,-1,0.5292,0.526554,tp,0.15708982925018763
SOLUSDT,1714870800000,-1,145.203,144.476985,tp,0.08708904264459706
NEARUSDT,1714871700000,-1,6.786,6.75207,tp,0.07617762788083164
SUIUSDT,1714871700000,-1,1.08,1.0746,tp,0.0602343096234319
ETHUSDT,1714871700000,-1,3102.66,3087.1467,tp,0.13174288877533688
BNBUSDT,1714872600000,-1,582.71,579.79645,tp,0.14708190910241647
ZECUSDT,1714872600000,-1,22.81,22.69595,tp,0.08053050397877906
DOGEUSDT,1714878900000,-1,0.15781,0.15702095,tp,0.04343881420200002
NEARUSDT,1714971600000,-1,7.295,7.258525,tp,0.06251775338928386
BNBUSDT,1714999500000,-1,588.14,585.1993,tp,0.124567430025445
DOGEUSDT,1715004000000,-1,0.1598,0.159001,tp,0.04412151408207008
SUIUSDT,1715006700000,-1,1.0992,1.093704,tp,0.04652680652680601
BTCUSDT,1715007600000,-1,63250.0,62933.75,tp,0.13210451822488245
ETHUSDT,1715013900000,-1,3083.48,3068.0626,tp,0.07306774044114919
DOGEUSDT,1715022900000,-1,0.15492,0.1541454,tp,0.038780120481928436
NEARUSDT,1715050800000,-1,7.211,8.215249320652173,stop,-1.0077714634146346
FILUSDT,1715059800000,-1,5.982,5.95209,tp,0.07440982058545817
ETHUSDT,1715106600000,-1,3043.92,3028.7004,tp,0.1143793619846845
DOGEUSDT,1715106600000,-1,0.15406,0.1532897,tp,0.06386708203530643
FILUSDT,1715109300000,-1,5.921,5.891395,tp,0.06200524934383212
BNBUSDT,1715114700000,-1,585.21,582.28395,tp,0.13131981981982038
XRPUSDT,1715118300000,-1,0.5324,0.5297379999999999,tp,0.09409372236958684
DOGEUSDT,1715119200000,-1,0.15242,0.1516579,tp,0.06455315544260817
SOLUSDT,1715120100000,-1,150.76,150.00619999999998,tp,0.06022446284959891
NEARUSDT,1715121900000,-1,7.302,7.26549,tp,0.052104222821203715
ZECUSDT,1715122800000,-1,22.62,22.5069,tp,0.08060606060605999
BTCUSDT,1715122800000,-1,63001.0,62685.995,tp,0.0983521582228045
FILUSDT,1715127300000,-1,5.786,5.75707,tp,0.06643697961527394
SUIUSDT,1715150700000,-1,1.0552,1.0499239999999999,tp,0.05771160738902744
DOGEUSDT,1715152500000,-1,0.14867,0.14792665,tp,0.06731021980512146
SOLUSDT,1715171400000,-1,145.006,144.28097,tp,0.06038257173219994
NEARUSDT,1715184000000,-1,7.041,7.005795,tp,0.04173679498657158
SUIUSDT,1715198400000,-1,1.0356,1.0304220000000002,tp,0.04725402811107214
BTCUSDT,1715199300000,-1,62005.8,61695.771,tp,0.11266013125438121
ETHUSDT,1715199300000,-1,2980.25,2965.34875,tp,0.09593814183883013
DOGEUSDT,1715206500000,-1,0.14301,0.14229495,tp,0.04799597180261784
SUIUSDT,1715225400000,-1,1.0001,0.9950995,tp,0.053731182795698364
XRPUSDT,1715240700000,-1,0.5172,0.514614,tp,0.08146745562130073
SOLUSDT,1715284800000,-1,140.887,151.42807687963113,stop,-1.0136472463561697
BTCUSDT,1715294700000,-1,60843.6,63235.736277407916,stop,-1.0251130966203295
XRPUSDT,1715336100000,-1,0.516,0.51342,tp,0.15411061285500954
DOGEUSDT,1715349600000,-1,0.1498,0.149051,tp,0.07427647132014452
ETHUSDT,1715352300000,-1,2960.5,2945.6974999999998,tp,0.11787287526933397
ZECUSDT,1715354100000,-1,23.46,23.3427,tp,0.07683950617283948
NEARUSDT,1715355000000,-1,7.405,7.367975,tp,0.055902975175288735
FILUSDT,1715356800000,-1,5.677,5.6486149999999995,tp,0.05927091528979838
ZECUSDT,1715379300000,-1,22.87,22.75565,tp,0.05228130360205928
SUIUSDT,1715382900000,-1,1.0127,1.0076364999999998,tp,0.037907459867800614
SOLUSDT,1715392800000,-1,145.0,144.275,tp,0.04485310052320319
FILUSDT,1715423400000,-1,5.59,5.56205,tp,0.05248766737138769
SUIUSDT,1715423400000,-1,1.0013,0.9962935,tp,0.07009803921568705
ZECUSDT,1715426100000,-1,22.65,22.536749999999998,tp,0.08848484848484889
NEARUSDT,1715476500000,-1,7.02,6.9849,tp,0.060469726352079055
DOGEUSDT,1715498100000,-1,0.14296,0.14224520000000002,tp,0.11529459241323521
XRPUSDT,1715548500000,-1,0.5009,0.4983955,tp,0.1785026737967919
NEARUSDT,1715548500000,-1,6.891,6.856545,tp,0.08413076688053843
SOLUSDT,1715551200000,-1,143.932,143.21233999999998,tp,0.09064731366410561
FILUSDT,1715562900000,-1,5.588,5.56006,tp,0.11116417910447852
SUIUSDT,1715563800000,-1,0.9935,0.9885325,tp,0.1135391652372784
ETHUSDT,1715567400000,-1,2895.05,2880.57475,tp,0.1657961546176111
BNBUSDT,1715567400000,-1,589.59,586.64205,tp,0.258521929824555
BTCUSDT,1715586300000,-1,60617.0,61960.01683515313,stop,-1.043828204124247
SUIUSDT,1715652000000,-1,0.962,0.95719,tp,0.07920938851142648
BTCUSDT,1715666400000,-1,62540.2,62227.498999999996,tp,0.16168276254379554
BNBUSDT,1715666400000,-1,589.76,586.8112,tp,0.1886282051282054
FILUSDT,1715679900000,-1,5.51,5.48245,tp,0.0790559186637609
SUIUSDT,1715691600000,-1,0.927,0.922365,tp,0.056870873637341446
SOLUSDT,1715693400000,-1,145.595,144.867025,tp,0.060648725867102654
BNBUSDT,1715694300000,-1,579.53,576.63235,tp,0.12186797530473263
XRPUSDT,1715696100000,-1,0.5022,0.499689,tp,0.12525328330206306
NEARUSDT,1715702400000,-1,7.06,7.024699999999999,tp,0.03984133729990117
FILUSDT,1715706000000,-1,5.418,5.39091,tp,0.07418979102432417
SUIUSDT,1715707800000,-1,0.8994,0.894903,tp,0.04718354430379723
FILUSDT,1715733900000,-1,5.332,5.30534,tp,0.07480154548647619
SUIUSDT,1715747400000,1,0.9141,0.9186705,tp,0.07594310451453176
ZECUSDT,1715750100000,1,22.45,22.562249999999995,tp,0.09186094069529308
ETHUSDT,1715759100000,1,2903.87,2918.3893499999995,tp,0.16220632729604545
DOGEUSDT,1715760000000,1,0.14792,0.14865959999999998,tp,0.0815139003578291
BTCUSDT,1715765400000,1,62030.4,62340.551999999996,tp,0.19819575744520831
SOLUSDT,1715768100000,1,144.601,145.32400499999997,tp,0.09042767825123987
NEARUSDT,1715774400000,1,7.107,7.142535,tp,0.05919966996699572
BNBUSDT,1715776200000,1,569.42,572.2670999999999,tp,0.1488244514106561
FILUSDT,1715776200000,1,5.415,5.442074999999999,tp,0.11351125065410397
DOGEUSDT,1715778900000,1,0.15193,0.15268964999999998,tp,0.049459217695371045
SUIUSDT,1715787000000,1,0.9529,0.9576644999999999,tp,0.04879551820728241
BTCUSDT,1715788800000,1,64645.2,64968.42599999999,tp,0.08138309722156731
XRPUSDT,1715788800000,1,0.5107,0.5132535,tp,0.10594090202177224
NEARUSDT,1715791500000,1,7.79,7.828949999999999,tp,0.0361493852934344
SOLUSDT,1715792400000,1,153.118,153.88358999999997,tp,0.051688580441638675
ZECUSDT,1715793300000,1,22.62,22.7331,tp,0.07173396674584297
ETHUSDT,1715799600000,1,2992.0,3006.9599999999996,tp,0.08218331588705545
NEARUSDT,1715804100000,1,7.894,7.933469999999999,tp,0.03272614622056901
BTCUSDT,1715809500000,1,65798.8,66127.794,tp,0.07223623554447453
SOLUSDT,1715814900000,1,155.922,156.70161,tp,0.04726990021587122
ZECUSDT,1715823000000,1,23.24,23.356199999999998,tp,0.07888324873096389
XRPUSDT,1715845500000,1,0.5177,0.5202885,tp,0.09494505494505444
SUIUSDT,1715918400000,1,1.0487,1.0539435,tp,0.058190871369293996
SOLUSDT,1715923800000,1,162.299,163.110495,tp,0.0699222655871995
BNBUSDT,1715929200000,1,571.66,574.5183,tp,0.18738774172402214
ETHUSDT,1715932800000,1,3028.25,3043.3912499999997,tp,0.10584586417008587
ETHUSDT,1715955300000,1,3060.0,3075.2999999999997,tp,0.09364392729485009
BTCUSDT,1715958900000,1,66550.0,66882.75,tp,0.1173597655546334
SUIUSDT,1715960700000,1,1.0625,1.0678124999999998,tp,0.057450424929176576
FILUSDT,1715961600000,1,5.903,5.932514999999999,tp,0.07707762557077408
SOLUSDT,1716003000000,1,172.0,172.85999999999999,tp,0.08840964286627154
FILUSDT,1716027300000,1,5.943,5.972714999999999,tp,0.10919067215363339
SOLUSDT,1716030000000,1,174.74,175.6137,tp,0.09026180711392968
DOGEUSDT,1716084900000,1,0.15391,0.15467954999999997,tp,0.12713696369636693
FILUSDT,1716086700000,1,5.884,5.9134199999999995,tp,0.14127098321342388
SOLUSDT,1716088500000,1,173.96,174.82979999999998,tp,0.11401558305506047
BTCUSDT,1716114600000,1,67059.8,67395.099,tp,0.22138060039718818
XRPUSDT,1716120900000,1,0.5243,0.5134645666475973,stop,-1.045018166089965
NEARUSDT,1716120900000,1,8.449,7.688157151690024,stop,-1.009599550433219
SUIUSDT,1716125400000,1,1.0853,1.0275543006800216,stop,-1.0169047495682224
ETHUSDT,1716154200000,1,3125.96,3053.6653167152717,stop,-1.0401271838961388
DOGEUSDT,1716179400000,1,0.15123,0.15198615,tp,0.08234557823129042
ETHUSDT,1716179400000,1,3086.72,3102.1535999999996,tp,0.12126572836307126
FILUSDT,1716181200000,1,5.623,5.651115,tp,0.07893557422969072
SUIUSDT,1716181200000,1,1.0364,1.0415819999999998,tp,0.07046357615893768
SUIUSDT,1716193800000,1,1.0577,1.0629885,tp,0.054697145809115916
BNBUSDT,1716208200000,1,580.17,569.0869103176107,stop,-1.0487799503834048
SUIUSDT,1716210900000,1,1.0869,1.0923344999999998,tp,0.04690337852377693
NEARUSDT,1716224400000,1,8.13,8.17065,tp,0.05302174618630228
SOLUSDT,1716225300000,1,180.477,181.37938499999998,tp,0.06564664413677673
DOGEUSDT,1716225300000,1,0.15332,0.1540866,tp,0.08207549686541057
FILUSDT,1716228900000,1,5.679,5.707395,tp,0.08031073446327607
ETHUSDT,1716229800000,1,3138.14,3153.8306999999995,tp,0.10523606156525585
BTCUSDT,1716232500000,1,68599.0,68941.995,tp,0.1046482662946944
ZECUSDT,1716232500000,1,23.8,23.918999999999997,tp,0.08788213627992351
BNBUSDT,1716246900000,1,591.77,594.72885,tp,0.09529303368986071
SUIUSDT,1716246900000,1,1.1363,1.1419815,tp,0.0439154358528808
FILUSDT,1716249600000,1,6.184,6.214919999999999,tp,0.04482023486901411
XRPUSDT,1716250500000,1,0.537,0.539685,tp,0.08084273890142765
DOGEUSDT,1716250500000,1,0.16531,0.16613655,tp,0.04426282051281955
ZECUSDT,1716254100000,1,25.08,25.205399999999997,tp,0.0588207822533561
ETHUSDT,1716289200000,1,3725.69,3744.3184499999998,tp,0.09070326568355332
DOGEUSDT,1716295500000,1,0.16739,0.16822695,tp,0.06199167822468605
XRPUSDT,1716298200000,1,0.5448,0.5475239999999999,tp,0.10026666666666462
FILUSDT,1716305400000,1,6.216,6.2470799999999995,tp,0.07124786324786167
BNBUSDT,1716345900000,1,620.41,623.5120499999999,tp,0.10531776254548379
NEARUSDT,1716358500000,1,7.919,7.958594999999999,tp,0.07144722034661154
ZECUSDT,1716397200000,1,24.68,24.803399999999996,tp,0.07333333333333138
NEARUSDT,1716398100000,1,7.968,8.00784,tp,0.06814057507987202
BNBUSDT,1716471900000,1,624.94,594.0357563834208,stop,-1.0182607274122528
BTCUSDT,1716487200000,1,70327.3,67362.07520696438,stop,-1.0215814907513636
DOGEUSDT,1716494400000,1,0.17402,0.1554826414579504,stop,-1.0079681530165148
ZECUSDT,1716512400000,1,25.54,25.667699999999996,tp,0.03998435054772999
NEARUSDT,1716525000000,1,7.877,7.916384999999999,tp,0.03836009732360029
ZECUSDT,1716525900000,1,26.99,27.124949999999995,tp,0.03740779041709655
DOGEUSDT,1716550200000,1,0.16212,0.16293059999999998,tp,0.04980164056674084
BTCUSDT,1716569100000,1,68050.0,68390.25,tp,0.11827355096024712
BNBUSDT,1716573600000,1,599.81,602.8090499999998,tp,0.1465738365701674
NEARUSDT,1716580800000,1,7.926,7.965629999999999,tp,0.04791517323775262
ZECUSDT,1716587100000,1,27.27,27.406349999999996,tp,0.0402354672553338
SUIUSDT,1716601500000,1,1.0755,1.0808774999999997,tp,0.09143828340768749
SOLUSDT,1716609600000,1,169.091,169.936455,tp,0.05693053744021841
XRPUSDT,1716610500000,1,0.5354,0.5380769999999999,tp,0.08198549064528257
FILUSDT,1716625800000,1,5.855,5.884275,tp,0.10508748317630921
DOGEUSDT,1716628500000,1,0.16646,0.16729229999999998,tp,0.08736607727570153
XRPUSDT,1716633900000,1,0.5381,0.5407905,tp,0.20141923436040263
BTCUSDT,1716633900000,1,69086.1,69431.5305,tp,0.2795819929185547
BNBUSDT,1716634800000,1,603.96,606.9798,tp,0.26214703968769615
NEARUSDT,1716641100000,1,8.031,8.071155,tp,0.0826687116564385
DOGEUSDT,1716664500000,1,0.17,0.17085,tp,0.057227972734157334
NEARUSDT,1716672600000,1,8.155,8.195775,tp,0.06535728542914163
NEARUSDT,1716686100000,1,8.296,8.33748,tp,0.07535876475930976
ETHUSDT,1716708600000,1,3770.35,3789.2017499999997,tp,0.13364769676510357
ETHUSDT,1716734700000,1,3818.97,3838.0648499999993,tp,0.12026280174991005
BTCUSDT,1716759000000,1,69468.9,68243.15333723453,stop,-1.0528910236019795
SUIUSDT,1716774300000,1,1.0476,1.052838,tp,0.09208059570739949
ZECUSDT,1716806700000,1,27.03,27.165149999999997,tp,0.14721088435373667
SOLUSDT,1716807600000,1,166.243,167.07421499999998,tp,0.09512997499106704
SUIUSDT,1716809400000,1,1.056,1.06128,tp,0.07722252597047453
DOGEUSDT,1716817500000,1,0.1691,0.16994549999999997,tp,0.07516483516483281
BNBUSDT,1716822000000,1,603.99,607.0099499999999,tp,0.26540623627579185
ETHUSDT,1716823800000,1,3946.05,3965.78025,tp,0.08863340344972488
ZECUSDT,1716823800000,1,28.0,28.139999999999997,tp,0.05837499999999867
XRPUSDT,1716823800000,1,0.5356,0.5382779999999999,tp,0.11698854337152084
SOLUSDT,1716823800000,1,169.3,170.1465,tp,0.07795139485101321
SUIUSDT,1716825600000,1,1.0688,1.0741439999999998,tp,0.0723308016877609
NEARUSDT,1716886800000,1,7.912,7.951559999999999,tp,0.07242652084757138
NEARUSDT,1716953400000,1,7.742,7.780709999999999,tp,0.07983513652756119
DOGEUSDT,1716954300000,1,0.16792,0.1687596,tp,0.08319722840880932
FILUSDT,1716957900000,1,5.974,6.003869999999999,tp,0.0646336847796677
ZECUSDT,1716958800000,1,26.84,26.974199999999996,tp,0.11122153209109417
SOLUSDT,1716962400000,1,172.275,173.136375,tp,0.07208798540526311
XRPUSDT,1717050600000,1,0.5317,0.5166363324563054,stop,-1.0325820066335025
ETHUSDT,1717055100000,1,3914.41,3729.6228696332746,stop,-1.019174180145122
SUIUSDT,1717055100000,1,1.0467,0.9949973791670647,stop,-1.018282390621223
BTCUSDT,1717089300000,1,68710.0,69053.54999999999,tp,0.13518674811382453
ETHUSDT,1717092900000,1,3800.96,3819.9647999999997,tp,0.10379081233635788
ETHUSDT,1717153200000,1,3773.29,3792.1564499999995,tp,0.15525205856382707
DOGEUSDT,1717158600000,1,0.16106,0.1618653,tp,0.09483245149911625
NEARUSDT,1717160400000,1,7.363,7.399814999999999,tp,0.08089470812874817
SOLUSDT,1717160400000,1,169.57,170.41785,tp,0.09400813176211094
XRPUSDT,1717167600000,1,0.5237,0.5263185,tp,0.12822018348623698
BTCUSDT,1717171200000,1,68782.0,66855.17778763104,stop,-1.0329622621591859
SUIUSDT,1717251300000,1,1.0296,1.034748,tp,0.07528081692195354
NEARUSDT,1717263000000,1,7.278,7.314389999999999,tp,0.12355781448538374
BNBUSDT,1717275600000,1,605.36,608.3868,tp,0.13286584362139955
ZECUSDT,1717286400000,1,26.98,27.1149,tp,0.09636363636363504
ETHUSDT,1717289100000,1,3819.77,3838.8688499999994,tp,0.20995127307665337
NEARUSDT,1717317000000,1,7.434,7.471169999999999,tp,0.10791033984092212
BTCUSDT,1717337700000,1,67951.7,68291.4585,tp,0.2909079677498347
SUIUSDT,1717339500000,1,1.0276,1.032738,tp,0.11813793103448
XRPUSDT,1717351200000,1,0.5208,0.5108345674275848,stop,-1.0486976190476136
BNBUSDT,1717376400000,1,603.47,606.48735,tp,0.2263145078205453
FILUSDT,1717380900000,1,5.889,5.918444999999999,tp,0.08164421416234605
SUIUSDT,1717381800000,1,1.0391,1.0442954999999998,tp,0.08265395311879067
ETHUSDT,1717391700000,1,3812.0,3831.0599999999995,tp,0.1604536177912391
DOGEUSDT,1717391700000,1,0.16006,0.16086029999999998,tp,0.09284164859001895
BTCUSDT,1717395300000,1,68628.6,68971.743,tp,0.1717295656410419
XRPUSDT,1717400700000,1,0.5197,0.5222985,tp,0.14904148783976714
FILUSDT,1717403400000,1,5.932,5.96166,tp,0.07738025415444708
BTCUSDT,1717418700000,1,69385.0,69731.92499999999,tp,0.15401949369614604
DOGEUSDT,1717421400000,1,0.16217,0.16298084999999998,tp,0.07934947419906829
NEARUSDT,1717457400000,1,7.482,7.087488193703307,stop,-1.0170669512966486
BNBUSDT,1717495200000,1,631.91,635.0695499999999,tp,0.13277122332336908
XRPUSDT,1717497900000,1,0.523,0.5256149999999999,tp,0.17933161953726803
FILUSDT,1717508700000,1,5.83,5.85915,tp,0.09229314420803664
NEARUSDT,1717508700000,1,7.157,7.192784999999999,tp,0.09482656095143414
BTCUSDT,1717508700000,1,69408.2,69755.241,tp,0.17914579505528075
BNBUSDT,1717509600000,1,649.48,652.7274,tp,0.07548621400970323
SOLUSDT,1717516800000,1,167.438,168.27518999999998,tp,0.12797035848660057
ZECUSDT,1717517700000,1,25.71,25.838549999999998,tp,0.09671361502347174
ETHUSDT,1717520400000,1,3811.77,3830.8288499999994,tp,0.12400627657584812
BNBUSDT,1717523100000,1,667.76,671.0987999999999,tp,0.05460027595162525
SUIUSDT,1717539300000,1,1.0417,1.0469085,tp,0.08558292282430124
SOLUSDT,1717542000000,1,170.5,171.3525,tp,0.08594434576672494
DOGEUSDT,1717550100000,1,0.162,0.16280999999999998,tp,0.12912238805969842
NEARUSDT,1717550100000,1,7.475,7.512374999999999,tp,0.06986218173323801
BNBUSDT,1717550100000,1,691.99,695.44995,tp,0.0669130455704718
SUIUSDT,1717557300000,1,1.0561,1.0613804999999998,tp,0.10098376313275596
NEARUSDT,1717569000000,1,7.581,7.618905,tp,0.09032411537317728
DOGEUSDT,1717570800000,1,0.164,0.16482,tp,0.10420034870819322
SUIUSDT,1717575300000,1,1.0778,1.083189,tp,0.08315039476217798
FILUSDT,1717584300000,1,6.039,6.069194999999999,tp,0.09775625504438813
XRPUSDT,1717585200000,1,0.5283,0.5309415,tp,0.16538940809968555
SUIUSDT,1717598700000,1,1.0898,1.095249,tp,0.07604395604395318
BTCUSDT,1717601400000,1,71389.8,71746.749,tp,0.13939527051760536
SOLUSDT,1717601400000,1,174.163,175.033815,tp,0.09439887496112284
ETHUSDT,1717610400000,1,3835.11,3854.2855499999996,tp,0.1640290784690998
SUIUSDT,1717636500000,1,1.1025,1.1080124999999998,tp,0.09354537743850372
DOGEUSDT,1717677000000,1,0.16365,0.16446824999999998,tp,0.15144112884570785
BTCUSDT,1717686900000,1,71299.0,71655.495,tp,0.22197643694239594
ZECUSDT,1717693200000,1,26.74,26.873699999999996,tp,0.09030303030302878
SUIUSDT,1717724700000,1,1.1219,1.1275094999999997,tp,0.08623088685015023
SUIUSDT,1717738200000,1,1.1591,1.1648954999999999,tp,0.07256061317065325
FILUSDT,1717754400000,1,6.09,6.120449999999999,tp,0.120553907022747
BTCUSDT,1717760700000,1,71316.2,71672.78099999999,tp,0.2515410309968821
XRPUSDT,1717782300000,1,0.5279,0.5138454870314275,stop,-1.034732844444446
ETHUSDT,1717782300000,1,3831.45,3748.726645699268,stop,-1.0430506033455498
SOLUSDT,1717782300000,1,172.34,165.96477441057914,stop,-1.024731130448416
NEARUSDT,1717782300000,1,7.656,7.1701269260903615,stop,-1.0140193415637864
BNBUSDT,1717830000000,1,687.77,691.2088499999999,tp,0.13395344316469338
FILUSDT,1717833600000,1,6.417,6.449084999999999,tp,0.03605351170568502
SOLUSDT,1717884900000,1,163.257,158.24424462708043,stop,-1.0299899000074597
FILUSDT,1717905600000,1,6.208,6.239039999999999,tp,0.056971363115691544
SUIUSDT,1717926300000,1,1.1205,1.1261025,tp,0.0529045936395756
FILUSDT,1717932600000,1,6.308,6.3395399999999995,tp,0.051552287581698886
XRPUSDT,1717937100000,1,0.4946,0.49707299999999993,tp,0.2771988795518182
SOLUSDT,1717941600000,1,159.837,160.63618499999998,tp,0.14717732845674178
DOGEUSDT,1717956000000,1,0.14696,0.1476948,tp,0.10873614190687098
BTCUSDT,1717956900000,1,69461.9,69809.20949999998,tp,0.5633242230994903
ZECUSDT,1717976700000,1,23.65,23.768249999999995,tp,0.10803652968036151
XRPUSDT,1717983000000,1,0.4971,0.49958549999999996,tp,0.23126596980255182
BNBUSDT,1718000100000,1,683.38,661.8311947419953,stop,-1.029177470744991
ETHUSDT,1718005500000,1,3706.64,3643.1270592484575,stop,-1.0544923706150713
SOLUSDT,1718034300000,1,161.872,162.68135999999998,tp,0.11518855057831129
ZECUSDT,1718036100000,1,24.04,24.160199999999996,tp,0.07116997792494295
NEARUSDT,1718037000000,1,6.522,6.554609999999999,tp,0.06917523056653305
BTCUSDT,1718042400000,1,69817.0,70166.08499999999,tp,0.2040157302223045
ETHUSDT,1718072100000,1,3698.0,3582.5507662835253,stop,-1.0294798251873012
DOGEUSDT,1718088300000,1,0.14645,0.13890171252129474,stop,-1.0174816641877373
ZECUSDT,1718161200000,1,22.87,22.98435,tp,0.08013998250218574
DOGEUSDT,1718173800000,1,0.13903,0.13972514999999996,tp,0.0832915173237727
BNBUSDT,1718176500000,1,610.0,613.05,tp,0.08937426900584658
NEARUSDT,1718179200000,1,6.173,6.2038649999999995,tp,0.06504731861198637
ZECUSDT,1718179200000,1,23.18,23.295899999999996,tp,0.08183421516754581
SOLUSDT,1718186400000,1,151.98,152.73989999999998,tp,0.07157278815650224
XRPUSDT,1718189100000,1,0.482,0.48440999999999995,tp,0.15427657873700787
DOGEUSDT,1718195400000,1,0.14032,0.1410216,tp,0.09431451612903169
SOLUSDT,1718202600000,1,159.628,160.42613999999998,tp,0.06659328358208862
FILUSDT,1718208000000,1,5.691,5.719454999999999,tp,0.06625980819529037
SUIUSDT,1718213400000,1,1.0419,1.0471095,tp,0.052329588014979986
BTCUSDT,1718292600000,1,69668.6,66899.02284893682,stop,-1.022947211158966
BNBUSDT,1718380800000,1,631.6,592.1499928772673,stop,-1.0142596297000221
SOLUSDT,1718807400000,-1,136.85,136.16575,tp,0.06358791854203667
BNBUSDT,1718811000000,-1,594.43,591.4578499999999,tp,0.0976618022920292
ZECUSDT,1718813700000,-1,20.07,19.96965,tp,0.062191142191141385
BTCUSDT,1718828100000,-1,64928.7,64604.0565,tp,0.1676812324712752
SOLUSDT,1718838000000,-1,135.196,134.52002,tp,0.06093960640856371
SOLUSDT,1718851500000,-1,134.402,133.72999,tp,0.05948936170212766
ETHUSDT,1718892900000,-1,3516.29,3498.70855,tp,0.11222855318809466
FILUSDT,1718899200000,-1,4.39,4.368049999999999,tp,0.06649981039059649
BTCUSDT,1718899200000,-1,64927.0,64602.365,tp,0.12126381774378457
BNBUSDT,1718899200000,-1,596.09,593.10955,tp,0.11068360556563911
XRPUSDT,1718919900000,-1,0.4913,0.4888435,tp,0.08612280701754482
BNBUSDT,1718924400000,-1,591.11,588.15445,tp,0.13420087435417113
SOLUSDT,1718940600000,-1,132.427,131.764865,tp,0.047336050918973444
BTCUSDT,1718955900000,-1,64526.0,64203.37,tp,0.1950768904925052
BNBUSDT,1718959500000,-1,582.02,579.1098999999999,tp,0.12767829712530376
SOLUSDT,1718959500000,-1,131.59,130.93205,tp,0.06963428207982192
ZECUSDT,1718959500000,-1,19.81,19.71095,tp,0.05451790633608743
DOGEUSDT,1718975700000,-1,0.12279,0.12217605,tp,0.07875624295150672
XRPUSDT,1718977500000,-1,0.4862,0.483769,tp,0.12062073246430927
SUIUSDT,1718978400000,-1,0.8794,0.875003,tp,0.04872462550748968
SOLUSDT,1718992800000,-1,129.31,128.66345,tp,0.05371662561448274
SUIUSDT,1719047700000,-1,0.8976,0.8931119999999999,tp,0.06440007195538822
NEARUSDT,1719054900000,-1,5.244,5.217779999999999,tp,0.057394636015326295
NEARUSDT,1719146700000,-1,5.134,5.438599639094811,stop,-1.016962166050143
SOLUSDT,1719151200000,-1,133.793,133.124035,tp,0.17195898820428968
SUIUSDT,1719153000000,-1,0.8905,0.9380927559851635,stop,-1.0187252891692957
FILUSDT,1719158400000,-1,4.301,4.279495,tp,0.060952380952382146
ETHUSDT,1719158400000,-1,3486.77,3469.33615,tp,0.20477609308885655
BNBUSDT,1719158400000,-1,587.15,584.21425,tp,0.2635938903863433
DOGEUSDT,1719161100000,-1,0.12289,0.12227555,tp,0.13572337482711005
XRPUSDT,1719174600000,-1,0.4811,0.4786945,tp,0.07124444444444467
BTCUSDT,1719174600000,-1,64007.4,63687.363,tp,0.3917427621193357
NEARUSDT,1719174600000,-1,5.157,5.131215,tp,0.05882890602684936
SOLUSDT,1719177300000,-1,130.329,129.677355,tp,0.08553646656134846
SUIUSDT,1719180900000,-1,0.8916,0.887142,tp,0.052781731909845316
BNBUSDT,1719183600000,-1,581.13,578.22435,tp,0.1794947856315213
SUIUSDT,1719197100000,-1,0.8664,0.862068,tp,0.05845582023990529
SOLUSDT,1719197100000,-1,127.1,126.46449999999999,tp,0.06495691088096234
BNBUSDT,1719203400000,-1,575.52,572.6424,tp,0.1153009747764061
DOGEUSDT,1719205200000,-1,0.12079,0.12018604999999999,tp,0.04754724448402148
BTCUSDT,1719206100000,-1,62882.0,62567.59,tp,0.14327493176988298
NEARUSDT,1719209700000,-1,5.095,5.069525,tp,0.035930273923870694
ETHUSDT,1719211500000,-1,3381.71,3364.80145,tp,0.10456734947237808
FILUSDT,1719213300000,-1,4.228,4.20686,tp,0.05313092979127122
SUIUSDT,1719221400000,-1,0.8293,0.8251535,tp,0.0461780398764398
XRPUSDT,1719221400000,-1,0.4686,0.46625700000000003,tp,0.09321393034825798
DOGEUSDT,1719227700000,-1,0.11734,0.1167533,tp,0.04664053863933247
BNBUSDT,1719243900000,-1,563.57,560.75215,tp,0.07785652429942234
BTCUSDT,1719249300000,-1,60302.0,60000.49,tp,0.07148443303441476
NEARUSDT,1719354600000,-1,5.442,5.41479,tp,0.05633773633773675
ZECUSDT,1719378900000,-1,20.03,19.929850000000002,tp,0.10067924528301794
NEARUSDT,1719378900000,-1,5.375,5.348125,tp,0.07588547189819811
NEARUSDT,1719391500000,-1,5.316,5.28942,tp,0.06981937602627254
SUIUSDT,1719392400000,-1,0.852,0.8477399999999999,tp,0.06648616833431509
DOGEUSDT,1719392400000,-1,0.12546,0.12483269999999999,tp,0.09316220238095231
XRPUSDT,1719396900000,-1,0.4738,0.471431,tp,0.1687700534759356
ETHUSDT,1719396900000,-1,3383.26,3366.3437000000004,tp,0.14657947533374407
FILUSDT,1719402300000,-1,4.409,4.3869549999999995,tp,0.09331210191082921
DOGEUSDT,1719414000000,-1,0.12407,0.12344965,tp,0.10943046357616021
SUIUSDT,1719414000000,-1,0.8432,0.838984,tp,0.07828226555246053
SOLUSDT,1719420300000,-1,136.433,135.750835,tp,0.07741640387511009
NEARUSDT,1719421200000,-1,5.18,5.1541,tp,0.0649717514124295
FILUSDT,1719421200000,-1,4.354,4.33223,tp,0.08175141242937886
XRPUSDT,1719421200000,-1,0.4697,0.46735150000000003,tp,0.10304228445908718
NEARUSDT,1719464400000,-1,5.15,5.12425,tp,0.08158919348430815
FILUSDT,1719468000000,-1,4.311,4.289445,tp,0.10551470588235476
ZECUSDT,1719522900000,-1,19.61,20.893330987717498,stop,-1.0154665200391004
ETHUSDT,1719538200000,-1,3345.26,3486.633182904916,stop,-1.0234294896365697
SUIUSDT,1719547200000,-1,0.8309,0.8267455,tp,0.09735915492957628
NEARUSDT,1719551700000,-1,5.142,5.11629,tp,0.07339778016469779
XRPUSDT,1719560700000,-1,0.4664,0.4781025091143041,stop,-1.0388119658119672
SUIUSDT,1719584100000,-1,0.8198,0.815701,tp,0.08888526373028763
SOLUSDT,1719585000000,-1,142.923,142.208385,tp,0.06751122453802261
ETHUSDT,1719585000000,-1,3435.64,3418.4618,tp,0.13354622764512247
XRPUSDT,1719596700000,-1,0.4743,0.4719285,tp,0.10214324178783075
DOGEUSDT,1719597600000,-1,0.12381,0.12319095000000001,tp,0.06014587892049565
NEARUSDT,1719601200000,-1,5.033,5.007835,tp,0.04633517495396016
FILUSDT,1719617400000,-1,4.419,4.396904999999999,tp,0.060047570506286764
ZECUSDT,1719620100000,-1,20.66,20.5567,tp,0.07515482695810596
ZECUSDT,1719673200000,-1,20.55,20.44725,tp,0.09846522781774607
FILUSDT,1719673200000,-1,4.394,4.3720300000000005,tp,0.14670008354218514
DOGEUSDT,1719689400000,-1,0.12304,0.1224248,tp,0.17066944155393646
SUIUSDT,1719695700000,-1,0.7936,0.789632,tp,0.127851672712615
SOLUSDT,1719701100000,-1,140.38,139.6781,tp,0.12153672903672817
NEARUSDT,1719709200000,-1,4.944,4.91928,tp,0.09814207650273353
ZECUSDT,1719711900000,-1,20.27,20.16865,tp,0.10719576719576743
ETHUSDT,1719715500000,-1,3369.07,3352.22465,tp,0.2223699813374295
BTCUSDT,1719795600000,-1,59001.0,63616.29393793164,stop,-1.0130946111025196
FILUSDT,1719796500000,-1,4.318,4.532273870220162,stop,-1.0200941914769395
SUIUSDT,1719841500000,-1,0.8163,0.8122185000000001,tp,0.1109884117246071
ZECUSDT,1719847800000,-1,20.49,20.387549999999997,tp,0.06297151655119385
FILUSDT,1719861300000,-1,4.432,4.40984,tp,0.07518707482993327
DOGEUSDT,1719872100000,-1,0.12422,0.1235989,tp,0.11355784650629942
BTCUSDT,1719930600000,-1,62387.0,62075.065,tp,0.15819535332014323
ETHUSDT,1719931500000,-1,3430.0,3412.85,tp,0.1701392411358105
SUIUSDT,1719975600000,-1,0.8035,0.7994825,tp,0.09543044384867459
DOGEUSDT,1719975600000,-1,0.1227,0.1220865,tp,0.10737672583826471
FILUSDT,1719975600000,-1,4.322,4.30039,tp,0.09152866242038174
BTCUSDT,1720000800000,-1,60600.0,60297.0,tp,0.12120977153991393
NEARUSDT,1720001700000,-1,5.242,5.21579,tp,0.06582150741091108
SOLUSDT,1720003500000,-1,144.963,144.238185,tp,0.05840104372098721
DOGEUSDT,1720004400000,-1,0.12054,0.1199373,tp,0.0900524344569283
FILUSDT,1720004400000,-1,4.231,4.209845,tp,0.076296296296297
XRPUSDT,1720010700000,-1,0.4768,0.474416,tp,0.13932748538011688
SUIUSDT,1720011600000,-1,0.7894,0.785453,tp,0.053496183206107294
ZECUSDT,1720011600000,-1,20.41,20.30795,tp,0.08937293729372828
SUIUSDT,1720032300000,-1,0.7832,0.779284,tp,0.048524386455421314
BNBUSDT,1720035900000,-1,553.57,550.8021500000001,tp,0.06258411082838478
SOLUSDT,1720039500000,-1,140.851,140.146745,tp,0.0526301783187617
NEARUSDT,1720054800000,-1,5.011,4.985945,tp,0.05675446049277855
XRPUSDT,1720056600000,-1,0.4642,0.461879,tp,0.08287756925826699
SOLUSDT,1720056600000,-1,139.107,138.411465,tp,0.06045932743670994
ETHUSDT,1720073700000,-1,3228.0,3211.86,tp,0.07827562027060754
FILUSDT,1720074600000,-1,4.006,3.98597,tp,0.05466666666666724
ZECUSDT,1720081800000,-1,19.71,19.61145,tp,0.04486301369862984
DOGEUSDT,1720083600000,-1,0.11152,0.11096239999999999,tp,0.044833788016571174
ZECUSDT,1720095300000,-1,19.45,19.35275,tp,0.048744423199489566
SUIUSDT,1720097100000,-1,0.7221,0.7184895,tp,0.05363805276848704
FILUSDT,1720099800000,-1,3.844,3.8247799999999996,tp,0.054700854700855436
ETHUSDT,1720101600000,-1,3123.0,3107.3849999999998,tp,0.06506345563345681
BNBUSDT,1720102500000,-1,520.9,518.2955,tp,0.0675568608255844
XRPUSDT,1720116900000,-1,0.4393,0.43710350000000003,tp,0.06624434389140235
SOLUSDT,1720134000000,-1,132.063,131.402685,tp,0.046411925854769075
NEARUSDT,1720134900000,-1,4.728,4.704359999999999,tp,0.04284736481861795
SUIUSDT,1720136700000,-1,0.6894,0.685953,tp,0.052689655172413474
DOGEUSDT,1720137600000,-1,0.10532,0.1047934,tp,0.0560845711227087
BNBUSDT,1720139400000,-1,511.23,508.67385,tp,0.08194471231115423
ETHUSDT,1720142100000,-1,3088.05,3072.60975,tp,0.08840185409109293
XRPUSDT,1720147500000,-1,0.4171,0.4150145,tp,0.046560491757474634
ETHUSDT,1720328400000,-1,3034.73,3019.55635,tp,0.12245392088617289
SOLUSDT,1720334700000,-1,140.28,139.5786,tp,0.06773523214415553
XRPUSDT,1720335600000,-1,0.4408,0.43859600000000004,tp,0.12310272536687532
BTCUSDT,1720335600000,-1,57698.1,57409.6095,tp,0.12384544242267775
DOGEUSDT,1720336500000,-1,0.11029,0.10973855,tp,0.06296423462088636
NEARUSDT,1720337400000,-1,4.7,4.6765,tp,0.06503118503118582
FILUSDT,1720357200000,-1,3.827,3.807865,tp,0.05630610743193489
XRPUSDT,1720358100000,-1,0.4342,0.432029,tp,0.10414414414414291
SUIUSDT,1720359900000,-1,0.6725,0.6691374999999999,tp,0.05057185854025664
DOGEUSDT,1720392300000,-1,0.10501,0.10448495000000001,tp,0.05194392755241276
ETHUSDT,1720392300000,-1,2954.08,2939.3096,tp,0.0943069159988119
FILUSDT,1720392300000,-1,3.66,3.6417,tp,0.050851735015772795
BTCUSDT,1720393200000,-1,56555.1,56272.324499999995,tp,0.11209243668157247
SUIUSDT,1720393200000,-1,0.6439,0.6406805,tp,0.050635201573255365
SOLUSDT,1720395000000,-1,133.518,132.85041,tp,0.059061320545267984
BNBUSDT,1720395000000,-1,493.75,491.28125,tp,0.08012718600953886
NEARUSDT,1720395000000,-1,4.43,4.40785,tp,0.05031080695751305
XRPUSDT,1720395900000,-1,0.4207,0.41859650000000004,tp,0.08378674638764208
ZECUSDT,1720398600000,-1,18.54,18.4473,tp,0.05377001455604116
NEARUSDT,1720538100000,-1,4.42,4.3979,tp,0.04366245978718141
DOGEUSDT,1720572300000,-1,0.10652,0.10598740000000001,tp,0.08969467256264371
BTCUSDT,1720642500000,-1,57414.0,57126.93,tp,0.09469692280393341
DOGEUSDT,1720643400000,-1,0.1079,0.1073605,tp,0.06951781970649872
ETHUSDT,1720701000000,-1,3034.58,3187.0596877102707,stop,-1.0198564592359205
NEARUSDT,1720701000000,-1,4.578,4.937556421514819,stop,-1.0130457372466803
SOLUSDT,1720711800000,-1,140.118,139.41741,tp,0.07950741435145803
SOLUSDT,1720727100000,-1,137.282,136.59559000000002,tp,0.05515228477555324
ETHUSDT,1720746900000,-1,3095.51,3080.03245,tp,0.06556729912135514
DOGEUSDT,1720747800000,-1,0.10607,0.10553965,tp,0.08469742360695012
BTCUSDT,1720755000000,-1,57118.0,56832.409999999996,tp,0.11363650860093041
FILUSDT,1720757700000,-1,4.023,4.002885,tp,0.04662605163910576
BNBUSDT,1720757700000,-1,522.5,519.8875,tp,0.09800924615529599
XRPUSDT,1720763100000,-1,0.4334,0.45596874422365985,stop,-1.0191933721575144
NEARUSDT,1720764900000,-1,4.866,4.84167,tp,0.043357892386693436
SOLUSDT,1720769400000,-1,135.37,134.69315,tp,0.06482423022065636
ZECUSDT,1720777500000,-1,23.58,23.4621,tp,0.051136487221315446
NEARUSDT,1720781100000,-1,4.796,4.77202,tp,0.047401887729756474
BNBUSDT,1720893600000,-1,531.95,529.29025,tp,0.14832461098318683
SUIUSDT,1720933200000,-1,0.7458,0.7866290159967738,stop,-1.018303100061388
BNBUSDT,1720944900000,-1,528.73,540.2369084574336,stop,-1.0446014726660102
FILUSDT,1720958400000,-1,4.238,4.216810000000001,tp,0.07259640102827722
DOGEUSDT,1720966500000,-1,0.11186,0.1113007,tp,0.09316645807259047
NEARUSDT,1720966500000,-1,5.277,5.250615,tp,0.06364734299516975
XRPUSDT,1721147400000,-1,0.5154,0.5887642344265477,stop,-1.0076239604635309
NEARUSDT,1721215800000,-1,6.143,6.112285,tp,0.05862266857962668
BNBUSDT,1721232000000,-1,574.03,571.15985,tp,0.11194147768836757
ETHUSDT,1721232900000,-1,3436.21,3419.02895,tp,0.09293790697202768
BTCUSDT,1721233800000,-1,64489.5,64167.0525,tp,0.08749326347051099
SUIUSDT,1721257200000,-1,0.8529,0.8486355,tp,0.04326822417975236
NEARUSDT,1721298600000,-1,6.038,6.00781,tp,0.045799086757991186
DOGEUSDT,1721454300000,1,0.126,0.12663,tp,0.07958372753074629
XRPUSDT,1721454300000,1,0.5863,0.5892315,tp,0.0628434504792327
SUIUSDT,1721457000000,1,0.8646,0.8689229999999999,tp,0.07981545559399948
DOGEUSDT,1721487600000,1,0.12963,0.13027814999999998,tp,0.06513496547394702
BNBUSDT,1721493000000,1,593.22,596.1861,tp,0.15507865021865344
BTCUSDT,1721494800000,1,66850.0,67184.25,tp,0.23510082098342322
ETHUSDT,1721501100000,1,3516.86,3534.4442999999997,tp,0.15130384467017707
XRPUSDT,1721539800000,1,0.5981,0.6010904999999999,tp,0.08076535750251494
ZECUSDT,1721556900000,1,30.69,30.843449999999997,tp,0.06367389060887332
BNBUSDT,1721575800000,1,597.86,600.8493,tp,0.20517663159695124
SOLUSDT,1721577600000,1,175.305,176.181525,tp,0.09166575299553473
ZECUSDT,1721579400000,1,32.19,32.35095,tp,0.03807002059429238
SUIUSDT,1721584800000,1,0.8886,0.8196543123805239,stop,-1.0112939855072458
FILUSDT,1721592900000,1,4.712,4.7355599999999995,tp,0.07571084337349326
BTCUSDT,1721592900000,1,67498.0,67835.48999999999,tp,0.15977734002969246
XRPUSDT,1721594700000,1,0.5932,0.5961659999999999,tp,0.05502425502425347
ETHUSDT,1721599200000,1,3515.75,3533.3287499999997,tp,0.1451393188854456
NEARUSDT,1721606400000,1,6.327,6.358635,tp,0.04472368884195658
SUIUSDT,1721606400000,1,0.8558,0.8600789999999999,tp,0.053401933270968774
XRPUSDT,1721642400000,1,0.6027,0.6057134999999999,tp,0.07208594449417859
SOLUSDT,1721677500000,1,181.837,182.74618499999997,tp,0.05859349082886317
NEARUSDT,1721808000000,1,5.803,5.832014999999999,tp,0.07136893799877056
DOGEUSDT,1721808000000,1,0.13187,0.13252934999999996,tp,0.07644946423399689
XRPUSDT,1721816100000,1,0.6189,0.6219944999999999,tp,0.04912322274881335
SOLUSDT,1721827800000,1,177.662,178.55031,tp,0.08236894869209369
SUIUSDT,1721832300000,1,0.8199,0.8239994999999999,tp,0.08470952749806178
FILUSDT,1721847600000,1,4.801,4.315635964456455,stop,-1.0084469673605765
BNBUSDT,1721869200000,1,586.09,566.2896283841416,stop,-1.0271699520292883
BTCUSDT,1721869200000,1,67932.2,64821.76423588758,stop,-1.0197980864078902
SOLUSDT,1721902500000,1,181.988,167.43854383279847,stop,-1.0109328221490324
ZECUSDT,1721910600000,1,30.35,30.501749999999998,tp,0.07604752970606449
BNBUSDT,1721930400000,1,567.55,570.3877499999999,tp,0.08969352290679025
BNBUSDT,1721946600000,1,570.56,573.4127999999998,tp,0.0799411641101042
DOGEUSDT,1721952000000,1,0.12518,0.1258059,tp,0.05763218390804454
SUIUSDT,1721955600000,1,0.7519,0.7556594999999999,tp,0.05350399999999883
FILUSDT,1721955600000,1,4.198,4.21899,tp,0.06879606879606712
SOLUSDT,1721955600000,1,172.842,173.70621,tp,0.052297951751700905
NEARUSDT,1721957400000,1,5.464,5.49132,tp,0.04382441371016162
BTCUSDT,1721960100000,1,66282.0,66613.40999999999,tp,0.10392410663596796
BNBUSDT,1721962800000,1,575.16,578.0357999999999,tp,0.10468166325834702
SOLUSDT,1721982600000,1,176.886,177.77042999999998,tp,0.06458239813141955
FILUSDT,1721985300000,1,4.394,4.41597,tp,0.08533721494420103
NEARUSDT,1722001500000,1,5.658,5.68629,tp,0.057422628107558105
SOLUSDT,1722005100000,1,179.998,180.89798999999996,tp,0.08387172333023103
FILUSDT,1722006000000,1,4.423,4.4451149999999995,tp,0.08509125840537772
DOGEUSDT,1722011400000,1,0.13035,0.13100174999999997,tp,0.09425785482123258
BTCUSDT,1722021300000,1,67470.4,67807.752,tp,0.1776730303986528
ETHUSDT,1722022200000,1,3262.27,3278.5813499999995,tp,0.09545058861332326
DOGEUSDT,1722029400000,1,0.13358,0.1342479,tp,0.06954410435231811
BNBUSDT,1722051000000,1,580.93,583.8346499999999,tp,0.14607167513964425
SOLUSDT,1722056400000,1,183.682,184.60040999999998,tp,0.10705303889907196
NEARUSDT,1722065400000,1,5.791,5.819954999999999,tp,0.061213080168774234
SOLUSDT,1722069900000,1,186.283,187.21441499999997,tp,0.09847699671664137
DOGEUSDT,1722073500000,1,0.135,0.135675,tp,0.10625810253388046
BTCUSDT,1722085200000,1,68222.8,68563.91399999999,tp,0.25816885155968544
BNBUSDT,1722085200000,1,586.6,589.533,tp,0.19329877396527503
XRPUSDT,1722087000000,1,0.6031,0.6061154999999999,tp,0.08095046854082869
DOGEUSDT,1722087900000,1,0.13589,0.13656945,tp,0.10130208333333325
SUIUSDT,1722087900000,1,0.7905,0.7944524999999999,tp,0.07082494969818728
XRPUSDT,1722155400000,1,0.6027,0.6057134999999999,tp,0.09214203894615905
NEARUSDT,1722178800000,1,5.891,5.43514880952381,stop,-1.0113269230769226
ZECUSDT,1722180600000,1,32.57,32.73285,tp,0.06070566388115076
ETHUSDT,1722211200000,1,3268.77,3285.1138499999997,tp,0.1396896592231849
BTCUSDT,1722211200000,1,68093.4,68433.86699999998,tp,0.1820386490831286
BNBUSDT,1722212100000,1,584.95,587.87475,tp,0.21635506241330799
SOLUSDT,1722212100000,1,187.347,188.28373499999998,tp,0.08904507583849355
XRPUSDT,1722222000000,1,0.6053,0.6083264999999999,tp,0.13849315068492815
ETHUSDT,1722233700000,1,3366.0,3382.8299999999995,tp,0.10315216974989176
ZECUSDT,1722255300000,1,32.5,32.662499999999994,tp,0.06849631966350966
DOGEUSDT,1722358800000,1,0.13486,0.1260108432150004,stop,-1.0135278766059566
FILUSDT,1722366900000,1,4.699,4.287687659438776,stop,-1.0099031876138442
ETHUSDT,1722369600000,1,3389.21,3238.9863206614473,stop,-1.0204830358181654
BNBUSDT,1722377700000,1,576.36,579.2417999999999,tp,0.14953379953379217
NEARUSDT,1722502800000,1,5.052,5.077259999999999,tp,0.05537872573147258
FILUSDT,1722529800000,1,4.25,3.9582968092566606,stop,-1.0128911238825038
BTCUSDT,1722549600000,1,64927.2,65251.83599999999,tp,0.07082002008212256
ETHUSDT,1722632400000,1,3206.91,2973.8486338775447,stop,-1.0121219413117974
BNBUSDT,1722645000000,1,575.39,536.3165319129542,stop,-1.0130395567698858
XRPUSDT,1722668400000,1,0.5726,0.575463,tp,0.050613686534215545
ZECUSDT,1722693600000,1,33.55,33.717749999999995,tp,0.03669350509930182
ETHUSDT,1722705300000,1,3004.46,2905.8762030165076,stop,-1.028002394686906
BTCUSDT,1722709800000,1,61986.3,60231.05819374726,stop,-1.0325992151509982
DOGEUSDT,1722781800000,1,0.1138,0.10445712971078001,stop,-1.0106213904456893
ETHUSDT,1722819600000,-1,2613.3,2600.2335000000003,tp,0.033408444205183206
BTCUSDT,1722819600000,-1,57040.0,56754.8,tp,0.04793939470802789
NEARUSDT,1722820500000,-1,3.985,3.9650749999999997,tp,0.026440565253533076
SOLUSDT,1722821400000,-1,129.81,129.16095,tp,0.021632065464463925
ZECUSDT,1722831300000,-1,27.64,27.5018,tp,0.01830925095499102
SOLUSDT,1722836700000,-1,119.0,118.405,tp,0.013717436941146983
BNBUSDT,1722839400000,-1,425.83,423.70085,tp,0.01872172928280048
XRPUSDT,1722840300000,-1,0.4497,0.4474515,tp,0.017551342812006227
SUIUSDT,1722840300000,-1,0.4927,0.4902365,tp,0.015117696997761863
FILUSDT,1722840300000,-1,3.008,2.99296,tp,0.014477039237529339
DOGEUSDT,1722844800000,-1,0.08788,0.0874406,tp,0.013725345470947845
NEARUSDT,1722846600000,-1,3.4,3.383,tp,0.01225255972696239
BTCUSDT,1722851100000,-1,52222.0,51960.89,tp,0.024508432939186434
SUIUSDT,1722861000000,-1,0.472,0.46963999999999995,tp,0.016829836829837037
BNBUSDT,1723084200000,1,488.42,490.86209999999994,tp,0.05319723447111827
SUIUSDT,1723086900000,1,0.6402,0.6434009999999999,tp,0.03262032085561391
ETHUSDT,1723120200000,1,2456.09,2468.37045,tp,0.04299436656622463
FILUSDT,1723120200000,1,3.54,3.5576999999999996,tp,0.048119484046163244
SUIUSDT,1723122900000,1,0.6608,0.664104,tp,0.04576464489372694
SOLUSDT,1723122900000,1,156.448,157.23023999999998,tp,0.05278194855202328
BTCUSDT,1723126500000,1,57688.8,57977.244,tp,0.09550869568795814
BNBUSDT,1723127400000,1,491.77,494.2288499999999,tp,0.09969342844133854
SUIUSDT,1723140900000,1,0.72,0.7235999999999999,tp,0.03316298342541381
ZECUSDT,1723143600000,1,34.0,34.169999999999995,tp,0.0445747800586496
XRPUSDT,1723143600000,1,0.6271,0.6302355,tp,0.04065372168284731
ETHUSDT,1723156200000,1,2630.99,2644.1449499999994,tp,0.05124066901579218
DOGEUSDT,1723157100000,-1,0.08101,0.10706609685993324,stop,-1.0039036081483617
FILUSDT,1723157100000,1,3.793,3.811965,tp,0.04919093851132603
SUIUSDT,1723157100000,1,0.796,0.7999799999999999,tp,0.02870964841291158
BNBUSDT,1723163400000,1,514.9,517.4744999999999,tp,0.07405077734987703
ZECUSDT,1723175100000,1,36.48,36.66239999999999,tp,0.03552332608170069
SUIUSDT,1723211100000,1,0.8534,0.857667,tp,0.04569823434991875
ZECUSDT,1723219200000,1,38.64,38.8332,tp,0.0335107073329003
ZECUSDT,1723249800000,1,40.5,40.70249999999999,tp,0.03804855275443386
XRPUSDT,1723261500000,1,0.5871,0.5900354999999999,tp,0.06820202020201983
SUIUSDT,1723272300000,1,0.8797,0.8840984999999999,tp,0.040004533605348336
BNBUSDT,1723302000000,1,514.75,517.3237499999999,tp,0.17827186147185403
DOGEUSDT,1723311900000,1,0.10479,0.10531394999999999,tp,0.1064840182648398
BNBUSDT,1723314600000,1,518.47,521.0623499999999,tp,0.15033384024910773
NEARUSDT,1723314600000,-1,3.122,4.232672539785645,stop,-1.0036203640305834
FILUSDT,1723324500000,1,3.798,3.8169899999999997,tp,0.09296636085626717
BTCUSDT,1723365900000,1,61082.0,61387.409999999996,tp,0.15892203341331984
SOLUSDT,1723600800000,-1,144.566,143.84317000000001,tp,0.07108627813752574
ZECUSDT,1723641300000,-1,43.14,42.9243,tp,0.051644204851751606
SUIUSDT,1723644000000,-1,0.912,0.90744,tp,0.039929939792008845
XRPUSDT,1723661100000,-1,0.5709,0.5680455,tp,0.08069577564785194
SOLUSDT,1723700700000,-1,143.521,142.803395,tp,0.06050774308199998
BNBUSDT,1723700700000,-1,521.82,519.2109,tp,0.10329707445487624
BTCUSDT,1723702500000,-1,58367.2,58075.363999999994,tp,0.10590333151283551
NEARUSDT,1723702500000,-1,4.104,4.08348,tp,0.07085170773886855
ZECUSDT,1723711500000,-1,42.12,41.9094,tp,0.08119980648282497
SUIUSDT,1723713300000,-1,0.8868,0.882366,tp,0.03905674931129517
SUIUSDT,1723735800000,-1,0.8733,0.8689334999999999,tp,0.03705644302449457
ETHUSDT,1723744800000,-1,2607.01,2593.9749500000003,tp,0.08734361870189261
XRPUSDT,1723748400000,-1,0.5619,0.5590904999999999,tp,0.08781065088757457
BNBUSDT,1723751100000,-1,514.06,511.48969999999997,tp,0.07676658807679242
NEARUSDT,1723815900000,-1,3.95,3.93025,tp,0.07699558173785065
FILUSDT,1723815900000,-1,3.486,3.46857,tp,0.10028860028860077
SOLUSDT,1723815900000,-1,140.673,139.969635,tp,0.08175388062089826
DOGEUSDT,1723817700000,-1,0.09932,0.0988234,tp,0.10354363827549923
XRPUSDT,1723821300000,-1,0.5578,0.5550109999999999,tp,0.1191025641025665
BNBUSDT,1723822200000,-1,514.09,511.51955000000004,tp,0.12892676767676636
SUIUSDT,1723865400000,-1,0.8057,0.8016715,tp,0.03760803550572285
SUIUSDT,1723980600000,-1,0.8234,0.819283,tp,0.04955736224028958
ZECUSDT,1723982400000,-1,43.27,43.053650000000005,tp,0.10116959064327408
ETHUSDT,1723985100000,-1,2598.54,2686.827381042703,stop,-1.028911108041089
NEARUSDT,1724024700000,-1,3.937,3.917315,tp,0.09072664359861558
ZECUSDT,1724058900000,-1,42.19,41.97905,tp,0.07307155322862048
SOLUSDT,1724066100000,-1,141.479,140.77160500000002,tp,0.09072796934865815
DOGEUSDT,1724066100000,-1,0.09937,0.09887314999999999,tp,0.11970988213962185
SUIUSDT,1724095800000,-1,0.8133,0.8956274528534452,stop,-1.0103349010654488
NEARUSDT,1724113800000,-1,3.855,4.093933861746362,stop,-1.0162774633123703
FILUSDT,1724115600000,-1,3.523,3.6812949318569,stop,-1.0220931279620846
ETHUSDT,1724160600000,-1,2637.12,2623.9344,tp,0.13277802973040892
FILUSDT,1724166000000,-1,3.623,3.6048850000000003,tp,0.10134453781512537
SUIUSDT,1724166000000,-1,0.8748,0.870426,tp,0.05596779388083723
BNBUSDT,1724167800000,-1,565.17,562.34415,tp,0.0980912501090441
DOGEUSDT,1724169600000,-1,0.10235,0.10183824999999999,tp,0.07036003445305831
BNBUSDT,1724227200000,-1,561.0,558.195,tp,0.11268927405174356
SUIUSDT,1724227200000,-1,0.8655,0.8611725,tp,0.07523622904419842
SOLUSDT,1724242500000,-1,141.453,140.745735,tp,0.11963348569493865
BNBUSDT,1724247000000,-1,551.65,548.89175,tp,0.11315259806941784
SUIUSDT,1724248800000,-1,0.846,0.84177,tp,0.0635097704420408
ZECUSDT,1724275800000,-1,41.23,41.023849999999996,tp,0.07171453437772025
SUIUSDT,1724331600000,-1,0.8436,0.839382,tp,0.06826342451874443
ETHUSDT,1724390100000,-1,2563.59,2675.0334887277195,stop,-1.022803322502766
DOGEUSDT,1724417100000,-1,0.10259,0.10801239970717424,stop,-1.018923684210526
BTCUSDT,1724436000000,-1,60270.1,63166.85577953794,stop,-1.02071576534496
XRPUSDT,1724505300000,-1,0.5913,0.6190077630907854,stop,-1.0212235600907016
ZECUSDT,1724548500000,-1,42.56,42.3472,tp,0.05894663894663936
SUIUSDT,1724548500000,-1,1.0017,0.9966915000000001,tp,0.04665734917307218
FILUSDT,1724557500000,-1,4.165,4.144175,tp,0.06010144927536324
DOGEUSDT,1724565600000,-1,0.11067,0.11011665000000001,tp,0.05914281875587754
NEARUSDT,1724569200000,-1,4.914,4.88943,tp,0.040708776318531995
SOLUSDT,1724571000000,-1,157.22,156.4339,tp,0.08900865560909103
SUIUSDT,1724571000000,-1,0.9759,0.9710205,tp,0.0532074955546441
FILUSDT,1724577300000,-1,4.128,4.10736,tp,0.06759075907590824
ZECUSDT,1724589900000,-1,40.8,40.596,tp,0.05865225225225252
ZECUSDT,1724606100000,-1,40.29,40.08855,tp,0.06489104116222798
SUIUSDT,1724637600000,-1,0.9886,0.983657,tp,0.05543652467313386
DOGEUSDT,1724637600000,-1,0.10895,0.10840525000000001,tp,0.08324923547400567
ETHUSDT,1724638500000,-1,2744.73,2731.00635,tp,0.1372887121382631
BNBUSDT,1724638500000,-1,570.65,567.79675,tp,0.13252729384436718
FILUSDT,1724643000000,-1,4.121,4.100395000000001,tp,0.07533516988062365
XRPUSDT,1724654700000,-1,0.5968,0.593816,tp,0.12477237048665656
SUIUSDT,1724663700000,-1,0.9717,0.9668415,tp,0.05773024361259636
BTCUSDT,1724664600000,-1,63711.2,63392.644,tp,0.12521559666838517
BNBUSDT,1724664600000,-1,561.85,559.04075,tp,0.10889211980226891
DOGEUSDT,1724679000000,-1,0.1077,0.1071615,tp,0.08604016064256999
SUIUSDT,1724679000000,-1,0.9582,0.9534090000000001,tp,0.05541684853775632
XRPUSDT,1724681700000,-1,0.591,0.5880449999999999,tp,0.1139941690962117
SOLUSDT,1724681700000,-1,158.092,157.30154000000002,tp,0.07778032064769337
FILUSDT,1724691600000,-1,4.011,3.990945,tp,0.061100917431193176
ZECUSDT,1724693400000,-1,39.57,39.37215,tp,0.07705882352941285
BNBUSDT,1724694300000,-1,558.03,555.2398499999999,tp,0.10485834158299266
NEARUSDT,1724694300000,-1,4.792,4.76804,tp,0.04581417624521028
XRPUSDT,1724697900000,-1,0.5846,0.581677,tp,0.08449746926970375
ETHUSDT,1724700600000,-1,2700.62,2687.1169,tp,0.09544676553447035
SUIUSDT,1724706000000,-1,0.9401,0.9353995,tp,0.04021893110109461
ZECUSDT,1724711400000,-1,37.14,36.9543,tp,0.03929656274979951
BTCUSDT,1724719500000,-1,63032.0,62716.84,tp,0.09795886291398825
ZECUSDT,1724748300000,-1,36.4,36.217999999999996,tp,0.06830508474576383
SUIUSDT,1724749200000,-1,0.9259,0.9212705,tp,0.04704354469060313
BTCUSDT,1724753700000,-1,62618.0,62304.909999999996,tp,0.18303569862293084
NEARUSDT,1724759100000,-1,4.756,4.73222,tp,0.05481224725592221
DOGEUSDT,1724760000000,-1,0.10435,0.10382825,tp,0.09995203836930458
FILUSDT,1724760000000,-1,3.908,3.88846,tp,0.05130434782608723
ETHUSDT,1724769900000,-1,2602.03,2589.01985,tp,0.08234578252641216
BTCUSDT,1724770800000,-1,62091.5,61781.0425,tp,0.1270398538452839
ETHUSDT,1724794200000,-1,2556.0,2543.22,tp,0.07298597423372614
BNBUSDT,1724794200000,-1,546.52,543.7873999999999,tp,0.08011600587371627
FILUSDT,1724797800000,-1,3.739,3.7203049999999998,tp,0.04361803084223045
ZECUSDT,1724808600000,-1,35.41,35.232949999999995,tp,0.045704939483153795
SUIUSDT,1724811300000,-1,0.8305,0.8263475,tp,0.035061414654807325
NEARUSDT,1724835600000,-1,4.426,4.40387,tp,0.049994321408290264
ZECUSDT,1724844600000,-1,34.06,33.889700000000005,tp,0.06202185792349639
SOLUSDT,1724856300000,-1,145.0,144.275,tp,0.0750129653518884
SUIUSDT,1724859000000,-1,0.8109,0.8068455,tp,0.03633299629255098
ZECUSDT,1724860800000,-1,33.1,32.9345,tp,0.044911564625850865
FILUSDT,1724867100000,-1,3.63,3.61185,tp,0.04401103955841735
NEARUSDT,1724868000000,-1,4.321,4.299395,tp,0.03491400491400503
XRPUSDT,1724957100000,-1,0.5631,0.5602845000000001,tp,0.06650118203309636
ETHUSDT,1724960700000,-1,2536.16,2523.4791999999998,tp,0.07906426146742287
FILUSDT,1724960700000,-1,3.657,3.638715,tp,0.06403162055336013
NEARUSDT,1725024600000,-1,4.18,4.1591,tp,0.044391281233386884
ZECUSDT,1725028200000,-1,32.95,32.785250000000005,tp,0.08376590330788719
SOLUSDT,1725028200000,-1,137.952,137.26224,tp,0.07980034722222265
XRPUSDT,1725030000000,-1,0.5577,0.5549115,tp,0.11545878693623497
BNBUSDT,1725030000000,-1,530.25,527.59875,tp,0.07097065158858347
BTCUSDT,1725030000000,-1,58400.0,58108.0,tp,0.07454400347328624
DOGEUSDT,1725030900000,-1,0.09933,0.09883335,tp,0.07571865443425085
FILUSDT,1725111900000,-1,3.599,3.581005,tp,0.13621212121212076
NEARUSDT,1725117300000,-1,4.069,4.048655,tp,0.10552529182879322
ZECUSDT,1725117300000,-1,32.73,32.56635,tp,0.09951293759512748
SUIUSDT,1725122700000,-1,0.8065,0.8024675,tp,0.08184083396898059
BNBUSDT,1725124500000,-1,534.13,531.45935,tp,0.1936907029478475
FILUSDT,1725126300000,-1,3.552,3.53424,tp,0.09502347417840384
DOGEUSDT,1725156000000,-1,0.1005,0.0999975,tp,0.15500000000000125
XRPUSDT,1725156000000,-1,0.5633,0.5604835,tp,0.1533742331288345
BTCUSDT,1725156000000,-1,58930.8,58636.146,tp,0.3439111695521978
ZECUSDT,1725157800000,-1,31.96,31.8002,tp,0.07871842267406069
ETHUSDT,1725163200000,-1,2490.62,2478.1668999999997,tp,0.15316752350516583
BNBUSDT,1725167700000,-1,526.56,523.9272,tp,0.17163196995672841
FILUSDT,1725167700000,-1,3.526,3.5083699999999998,tp,0.1090852713178293
NEARUSDT,1725168600000,-1,3.973,3.953135,tp,0.0932159624413136
SOLUSDT,1725169500000,-1,132.779,132.115105,tp,0.09603998044434771
BTCUSDT,1725187500000,-1,58165.2,57874.373999999996,tp,0.16439333064064687
FILUSDT,1725197400000,-1,3.446,3.42877,tp,0.07892325315005759
DOGEUSDT,1725199200000,-1,0.0984,0.097908,tp,0.11335061941803652
ETHUSDT,1725199200000,-1,2457.5,2445.2125,tp,0.13720979587277746
ZECUSDT,1725219000000,-1,30.98,30.8251,tp,0.05755960729312818
BTCUSDT,1725228900000,-1,57651.0,57362.745,tp,0.12759773559773382
BNBUSDT,1725229800000,-1,513.34,510.7733,tp,0.11759848615172963
SUIUSDT,1725229800000,-1,0.7779,0.7740105,tp,0.06092102684695253
NEARUSDT,1725231600000,-1,3.892,3.87254,tp,0.04480553154710464
XRPUSDT,1725231600000,-1,0.5499,0.5471505000000001,tp,0.0998817644383796
FILUSDT,1725231600000,-1,3.371,3.354145,tp,0.048014260249554526
SOLUSDT,1725232500000,-1,130.0,129.35,tp,0.046897692468486525
NEARUSDT,1725460200000,1,3.789,3.8079449999999997,tp,0.06231527093595911
ZECUSDT,1725460200000,1,29.39,29.536949999999997,tp,0.06623873873873744
XRPUSDT,1725462000000,1,0.5567,0.5594834999999999,tp,0.09982078853046374
DOGEUSDT,1725462000000,1,0.0969,0.09738449999999998,tp,0.06992608617270382
SUIUSDT,1725462900000,1,0.8142,0.818271,tp,0.03257887926744254
ETHUSDT,1725635700000,1,2463.75,2300.4065727383354,stop,-1.013379088958386
BNBUSDT,1725648300000,1,513.26,478.6450173844446,stop,-1.013136299144374
FILUSDT,1725655500000,1,3.44,3.1530842745438745,stop,-1.0104401041666669
ZECUSDT,1725799500000,-1,27.56,27.4222,tp,0.07376344086021434
SOLUSDT,1725808500000,-1,127.725,127.08637499999999,tp,0.08400006583386838
BTCUSDT,1725810300000,-1,53969.0,53699.155,tp,0.1454697640565294
ETHUSDT,1725810300000,-1,2265.3,2253.9735,tp,0.11457642585551513
XRPUSDT,1725810300000,-1,0.5249,0.5222755,tp,0.1548082595870231
FILUSDT,1725812100000,-1,3.336,3.31932,tp,0.09592512598992077
DOGEUSDT,1725812100000,-1,0.09457,0.09409715,tp,0.10721227621483276
NEARUSDT,1725812100000,-1,3.666,3.6476699999999997,tp,0.06438296003513447
BNBUSDT,1725842700000,-1,491.2,507.64133887124365,stop,-1.029332116788322
SUIUSDT,1725855300000,-1,0.9171,0.9125145,tp,0.051800961266610324
SUIUSDT,1725894000000,-1,0.9027,0.8981864999999999,tp,0.05288535219569781
SOLUSDT,1725915600000,-1,127.432,135.47525230691843,stop,-1.0160011752436084
ZECUSDT,1726018200000,-1,30.07,29.91965,tp,0.06740740740740726
XRPUSDT,1726023600000,-1,0.5351,0.5324245,tp,0.13700000000000256
DOGEUSDT,1726027200000,-1,0.1012,0.10069399999999999,tp,0.09905882352941363
NEARUSDT,1726028100000,-1,3.971,3.951145,tp,0.07143499775078768
SUIUSDT,1726029000000,-1,0.8837,0.8792815,tp,0.06109266943291836
ZECUSDT,1726032600000,-1,29.56,29.4122,tp,0.05954476479514432
ZECUSDT,1726047000000,-1,29.36,29.2132,tp,0.0685881663737547
SOLUSDT,1726049700000,-1,131.005,130.349975,tp,0.0767717262297238
SUIUSDT,1726064100000,-1,0.873,0.868635,tp,0.059141981613890955
NEARUSDT,1726065000000,-1,3.884,3.8645799999999997,tp,0.05975135975136038
XRPUSDT,1726065000000,-1,0.5283,0.5256585,tp,0.1252380952380929
BNBUSDT,1726075800000,-1,509.59,532.181900249045,stop,-1.022378498473493
ZECUSDT,1726148700000,-1,29.5,29.3525,tp,0.10474153297682763
DOGEUSDT,1726148700000,-1,0.10145,0.10094275,tp,0.12046345811051765
BNBUSDT,1726155900000,-1,540.05,537.34975,tp,0.10065630397236476
XRPUSDT,1726202700000,1,0.5665,0.5693324999999999,tp,0.11000485201358268
DOGEUSDT,1726214400000,1,0.1033,0.10381649999999999,tp,0.10503297818366113
SOLUSDT,1726221600000,-1,133.807,133.13796499999998,tp,0.08700262313244539
BNBUSDT,1726231500000,1,547.41,550.1470499999999,tp,0.16982243932697055
ZECUSDT,1726239600000,1,29.94,30.089699999999997,tp,0.10599999999999725
DOGEUSDT,1726240500000,1,0.10664,0.10717319999999998,tp,0.06943823862716324
BTCUSDT,1726240500000,-1,56050.0,58849.62023683455,stop,-1.0199695439007854
ETHUSDT,1726241400000,-1,2281.04,2405.587822264339,stop,-1.0183488429552838
NEARUSDT,1726242300000,1,4.255,4.276274999999999,tp,0.06779769016327931
SOLUSDT,1726258500000,1,137.6,138.28799999999998,tp,0.06964869001986014
BNBUSDT,1726262100000,1,554.24,557.0111999999999,tp,0.08862350119903738
XRPUSDT,1726282800000,1,0.5743,0.5771715,tp,0.15137409598947593
ZECUSDT,1726329600000,1,30.72,30.873599999999996,tp,0.09403348554033324
XRPUSDT,1726351200000,1,0.5943,0.5972715,tp,0.0867030965391592
SUIUSDT,1726359300000,1,1.0614,1.0667069999999998,tp,0.04882016036655164
BNBUSDT,1726402500000,1,553.44,556.2072,tp,0.19648562300318664
FILUSDT,1726434000000,-1,3.51,3.49245,tp,0.06286486486486464
ZECUSDT,1726548300000,1,29.21,29.356049999999996,tp,0.11703703703703365
FILUSDT,1726548300000,1,3.428,3.4451399999999994,tp,0.10352941176470244
DOGEUSDT,1726551000000,1,0.10001,0.10051004999999999,tp,0.12666033554922174
NEARUSDT,1726560000000,1,3.995,4.014975,tp,0.09079796264855514
BTCUSDT,1726560000000,1,58445.6,58737.827999999994,tp,0.15179001074809076
ETHUSDT,1726566300000,1,2305.41,2316.9370499999995,tp,0.14663363349055406
SUIUSDT,1726568100000,1,1.15,1.1557499999999998,tp,0.03752059375254823
SOLUSDT,1726568100000,1,132.16,132.8208,tp,0.10579087080613801
BNBUSDT,1726574400000,1,541.41,544.11705,tp,0.1653826822024194
BTCUSDT,1726581600000,1,59274.4,59570.772,tp,0.15764374235412812
SOLUSDT,1726584300000,1,133.299,133.965495,tp,0.09138833478253403
FILUSDT,1726585200000,1,3.478,3.49539,tp,0.0921428571428559
DOGEUSDT,1726585200000,1,0.10127,0.10177634999999999,tp,0.09936368086147576
XRPUSDT,1726673400000,1,0.5902,0.5646841163026917,stop,-1.0210241556534505
DOGEUSDT,1726682400000,1,0.1015,0.1020075,tp,0.12011830819284063
SUIUSDT,1726694100000,1,1.2693,1.2756465,tp,0.02823568354849304
BNBUSDT,1726700400000,1,550.63,553.3831499999999,tp,0.10589366407075822
SOLUSDT,1726704000000,1,132.996,133.66098,tp,0.05421830892618646
ZECUSDT,1726704000000,1,30.38,30.531899999999997,tp,0.060427223050172944
FILUSDT,1726708500000,1,3.681,3.6994049999999996,tp,0.050437158469944204
ZECUSDT,1726716600000,1,31.21,31.366049999999998,tp,0.06496099843993627
ETHUSDT,1726729200000,1,2412.25,2424.3112499999997,tp,0.088530195992191
SOLUSDT,1726740900000,1,138.684,139.37741999999997,tp,0.07254549967989934
ZECUSDT,1726747200000,1,31.87,32.02935,tp,0.08876826722338219
BTCUSDT,1726747200000,1,62555.0,62867.774999999994,tp,0.15194821582401818
BNBUSDT,1726749000000,1,562.61,565.42305,tp,0.1445349730976161
SOLUSDT,1726758900000,1,141.28,141.98639999999997,tp,0.09607743250126986
XRPUSDT,1726763400000,1,0.5888,0.5917439999999999,tp,0.11808095952023855
DOGEUSDT,1726763400000,1,0.10545,0.10597725,tp,0.091029126213591
BTCUSDT,1726767000000,1,63483.8,63801.219,tp,0.09310205592135229
BNBUSDT,1726767000000,1,567.33,570.16665,tp,0.10909003555299086
ZECUSDT,1726767900000,1,32.04,32.200199999999995,tp,0.07530647985989308
SUIUSDT,1726785900000,1,1.379,1.3858949999999999,tp,0.044586151368759236
BNBUSDT,1726806600000,1,571.74,574.5986999999999,tp,0.11633368918712392
ETHUSDT,1726813800000,1,2546.96,2559.6947999999998,tp,0.09860614503521227
SOLUSDT,1726813800000,1,148.79,149.53394999999998,tp,0.07357809030347728
ZECUSDT,1726814700000,1,32.25,32.411249999999995,tp,0.09644245142002691
NEARUSDT,1726825500000,1,4.485,4.507425,tp,0.0540660660660642
SUIUSDT,1726831800000,1,1.5214,1.529007,tp,0.03453261600537956
DOGEUSDT,1726925400000,1,0.10693,0.10746464999999998,tp,0.08672336978533583
FILUSDT,1726929000000,1,3.827,3.8461349999999994,tp,0.07155929038281761
XRPUSDT,1726937100000,1,0.587,0.5899349999999999,tp,0.22631984585741
SOLUSDT,1726943400000,1,147.875,148.614375,tp,0.12484106962663838
NEARUSDT,1726957800000,1,4.57,4.592849999999999,tp,0.0654506437768215
BNBUSDT,1726960500000,1,587.34,590.2767,tp,0.12582904884318696
ETHUSDT,1726960500000,1,2569.45,2582.2972499999996,tp,0.1197647332867445
DOGEUSDT,1726962300000,1,0.1097,0.1102485,tp,0.11255956956187346
FILUSDT,1727001000000,1,3.869,3.7111657945736436,stop,-1.0223374109263652
SUIUSDT,1727008200000,1,1.5049,1.5124244999999998,tp,0.0544619280159157
SOLUSDT,1727011800000,1,149.355,143.7940637379219,stop,-1.0245649930358964
BTCUSDT,1727060400000,1,63830.1,64149.250499999995,tp,0.13409001751680677
NEARUSDT,1727329500000,1,5.314,5.34057,tp,0.05215686274509726
BTCUSDT,1727345700000,1,63872.1,64191.460499999994,tp,0.20496738947317525
SOLUSDT,1727345700000,1,151.298,152.05449,tp,0.10236859412151383
XRPUSDT,1727346600000,1,0.5872,0.590136,tp,0.14397058823529169
ETHUSDT,1727346600000,1,2620.68,2633.7833999999993,tp,0.12895184693325049
BNBUSDT,1727346600000,1,595.82,598.7991,tp,0.12302992776057407
ZECUSDT,1727346600000,1,29.01,29.15505,tp,0.06928571428571326
NEARUSDT,1727357400000,1,5.6,5.627999999999999,tp,0.04456349206349143
ZECUSDT,1727359200000,1,29.4,29.546999999999997,tp,0.08345364472752907
SOLUSDT,1727361900000,1,153.74,154.5087,tp,0.08035749699911231
BTCUSDT,1727364600000,1,64700.0,65023.49999999999,tp,0.15042436699122366
FILUSDT,1727399700000,1,4.133,4.153664999999999,tp,0.06587017124651294
DOGEUSDT,1727411400000,1,0.11934,0.1199367,tp,0.05473876340406045
SOLUSDT,1727417700000,1,157.2,157.98599999999996,tp,0.08824424053651828
ETHUSDT,1727424900000,1,2659.02,2672.3151,tp,0.12874909407160345
BTCUSDT,1727425800000,1,65433.8,65760.969,tp,0.1620251973961012
ZECUSDT,1727428500000,1,30.82,30.974099999999996,tp,0.08221333333333156
DOGEUSDT,1727430300000,1,0.12371,0.12432854999999998,tp,0.05306964380648435
BNBUSDT,1727439300000,1,608.0,611.04,tp,0.10963923794081702
BTCUSDT,1727447400000,1,65968.1,66297.9405,tp,0.13764556922451282
XRPUSDT,1727447400000,1,0.5941,0.5970705,tp,0.12577777777777713
SOLUSDT,1727448300000,1,159.223,160.019115,tp,0.07041507108587422
DOGEUSDT,1727452800000,1,0.12684,0.12747419999999998,tp,0.047038992312677476
ETHUSDT,1727455500000,1,2698.8,2712.294,tp,0.09442870632672132
ZECUSDT,1727508600000,1,30.86,31.014299999999995,tp,0.09950200803212558
XRPUSDT,1727529300000,1,0.6158,0.618879,tp,0.06121077341240295
SUIUSDT,1727615700000,1,1.7083,1.7168414999999997,tp,0.0654642313546404
SUIUSDT,1727631000000,1,1.83,1.8391499999999998,tp,0.03745798212005012
SOLUSDT,1727639100000,1,157.997,158.786985,tp,0.1387480808878313
DOGEUSDT,1727640000000,1,0.12773,0.12836865,tp,0.07214789726220598
BNBUSDT,1727656200000,1,613.41,587.8524947645253,stop,-1.0218511104617194
BTCUSDT,1727661600000,1,65798.7,64689.32795616551,stop,-1.0553960791601935
FILUSDT,1727665200000,1,4.246,3.9367059957924275,stop,-1.012091636582431
NEARUSDT,1727669700000,1,5.706,5.251638859832637,stop,-1.0109803776683082
NEARUSDT,1727718300000,1,5.404,5.431019999999999,tp,0.04590803136257583
SUIUSDT,1727721000000,1,1.7928,1.8017639999999997,tp,0.04148764148764034
SUIUSDT,1727748900000,1,1.8396,1.8487979999999997,tp,0.03607398799147714
BNBUSDT,1727756100000,1,576.5,579.3824999999999,tp,0.11935857645354535
NEARUSDT,1727766000000,1,5.475,5.502374999999999,tp,0.05101813110181178
XRPUSDT,1727773200000,1,0.6252,0.6283259999999999,tp,0.10661558109833792
DOGEUSDT,1727793000000,1,0.11902,0.1126476703973843,stop,-1.0167937463300063
SOLUSDT,1727794800000,1,157.098,149.69955538999284,stop,-1.0192222264431272
FILUSDT,1727794800000,1,3.926,3.6879356378915205,stop,-1.0147167716535435
ETHUSDT,1727794800000,1,2648.8,2525.6870977094813,stop,-1.0194894499129101
BTCUSDT,1727802900000,1,63899.0,61592.80244978704,stop,-1.0253721379254328
ZECUSDT,1727802900000,1,28.45,26.505117228661746,stop,-1.0129467244701347
ETHUSDT,1728006300000,1,2365.0,2376.825,tp,0.11303891769473606
ZECUSDT,1728006300000,1,25.75,25.878749999999997,tp,0.08319612590798812
FILUSDT,1728007200000,1,3.585,3.6029249999999995,tp,0.07080256031511384
DOGEUSDT,1728018000000,1,0.10686,0.10739429999999998,tp,0.07520252498684755
SOLUSDT,1728027900000,1,138.626,139.31913,tp,0.0753753558357051
ZECUSDT,1728028800000,1,26.24,26.371199999999995,tp,0.08254117647058586
ETHUSDT,1728029700000,1,2380.0,2391.8999999999996,tp,0.11852581563988396
BNBUSDT,1728030600000,1,550.34,553.0917,tp,0.13931043208704555
DOGEUSDT,1728045000000,1,0.1088,0.10934399999999998,tp,0.08348293057153644
BTCUSDT,1728045000000,1,61355.8,61662.579,tp,0.14872163961638651
SOLUSDT,1728047700000,1,141.164,141.86981999999998,tp,0.07911311411561622
NEARUSDT,1728047700000,1,4.761,4.7848049999999995,tp,0.05408975444538388
ZECUSDT,1728054000000,1,26.61,26.743049999999997,tp,0.08323232323232145
NEARUSDT,1728061200000,1,4.807,4.831035,tp,0.0415178956446737
SOLUSDT,1728066600000,1,142.598,143.31099,tp,0.055583670224625625
BTCUSDT,1728067500000,1,61985.0,62294.924999999996,tp,0.09664206799802458
BNBUSDT,1728068400000,1,554.93,557.7046499999999,tp,0.15010935601457645
BNBUSDT,1728110700000,1,557.97,560.7598499999999,tp,0.19084786324785277
ZECUSDT,1728118800000,1,27.0,27.134999999999998,tp,0.1177777777777761
FILUSDT,1728122400000,1,3.654,3.6722699999999997,tp,0.1413333333333323
ZECUSDT,1728188100000,1,28.14,28.280699999999996,tp,0.07284237726097952
SOLUSDT,1728216000000,1,143.644,144.36221999999998,tp,0.13767428489290814
ZECUSDT,1728216000000,1,28.81,28.954049999999995,tp,0.05507163323782111
NEARUSDT,1728219600000,1,4.807,4.831035,tp,0.07059340659340535
ETHUSDT,1728219600000,1,2421.99,2434.0999499999994,tp,0.21764269829502716
BNBUSDT,1728225900000,1,564.88,567.7044,tp,0.17562393162393025
BTCUSDT,1728225900000,1,62298.2,62609.69099999999,tp,0.34301914316776977
DOGEUSDT,1728225900000,1,0.11034,0.11089169999999998,tp,0.12678141135972204
XRPUSDT,1728229500000,1,0.5338,0.536469,tp,0.17536945812807234
FILUSDT,1728230400000,1,3.682,3.7004099999999998,tp,0.12863359442993794
SUIUSDT,1728239400000,1,1.7984,1.8073919999999999,tp,0.030853149237193882
NEARUSDT,1728259200000,1,4.939,4.9636949999999995,tp,0.06867845993756373
SOLUSDT,1728260100000,1,146.594,147.32697,tp,0.10560700199902713
BNBUSDT,1728261000000,1,570.97,573.82485,tp,0.1639500860585152
SUIUSDT,1728261900000,1,1.8655,1.8748274999999996,tp,0.03795043672557263
XRPUSDT,1728264600000,1,0.537,0.539685,tp,0.14240740740740374
FILUSDT,1728269100000,1,3.778,3.7968899999999994,tp,0.085504794134233
ETHUSDT,1728269100000,1,2498.88,2511.3743999999997,tp,0.11268411867364421
ZECUSDT,1728270000000,1,29.23,29.376149999999996,tp,0.07607537361923068
SUIUSDT,1728289800000,1,1.9395,1.9491974999999997,tp,0.04422222222222071
BNBUSDT,1728311400000,1,577.5,580.3874999999999,tp,0.13297191528544866
NEARUSDT,1728320400000,1,5.286,5.312429999999999,tp,0.04313149847094715
SUIUSDT,1728321300000,1,2.1315,2.1421574999999997,tp,0.02781848216888481
BNBUSDT,1728388800000,1,574.56,577.4327999999999,tp,0.10857763300760033
SOLUSDT,1728401400000,1,151.358,141.39345275680137,stop,-1.0134801689269557
BNBUSDT,1728416700000,1,580.2,583.101,tp,0.0944939567818325
ETHUSDT,1728437400000,1,2455.31,2467.5865499999995,tp,0.08562038514178806
DOGEUSDT,1728439200000,1,0.10843,0.10897214999999999,tp,0.09402597402597271
DOGEUSDT,1728473400000,1,0.10932,0.1098666,tp,0.09132122730118869
BTCUSDT,1728496800000,1,63918.9,61397.69069403599,stop,-1.0231348527951873
FILUSDT,1728506700000,1,3.669,3.463986754290384,stop,-1.016051584399756
ETHUSDT,1728506700000,1,2454.69,2357.720484215926,stop,-1.0230983360275065
ZECUSDT,1728542700000,1,30.08,30.230399999999996,tp,0.0629316640584236
ZECUSDT,1728580500000,1,31.29,31.446449999999995,tp,0.048697005056397076
BTCUSDT,1728582300000,1,61188.0,59762.167223441356,stop,-1.0398181748909558
ZECUSDT,1728598500000,1,32.64,32.8032,tp,0.04147727272727176
FILUSDT,1728611100000,1,3.539,3.556695,tp,0.0776315789473674
ZECUSDT,1728611100000,1,35.0,35.175,tp,0.03589272030651276
SOLUSDT,1728614700000,1,139.788,140.48694,tp,0.0904087061668669
NEARUSDT,1728628200000,1,4.608,4.63104,tp,0.07399919775371004
SUIUSDT,1728634500000,1,1.848,1.8572399999999998,tp,0.05833569739952533
SOLUSDT,1728638100000,1,141.472,142.17936,tp,0.12295168044435552
BTCUSDT,1728639900000,1,60749.9,61053.64949999999,tp,0.1945468789971805
DOGEUSDT,1728641700000,1,0.10827,0.10881134999999999,tp,0.11644086021505021
NEARUSDT,1728649800000,1,4.716,4.73958,tp,0.0903047619047614
SUIUSDT,1728649800000,1,1.9477,1.9574384999999999,tp,0.04528315037462924
ETHUSDT,1728653400000,1,2417.84,2429.9292,tp,0.16549900814009164
BTCUSDT,1728655200000,1,61461.8,61769.109,tp,0.16999163399777031
SOLUSDT,1728658800000,1,143.8,144.519,tp,0.11040128965397979
FILUSDT,1728661500000,1,3.568,3.5858399999999997,tp,0.10462436177972101
DOGEUSDT,1728661500000,1,0.10932,0.1098666,tp,0.1106143001007041
BNBUSDT,1728664200000,1,570.33,573.18165,tp,0.15207602339180926
FILUSDT,1728682200000,1,3.594,3.6119699999999995,tp,0.08851168511684934
DOGEUSDT,1728728100000,1,0.11137,0.11192684999999998,tp,0.1177284733227646
ETHUSDT,1728731700000,1,2452.7,2464.9634999999994,tp,0.10825226175949666
BTCUSDT,1728743400000,1,62945.0,63259.72499999999,tp,0.10748597368152316
ETHUSDT,1728746100000,1,2467.53,2479.86765,tp,0.19405521171038254
SUIUSDT,1728769500000,1,2.2741,2.2854704999999997,tp,0.044055531369418845
ZECUSDT,1728791100000,1,35.4,35.577,tp,0.07530903328050668
SOLUSDT,1728812700000,1,146.543,147.275715,tp,0.1827845262567721
SOLUSDT,1728875700000,1,148.349,149.09074499999997,tp,0.09948666364901042
ETHUSDT,1728875700000,1,2469.98,2482.3298999999997,tp,0.1362530092305972
BNBUSDT,1728876600000,1,577.48,580.3674,tp,0.20248159831755821
ZECUSDT,1728884700000,1,35.77,35.94885,tp,0.062401387082790666
BTCUSDT,1728899100000,1,64518.2,64840.79099999999,tp,0.11003308677933837
NEARUSDT,1728900900000,1,4.854,4.87827,tp,0.05726737338044655
FILUSDT,1728907200000,1,3.661,3.679305,tp,0.08017515051997749
SOLUSDT,1728913500000,1,153.306,154.07253,tp,0.0747040430217411
BTCUSDT,1728916200000,1,65299.9,65626.3995,tp,0.11632594094087334
XRPUSDT,1728919800000,1,0.5448,0.5475239999999999,tp,0.08294944887875166
NEARUSDT,1728921600000,1,5.009,5.034045,tp,0.05704081632652964
DOGEUSDT,1728946800000,1,0.1167,0.11728349999999998,tp,0.07828561861710835
BNBUSDT,1728951300000,1,589.12,592.0655999999999,tp,0.13401982441234261
FILUSDT,1728957600000,1,3.869,3.8883449999999997,tp,0.08435729847494322
ZECUSDT,1728963000000,1,38.16,38.35079999999999,tp,0.04949789439585232
NEARUSDT,1728983700000,1,5.069,5.094345,tp,0.06683794466403106
BNBUSDT,1728999900000,1,592.76,595.7238,tp,0.1144181117533711
ETHUSDT,1728999900000,1,2643.03,2656.2451499999997,tp,0.12258513788635501
BTCUSDT,1728999900000,1,66288.0,66619.43999999999,tp,0.128895744505396
NEARUSDT,1729001700000,1,5.162,5.18781,tp,0.03712080416442276
XRPUSDT,1729004400000,1,0.5524,0.5320062206996033,stop,-1.0247823565323573
ZECUSDT,1729050300000,1,38.06,38.250299999999996,tp,0.03615931721194754
DOGEUSDT,1729060200000,1,0.11783,0.11841914999999999,tp,0.05782135076252557
DOGEUSDT,1729072800000,1,0.12669,0.12732344999999998,tp,0.04336123087327623
SUIUSDT,1729073700000,1,2.0605,2.0708025,tp,0.04581963129048277
BTCUSDT,1729077300000,1,67548.6,67886.343,tp,0.15224241605296435
XRPUSDT,1729087200000,1,0.5458,0.5485289999999999,tp,0.12436115843270744
DOGEUSDT,1729110600000,1,0.12845,0.12909225,tp,0.03847695990424797
XRPUSDT,1729139400000,1,0.5524,0.5551619999999999,tp,0.09631372549019436
BTCUSDT,1729215900000,1,67673.9,68012.26949999998,tp,0.14791948654922416
NEARUSDT,1729218600000,1,4.813,4.837064999999999,tp,0.08299354838709445
ZECUSDT,1729255500000,1,36.39,36.571949999999994,tp,0.09705921490352237
ETHUSDT,1729266300000,1,2642.99,2656.2049499999994,tp,0.11287457171218693
NEARUSDT,1729268100000,1,4.849,4.873245,tp,0.0793480032599826
DOGEUSDT,1729268100000,1,0.13699,0.13767495,tp,0.05048981838194734
BTCUSDT,1729276200000,1,68599.9,68942.89949999998,tp,0.1435631823315303
FILUSDT,1729301400000,1,3.781,3.799905,tp,0.07124293785310638
ZECUSDT,1729355400000,1,36.19,36.37094999999999,tp,0.10228813559321857
SOLUSDT,1729377900000,1,158.05,158.84025,tp,0.07485181249261916
FILUSDT,1729400400000,1,3.769,3.787845,tp,0.12240064882400505
FILUSDT,1729417500000,1,3.819,3.8380949999999996,tp,0.08804597701149258
FILUSDT,1729431000000,1,3.848,3.8672399999999993,tp,0.08452459016393217
ETHUSDT,1729432800000,1,2652.85,2666.1142499999996,tp,0.301771028834664
BTCUSDT,1729433700000,1,68347.2,68688.93599999999,tp,0.38473344307964286
SOLUSDT,1729456200000,1,160.56,161.3628,tp,0.13215201296170823
XRPUSDT,1729461600000,1,0.5434,0.546117,tp,0.15654427645788194
BTCUSDT,1729461600000,1,68749.0,69092.745,tp,0.2599232673735077
ETHUSDT,1729464300000,1,2740.58,2754.2828999999997,tp,0.11358524544353599
FILUSDT,1729468800000,1,3.978,3.99789,tp,0.06698612862547208
BNBUSDT,1729469700000,1,604.85,607.87425,tp,0.11372615355699411
DOGEUSDT,1729472400000,1,0.1435,0.14421749999999997,tp,0.05625778816199224
SUIUSDT,1729473300000,1,2.1539,2.1646695,tp,0.044026927784577306
NEARUSDT,1729473300000,1,5.019,5.0440949999999996,tp,0.08460697772172995
DOGEUSDT,1729487700000,1,0.14708,0.14781539999999999,tp,0.04588198661061789
SOLUSDT,1729491300000,1,170.13,170.98064999999997,tp,0.06419279284363597
ZECUSDT,1729492200000,1,37.12,37.30559999999999,tp,0.08631944444444156
BNBUSDT,1729497600000,1,609.0,612.045,tp,0.13893164585827242
XRPUSDT,1729498500000,1,0.5508,0.5535539999999999,tp,0.13042553191488973
XRPUSDT,1729588500000,1,0.5483,0.5301048661689731,stop,-1.027677709190674
SOLUSDT,1729596600000,1,168.22,169.06109999999998,tp,0.07587680817079331
FILUSDT,1729696500000,1,3.891,3.6815364984591676,stop,-1.0166972271914136
SOLUSDT,1729710000000,1,169.53,170.37765,tp,0.0496990943616703
SUIUSDT,1729712700000,1,1.94,1.9496999999999998,tp,0.04895860895860806
NEARUSDT,1729725300000,1,4.633,4.656165,tp,0.06051583414952572
SOLUSDT,1729742400000,1,174.32,175.19159999999997,tp,0.05944132175097745
SUIUSDT,1729744200000,1,1.9984,2.0083919999999997,tp,0.04760749330954409
BNBUSDT,1729746000000,1,591.02,593.9750999999999,tp,0.15755275947007022
XRPUSDT,1729746900000,1,0.529,0.5316449999999999,tp,0.11836689038030818
DOGEUSDT,1729777500000,1,0.14091,0.14161455,tp,0.05322878745449429
BTCUSDT,1729797300000,1,67744.7,68083.42349999999,tp,0.1653589321630972
NEARUSDT,1729800000000,1,4.686,4.709429999999999,tp,0.07598705501617929
FILUSDT,1729803600000,1,3.735,3.7536749999999994,tp,0.0920295202952008
BNBUSDT,1729804500000,1,593.97,596.93985,tp,0.16718013645635157
SOLUSDT,1729804500000,1,177.29,178.17644999999996,tp,0.0662391846106437
ETHUSDT,1729865700000,1,2545.24,2557.9661999999994,tp,0.10078667576575472
BTCUSDT,1729865700000,1,68277.0,68618.385,tp,0.14948528164814598
SOLUSDT,1729896300000,1,176.41,164.53077822580644,stop,-1.0131577844311366
ZECUSDT,1729897200000,1,38.59,35.12405549832603,stop,-1.009627347670251
FILUSDT,1729897200000,1,3.737,3.548151604278075,stop,-1.0178489417989418
FILUSDT,1730000700000,1,3.474,3.49137,tp,0.13559454191032802
SUIUSDT,1730006100000,1,1.8067,1.8157335,tp,0.07509187169106146
SOLUSDT,1730016900000,1,173.2,174.06599999999997,tp,0.11318672348206353
DOGEUSDT,1730032200000,1,0.13816,0.1388508,tp,0.09372588832487182
SOLUSDT,1730034900000,1,175.48,176.35739999999998,tp,0.1042456608811744
FILUSDT,1730041200000,1,3.504,3.5215199999999998,tp,0.13061452513966315
ETHUSDT,1730041200000,1,2486.16,2498.5907999999995,tp,0.21722787783867512
XRPUSDT,1730044800000,1,0.5151,0.5176755,tp,0.22933333333332978
BNBUSDT,1730050200000,1,586.18,589.1108999999999,tp,0.2960877790389589
SOLUSDT,1730064600000,1,176.97,177.85484999999997,tp,0.0953870967741909
ETHUSDT,1730066400000,1,2511.0,2523.555,tp,0.15638384310062828
ZECUSDT,1730070000000,1,37.06,37.2453,tp,0.0371950914099671
DOGEUSDT,1730081700000,1,0.14423,0.14495114999999997,tp,0.06383492481615421
BTCUSDT,1730099700000,1,68170.4,68511.252,tp,0.20564194153685952
FILUSDT,1730108700000,1,3.567,3.584835,tp,0.11668292682926698
BNBUSDT,1730108700000,1,590.0,592.9499999999999,tp,0.22571865443424263
XRPUSDT,1730113200000,1,0.5178,0.520389,tp,0.17896373056994297
DOGEUSDT,1730118600000,1,0.14637,0.14710184999999998,tp,0.05291779584462353
BTCUSDT,1730118600000,1,68666.0,69009.32999999999,tp,0.18745967769434208
NEARUSDT,1730133900000,1,4.34,4.1199763933671125,stop,-1.0177888983532086
DOGEUSDT,1730141100000,1,0.15155,0.15230774999999996,tp,0.039924138382053415
BNBUSDT,1730150100000,1,596.87,599.85435,tp,0.12683559096945474
ETHUSDT,1730151000000,1,2527.25,2539.8862499999996,tp,0.11844348910092442
SOLUSDT,1730156400000,1,178.47,179.36235,tp,0.06845388442403322
ZECUSDT,1730161800000,1,38.74,38.933699999999995,tp,0.04481802426342993
BTCUSDT,1730166300000,1,69902.4,70251.91199999998,tp,0.1061654990446692
FILUSDT,1730167200000,1,3.635,3.6531749999999996,tp,0.06808193668528784
XRPUSDT,1730168100000,1,0.5213,0.5239064999999999,tp,0.1332311621966774
BNBUSDT,1730169000000,1,605.0,608.025,tp,0.1376560018152915
SUIUSDT,1730170800000,1,1.8979,1.9073894999999996,tp,0.03457131247460276
XRPUSDT,1730210400000,1,0.5265,0.5291324999999999,tp,0.14958865248226522
ETHUSDT,1730210400000,1,2631.78,2644.9389,tp,0.1476287274254513
NEARUSDT,1730211300000,1,4.484,4.506419999999999,tp,0.09244719216898248
BTCUSDT,1730214900000,1,71607.0,71965.03499999999,tp,0.1586605440710798
BNBUSDT,1730217600000,1,608.86,611.9042999999999,tp,0.18266816647918394
DOGEUSDT,1730217600000,1,0.17018,0.17103089999999999,tp,0.052341927562921275
SUIUSDT,1730220300000,1,2.0199,2.0299994999999997,tp,0.03890929965556806
ZECUSDT,1730250000000,1,39.12,39.315599999999996,tp,0.057758112094395
SUIUSDT,1730253600000,1,2.097,2.1074849999999996,tp,0.03573494786410914
FILUSDT,1730272500000,1,3.743,3.7617149999999997,tp,0.09957671957671851
ETHUSDT,1730281500000,1,2674.59,2687.9629499999996,tp,0.11011395923725881
SUIUSDT,1730337300000,1,2.0718,2.082159,tp,0.04989108318372126
DOGEUSDT,1730351700000,1,0.17141,0.17226704999999998,tp,0.05880482174916443
SOLUSDT,1730383200000,1,182.33,171.219265625,stop,-1.0146397435897438
ETHUSDT,1730385900000,1,2703.71,2546.8609669213424,stop,-1.015425775161532
BTCUSDT,1730424600000,1,73150.0,69589.55808620936,stop,-1.0185679423460983
XRPUSDT,1730453400000,1,0.5215,0.5241075,tp,0.07075880758807568
BNBUSDT,1730467800000,1,580.75,583.65375,tp,0.14451901565995257
ETHUSDT,1730467800000,1,2533.0,2545.6649999999995,tp,0.11507618302076932
SOLUSDT,1730468700000,1,169.75,170.59875,tp,0.09636907546822039
BTCUSDT,1730469600000,1,70487.8,70840.239,tp,0.12756499133448806
FILUSDT,1730470500000,1,3.562,3.5798099999999993,tp,0.0790254706533752
ZECUSDT,1730571300000,1,38.67,36.34037680505415,stop,-1.0148192883895122
BTCUSDT,1730666700000,1,68605.5,68948.5275,tp,0.11131733904326162
ZECUSDT,1730667600000,1,36.99,37.174949999999995,tp,0.08063180827886421
DOGEUSDT,1730682900000,1,0.15239,0.15315194999999998,tp,0.03836266067640005
SUIUSDT,1730683800000,1,1.9453,1.9550264999999998,tp,0.04128793877012297
NEARUSDT,1730687400000,1,3.708,3.72654,tp,0.05765891472868148
ETHUSDT,1730689200000,1,2475.0,2487.3749999999995,tp,0.09270187061938802
SOLUSDT,1730718900000,1,163.92,164.73959999999997,tp,0.06879303488834315
DOGEUSDT,1730736000000,1,0.15828,0.15907139999999997,tp,0.047737291947816445
SUIUSDT,1730781900000,1,1.8986,1.9080929999999998,tp,0.04234089897641189
DOGEUSDT,1730790000000,1,0.16719,0.16802594999999998,tp,0.037695167286244106
XRPUSDT,1730791800000,1,0.5109,0.5134544999999999,tp,0.15052244297276804
SOLUSDT,1730791800000,1,161.06,161.8653,tp,0.0884625413424445
NEARUSDT,1730793600000,1,3.688,3.7064399999999997,tp,0.0729679012345663
FILUSDT,1730797200000,1,3.345,3.361725,tp,0.07380716253443365
BNBUSDT,1730797200000,1,558.67,561.4633499999999,tp,0.14437689577282486
NEARUSDT,1730809800000,1,3.734,3.7526699999999997,tp,0.08409218662169643
DOGEUSDT,1730809800000,1,0.17048,0.17133239999999997,tp,0.04376473586949469
SOLUSDT,1730814300000,1,163.02,163.83509999999998,tp,0.09612089201877586
ETHUSDT,1730816100000,1,2435.55,2447.72775,tp,0.11003236683921339
BTCUSDT,1730816100000,1,68788.0,69131.93999999999,tp,0.14788758847550643
ZECUSDT,1730817000000,1,37.87,38.059349999999995,tp,0.06693156732891746
FILUSDT,1730821500000,1,3.363,3.379815,tp,0.09960264900662176
SOLUSDT,1730853000000,1,168.77,169.61384999999999,tp,0.07051582955197207
XRPUSDT,1730853000000,1,0.5145,0.5170724999999999,tp,0.12049122807017336
ZECUSDT,1730856600000,1,38.91,39.10454999999999,tp,0.0641277641277618
DOGEUSDT,1730856600000,1,0.17943,0.18032715,tp,0.029173610272510888
ETHUSDT,1730856600000,1,2479.6,2491.9979999999996,tp,0.07888531618434949
SUIUSDT,1730856600000,1,2.0688,2.079144,tp,0.044837777063925124
BNBUSDT,1730859300000,1,571.97,574.82985,tp,0.10769549066628835
NEARUSDT,1730859300000,1,3.935,3.9546749999999995,tp,0.05485196795541473
SOLUSDT,1730866500000,1,184.57,185.49284999999998,tp,0.0436365781710906
FILUSDT,1730872800000,1,3.621,3.639105,tp,0.06066833751044222
ETHUSDT,1730910600000,1,2650.0,2663.2499999999995,tp,0.06143214833788899
BTCUSDT,1730920500000,1,75059.9,75435.19949999999,tp,0.0789783075364636
ZECUSDT,1730923200000,1,41.52,41.727599999999995,tp,0.037853569804455145
ETHUSDT,1730924100000,1,2679.26,2692.6563,tp,0.07077283619032526
FILUSDT,1730924100000,1,3.647,3.6652349999999996,tp,0.09405405405405279
NEARUSDT,1730925900000,1,4.176,4.196879999999999,tp,0.055176044751560745
BNBUSDT,1730930400000,1,588.18,591.1208999999999,tp,0.11641398407753303
SOLUSDT,1730932200000,1,188.72,189.66359999999997,tp,0.059457045481253544
BNBUSDT,1730943000000,1,597.78,600.7688999999999,tp,0.11719226059269874
DOGEUSDT,1730943000000,1,0.20044,0.2014422,tp,0.030192825112107094
SUIUSDT,1730943000000,1,2.328,2.3396399999999997,tp,0.04249042145593826
NEARUSDT,1730944800000,1,4.291,4.312455,tp,0.053606455617627606
XRPUSDT,1730947500000,1,0.5449,0.5476245,tp,0.1011111111111073
ETHUSDT,1730950200000,1,2849.99,2864.2399499999997,tp,0.05655201598220671
ZECUSDT,1730950200000,1,45.07,45.29534999999999,tp,0.04669772256728611
SUIUSDT,1730999700000,1,2.3242,2.3358209999999997,tp,0.051978034047226174
ETHUSDT,1731000600000,1,2853.35,2867.6167499999997,tp,0.07422441858956806
SOLUSDT,1731003300000,1,194.49,195.46245,tp,0.06886240788414269
BTCUSDT,1731004200000,1,76235.6,76616.77799999999,tp,0.11456015023473698
NEARUSDT,1731015000000,1,4.269,4.290344999999999,tp,0.046047888081784775
FILUSDT,1731024000000,1,3.783,3.8019149999999997,tp,0.06445295870583174
ETHUSDT,1731024000000,1,2912.64,2927.2031999999995,tp,0.05617843293108697
DOGEUSDT,1731024000000,1,0.19628,0.19726139999999998,tp,0.04009593794651829
XRPUSDT,1731024900000,1,0.5574,0.560187,tp,0.08945046129161593
BNBUSDT,1731024900000,1,601.74,604.7487,tp,0.102846163699244
DOGEUSDT,1731048300000,1,0.19924,0.20023619999999998,tp,0.044204463642907366
SOLUSDT,1731061800000,1,201.26,202.26629999999997,tp,0.06778381642511946
NEARUSDT,1731073500000,1,4.326,4.347629999999999,tp,0.049833045480712025
FILUSDT,1731076200000,1,3.777,3.7958849999999997,tp,0.08512647554805895
ZECUSDT,1731088800000,1,45.24,45.4662,tp,0.04630025445292602
BTCUSDT,1731090600000,1,76350.0,76731.74999999999,tp,0.14208394923998818
ETHUSDT,1731090600000,1,2943.38,2958.0969,tp,0.1029877707896575
BNBUSDT,1731112200000,1,601.35,604.3567499999999,tp,0.13887388946578536
ZECUSDT,1731113100000,1,46.6,46.833,tp,0.044255319148935594
ETHUSDT,1731130200000,1,2982.75,2997.6637499999997,tp,0.07506530219935405
NEARUSDT,1731132000000,1,4.367,4.388834999999999,tp,0.05763779527558892
SUIUSDT,1731165300000,1,2.336,2.3476799999999995,tp,0.05882810052014651
SUIUSDT,1731183300000,1,2.481,2.4934049999999996,tp,0.03779935275080836
FILUSDT,1731191400000,1,3.932,3.9516599999999995,tp,0.06984126984126825
XRPUSDT,1731193200000,1,0.555,0.557775,tp,0.11803174603174597
NEARUSDT,1731195000000,1,4.644,4.6672199999999995,tp,0.046888217522657274
BTCUSDT,1731204900000,1,76765.8,77149.629,tp,0.19494712267412548
SOLUSDT,1731206700000,1,202.69,203.70344999999998,tp,0.09257448869139003
XRPUSDT,1731213000000,1,0.5736,0.576468,tp,0.07868448098663862
FILUSDT,1731213000000,1,4.09,4.110449999999999,tp,0.059839181286548054
ZECUSDT,1731221100000,1,46.32,46.55159999999999,tp,0.04338951310861296
SUIUSDT,1731226500000,1,2.8927,2.9071635,tp,0.030473811568183056
DOGEUSDT,1731230100000,1,0.2305,0.23165249999999998,tp,0.029833622406371763
FILUSDT,1731232800000,1,4.16,4.1808,tp,0.05979928315412041
ZECUSDT,1731233700000,1,47.04,47.27519999999999,tp,0.045573294629896746
BNBUSDT,1731238200000,1,636.76,639.9437999999999,tp,0.07565836298932138
FILUSDT,1731246300000,1,4.243,4.264215,tp,0.04976839636470177
NEARUSDT,1731246300000,1,4.827,4.851134999999999,tp,0.04254553434276812
SOLUSDT,1731256200000,1,209.9,210.94949999999997,tp,0.05446523892211551
ETHUSDT,1731259800000,1,3220.0,3236.0999999999995,tp,0.0721007538643915
BTCUSDT,1731261600000,1,80200.0,80600.99999999999,tp,0.11208247825661664
FILUSDT,1731264300000,1,4.393,4.414965,tp,0.03377726750861045
DOGEUSDT,1731265200000,1,0.27926,0.28065629999999997,tp,0.0207579720629968
SUIUSDT,1731288600000,1,3.1066,3.1221329999999994,tp,0.02597055548682349
NEARUSDT,1731303000000,1,5.213,5.239064999999999,tp,0.027779495105614702
SOLUSDT,1731321900000,1,214.25,215.32124999999996,tp,0.05451250453062514
BTCUSDT,1731326400000,1,81944.6,82354.323,tp,0.10371204948557658
DOGEUSDT,1731337200000,1,0.29811,0.29960054999999997,tp,0.012628132477017833
NEARUSDT,1731346200000,1,5.449,5.476245,tp,0.027289021657953466
BNBUSDT,1731351600000,1,635.89,639.06945,tp,0.06081514243591516
ETHUSDT,1731357000000,1,3324.18,3340.8008999999993,tp,0.04964138847218647
BTCUSDT,1731357900000,1,86971.0,87405.855,tp,0.05900644748923252
FILUSDT,1731359700000,1,4.309,4.330545,tp,0.04083922677982036
DOGEUSDT,1731366000000,1,0.33186,0.33351929999999996,tp,0.018916592081148743
BNBUSDT,1731367800000,1,643.4,646.617,tp,0.055084546484533335
FILUSDT,1731374100000,1,4.436,4.45818,tp,0.038236421725239084
NEARUSDT,1731382200000,1,5.606,5.634029999999999,tp,0.023640184951659798
FILUSDT,1731400200000,1,4.526,4.548629999999999,tp,0.031188763275093533
DOGEUSDT,1731402900000,1,0.42295,0.42506474999999994,tp,0.01467049487172933
XRPUSDT,1731445200000,1,0.706,0.7095299999999999,tp,0.020969484596290958
SUIUSDT,1731447900000,1,3.1618,3.1776089999999995,tp,0.029495737811533744
NEARUSDT,1731453300000,1,5.349,5.375744999999999,tp,0.037074513853036145
DOGEUSDT,1731460500000,1,0.39919,0.40118594999999996,tp,0.01679492388960058
SOLUSDT,1731472200000,1,224.43,202.16362826347574,stop,-1.0086253588650573
XRPUSDT,1731507300000,1,0.7042,0.7077209999999999,tp,0.031065699846186682
SOLUSDT,1731507300000,1,211.15,212.20575,tp,0.04337522079232859
BNBUSDT,1731509100000,1,634.68,637.8533999999999,tp,0.0650977378115933
DOGEUSDT,1731510900000,1,0.40981,0.41185904999999995,tp,0.019937867577309237
FILUSDT,1731510900000,1,4.154,4.17477,tp,0.039547062986552924
SUIUSDT,1731516300000,1,3.2982,3.314691,tp,0.02374841720004831
BTCUSDT,1731516300000,1,91900.0,92359.49999999999,tp,0.07149452050541522
BNBUSDT,1731569400000,1,633.57,636.73785,tp,0.06924858016600954
XRPUSDT,1731578400000,1,0.7103,0.7138515,tp,0.044674509803920695
BTCUSDT,1731584700000,1,91233.0,91689.165,tp,0.08162615562489556
XRPUSDT,1731593700000,1,0.7271,0.7307354999999999,tp,0.03598634479395173
DOGEUSDT,1731594600000,1,0.40899,0.41103494999999995,tp,0.02501113653699387
ZECUSDT,1731595500000,1,42.48,37.11536014967259,stop,-1.006572592592593
ETHUSDT,1731597300000,1,3399.32,3084.9977861345574,stop,-1.009324024098667
NEARUSDT,1731609000000,1,5.502,5.529509999999999,tp,0.029048748353095618
XRPUSDT,1731609900000,1,0.773,0.7768649999999999,tp,0.021491209783892126
NEARUSDT,1731661200000,1,5.55,5.577749999999999,tp,0.02594644506001781
ZECUSDT,1731663000000,1,37.96,38.1498,tp,0.03676093787768874
FILUSDT,1731671100000,1,3.972,3.9918599999999995,tp,0.05391598915989039
XRPUSDT,1731673800000,1,0.8403,0.8445014999999999,tp,0.01976630849627083
SUIUSDT,1731674700000,1,3.4266,3.443733,tp,0.03723858853998022
FILUSDT,1731693600000,1,4.149,4.169745,tp,0.03753449043168638
ZECUSDT,1731702600000,1,38.54,38.732699999999994,tp,0.04540858318635976
BTCUSDT,1731703500000,1,90898.0,91352.48999999999,tp,0.059197524537435715
SUIUSDT,1731707100000,1,3.4648,3.4821239999999993,tp,0.03330050198653339
DOGEUSDT,1731709800000,1,0.37832,0.3802115999999999,tp,0.03401450053705579
ETHUSDT,1731726900000,1,3116.32,3131.9015999999997,tp,0.06869028024666751
XRPUSDT,1731731400000,1,0.9158,0.9203789999999998,tp,0.021720430107526372
SUIUSDT,1731731400000,1,3.8536,3.8728679999999995,tp,0.03065545953198278
BNBUSDT,1731737700000,1,623.79,626.9089499999999,tp,0.12905913978494318
DOGEUSDT,1731739500000,1,0.3854,0.387327,tp,0.039005619104955924
NEARUSDT,1731744000000,1,6.208,6.239039999999999,tp,0.0323705438459527
XRPUSDT,1731748500000,1,0.9854,0.990327,tp,0.02981347773766488
ZECUSDT,1731749400000,1,39.1,39.2955,tp,0.08669983416251885
SUIUSDT,1731752100000,1,3.8954,3.9148769999999997,tp,0.03550153901864878
FILUSDT,1731753000000,1,4.29,4.31145,tp,0.05946280991735457
ETHUSDT,1731762000000,1,3170.0,3185.8499999999995,tp,0.09901001749577759
ZECUSDT,1731763800000,1,40.29,40.49144999999999,tp,0.06051051051050872
FILUSDT,1731770100000,1,4.523,4.545614999999999,tp,0.038190954773867865
BNBUSDT,1731779100000,1,627.91,631.04955,tp,0.11551528464213671
ZECUSDT,1731783600000,1,43.03,43.245149999999995,tp,0.033488914819135615
FILUSDT,1731786300000,1,4.634,4.65717,tp,0.029658200062714912
SOLUSDT,1731816000000,1,221.93,223.03965,tp,0.048961388476958946
NEARUSDT,1731819600000,1,6.084,6.114419999999999,tp,0.03260863751838422
BNBUSDT,1731826800000,1,631.33,634.4866499999999,tp,0.06569508239262814
SUIUSDT,1731849300000,1,3.8145,3.8335724999999994,tp,0.036207559256885874
SUIUSDT,1731867300000,1,3.9085,3.9280424999999997,tp,0.030972033614767767
ZECUSDT,1731885300000,1,44.06,44.2803,tp,0.042250834525511635
XRPUSDT,1731893400000,1,1.1144,1.119972,tp,0.024074786324785914
DOGEUSDT,1731897000000,1,0.37092,0.3727746,tp,0.030240958976227805
SOLUSDT,1731897900000,1,238.76,239.95379999999997,tp,0.046569456595702594
ZECUSDT,1731899700000,1,46.05,46.280249999999995,tp,0.038500103584006296
XRPUSDT,1731907800000,1,1.1469,1.1526345,tp,0.027123528378140808
NEARUSDT,1731911400000,1,5.996,6.02598,tp,0.04061734608287092
BTCUSDT,1731912300000,1,91133.5,91589.1675,tp,0.11917718999419111
BNBUSDT,1731913200000,1,627.2,630.336,tp,0.09281778565625134
DOGEUSDT,1731917700000,1,0.37646,0.37834229999999996,tp,0.03765411893071359
ETHUSDT,1731943800000,1,3129.93,3145.5796499999997,tp,0.08575866335787515
SUIUSDT,1731998700000,1,3.7952,3.8141759999999993,tp,0.05322402074136203
SOLUSDT,1732014900000,1,246.0,247.22999999999996,tp,0.05496303707409075
BTCUSDT,1732032900000,1,92123.7,92584.3185,tp,0.12986157638581516
DOGEUSDT,1732032900000,1,0.39619,0.39817094999999997,tp,0.041282666460283925
SUIUSDT,1732082400000,1,3.8261,3.8452304999999996,tp,0.04449740512017559
NEARUSDT,1732096800000,1,5.8,5.828999999999999,tp,0.05162666666666497
XRPUSDT,1732101300000,1,1.1162,1.121781,tp,0.04731237429871781
BTCUSDT,1732107600000,1,93368.4,93835.24199999998,tp,0.14494999767430639
SOLUSDT,1732113900000,1,238.88,240.07439999999997,tp,0.06770030194508665
BNBUSDT,1732155300000,1,621.53,599.9879829828822,stop,-1.0264593878735133
DOGEUSDT,1732165200000,1,0.38605,0.38798024999999997,tp,0.04501521606816723
ZECUSDT,1732165200000,1,42.53,42.74265,tp,0.04773221757322092
SOLUSDT,1732172400000,1,238.74,239.9337,tp,0.05534725818516508
BTCUSDT,1732179600000,1,97000.0,97484.99999999999,tp,0.09433681570037361
ETHUSDT,1732191300000,1,3205.0,3221.0249999999996,tp,0.054214139162591615
NEARUSDT,1732193100000,1,5.607,5.635034999999999,tp,0.044716607213633255
SUIUSDT,1732193100000,1,3.634,3.6521699999999995,tp,0.03070908975899731
ZECUSDT,1732193100000,1,43.85,44.06925,tp,0.0445820745216506
SOLUSDT,1732194000000,1,243.46,244.67729999999997,tp,0.059349298500240205
XRPUSDT,1732213800000,1,1.159,1.1647949999999998,tp,0.033988304093566006
BNBUSDT,1732234500000,1,626.18,629.3108999999998,tp,0.10021963979073956
NEARUSDT,1732237200000,1,5.863,5.892315,tp,0.05005967604433004
DOGEUSDT,1732242600000,1,0.39249,0.39445244999999995,tp,0.04726616758365529
BTCUSDT,1732244400000,1,98499.9,98992.39949999998,tp,0.0774801989605298
ETHUSDT,1732248900000,1,3374.92,3391.7945999999997,tp,0.043041223666544864
ZECUSDT,1732252500000,1,46.36,46.59179999999999,tp,0.04983360171765814
XRPUSDT,1732255200000,1,1.412,1.4190599999999998,tp,0.02208985204929065
DOGEUSDT,1732293900000,1,0.40598,0.4080099,tp,0.04731528384279405
FILUSDT,1732311000000,1,4.828,4.8521399999999995,tp,0.031057692307691277
FILUSDT,1732326300000,1,5.005,5.030024999999999,tp,0.036165065812877165
NEARUSDT,1732326300000,1,6.227,6.258134999999999,tp,0.03621363438992507
BNBUSDT,1732331700000,1,640.0,643.1999999999999,tp,0.08994613501223997
SUIUSDT,1732344300000,1,3.585,3.6029249999999995,tp,0.04095505458669961
FILUSDT,1732347900000,1,5.153,5.178764999999999,tp,0.032272798373220515
NEARUSDT,1732349700000,1,6.369,6.4008449999999995,tp,0.03315427533411153
ETHUSDT,1732365000000,1,3368.48,3385.3223999999996,tp,0.08585665305299066
FILUSDT,1732365900000,1,5.226,5.252129999999999,tp,0.039719378081151835
ZECUSDT,1732372200000,1,49.86,50.1093,tp,0.036821192052979776
NEARUSDT,1732375800000,1,6.472,6.50436,tp,0.046224125624553455
FILUSDT,1732382100000,1,5.454,5.481269999999999,tp,0.032312836168047344
FILUSDT,1732415400000,1,5.676,5.70438,tp,0.02457414613056587
ZECUSDT,1732419900000,1,54.38,54.6519,tp,0.02923159303882145
BNBUSDT,1732435200000,1,677.2,680.586,tp,0.06094763540053336
XRPUSDT,1732446900000,1,1.5794,1.3839091934770247,stop,-1.0067251946891351
SUIUSDT,1732492800000,1,3.4133,3.4303664999999994,tp,0.04254656450507557
NEARUSDT,1732493700000,1,6.767,6.800834999999999,tp,0.03278116409704691
ZECUSDT,1732493700000,1,52.1,52.360499999999995,tp,0.03908635097492938
ETHUSDT,1732511700000,1,3374.0,3390.8699999999994,tp,0.09251163997323507
SUIUSDT,1732515300000,1,3.4306,3.4477529999999996,tp,0.03807414752382424
XRPUSDT,1732519800000,1,1.4673,1.4746365,tp,0.030782408858246558
SOLUSDT,1732521600000,1,253.04,254.30519999999996,tp,0.07068561872909514
DOGEUSDT,1732522500000,1,0.43146,0.4336173,tp,0.033833489388264214
BNBUSDT,1732524300000,1,664.04,667.3601999999998,tp,0.07606287039422557
FILUSDT,1732528800000,1,5.783,5.811915,tp,0.041825696316261755
ETHUSDT,1732544100000,1,3498.85,3516.3442499999996,tp,0.08291420832597195
BTCUSDT,1732545900000,1,99414.0,95401.00722975643,stop,-1.0225843807993633
ZECUSDT,1732610700000,1,52.71,45.91291007905139,stop,-1.0064170498084288
SUIUSDT,1732626000000,1,3.2665,3.2828325,tp,0.047866813025978346
SUIUSDT,1732641300000,1,3.4518,3.4690589999999997,tp,0.023579144510216633
XRPUSDT,1732655700000,1,1.406,1.4130299999999998,tp,0.027741270075143175
ZECUSDT,1732662000000,1,46.85,47.08425,tp,0.03334748761500297
DOGEUSDT,1732673700000,1,0.39075,0.39270374999999996,tp,0.03420467912691112
NEARUSDT,1732674600000,1,6.593,6.625964999999999,tp,0.033268365817090494
SOLUSDT,1732675500000,1,232.58,233.7429,tp,0.050435866179059076
ZECUSDT,1732679100000,1,56.34,56.6217,tp,0.017047748154842203
ETHUSDT,1732680000000,1,3365.0,3381.825,tp,0.07222813990034636
FILUSDT,1732680900000,1,5.454,5.481269999999999,tp,0.03280764635603306
DOGEUSDT,1732694400000,1,0.39576,0.39773879999999995,tp,0.041432342716745306
XRPUSDT,1732699800000,1,1.4299,1.4370494999999999,tp,0.04000278940027846
NEARUSDT,1732700700000,1,6.706,6.739529999999999,tp,0.04078359908883703
BNBUSDT,1732703400000,1,622.23,625.34115,tp,0.09595221579961329
SOLUSDT,1732703400000,1,233.81,234.97904999999997,tp,0.06283352123261778
BTCUSDT,1732704300000,1,93465.0,93932.325,tp,0.12049172668245565
ETHUSDT,1732707000000,1,3448.43,3465.6721499999994,tp,0.08058521429647714
FILUSDT,1732716000000,1,5.553,5.5807649999999995,tp,0.04196034418256577
SOLUSDT,1732717800000,1,237.2,238.38599999999997,tp,0.06616595732843622
BNBUSDT,1732719600000,1,629.22,632.3661,tp,0.08978547501959705
SUIUSDT,1732725000000,1,3.4343,3.4514714999999994,tp,0.042657295231047644
DOGEUSDT,1732725000000,1,0.40078,0.4027839,tp,0.045157791754017
XRPUSDT,1732726800000,1,1.4683,1.4756414999999998,tp,0.035751445086704706
ETHUSDT,1732733100000,1,3577.97,3595.8598499999994,tp,0.06430858061358587
BTCUSDT,1732737600000,1,96389.7,96871.64849999998,tp,0.09457108257708008
SOLUSDT,1732741200000,1,241.17,242.37584999999996,tp,0.07072807017543696
BNBUSDT,1732744800000,1,640.0,643.1999999999999,tp,0.09174978503869088
ETHUSDT,1732746600000,1,3648.79,3667.0339499999995,tp,0.06764125137120243
FILUSDT,1732748400000,1,5.798,5.8269899999999994,tp,0.0510788199031254
DOGEUSDT,1732754700000,1,0.40569,0.40771844999999995,tp,0.048476419720066895
SUIUSDT,1732758300000,1,3.4822,3.499611,tp,0.04841332502250745
BNBUSDT,1732758300000,1,651.24,654.4961999999999,tp,0.09625480505216687
SOLUSDT,1732760100000,1,243.42,244.63709999999998,tp,0.07090500036287045
SUIUSDT,1732778100000,1,3.5946,3.6125729999999994,tp,0.04132783410666116
ZECUSDT,1732783500000,1,58.4,58.69199999999999,tp,0.03984329756429831
NEARUSDT,1732815900000,1,6.729,6.762644999999999,tp,0.04255924170615989
XRPUSDT,1732834800000,1,1.508,1.5155399999999999,tp,0.038274687854709985
SOLUSDT,1732845600000,1,237.78,238.96889999999996,tp,0.09435226484289498
DOGEUSDT,1732848300000,1,0.40517,0.4071958499999999,tp,0.08030055860398216
DOGEUSDT,1732874400000,1,0.40914,0.4111857,tp,0.07071927344385842
XRPUSDT,1732876200000,1,1.6475,1.6557374999999999,tp,0.03959769088853138
FILUSDT,1732885200000,1,5.883,5.912414999999999,tp,0.06506357103371857
ETHUSDT,1732888800000,1,3602.25,3620.2612499999996,tp,0.10463937961530653
DOGEUSDT,1732890600000,1,0.41646,0.4185423,tp,0.0566747638326581
SOLUSDT,1732891500000,1,243.19,244.40594999999996,tp,0.09372865093072058
BTCUSDT,1732892400000,1,97568.0,98055.84,tp,0.15001525298047802
SUIUSDT,1732894200000,1,3.4751,3.4924754999999994,tp,0.06980380350243186
DOGEUSDT,1732905900000,1,0.4262,0.42833099999999996,tp,0.043669930640553654
FILUSDT,1732923900000,1,6.131,6.161655,tp,0.048015594541909394
ETHUSDT,1732945500000,1,3652.93,3671.1946499999995,tp,0.09609614576769417
XRPUSDT,1732950000000,1,1.9085,1.9180424999999999,tp,0.026615859938207434
BNBUSDT,1732950000000,1,661.82,665.1291,tp,0.06718541033434529
ZECUSDT,1732954500000,1,55.33,55.606649999999995,tp,0.05527653213751804
NEARUSDT,1732959900000,1,6.992,7.026959999999999,tp,0.060445020522789245
FILUSDT,1732968900000,1,6.285,6.316425,tp,0.04983580613254137
ZECUSDT,1732975200000,1,56.86,57.144299999999994,tp,0.04618815896188075
NEARUSDT,1732982400000,1,7.11,7.145549999999999,tp,0.0426058437686331
FILUSDT,1732986900000,1,6.572,6.6048599999999995,tp,0.03734125300523198
ETHUSDT,1733003100000,1,3704.84,3723.3641999999995,tp,0.11936722183389595
FILUSDT,1733004000000,1,7.12,7.1556,tp,0.031263616557733874
XRPUSDT,1733006700000,1,1.9134,1.9229669999999999,tp,0.04151081066580776
DOGEUSDT,1733014800000,1,0.43024,0.4323912,tp,0.07107431207777117
BNBUSDT,1733061600000,1,658.88,662.1743999999999,tp,0.14312109862671182
DOGEUSDT,1733074200000,1,0.43235,0.43451175,tp,0.07225562674552193
BTCUSDT,1733076000000,1,97088.7,97574.14349999999,tp,0.25980228482756573
ZECUSDT,1733087700000,1,58.32,58.611599999999996,tp,0.06491111111111005
DOGEUSDT,1733094900000,1,0.444,0.44621999999999995,tp,0.042388523779237096
FILUSDT,1733099400000,1,6.939,6.973694999999999,tp,0.053704563031708105
ZECUSDT,1733100300000,1,60.64,60.9432,tp,0.04682045367166422
BTCUSDT,1733102100000,1,97632.8,98120.96399999999,tp,0.1847857267632603
XRPUSDT,1733103000000,1,2.4349,2.4470744999999994,tp,0.021317652183381525
SOLUSDT,1733111100000,1,239.03,228.1690856104287,stop,-1.0199578620689667
BNBUSDT,1733128200000,1,666.66,636.0808825183319,stop,-1.0197610947652334
XRPUSDT,1733157000000,1,2.7573,2.7710864999999996,tp,0.016375509488538897
ZECUSDT,1733157000000,1,62.76,63.07379999999999,tp,0.02071150097465843
ZECUSDT,1733169600000,1,64.7,65.0235,tp,0.0194675090252705
FILUSDT,1733173200000,1,7.259,7.295294999999999,tp,0.028050062099932393
NEARUSDT,1733175000000,1,6.892,6.92646,tp,0.03644479661912235
SUIUSDT,1733203800000,1,3.4081,3.4251405,tp,0.0563219242967167
BNBUSDT,1733203800000,1,651.69,654.94845,tp,0.08437782076079739
FILUSDT,1733205600000,1,7.531,7.568654999999999,tp,0.03484272381610702
SOLUSDT,1733259600000,1,229.72,230.8686,tp,0.07074034877835472
ETHUSDT,1733273100000,1,3667.99,3686.3299499999994,tp,0.10473580151745283
FILUSDT,1733275800000,1,7.462,7.499309999999999,tp,0.03705237215033775
DOGEUSDT,1733289300000,1,0.41801,0.42010004999999995,tp,0.051769295068262985
FILUSDT,1733293800000,1,7.846,7.885229999999999,tp,0.03043360433604258
BNBUSDT,1733301000000,1,770.75,774.6037499999999,tp,0.031119978235239765
ETHUSDT,1733304600000,1,3712.28,3730.8414,tp,0.08345247711362253
NEARUSDT,1733304600000,1,7.455,7.492274999999999,tp,0.044357608052101004
FILUSDT,1733318100000,1,8.147,8.187735,tp,0.03409398770449071
BTCUSDT,1733342400000,1,97286.2,97772.631,tp,0.0952152569361379
ETHUSDT,1733346000000,1,3858.19,3877.4809499999997,tp,0.053967013798217035
DOGEUSDT,1733351400000,1,0.42442,0.4265421,tp,0.03969749371699914
SUIUSDT,1733367600000,1,3.8405,3.8597024999999996,tp,0.020834619654994523
DOGEUSDT,1733370300000,1,0.43888,0.4410743999999999,tp,0.02521434746255038
NEARUSDT,1733397300000,1,7.681,7.719404999999999,tp,0.028917065840142153
SOLUSDT,1733398200000,1,238.95,240.14474999999996,tp,0.04405749032614595
ETHUSDT,1733398200000,1,3927.61,3947.2480499999997,tp,0.06528167817092481
SUIUSDT,1733405400000,1,4.0599,4.080199499999999,tp,0.04160535458818572
NEARUSDT,1733412600000,1,7.856,7.895279999999999,tp,0.04354820936638998
NEARUSDT,1733449500000,1,8.041,8.081204999999999,tp,0.025573821825582255
FILUSDT,1733499000000,1,8.053,8.093265,tp,0.03326936964819955
BTCUSDT,1733506200000,1,99100.0,99595.49999999999,tp,0.1096062540184461
BNBUSDT,1733506200000,1,740.44,744.1422,tp,0.05266191640965573
FILUSDT,1733518800000,1,8.183,8.223914999999998,tp,0.03463900241014219
DOGEUSDT,1733555700000,1,0.44199,0.44419994999999995,tp,0.06867046644178071
SUIUSDT,1733572800000,1,4.3998,4.421798999999999,tp,0.030515449892011236
BNBUSDT,1733589000000,1,749.9,753.6494999999999,tp,0.09109865605978167
DOGEUSDT,1733591700000,1,0.45588,0.45815939999999994,tp,0.05532421249735564
FILUSDT,1733727600000,1,7.869,7.309390041888805,stop,-1.0124085006693444
SUIUSDT,1733733900000,1,4.37,3.986846688703979,stop,-1.0098850884035366
BNBUSDT,1733733900000,1,760.55,710.1145363507333,stop,-1.01337568370987
NEARUSDT,1733736600000,1,8.098,7.103202586206898,stop,-1.0067833333333338
ETHUSDT,1733775300000,1,4078.23,3756.5372650237164,stop,-1.0110935374466434
DOGEUSDT,1733775300000,1,0.46957,0.4240981956038424,stop,-1.0088602880658437
ZECUSDT,1733778000000,1,78.81,53.00454868122159,stop,-1.0019513055836584
SOLUSDT,1733778000000,1,243.41,209.89393144997564,stop,-1.0059493623060192
BTCUSDT,1733778000000,1,101907.5,94953.77988432381,stop,-1.0129723499636907
XRPUSDT,1733778000000,1,2.7895,2.1731586124339084,stop,-1.0033496057922784
NEARUSDT,1733824800000,1,6.746,6.77973,tp,0.026801346801346326
SUIUSDT,1733841900000,1,3.8737,3.8930684999999996,tp,0.03594610264616465
XRPUSDT,1733864400000,1,2.2561,2.2673805,tp,0.017395021082423304
SOLUSDT,1733888700000,1,217.8,218.88899999999998,tp,0.04797260847067492
BTCUSDT,1733905800000,1,97800.0,98288.99999999999,tp,0.10274287965333577
NEARUSDT,1733907600000,1,6.506,6.53853,tp,0.037931431864015486
ETHUSDT,1733911200000,1,3684.2,3702.6209999999996,tp,0.07353905420029927
SOLUSDT,1733914800000,1,222.84,223.9542,tp,0.07018933144787383
DOGEUSDT,1733914800000,1,0.39892,0.40091459999999995,tp,0.03967678575868241
FILUSDT,1733915700000,1,6.276,6.307379999999999,tp,0.03825533848250734
SUIUSDT,1733919300000,1,3.7643,3.7831214999999996,tp,0.05386255839663233
ZECUSDT,1733919300000,1,59.61,59.908049999999996,tp,0.03460179554010966
NEARUSDT,1733922000000,1,6.639,6.672194999999999,tp,0.05099885189437302
ETHUSDT,1733928300000,1,3736.87,3755.5543499999994,tp,0.10740550974862151
BTCUSDT,1733928300000,1,98499.9,98992.39949999998,tp,0.15309042086718694
XRPUSDT,1733930100000,1,2.3982,2.4101909999999998,tp,0.035876227533814
SOLUSDT,1733931000000,1,227.51,228.64754999999997,tp,0.07402578448066006
ZECUSDT,1733931900000,1,63.7,64.0185,tp,0.03824734559593241
BNBUSDT,1733940000000,1,702.5,706.0124999999999,tp,0.0547090255513445
SUIUSDT,1733947200000,1,4.3035,4.3250174999999995,tp,0.03415607554341351
ETHUSDT,1733949900000,1,3820.0,3839.0999999999995,tp,0.07659828571714611
BTCUSDT,1733949900000,1,101080.7,101586.10349999998,tp,0.09348619356747599
BNBUSDT,1733955300000,1,708.43,711.9721499999998,tp,0.08279829628332726
FILUSDT,1733958900000,1,6.726,6.75963,tp,0.05463750506277793
ZECUSDT,1733973300000,1,64.77,65.09384999999999,tp,0.05340731607069341
DOGEUSDT,1733980500000,1,0.41895,0.42104474999999997,tp,0.06612489172375693
FILUSDT,1733981400000,1,7.065,7.100325,tp,0.05298953662182274
XRPUSDT,1733981400000,1,2.4446,2.4568229999999995,tp,0.047189955913358866
SOLUSDT,1733981400000,1,230.65,231.80325,tp,0.09375430074883535
NEARUSDT,1733994000000,1,7.151,7.186754999999999,tp,0.05338524286243842
BNBUSDT,1733995800000,1,719.56,723.1577999999998,tp,0.09886258837995376
ETHUSDT,1734009300000,1,3947.62,3967.3580999999995,tp,0.09641258174415758
NEARUSDT,1734025500000,1,7.223,7.259114999999999,tp,0.03994478951000557
SOLUSDT,1734025500000,1,233.08,234.2454,tp,0.07432983126392725
BNBUSDT,1734087600000,1,711.9,715.4594999999999,tp,0.08400152730049534
XRPUSDT,1734094800000,1,2.3673,2.3791365,tp,0.05846134999387403
SUIUSDT,1734101100000,1,4.875,4.899374999999999,tp,0.02805500417134049
DOGEUSDT,1734102000000,1,0.40924,0.41128619999999994,tp,0.06954817360315445
ETHUSDT,1734102900000,1,3944.98,3964.7048999999997,tp,0.10726657976209723
ZECUSDT,1734124500000,1,59.4,59.696999999999996,tp,0.0431846209648164
BTCUSDT,1734138900000,1,101737.5,102246.18749999999,tp,0.10912757003082385
XRPUSDT,1734154200000,1,2.4662,2.478531,tp,0.06457444727059089
SOLUSDT,1734156900000,1,226.15,227.28074999999998,tp,0.0964125465178078
XRPUSDT,1734228900000,1,2.4178,2.4298889999999997,tp,0.0751117318435728
BTCUSDT,1734264000000,1,102165.4,102676.22699999998,tp,0.18590998043052537
FILUSDT,1734268500000,1,6.544,6.576719999999999,tp,0.059795501022493903
SUIUSDT,1734268500000,1,4.5026,4.525112999999999,tp,0.07381767775603097
NEARUSDT,1734270300000,1,6.73,6.763649999999999,tp,0.06161076887976045
BNBUSDT,1734280200000,1,716.84,720.4241999999999,tp,0.1277151757899381
ETHUSDT,1734280200000,1,3896.88,3916.3643999999995,tp,0.12887489567063695
BNBUSDT,1734306300000,1,720.74,724.3436999999999,tp,0.1281694134325672
XRPUSDT,1734307200000,1,2.445,2.4572249999999998,tp,0.07453193749051672
NEARUSDT,1734308100000,1,6.867,6.9013349999999996,tp,0.062023890015775546
DOGEUSDT,1734309900000,1,0.41218,0.41424089999999997,tp,0.07553663003662915
ZECUSDT,1734309900000,1,60.21,60.51105,tp,0.06017452006980737
ETHUSDT,1734311700000,1,3999.25,4019.2462499999997,tp,0.09238030893604576
BTCUSDT,1734360300000,1,105374.6,105901.473,tp,0.11086833282296317
BNBUSDT,1734364800000,1,717.4,720.9869999999999,tp,0.11283912787271261
DOGEUSDT,1734368400000,1,0.4066,0.40863299999999997,tp,0.07034530267803182
ETHUSDT,1734371100000,1,3983.99,4003.9099499999993,tp,0.08225103408487792
XRPUSDT,1734421500000,1,2.53,2.5426499999999996,tp,0.06318266716473579
NEARUSDT,1734435000000,1,6.818,6.852089999999999,tp,0.05087797619047483
XRPUSDT,1734436800000,1,2.6864,2.699832,tp,0.04735179594872433
BTCUSDT,1734444900000,1,107170.0,107705.84999999999,tp,0.09329678015907425
BNBUSDT,1734450300000,1,726.2,729.831,tp,0.113411015303347
DOGEUSDT,1734495300000,1,0.4074,0.38217685011109204,stop,-1.0143942374051071
FILUSDT,1734496200000,1,6.775,6.067299812582684,stop,-1.0081445998240988
ETHUSDT,1734552000000,1,3891.2,3676.894975369458,stop,-1.0162994322350725
SUIUSDT,1734552000000,1,4.8483,4.289303455247198,stop,-1.0072895589798088
SOLUSDT,1734572700000,1,228.29,203.6414237964989,stop,-1.0078487029437093
DOGEUSDT,1734609600000,1,0.36486,0.36668429999999996,tp,0.052726683237867195
ETHUSDT,1734629400000,1,3701.02,3502.779904565248,stop,-1.016785912567482
ZECUSDT,1734709500000,1,50.3,50.55149999999999,tp,0.018245424217833758
ETHUSDT,1734716700000,1,3422.73,3439.84365,tp,0.029397576927200207
NEARUSDT,1734727500000,1,5.249,5.275244999999999,tp,0.029050371593723524
BNBUSDT,1734735600000,1,675.3,678.6764999999999,tp,0.06861449451887894
SOLUSDT,1734741000000,1,193.0,193.96499999999997,tp,0.048978199052131556
ZECUSDT,1734743700000,1,54.94,55.21469999999999,tp,0.01913462365591368
BTCUSDT,1734759900000,1,97721.0,98209.605,tp,0.07730645802314534
ZECUSDT,1734841800000,-1,51.95,51.690250000000006,tp,0.029774910394264855
DOGEUSDT,1734841800000,-1,0.31402,0.3124499,tp,0.03351345573104614
FILUSDT,1734842700000,-1,4.843,4.818785,tp,0.035663716814159134
BTCUSDT,1734878700000,-1,95867.3,95387.9635,tp,0.13633210607758614
ETHUSDT,1734895800000,-1,3293.52,3277.0524,tp,0.07058532066610627
XRPUSDT,1734896700000,-1,2.2,2.189,tp,0.045223410300119345
SOLUSDT,1734897600000,-1,179.0,178.105,tp,0.04759941011217257
NEARUSDT,1734897600000,-1,4.924,4.899380000000001,tp,0.03749760122817066
BTCUSDT,1734904800000,-1,95085.0,94609.575,tp,0.09822721326339016
FILUSDT,1734904800000,-1,4.784,4.760079999999999,tp,0.03861956963053249
DOGEUSDT,1734904800000,-1,0.30849,0.30694754999999996,tp,0.03910360921965484
SOLUSDT,1735092000000,1,199.8,200.79899999999998,tp,0.0766082878744353
BNBUSDT,1735094700000,1,699.36,702.8567999999999,tp,0.11992975242011143
BNBUSDT,1735120800000,1,706.0,709.53,tp,0.1317046354530624
ETHUSDT,1735201800000,1,3509.08,3361.4185065068054,stop,-1.0216261362772179
BTCUSDT,1735201800000,1,99580.7,95625.59945728729,stop,-1.0229689026873936
DOGEUSDT,1735233300000,1,0.3352,0.3123362771052083,stop,-1.0129777405287543
BNBUSDT,1735394400000,1,713.04,716.6051999999999,tp,0.10057753860222643
BNBUSDT,1735463700000,-1,713.2,709.634,tp,0.1622332252006156
NEARUSDT,1735472700000,-1,5.308,5.28146,tp,0.0821705426356582
FILUSDT,1735475400000,-1,5.125,5.099375,tp,0.10077794190054029
ZECUSDT,1735481700000,-1,61.56,61.2522,tp,0.04663625997719509
SUIUSDT,1735484400000,-1,4.1705,4.1496474999999995,tp,0.06780179960099378
DOGEUSDT,1735484400000,-1,0.32183,0.32022085,tp,0.09875857814789096
BTCUSDT,1735488000000,-1,94709.4,94235.85299999999,tp,0.27632105363062026
XRPUSDT,1735488000000,-1,2.167,2.1561649999999997,tp,0.12994747110911198
ETHUSDT,1735488000000,-1,3375.73,3358.85135,tp,0.15607471424588815
BNBUSDT,1735497000000,-1,702.78,699.2660999999999,tp,0.1279080585579447
SOLUSDT,1735502400000,-1,192.82,191.8559,tp,0.09023517023517048
XRPUSDT,1735507800000,-1,2.1355,2.1248225,tp,0.09646526363430577
FILUSDT,1735508700000,-1,4.977,4.952115,tp,0.07328176795580195
NEARUSDT,1735509600000,-1,5.136,5.11032,tp,0.07975135975136076
SUIUSDT,1735509600000,-1,4.0864,4.065968,tp,0.06000588668138435
BTCUSDT,1735510500000,-1,93534.6,93066.92700000001,tp,0.1444298581313524
ETHUSDT,1735510500000,-1,3344.2,3327.479,tp,0.11771711459351815
XRPUSDT,1735537500000,-1,2.0695,2.0591525,tp,0.052372258146316374
ZECUSDT,1735547400000,-1,59.68,59.3816,tp,0.049330847317174416
SUIUSDT,1735557300000,-1,4.0596,4.039301999999999,tp,0.061669516319010145
FILUSDT,1735566300000,-1,4.959,4.9342049999999995,tp,0.06334934357989143
ZECUSDT,1735567200000,-1,58.89,58.59555,tp,0.049458833438618316
DOGEUSDT,1735569000000,-1,0.3131,0.3115345,tp,0.07571765559789494
BNBUSDT,1735569000000,-1,692.59,689.12705,tp,0.1076047135690119
SOLUSDT,1735569000000,-1,189.0,188.055,tp,0.08101771336553898
NEARUSDT,1735576200000,-1,4.988,4.9630600000000005,tp,0.053333333333333226
BTCUSDT,1735650900000,-1,91763.1,95614.44031161985,stop,-1.0235849628821378
ZECUSDT,1735665300000,-1,57.65,57.36175,tp,0.043169584039148924
NEARUSDT,1735677900000,-1,4.937,4.912315,tp,0.06039791857973635
SOLUSDT,1735685100000,-1,191.99,191.03005000000002,tp,0.07024247415133993
SUIUSDT,1735685100000,-1,4.1534,4.132633,tp,0.05285828000127402
ZECUSDT,1735686000000,-1,56.01,55.729949999999995,tp,0.0485447842116682
ZECUSDT,1736220600000,-1,57.8,57.510999999999996,tp,0.04817554858934196
SOLUSDT,1736235000000,-1,216.66,215.5767,tp,0.1174657441324119
BTCUSDT,1736249400000,-1,101459.4,100952.10299999999,tp,0.2797139408985905
DOGEUSDT,1736252100000,-1,0.3858,0.38387099999999996,tp,0.07933642452344185
ZECUSDT,1736261100000,-1,56.72,56.4364,tp,0.06683185840707967
BNBUSDT,1736261100000,-1,724.63,721.00685,tp,0.19904840484048406
NEARUSDT,1736262900000,-1,5.816,5.786919999999999,tp,0.06764568764568867
ZECUSDT,1736276400000,-1,53.01,52.744949999999996,tp,0.033326965934416114
NEARUSDT,1736276400000,-1,5.46,5.4327,tp,0.03745867768595091
DOGEUSDT,1736276400000,-1,0.35667,0.35488664999999997,tp,0.03226573713348402
FILUSDT,1736285400000,-1,5.398,5.37101,tp,0.031777086112345795
BNBUSDT,1736287200000,-1,693.2,689.734,tp,0.07392473979183371
SOLUSDT,1736298000000,-1,202.52,201.50740000000002,tp,0.04980522682445726
SUIUSDT,1736300700000,-1,4.777,4.753115,tp,0.03706060074459568
ETHUSDT,1736307900000,-1,3362.65,3345.83675,tp,0.04036278729164083
DOGEUSDT,1736408700000,-1,0.33303,0.33136485,tp,0.06233515840703837
BTCUSDT,1736410500000,-1,93226.4,92760.268,tp,0.11556225291846883
NEARUSDT,1736417700000,-1,5.017,4.9919150000000005,tp,0.05890758783584244
SUIUSDT,1736422200000,-1,4.5988,4.575806,tp,0.046171140516697594
XRPUSDT,1736429400000,-1,2.287,2.275565,tp,0.0675859011305699
SOLUSDT,1736429400000,-1,189.0,188.055,tp,0.06513378215087107
ZECUSDT,1736429400000,-1,49.11,48.86445,tp,0.05442953020134251
BTCUSDT,1736433000000,-1,92600.0,92137.0,tp,0.1002663755221324
BNBUSDT,1736433000000,-1,688.2,684.759,tp,0.10380563124432436
NEARUSDT,1736433000000,-1,4.94,4.9153,tp,0.05234963913392162
ETHUSDT,1736453700000,-1,3208.34,3192.2983,tp,0.05573195471500631
BNBUSDT,1736453700000,-1,680.52,677.1174,tp,0.07562903584947689
FILUSDT,1736453700000,-1,4.977,4.952115,tp,0.04595072059507252
DOGEUSDT,1736453700000,-1,0.31745,0.31586275,tp,0.0357319791225839
BTCUSDT,1736454600000,-1,91747.0,91288.265,tp,0.07083500364959291
ZECUSDT,1736458200000,-1,47.63,47.391850000000005,tp,0.029205453690643757
SOLUSDT,1736460000000,-1,184.6,183.677,tp,0.04667049148976869
NEARUSDT,1736521200000,-1,4.98,4.955100000000001,tp,0.056121930567315105
SOLUSDT,1736528400000,-1,184.86,183.93570000000003,tp,0.05671144048170364
SUIUSDT,1736617500000,-1,4.9534,4.9286330000000005,tp,0.07819281394521478
SUIUSDT,1736652600000,-1,4.9013,4.8767935,tp,0.07249722530521713
SUIUSDT,1736670600000,-1,4.8632,4.838884,tp,0.08695159768100257
SOLUSDT,1736674200000,-1,186.23,185.29885,tp,0.11879425837320585
NEARUSDT,1736674200000,-1,5.012,4.98694,tp,0.09655105973024981
FILUSDT,1736674200000,-1,5.119,5.093405,tp,0.09528864059590325
DOGEUSDT,1736676900000,-1,0.33592,0.3342404,tp,0.09639810426540302
SUIUSDT,1736710200000,-1,4.7801,4.7561995,tp,0.07210028023933908
DOGEUSDT,1736735400000,-1,0.334,0.33233,tp,0.08636823666796466
BNBUSDT,1736735400000,-1,692.26,688.7986999999999,tp,0.289927741124729
ZECUSDT,1736736300000,-1,47.31,47.07345,tp,0.07952921395544385
SUIUSDT,1736738100000,-1,4.6865,4.6630674999999995,tp,0.06559657796010003
SOLUSDT,1736738100000,-1,186.4,185.46800000000002,tp,0.07303782505910082
FILUSDT,1736747100000,-1,5.003,4.977985,tp,0.0572164948453604
DOGEUSDT,1736749800000,-1,0.33038,0.3287281,tp,0.05691010507199331
ETHUSDT,1736750700000,-1,3215.17,3199.09415,tp,0.07182194058694068
SUIUSDT,1736750700000,-1,4.5353,4.5126235,tp,0.051773304782298774
SOLUSDT,1736754300000,-1,183.14,182.2243,tp,0.06468821762939327
BNBUSDT,1736756100000,-1,679.92,676.5204,tp,0.1212672913877727
NEARUSDT,1736757900000,-1,4.648,4.624759999999999,tp,0.04465272770968575
ZECUSDT,1736759700000,-1,45.76,45.5312,tp,0.0449692496924969
FILUSDT,1736762400000,-1,4.84,4.815799999999999,tp,0.04750369276218695
BTCUSDT,1736763300000,-1,92702.0,92238.49,tp,0.08172626714647997
XRPUSDT,1736767800000,-1,2.4102,2.398149,tp,0.0475718454765792
ETHUSDT,1736768700000,-1,3106.0,3090.47,tp,0.07048848616977908
SUIUSDT,1736770500000,-1,4.3813,4.3593935,tp,0.046630671286969246
DOGEUSDT,1736778600000,-1,0.31656,0.3149772,tp,0.053913192217233175
NEARUSDT,1736778600000,-1,4.457,4.434715,tp,0.044305244842157795
NEARUSDT,1736934300000,-1,4.942,4.91729,tp,0.06885634588563404
BNBUSDT,1736934300000,-1,696.36,692.8782,tp,0.19498458088029388
DOGEUSDT,1736938800000,-1,0.35427,0.35249864999999997,tp,0.06032901764731029
SUIUSDT,1736938800000,-1,4.4849,4.4624755,tp,0.05829448253346316
ETHUSDT,1736939700000,-1,3203.4,3187.3830000000003,tp,0.10621267975158487
FILUSDT,1736940600000,-1,5.157,5.131215,tp,0.07050940170940134
ZECUSDT,1736942400000,-1,50.61,50.35695,tp,0.05068273092369508
SOLUSDT,1736955000000,-1,186.58,197.2971964132533,stop,-1.0174889336133472
SUIUSDT,1737016200000,-1,4.6572,4.633914,tp,0.05678672898909289
SOLUSDT,1737024300000,-1,201.28,200.2736,tp,0.1031944444444459
ZECUSDT,1737037800000,-1,53.34,53.0733,tp,0.06313795145056252
BTCUSDT,1737037800000,-1,99106.8,98611.266,tp,0.17909749545491557
BNBUSDT,1737038700000,-1,706.42,702.8879,tp,0.16729662522202568
DOGEUSDT,1737038700000,-1,0.37317,0.37130415,tp,0.07165801115599152
ETHUSDT,1737040500000,-1,3297.7,3281.2115,tp,0.07182586477987378
FILUSDT,1737087300000,1,5.789,5.817944999999999,tp,0.05740768277571113
NEARUSDT,1737090900000,1,5.33,5.356649999999999,tp,0.0655975422427015
ETHUSDT,1737099000000,1,3365.0,3381.825,tp,0.08937057846426616
BNBUSDT,1737102600000,1,716.2,719.781,tp,0.159188888888884
NEARUSDT,1737104400000,1,5.45,5.47725,tp,0.060451790633607866
SOLUSDT,1737108000000,1,215.88,216.95939999999996,tp,0.08298599117251669
BTCUSDT,1737117900000,1,102249.9,102761.14949999998,tp,0.1454565224343578
NEARUSDT,1737126900000,1,5.6,5.627999999999999,tp,0.05979733333333244
ETHUSDT,1737144900000,1,3438.23,3455.4211499999997,tp,0.08755980496723874
DOGEUSDT,1737158400000,1,0.41926,0.42135629999999996,tp,0.03814458762300739
SOLUSDT,1737170100000,1,221.92,223.02959999999996,tp,0.07118165784832269
FILUSDT,1737179100000,1,5.882,5.384966505348955,stop,-1.0102925018839488
BNBUSDT,1737179100000,1,729.36,698.3738235657003,stop,-1.0214113262342688
SOLUSDT,1737182700000,1,233.0,234.16499999999996,tp,0.03404413047270081
NEARUSDT,1737187200000,1,5.807,5.342042600513261,stop,-1.0109148504273509
SOLUSDT,1737197100000,1,241.75,242.95874999999998,tp,0.02600697748176296
SOLUSDT,1737218700000,1,244.88,246.10439999999997,tp,0.034527550806619844
SUIUSDT,1737227700000,1,4.9548,4.9795739999999995,tp,0.04467439144884548
BNBUSDT,1737243000000,1,707.19,710.72595,tp,0.11630961175408226
XRPUSDT,1737243900000,1,3.2474,3.2636369999999997,tp,0.053025828757371836
NEARUSDT,1737248400000,1,5.534,5.5616699999999994,tp,0.056223067173636766
ETHUSDT,1737253800000,1,3346.99,3363.7249499999994,tp,0.08722809888375685
DOGEUSDT,1737253800000,1,0.40459,0.40661295,tp,0.05134098163774775
SOLUSDT,1737261900000,1,265.15,266.47574999999995,tp,0.029603995915776036
FILUSDT,1737277200000,1,5.575,5.107379902399715,stop,-1.010375967440619
BNBUSDT,1737277200000,1,714.49,691.0569492227943,stop,-1.0280161600810531
SOLUSDT,1737281700000,1,277.85,279.23924999999997,tp,0.025300304902273668
ETHUSDT,1737303300000,1,3396.32,3413.3016,tp,0.040323106750136034
SUIUSDT,1737313200000,1,4.9609,4.985704499999999,tp,0.03849380141350821
BTCUSDT,1737315900000,1,105268.5,105794.84249999998,tp,0.09432459533017937
XRPUSDT,1737316800000,1,3.1994,3.2153969999999994,tp,0.05450259552378387
DOGEUSDT,1737316800000,1,0.39633,0.39831164999999996,tp,0.03384615384615292
ZECUSDT,1737317700000,1,51.58,51.83789999999999,tp,0.039647103950900264
NEARUSDT,1737359100000,1,5.462,5.489309999999999,tp,0.02534526267492455
XRPUSDT,1737363600000,1,3.254,3.2702699999999996,tp,0.02901092057560922
XRPUSDT,1737387000000,1,3.3543,3.3710714999999993,tp,0.03178911467954999
BNBUSDT,1737394200000,1,707.28,671.1149983044141,stop,-1.0176291778929176
BNBUSDT,1737459000000,1,686.34,689.7717,tp,0.11280660668063483
BTCUSDT,1737461700000,1,103596.7,104114.68349999998,tp,0.09179513411412267
ZECUSDT,1737461700000,1,48.11,48.35054999999999,tp,0.044845096668994534
ETHUSDT,1737461700000,1,3308.8,3325.344,tp,0.07191312048068366
NEARUSDT,1737468900000,1,5.142,5.16771,tp,0.041606425702810014
FILUSDT,1737475200000,1,5.163,5.188815,tp,0.04350083752093747
SOLUSDT,1737475200000,1,244.16,245.38079999999997,tp,0.037167590080332255
BTCUSDT,1737477000000,1,105292.3,105818.7615,tp,0.07230019483209027
ZECUSDT,1737478800000,1,49.1,49.345499999999994,tp,0.042415645819899886
SUIUSDT,1737479700000,1,4.5032,4.525715999999999,tp,0.04370547465526745
ETHUSDT,1737481500000,1,3334.98,3351.6548999999995,tp,0.06729535036018161
NEARUSDT,1737496800000,1,5.22,5.246099999999999,tp,0.04055619047618989
BNBUSDT,1737520200000,1,694.28,697.7513999999999,tp,0.11260806216609708
SOLUSDT,1737531900000,1,257.9,259.18949999999995,tp,0.05237157145021887
ZECUSDT,1737547200000,1,49.61,49.85804999999999,tp,0.07774912075029054
SOLUSDT,1737555300000,1,260.64,261.94319999999993,tp,0.05393474480924403
SOLUSDT,1737576900000,1,264.9,266.2244999999999,tp,0.03542864776408368
SOLUSDT,1737644400000,1,251.21,252.46604999999997,tp,0.051033505415526155
BTCUSDT,1737645300000,1,102970.5,103485.3525,tp,0.09693845062579778
ZECUSDT,1737646200000,1,48.54,48.78269999999999,tp,0.055650684931505115
FILUSDT,1737646200000,1,5.005,5.030024999999999,tp,0.060700483091785946
ETHUSDT,1737647100000,1,3242.47,3258.6823499999996,tp,0.0934187997541757
ETHUSDT,1737673200000,1,3298.99,3315.4849499999996,tp,0.04697903139968013
FILUSDT,1737700200000,1,5.115,5.140574999999999,tp,0.05327117327117126
DOGEUSDT,1737706500000,1,0.35726,0.3590463,tp,0.053824656299300146
XRPUSDT,1737707400000,1,3.1622,3.1780109999999997,tp,0.05454561108958551
SOLUSDT,1737707400000,1,263.05,264.36525,tp,0.04485250925807664
SUIUSDT,1737715500000,1,4.4372,4.459385999999999,tp,0.05652340019102067
FILUSDT,1737723600000,1,5.155,5.180775,tp,0.061082519964506164
SOLUSDT,1737729900000,1,267.89,269.22945,tp,0.05784797206553851
BTCUSDT,1737738900000,1,105758.3,106287.0915,tp,0.13422335111978675
BNBUSDT,1737818100000,1,685.21,688.63605,tp,0.2571750140686508
DOGEUSDT,1737819000000,1,0.354,0.3557699999999999,tp,0.08749629629629344
ETHUSDT,1737821700000,1,3328.17,3344.81085,tp,0.14050360622548214
SOLUSDT,1737826200000,1,254.91,256.18454999999994,tp,0.07651499846610552
BNBUSDT,1737931500000,1,689.11,677.1739232100359,stop,-1.0538967064614073
ETHUSDT,1737933300000,1,3349.8,3235.2914491806305,stop,-1.0268410250127966
BTCUSDT,1737933300000,1,105274.7,103167.6714168896,stop,-1.0465154049791578
SUIUSDT,1737933300000,1,4.1997,3.946087285566839,stop,-1.0147815259564856
NEARUSDT,1737933300000,1,5.248,4.776609291698399,stop,-1.0096263645998944
FILUSDT,1737933300000,1,5.132,4.86544461687682,stop,-1.0173403828197942
ZECUSDT,1737936000000,1,49.22,44.44941161564971,stop,-1.008851516339869
SUIUSDT,1737990900000,1,3.799,3.8179949999999994,tp,0.025807539281137538
DOGEUSDT,1738010700000,1,0.32861,0.33025305,tp,0.037147612197116625
BTCUSDT,1738011600000,1,101827.8,102336.939,tp,0.06224024734129445
XRPUSDT,1738013400000,1,3.0239,3.0390194999999993,tp,0.03533682373472835
ETHUSDT,1738014300000,1,3150.81,3166.5640499999995,tp,0.05602407785759629
ZECUSDT,1738021500000,1,42.85,43.064249999999994,tp,0.04437548487199216
FILUSDT,1738022400000,1,4.654,4.677269999999999,tp,0.04239061795218631
BNBUSDT,1738038600000,1,678.98,682.3748999999999,tp,0.0985408285310401
NEARUSDT,1738038600000,1,4.652,4.67526,tp,0.04110599078340952
ZECUSDT,1738074600000,1,43.77,43.98885,tp,0.07551530832255161
BTCUSDT,1738078200000,1,102846.1,103360.3305,tp,0.09189003482423752
SOLUSDT,1738136700000,1,233.48,234.64739999999998,tp,0.07480275897386568
NEARUSDT,1738152000000,1,4.481,4.503404999999999,tp,0.0725100887812724
FILUSDT,1738181700000,1,4.558,4.5807899999999995,tp,0.06843644544431844
BTCUSDT,1738181700000,1,103012.6,103527.663,tp,0.09228711976709061
SUIUSDT,1738181700000,1,3.7944,3.8133719999999998,tp,0.0355170728301092
ZECUSDT,1738185300000,1,43.19,43.40594999999999,tp,0.03814279456854882
SOLUSDT,1738186200000,1,236.09,237.27044999999998,tp,0.03820335556903105
ETHUSDT,1738206000000,1,3155.54,3171.3176999999996,tp,0.050964897432796204
ZECUSDT,1738208700000,1,43.92,44.139599999999994,tp,0.03884250055224083
FILUSDT,1738210500000,1,4.647,4.670235,tp,0.04521274009238933
BNBUSDT,1738212300000,1,674.58,677.9529,tp,0.10220707414981334
SUIUSDT,1738224900000,1,4.0566,4.076883,tp,0.03544246830239153
ZECUSDT,1738233900000,1,45.09,45.31545,tp,0.056209150326796256
ETHUSDT,1738242000000,1,3220.0,3236.0999999999995,tp,0.09692490594431585
FILUSDT,1738242900000,1,4.693,4.7164649999999995,tp,0.07396226415094286
SOLUSDT,1738249200000,1,241.61,242.81805,tp,0.05205169628432898
NEARUSDT,1738251000000,1,4.609,4.632045,tp,0.07018581721653311
BTCUSDT,1738251900000,1,105564.5,106092.3225,tp,0.15638979358221453
XRPUSDT,1738278900000,1,3.1345,3.1501724999999996,tp,0.10560766515380414
FILUSDT,1738278900000,1,4.856,4.880279999999999,tp,0.06349019607842929
NEARUSDT,1738307700000,1,4.675,4.6983749999999995,tp,0.07225955967554952
BNBUSDT,1738322100000,1,679.93,683.3296499999999,tp,0.2250421836228246
NEARUSDT,1738325700000,1,4.72,4.743599999999999,tp,0.06509641873278028
SOLUSDT,1738327500000,1,239.06,240.25529999999998,tp,0.10459792689579717
ZECUSDT,1738328400000,1,44.38,44.6019,tp,0.0641693577323282
DOGEUSDT,1738337400000,1,0.33769,0.33937844999999994,tp,0.059129140956630334
FILUSDT,1738339200000,1,4.916,4.94058,tp,0.06010369014943433
BTCUSDT,1738359000000,1,104989.6,101510.54817737814,stop,-1.027718765251342
BTCUSDT,1738594800000,1,95891.9,96371.35949999998,tp,0.06944808198190128
SUIUSDT,1738595700000,1,3.2576,3.273888,tp,0.01956462462732392
BNBUSDT,1738597500000,1,582.48,585.3924,tp,0.03945748987854154
ZECUSDT,1738601100000,1,33.97,34.139849999999996,tp,0.022217867058630967
XRPUSDT,1738607400000,1,2.663,2.6763149999999993,tp,0.018368812604160654
ETHUSDT,1738611000000,1,2734.34,2748.0117,tp,0.03327196652719631
NEARUSDT,1738611900000,1,3.658,3.6762899999999994,tp,0.024294234592444612
FILUSDT,1738613700000,1,3.423,3.4401149999999996,tp,0.024333333333332683
DOGEUSDT,1738615500000,1,0.2756,0.276978,tp,0.021430756422915174
ZECUSDT,1738619100000,1,34.73,34.90364999999999,tp,0.02336859781695989
SOLUSDT,1738620000000,1,214.88,215.95439999999996,tp,0.02643734371683952
BNBUSDT,1738623600000,1,611.32,614.3765999999999,tp,0.04140884584833118
BNBUSDT,1738773000000,-1,568.12,565.2794,tp,0.09128304164152064
DOGEUSDT,1738773000000,-1,0.26083,0.25952585,tp,0.05757224156030717
NEARUSDT,1738773000000,-1,3.347,3.330265,tp,0.043798297314997174
XRPUSDT,1738774800000,-1,2.4688,2.4564559999999998,tp,0.046690398215388056
SOLUSDT,1738775700000,-1,201.27,200.26365,tp,0.05306160357706733
SUIUSDT,1738778400000,-1,3.3671,3.3502645,tp,0.03280749382444301
FILUSDT,1738778400000,-1,3.243,3.226785,tp,0.04348759221998623
BTCUSDT,1738781100000,-1,97206.0,96719.97,tp,0.09136243124156711
ZECUSDT,1738793700000,-1,32.14,31.979300000000002,tp,0.03510562414266093
SOLUSDT,1738798200000,-1,196.27,195.28865000000002,tp,0.04200860277415271
FILUSDT,1738854900000,-1,3.21,3.19395,tp,0.035302530253025086
ETHUSDT,1738855800000,-1,2722.22,2708.6088999999997,tp,0.05053717320261469
BTCUSDT,1738866600000,-1,96404.4,95922.378,tp,0.08058635929887961
SOLUSDT,1739021400000,1,194.17,195.14084999999997,tp,0.08210748600992396
DOGEUSDT,1739022300000,1,0.24912,0.25036559999999997,tp,0.0804480980012866
XRPUSDT,1739023200000,1,2.4169,2.4289845,tp,0.0669173553718999
DOGEUSDT,1739035800000,1,0.25146,0.2527173,tp,0.07399044468945007
FILUSDT,1739035800000,1,3.246,3.2622299999999997,tp,0.06295113691340011
SUIUSDT,1739036700000,1,3.0106,3.0256529999999997,tp,0.04471225959753331
BNBUSDT,1739040300000,1,619.35,622.44675,tp,0.06132289589641223
SOLUSDT,1739041200000,1,196.4,197.38199999999998,tp,0.07641906981260099
ZECUSDT,1739043000000,1,31.45,31.607249999999997,tp,0.06038314176245117
NEARUSDT,1739054700000,1,3.26,3.2762999999999995,tp,0.05611325611325524
SOLUSDT,1739057400000,1,198.96,199.95479999999998,tp,0.07959061527411754
ZECUSDT,1739058300000,1,31.7,31.858499999999996,tp,0.06346826586706503
ETHUSDT,1739063700000,1,2639.99,2653.1899499999995,tp,0.08142124948053568
BTCUSDT,1739066400000,1,96490.2,96972.65099999998,tp,0.19587144660592418
DOGEUSDT,1739361600000,1,0.25585,0.25712925,tp,0.0825493513818359
BNBUSDT,1739366100000,1,647.32,650.5566,tp,0.0895395757889274
ETHUSDT,1739366100000,1,2630.69,2643.84345,tp,0.08255032082960582
NEARUSDT,1739378700000,1,3.262,3.27831,tp,0.05485380116959011
BTCUSDT,1739378700000,1,96437.5,96919.68749999999,tp,0.2043184911015382
BNBUSDT,1739379600000,1,663.2,666.516,tp,0.051582978557958306
XRPUSDT,1739381400000,1,2.4444,2.456622,tp,0.08775744528166457
SUIUSDT,1739384100000,1,3.3464,3.363132,tp,0.02816058841556808
ETHUSDT,1739390400000,1,2667.21,2680.54605,tp,0.04961315593538536
DOGEUSDT,1739391300000,1,0.26143,0.26273715,tp,0.03702586969600399
FILUSDT,1739394900000,1,3.438,3.45519,tp,0.03539094650205723
NEARUSDT,1739394900000,1,3.382,3.39891,tp,0.03150672229948958
SUIUSDT,1739398500000,1,3.5243,3.5419215,tp,0.02705880100331205
ZECUSDT,1739401200000,1,32.49,32.65245,tp,0.03597901132283894
XRPUSDT,1739411100000,1,2.4685,2.4808425,tp,0.05227523224688993
BTCUSDT,1739555100000,1,97700.0,98188.49999999999,tp,0.07412972696536409
BNBUSDT,1739578500000,-1,658.33,655.03835,tp,0.07507847694470736
FILUSDT,1739675700000,-1,3.377,3.360115,tp,0.08958831341301378
ZECUSDT,1739697300000,-1,31.68,31.5216,tp,0.07213264722698728
SUIUSDT,1739697300000,-1,3.3608,3.3439959999999997,tp,0.07160138555822029
BTCUSDT,1739713500000,-1,97337.5,96850.8125,tp,0.45821464298744435
XRPUSDT,1739714400000,-1,2.7397,2.7260015,tp,0.09548117154811632
DOGEUSDT,1739714400000,-1,0.26729,0.26595355000000004,tp,0.0907448979591834
SUIUSDT,1739714400000,-1,3.3408,3.3240960000000004,tp,0.07466353677621206
BNBUSDT,1739718900000,-1,656.26,682.5337010651753,stop,-1.0246789371015306
SUIUSDT,1739728800000,-1,3.3025,3.2859875,tp,0.07127225639365546
ETHUSDT,1739729700000,-1,2686.0,2672.57,tp,0.14048890284756985
SOLUSDT,1739732400000,-1,189.08,188.1346,tp,0.09514501811937394
DOGEUSDT,1739765700000,-1,0.26431,0.26298845,tp,0.08489671248292002
XRPUSDT,1739765700000,-1,2.7067,2.6931665000000002,tp,0.08800521724953085
NEARUSDT,1739768400000,-1,3.371,3.354145,tp,0.08428571428571467
SUIUSDT,1739769300000,-1,3.2401,3.2238995,tp,0.05761167467520926
XRPUSDT,1739808000000,-1,2.6521,2.6388395,tp,0.060261460295712284
SOLUSDT,1739808900000,-1,180.5,179.5975,tp,0.060828482240783126
SUIUSDT,1739810700000,-1,3.19,3.17405,tp,0.0496398718850094
NEARUSDT,1739810700000,-1,3.3,3.2834999999999996,tp,0.03815652173913084
BTCUSDT,1739810700000,-1,95739.6,95260.902,tp,0.17508962296545744
DOGEUSDT,1739810700000,-1,0.25812,0.25682940000000004,tp,0.058765770394472804
FILUSDT,1739818800000,-1,3.333,3.316335,tp,0.04828436706565148
BNBUSDT,1739855700000,-1,660.48,657.1776,tp,0.07962308598351034
XRPUSDT,1739859300000,-1,2.608,2.59496,tp,0.08117051910654632
SUIUSDT,1739867400000,-1,3.0724,3.057038,tp,0.05405510078338209
ZECUSDT,1739868300000,-1,34.09,33.91955,tp,0.04358285348688481
NEARUSDT,1739889900000,-1,3.14,3.1243000000000003,tp,0.04803673938002248
XRPUSDT,1739895300000,-1,2.5399,2.5272004999999997,tp,0.0563648468708394
BTCUSDT,1739896200000,-1,95199.9,94723.90049999999,tp,0.1837065126668712
FILUSDT,1739896200000,-1,3.197,3.181015,tp,0.04518046709129552
DOGEUSDT,1739896200000,-1,0.24684,0.2456058,tp,0.054911255772547386
SUIUSDT,1739897100000,-1,3.0074,2.992363,tp,0.03895798864557981
ZECUSDT,1739898000000,-1,32.9,32.7355,tp,0.045300207039336564
SOLUSDT,1739898900000,-1,163.04,162.2248,tp,0.03752115865670718
SOLUSDT,1739997900000,-1,168.0,167.16,tp,0.05105437049894206
NEARUSDT,1740058200000,-1,3.068,3.3203289817232373,stop,-1.0125007936507935
ZECUSDT,1740064500000,-1,37.25,37.06375,tp,0.04877952755905554
DOGEUSDT,1740066300000,-1,0.25238,0.2511181,tp,0.09498964803312496
ZECUSDT,1740086100000,-1,36.73,36.54635,tp,0.05472659176029984
XRPUSDT,1740105900000,-1,2.6658,2.652471,tp,0.08475051809341749
ETHUSDT,1740142800000,-1,2717.28,2838.524056431535,stop,-1.0222410725356483
XRPUSDT,1740153600000,-1,2.618,2.60491,tp,0.05318184144531469
FILUSDT,1740156300000,-1,3.468,3.45066,tp,0.05389539422326286
ZECUSDT,1740156300000,-1,36.86,36.6757,tp,0.05061909758656875
SUIUSDT,1740158100000,-1,3.4356,3.418422,tp,0.040812803452616196
BTCUSDT,1740159000000,-1,97575.6,97087.72200000001,tp,0.12280962811894063
BNBUSDT,1740159000000,-1,647.49,644.25255,tp,0.10235894999405995
SOLUSDT,1740159000000,-1,173.0,172.135,tp,0.04752365745253009
ETHUSDT,1740165300000,-1,2666.19,2652.85905,tp,0.0428978161793397
XRPUSDT,1740167100000,-1,2.5521,2.5393394999999996,tp,0.041417399804497115
SOLUSDT,1740177000000,-1,168.17,167.32915,tp,0.041318067854804484
XRPUSDT,1740271500000,-1,2.5682,2.555359,tp,0.13847896440129429
SOLUSDT,1740274200000,-1,171.8,170.941,tp,0.11328708292038449
BNBUSDT,1740303000000,-1,664.0,660.68,tp,0.16848184818482068
SUIUSDT,1740306600000,-1,3.3827,3.3657865,tp,0.07341373315949497
BNBUSDT,1740321000000,-1,655.75,652.4712499999999,tp,0.1700985732814558
FILUSDT,1740324600000,-1,3.413,3.3959349999999997,tp,0.07721561969439766
ZECUSDT,1740325500000,-1,35.76,35.581199999999995,tp,0.0710712506228213
SUIUSDT,1740329100000,-1,3.3111,3.2945445,tp,0.06895380930062994
DOGEUSDT,1740363300000,-1,0.23715,0.23596425,tp,0.03678532396565222
NEARUSDT,1740366000000,-1,3.357,3.340215,tp,0.07600907029478472
XRPUSDT,1740366000000,-1,2.544,2.53128,tp,0.11838045375217995
BNBUSDT,1740369600000,-1,647.37,644.13315,tp,0.1361179568193796
SUIUSDT,1740373200000,-1,3.2636,3.247282,tp,0.04401663454711442
SOLUSDT,1740376800000,-1,160.09,159.28955,tp,0.06053522458628918
ZECUSDT,1740386700000,-1,33.89,33.72055,tp,0.05352313167259723
ETHUSDT,1740392100000,-1,2691.07,2677.61465,tp,0.07080147379264007
FILUSDT,1740393000000,-1,3.254,3.23773,tp,0.0533497739416359
SUIUSDT,1740393900000,-1,3.2253,3.2091735,tp,0.03694688992462145
SOLUSDT,1740394800000,-1,157.05,156.26475000000002,tp,0.05219136499335129
SUIUSDT,1740407400000,-1,3.1694,3.153553,tp,0.039572393098274435
BNBUSDT,1740408300000,-1,636.72,633.5364000000001,tp,0.09760490985807323
BTCUSDT,1740408300000,-1,95100.0,94624.5,tp,0.07147303524793135
ZECUSDT,1740410100000,-1,33.11,32.944449999999996,tp,0.044296743873783975
FILUSDT,1740410100000,-1,3.221,3.204895,tp,0.05710222222222245
DOGEUSDT,1740410100000,-1,0.2263,0.2251685,tp,0.05894626611689295
XRPUSDT,1740411000000,-1,2.4324,2.420238,tp,0.06070214892553717
NEARUSDT,1740411900000,-1,3.265,3.248675,tp,0.05182359952324236
SOLUSDT,1740427200000,-1,150.53,149.77735,tp,0.03792316397184282
NEARUSDT,1740430800000,-1,3.237,3.220815,tp,0.04106206014075519
DOGEUSDT,1740430800000,-1,0.22224,0.2211288,tp,0.04482652747927572
XRPUSDT,1740433500000,-1,2.4011,2.3890945,tp,0.049183304957952464
SUIUSDT,1740434400000,-1,2.9711,2.9562445,tp,0.03133058113686868
BNBUSDT,1740434400000,-1,630.23,627.07885,tp,0.07901996255038321
BTCUSDT,1740434400000,-1,93800.0,93331.0,tp,0.0944147193407927
ETHUSDT,1740434400000,-1,2633.51,2620.34245,tp,0.06654139247086925
FILUSDT,1740434400000,-1,3.165,3.149175,tp,0.05049919484702094
ZECUSDT,1740441600000,-1,32.54,32.3773,tp,0.03481481481481504
NEARUSDT,1740444300000,-1,3.022,3.00689,tp,0.02939438700147702
DOGEUSDT,1740466800000,-1,0.20571,0.20468145000000001,tp,0.025706022884445866
XRPUSDT,1740468600000,-1,2.21,2.19895,tp,0.024094333442515582
BNBUSDT,1740468600000,-1,601.1,598.0945,tp,0.04321906203813817
SOLUSDT,1740468600000,-1,135.89,135.21054999999998,tp,0.02086194975800885
SUIUSDT,1740468600000,-1,2.7472,2.7334639999999997,tp,0.020043760457462544
FILUSDT,1740470400000,-1,2.904,2.88948,tp,0.025153913808267536
NEARUSDT,1740473100000,-1,2.931,2.916345,tp,0.024835924006908257
BTCUSDT,1740481200000,-1,88131.6,87690.94200000001,tp,0.06552468029162124
ZECUSDT,1740496500000,-1,31.05,30.894750000000002,tp,0.02368924607730559
BTCUSDT,1740497400000,-1,86800.0,86366.0,tp,0.04928719379316718
FILUSDT,1740580200000,-1,3.119,3.1034050000000004,tp,0.06310030395136694
SOLUSDT,1740580200000,-1,135.86,135.1807,tp,0.05489482200647349
BNBUSDT,1740590100000,-1,617.0,613.915,tp,0.11021447721179733
SUIUSDT,1740591000000,-1,2.9032,2.888684,tp,0.04172740708698313
BTCUSDT,1740591900000,-1,86211.0,85779.94499999999,tp,0.09827413142880224
SOLUSDT,1740593700000,-1,134.58,133.9071,tp,0.04110637971381434
ETHUSDT,1740593700000,-1,2368.29,2356.44855,tp,0.05120736868309646
NEARUSDT,1740593700000,-1,2.961,2.946195,tp,0.0469841269841268
DOGEUSDT,1740593700000,-1,0.20192,0.2009104,tp,0.03992672904599237
XRPUSDT,1740595500000,-1,2.1939,2.1829305000000003,tp,0.03911445055682224
FILUSDT,1740596400000,-1,3.07,3.0546499999999996,tp,0.041697467488022465
ZECUSDT,1740667500000,-1,36.19,36.009049999999995,tp,0.059776951672863024
SUIUSDT,1740670200000,-1,2.8499,2.8356505,tp,0.04517179456482722
BTCUSDT,1740682800000,-1,84609.0,84185.955,tp,0.07091375129892573
SOLUSDT,1740686400000,-1,136.27,135.58865,tp,0.04542913172278604
ETHUSDT,1740688200000,-1,2277.0,2265.615,tp,0.05038292404656771
XRPUSDT,1740690000000,-1,2.1667,2.1558665,tp,0.04584088620342369
NEARUSDT,1740704400000,-1,3.039,3.0238050000000003,tp,0.04293617021276551
DOGEUSDT,1740705300000,-1,0.20411,0.20308945,tp,0.04788188930062982
SUIUSDT,1740705300000,-1,2.7564,2.7426180000000002,tp,0.04798223847459818
BTCUSDT,1740708000000,-1,82667.0,82253.665,tp,0.06688495478346647
FILUSDT,1740713400000,-1,3.1,3.0845000000000002,tp,0.038591194968553094
XRPUSDT,1740716100000,-1,2.0236,2.013482,tp,0.03367938294767501
NEARUSDT,1740717000000,-1,2.833,2.818835,tp,0.03544654088050362
ETHUSDT,1740717000000,-1,2122.18,2111.5690999999997,tp,0.0331131732382308
SOLUSDT,1740717000000,-1,127.01,126.37495,tp,0.03413878562577489
BNBUSDT,1740717000000,-1,573.56,570.6922,tp,0.05487474253963667
BTCUSDT,1740732300000,-1,78787.0,78393.065,tp,0.03743923945335686
ZECUSDT,1740738600000,-1,35.51,35.332449999999994,tp,0.030516795865633734
SOLUSDT,1740812400000,-1,144.1,143.3795,tp,0.052365826944139236
XRPUSDT,1740928500000,-1,1.982,2.3269343234240156,stop,-1.006408720319014
DOGEUSDT,1740929400000,-1,0.20041,0.2157554711158863,stop,-1.0133568852993964
FILUSDT,1740929400000,-1,3.154,3.3745699333967645,stop,-1.014534353741496
BTCUSDT,1740929400000,-1,85438.4,87987.17967603654,stop,-1.0327952319606606
SUIUSDT,1740932100000,-1,2.7946,3.035002975998278,stop,-1.0119934157022203
BNBUSDT,1740932100000,-1,604.6,623.5162604249405,stop,-1.0313138238794124
NEARUSDT,1740933000000,-1,3.2,3.441504702194357,stop,-1.0135377466251299
ETHUSDT,1740933000000,-1,2200.11,2315.2690153257668,stop,-1.0190997253522656
BNBUSDT,1740983400000,-1,608.41,605.36795,tp,0.08000657851457213
BTCUSDT,1740989700000,-1,92306.3,91844.7685,tp,0.08181009001074213
NEARUSDT,1740993300000,-1,3.255,3.238725,tp,0.04622601279317644
SOLUSDT,1740993300000,-1,159.68,158.88160000000002,tp,0.03634904254099235
ZECUSDT,1740993300000,-1,40.52,40.317400000000006,tp,0.04305156831472558
ETHUSDT,1740993300000,-1,2351.67,2339.91165,tp,0.055107490861220104
SUIUSDT,1740995100000,-1,2.938,2.9233100000000003,tp,0.045291448516579035
ZECUSDT,1741011300000,-1,40.15,39.94925,tp,0.04812481248124803
BNBUSDT,1741015800000,-1,595.22,592.2439,tp,0.07754757428844614
BTCUSDT,1741016700000,-1,90700.0,90246.5,tp,0.06044777711733958
SUIUSDT,1741016700000,-1,2.8962,2.881719,tp,0.039824634655532355
SOLUSDT,1741017600000,-1,156.68,155.8966,tp,0.02962835578484763
DOGEUSDT,1741017600000,-1,0.21524,0.2141638,tp,0.03812466415905424
FILUSDT,1741017600000,-1,3.281,3.264595,tp,0.04052582159624462
NEARUSDT,1741025700000,-1,3.224,3.2078800000000003,tp,0.03906581740976621
XRPUSDT,1741027500000,-1,2.5255,2.5128725000000003,tp,0.02757390586292281
BNBUSDT,1741028400000,-1,583.57,580.65215,tp,0.06446163658042964
SUIUSDT,1741029300000,-1,2.7351,2.7214245,tp,0.03222153483576414
FILUSDT,1741030200000,-1,3.111,3.0954450000000002,tp,0.032270833333333276
DOGEUSDT,1741031100000,-1,0.20454,0.2035173,tp,0.029671957671957332
ZECUSDT,1741033800000,-1,37.66,37.4717,tp,0.03300780379041212
ZECUSDT,1741048200000,-1,36.29,36.10855,tp,0.03599206349206305
XRPUSDT,1741050000000,-1,2.3408,2.3290960000000003,tp,0.018864089116558843
SOLUSDT,1741051800000,-1,140.0,139.3,tp,0.019177386710575634
SUIUSDT,1741051800000,-1,2.5823,2.5693885,tp,0.028526359485263487
SUIUSDT,1741083300000,-1,2.4166,2.404517,tp,0.026041430039483074
ZECUSDT,1741095900000,-1,34.09,33.91955,tp,0.05091863517060448
SUIUSDT,1741097700000,-1,2.3333,2.3216335,tp,0.03328824476650567
NEARUSDT,1741102200000,-1,2.703,2.689485,tp,0.032751515151515004
DOGEUSDT,1741239000000,-1,0.1877,0.21911379277873438,stop,-1.0066263282694312
BNBUSDT,1741271400000,-1,598.33,595.33835,tp,0.12313446676970784
BTCUSDT,1741271400000,-1,89800.0,89351.0,tp,0.09499302450176916
DOGEUSDT,1741273200000,-1,0.20498,0.2039551,tp,0.04878007800780062
ZECUSDT,1741277700000,-1,35.21,35.03395,tp,0.059336734693878845
NEARUSDT,1741306500000,-1,3.069,3.053655,tp,0.03600353669319175
DOGEUSDT,1741306500000,-1,0.2,0.199,tp,0.04502255299954897
SOLUSDT,1741306500000,-1,140.75,140.04625,tp,0.038728977116074675
XRPUSDT,1741306500000,-1,2.426,2.41387,tp,0.04238657225281914
SUIUSDT,1741310100000,-1,2.6262,2.613069,tp,0.02512456546929321
ZECUSDT,1741311900000,-1,33.77,33.601150000000004,tp,0.04491513917175806
BTCUSDT,1741313700000,-1,87790.5,87351.5475,tp,0.047803182662402514
SUIUSDT,1741365900000,-1,2.68,2.6666000000000003,tp,0.027931115829204673
ZECUSDT,1741365900000,-1,33.02,32.8549,tp,0.057165149544864326
SUIUSDT,1741383000000,-1,2.6488,2.6355560000000002,tp,0.024893071000855048
BTCUSDT,1741383900000,-1,86465.3,86032.97350000001,tp,0.03674442021187666
XRPUSDT,1741388400000,-1,2.3745,2.3626275,tp,0.02449764236488928
DOGEUSDT,1741390200000,-1,0.19746,0.1964727,tp,0.03416481650777059
ZECUSDT,1741397400000,-1,32.71,32.54645,tp,0.03709897610921519
NEARUSDT,1741419900000,-1,2.907,2.892465,tp,0.03347198151357587
XRPUSDT,1741427100000,-1,2.3326,2.320937,tp,0.03177934608434751
DOGEUSDT,1741431600000,-1,0.195,0.194025,tp,0.07483126622440195
SUIUSDT,1741449600000,-1,2.5278,2.515161,tp,0.05678013706325171
DOGEUSDT,1741453200000,-1,0.193,0.192035,tp,0.0690715702181356
SOLUSDT,1741453200000,-1,136.02,135.3399,tp,0.06975741239892265
ZECUSDT,1741483800000,-1,32.49,32.32755,tp,0.07035830618892504
BNBUSDT,1741499100000,-1,589.09,586.14455,tp,0.08358044558881508
DOGEUSDT,1741500000000,-1,0.19072,0.1897664,tp,0.08314213918933634
NEARUSDT,1741509000000,-1,2.833,2.818835,tp,0.06541666666666765
SUIUSDT,1741513500000,-1,2.4682,2.455859,tp,0.06594348466586394
BTCUSDT,1741514400000,-1,85753.3,85324.5335,tp,0.22592738960902037
BNBUSDT,1741516200000,-1,583.44,580.5228000000001,tp,0.1901157294213527
SOLUSDT,1741521600000,-1,136.12,135.4394,tp,0.07914410480349296
XRPUSDT,1741523400000,-1,2.2402,2.2289990000000004,tp,0.06598844957796378
NEARUSDT,1741527900000,-1,2.753,2.7392350000000003,tp,0.06368055555555434
SUIUSDT,1741530600000,-1,2.3915,2.3795425000000003,tp,0.052447691796744515
ZECUSDT,1741536900000,-1,30.74,30.586299999999998,tp,0.05201017811704849
FILUSDT,1741537800000,-1,2.881,2.866595,tp,0.029136561619267223
BNBUSDT,1741537800000,-1,567.83,564.99085,tp,0.10484360540440583
NEARUSDT,1741540500000,-1,2.67,2.65665,tp,0.04768817204301054
XRPUSDT,1741540500000,-1,2.1411,2.1303945,tp,0.04215276749123502
ETHUSDT,1741541400000,-1,2024.5,2014.3775,tp,0.031955283445637694
DOGEUSDT,1741543200000,-1,0.16907,0.16822465,tp,0.0355920948616598
SUIUSDT,1741544100000,-1,2.2873,2.2758635000000003,tp,0.03920379965457626
BTCUSDT,1741556700000,-1,82176.9,81766.0155,tp,0.06028982629908043
NEARUSDT,1741617000000,-1,2.532,2.51934,tp,0.03266149870801006
FILUSDT,1741617000000,-1,2.83,2.81585,tp,0.042115456238360875
ZECUSDT,1741617900000,-1,30.25,30.09875,tp,0.043870025556772795
ETHUSDT,1741621500000,-1,2035.76,2025.5812,tp,0.04112335990065211
SUIUSDT,1741625100000,-1,2.206,2.19497,tp,0.025094619243045728
BTCUSDT,1741627800000,-1,79142.8,78747.086,tp,0.042153035737159734
BNBUSDT,1741627800000,-1,541.33,538.6233500000001,tp,0.05057760203361051
XRPUSDT,1741628700000,-1,2.0657,2.0553715,tp,0.027793636332962068
ZECUSDT,1741630500000,-1,29.05,28.90475,tp,0.03459006582884519
NEARUSDT,1741630500000,-1,2.339,2.327305,tp,0.023958656330749385
FILUSDT,1741631400000,-1,2.72,2.7064000000000004,tp,0.03331490015360937
DOGEUSDT,1741635000000,-1,0.15676,0.1559762,tp,0.02359833934737906
SOLUSDT,1741652100000,-1,116.58,115.9971,tp,0.02754905458437365
DOGEUSDT,1741653900000,-1,0.15039,0.14963805,tp,0.024665354330708694
BNBUSDT,1741653900000,-1,522.71,520.09645,tp,0.0431690053396255
NEARUSDT,1741653900000,-1,2.238,2.22681,tp,0.024965015393227045
BTCUSDT,1741653900000,-1,77410.1,77023.04950000001,tp,0.049057117687673964
ZECUSDT,1741703400000,-1,29.12,28.9744,tp,0.04303030303030352
BTCUSDT,1741791600000,-1,81447.6,81040.36200000001,tp,0.09853505266981405
BTCUSDT,1741869900000,-1,82692.3,82278.8385,tp,0.11664090129391742
DOGEUSDT,1741880700000,-1,0.16637,0.16553815,tp,0.04386569034896733
ETHUSDT,1741886100000,-1,1851.33,1842.07335,tp,0.036680367275970245
BTCUSDT,1741895100000,-1,80621.2,80218.094,tp,0.07318266367780207
XRPUSDT,1741965300000,-1,1.9907,2.388239388215607,stop,-1.0057071764108423
SOLUSDT,1741977000000,-1,119.5,134.1524761486317,stop,-1.0086978372152557
FILUSDT,1742055300000,-1,2.611,2.950394606893881,stop,-1.0082584543761637
XRPUSDT,1742083200000,-1,2.3887,2.3767565,tp,0.10008178672538628
DOGEUSDT,1742091300000,-1,0.17387,0.17300065,tp,0.10033477633477586
FILUSDT,1742117400000,-1,2.916,2.90142,tp,0.10364444444444434
ETHUSDT,1742117400000,-1,1918.91,1909.31545,tp,0.1336945228881224
XRPUSDT,1742118300000,-1,2.3616,2.3497920000000003,tp,0.09333729098644422
BTCUSDT,1742120100000,-1,84060.0,83639.7,tp,0.302852247621625
SOLUSDT,1742130900000,-1,129.59,128.94205,tp,0.07299788583509627
SOLUSDT,1742157000000,-1,127.39,126.75305,tp,0.05067385444743939
SOLUSDT,1742266800000,-1,125.2,124.574,tp,0.07137355584082214
XRPUSDT,1742278500000,-1,2.2827,2.2712865,tp,0.06479772079772199
FILUSDT,1742280300000,-1,2.935,2.920325,tp,0.06517777777777774
DOGEUSDT,1742280300000,-1,0.16674,0.1659063,tp,0.0664785349744816
ZECUSDT,1742280300000,-1,33.47,33.30265,tp,0.09423537702607308
ZECUSDT,1742301000000,-1,32.85,32.68575,tp,0.07430839002267692
BTCUSDT,1742304600000,-1,82128.5,81717.8575,tp,0.07789757501964097
ETHUSDT,1742304600000,-1,1892.9,1883.4355,tp,0.11714511407462505
DOGEUSDT,1742309100000,-1,0.16526,0.1644337,tp,0.07253439857967177
SOLUSDT,1742312700000,-1,122.78,122.1661,tp,0.07663369445752875
FILUSDT,1742312700000,-1,2.843,2.828785,tp,0.05811860940695336
XRPUSDT,1742318100000,-1,2.242,2.23079,tp,0.07369168524481998
SUIUSDT,1742410800000,-1,2.0567,2.462466879950132,stop,-1.0057652402193102
ETHUSDT,1742464800000,-1,2011.13,2001.07435,tp,0.1005976873404416
SOLUSDT,1742482800000,-1,130.0,129.35,tp,0.07938169574533278
XRPUSDT,1742484600000,-1,2.452,2.43974,tp,0.0571706516643224
BTCUSDT,1742484600000,-1,85383.0,84956.085,tp,0.15838375951590605
SUIUSDT,1742487300000,-1,2.3954,2.383423,tp,0.04254755555555529
SUIUSDT,1742536800000,-1,2.311,2.299445,tp,0.07172799254774095
XRPUSDT,1742540400000,-1,2.4068,2.394766,tp,0.07918992343788525
FILUSDT,1742541300000,-1,2.994,2.9790300000000003,tp,0.06682326621923888
DOGEUSDT,1742545800000,-1,0.16802,0.1671799,tp,0.09554132878076689
XRPUSDT,1742560200000,-1,2.3823,2.3703885,tp,0.07894116670815758
FILUSDT,1742560200000,-1,2.93,2.91535,tp,0.07614583333333373
ETHUSDT,1742560200000,-1,1964.95,1955.12525,tp,0.07858658236740429
BTCUSDT,1742561100000,-1,83877.4,83458.01299999999,tp,0.17908528176015961
ZECUSDT,1742619600000,-1,30.49,30.337549999999997,tp,0.057094499294781956
DOGEUSDT,1742684400000,-1,0.16752,0.1666824,tp,0.14846870838881296
BTCUSDT,1742686200000,-1,84010.0,83589.95,tp,0.3787321561464071
SOLUSDT,1742728500000,-1,128.55,133.71777004671077,stop,-1.0245815662067301
FILUSDT,1742751000000,-1,2.982,2.9670900000000002,tp,0.09735294117647089
NEARUSDT,1742785200000,-1,2.495,2.8394271878763546,stop,-1.0078317157397312
ETHUSDT,1742791500000,-1,1980.3,2038.7744598683512,stop,-1.0331227640449456
XRPUSDT,1742792400000,-1,2.3675,2.4591616149881723,stop,-1.0254872613202408
SUIUSDT,1742812200000,-1,2.2412,2.4047064103710323,stop,-1.0139717524509806
NEARUSDT,1742858100000,-1,2.912,2.89744,tp,0.06990990990990945
XRPUSDT,1742866200000,-1,2.4409,2.4286955,tp,0.10439807383627739
SOLUSDT,1742866200000,-1,140.43,139.72785000000002,tp,0.08099855699855556
ETHUSDT,1742872500000,-1,2066.38,2056.0481,tp,0.10546243807772976
BNBUSDT,1742882400000,-1,572.85,644.334843168272,stop,-1.008562907518297
BNBUSDT,1742940000000,-1,632.34,629.1783,tp,0.1288562241616901
ETHUSDT,1742960700000,-1,2052.2,2041.9389999999999,tp,0.10785388849385019
SOLUSDT,1742996700000,-1,142.2,141.48899999999998,tp,0.08254773356653686
XRPUSDT,1742998500000,-1,2.4266,2.414467,tp,0.11455472548322003
BNBUSDT,1743012000000,-1,622.23,619.1188500000001,tp,0.15904907975459956
XRPUSDT,1743013800000,-1,2.3933,2.3813334999999998,tp,0.08669209809264482
BTCUSDT,1743014700000,-1,86548.9,86116.1555,tp,0.13077703903726748
FILUSDT,1743016500000,-1,3.057,3.041715,tp,0.06009832841691227
ETHUSDT,1743024600000,-1,2000.9,1990.8955,tp,0.08707300298038156
SOLUSDT,1743024600000,-1,137.58,136.8921,tp,0.05832430710417451
XRPUSDT,1743026400000,-1,2.3567,2.3449165,tp,0.0656273075583417
DOGEUSDT,1743027300000,-1,0.19322,0.1922539,tp,0.04455103695979598
NEARUSDT,1743082200000,-1,2.962,2.94719,tp,0.054533702677747806
DOGEUSDT,1743382800000,-1,0.16434,0.1635183,tp,0.054224216737306326
XRPUSDT,1743387300000,-1,2.1057,2.0951715,tp,0.05660479978244591
SUIUSDT,1743390900000,-1,2.307,2.295465,tp,0.04267941686588794
NEARUSDT,1743406200000,-1,2.558,2.54521,tp,0.05156504065040589
XRPUSDT,1743407100000,-1,2.0673,2.0569634999999997,tp,0.047194244604317453
SUIUSDT,1743411600000,-1,2.2514,2.2401429999999998,tp,0.037800756620429
DOGEUSDT,1743413400000,-1,0.16218,0.1613691,tp,0.0488064540450881
BTCUSDT,1743519600000,-1,81501.4,84843.9642693647,stop,-1.0241137520659316
FILUSDT,1743554700000,-1,2.818,2.80391,tp,0.07957537154989362
SUIUSDT,1743568200000,-1,2.3601,2.3482995,tp,0.05325869380831262
NEARUSDT,1743570000000,-1,2.573,2.560135,tp,0.05463258785942554
BTCUSDT,1743570900000,-1,84594.4,84171.428,tp,0.14710359132238301
SOLUSDT,1743570900000,-1,124.55,123.92725,tp,0.07555555555555508
BNBUSDT,1743570900000,-1,600.43,597.4278499999999,tp,0.13236078950270275
XRPUSDT,1743570900000,-1,2.0922,2.0817390000000002,tp,0.07049064238745475
ZECUSDT,1743590700000,-1,40.26,40.058699999999995,tp,0.057321937321938105
XRPUSDT,1743629400000,-1,2.0968,2.086316,tp,0.0359694315644855
SUIUSDT,1743629400000,-1,2.3864,2.3744680000000002,tp,0.02778623283477613
SOLUSDT,1743631200000,-1,125.0,124.375,tp,0.03214322514167952
BNBUSDT,1743631200000,-1,597.6,594.612,tp,0.07124549005576075
DOGEUSDT,1743631200000,-1,0.1693,0.1684535,tp,0.03098379470229081
FILUSDT,1743631200000,-1,2.777,2.763115,tp,0.06703030303030365
ZECUSDT,1743634800000,-1,38.9,38.7055,tp,0.03523027815777437
DOGEUSDT,1743677100000,-1,0.16185,0.16104074999999998,tp,0.06639120156234035
SUIUSDT,1743678900000,-1,2.25,2.23875,tp,0.04145088254320296
BNBUSDT,1743684300000,-1,592.4,589.438,tp,0.09675611648899199
BTCUSDT,1743684300000,-1,82658.9,82245.60549999999,tp,0.13722820100343874
SOLUSDT,1743684300000,-1,115.03,114.45485000000001,tp,0.05543250090481295
XRPUSDT,1743687900000,-1,2.0119,2.0018404999999997,tp,0.0599035999397507
FILUSDT,1743688800000,-1,2.648,2.63476,tp,0.055216931216931886
ETHUSDT,1743688800000,-1,1785.03,1776.10485,tp,0.07400617768703226
SUIUSDT,1743736500000,-1,2.2019,2.1908905,tp,0.04474527820316535
BNBUSDT,1743766200000,-1,588.5,585.5575,tp,0.13101303911735174
SOLUSDT,1743768900000,-1,114.57,113.99714999999999,tp,0.059382522239665225
BTCUSDT,1743777900000,-1,82377.6,81965.712,tp,0.10718957319679974
FILUSDT,1743855300000,-1,2.739,2.725305,tp,0.09055417700578892
SOLUSDT,1743856200000,-1,120.12,119.5194,tp,0.10222790202342924
ZECUSDT,1743859800000,-1,37.62,37.4319,tp,0.050023356690023016
BNBUSDT,1743867000000,-1,594.66,591.6867,tp,0.2425204248365993
FILUSDT,1743912000000,-1,2.669,2.655655,tp,0.08697788697788811
FILUSDT,1743937200000,-1,2.643,2.6297849999999996,tp,0.09411974977658728
SUIUSDT,1743942600000,-1,2.1462,2.135469,tp,0.03897842842158001
BNBUSDT,1743943500000,-1,588.88,585.9356,tp,0.2651396396396401
NEARUSDT,1743943500000,-1,2.366,2.35417,tp,0.04491927825261246
ETHUSDT,1743946200000,-1,1770.0,1761.15,tp,0.07983187580502928
SOLUSDT,1743956100000,-1,114.8,114.226,tp,0.07866872533882266
SUIUSDT,1743957000000,-1,2.0805,2.0700974999999997,tp,0.05973689885702037
BTCUSDT,1743957000000,-1,82471.2,82058.844,tp,0.18767567321222045
FILUSDT,1743960600000,-1,2.553,2.540235,tp,0.06174545454545391
XRPUSDT,1743962400000,-1,2.0348,2.024626,tp,0.06787573467674327
DOGEUSDT,1743963300000,-1,0.1556,0.154822,tp,0.044433019137389375
NEARUSDT,1743966900000,-1,2.176,2.16512,tp,0.04209606986899639
ZECUSDT,1743981300000,-1,36.91,36.725449999999995,tp,0.07073217726396976
DOGEUSDT,1743981300000,-1,0.1488,0.148056,tp,0.03614054384356831
BTCUSDT,1743984000000,-1,78168.8,77777.956,tp,0.059939434090886964
SOLUSDT,1743984900000,-1,104.6,104.077,tp,0.03244579155980392
DOGEUSDT,1743996600000,-1,0.14573,0.14500135,tp,0.03056002524057411
SOLUSDT,1743998400000,-1,103.2,102.684,tp,0.02989412194231504
SUIUSDT,1743999300000,-1,1.8683,1.8589585,tp,0.025741778576715956
BNBUSDT,1744003800000,-1,547.5,544.7625,tp,0.0558101356174153
ZECUSDT,1744006500000,-1,29.55,29.402250000000002,tp,0.017775765806548785
BTCUSDT,1744006500000,-1,76889.6,76505.152,tp,0.048729994001771505
XRPUSDT,1744006500000,-1,1.7784,1.769508,tp,0.022547912879874753
ETHUSDT,1744006500000,-1,1535.27,1527.59365,tp,0.029621009348694497
FILUSDT,1744006500000,-1,2.323,2.311385,tp,0.028949858088930754
NEARUSDT,1744006500000,-1,2.108,2.09746,tp,0.029454417458641895
FILUSDT,1744097400000,-1,2.335,2.323325,tp,0.060544747081711627
ETHUSDT,1744124400000,-1,1548.08,1540.3396,tp,0.05720389534722347
BTCUSDT,1744125300000,-1,78788.0,78394.06,tp,0.08421219319081612
NEARUSDT,1744128000000,-1,2.061,2.0506949999999997,tp,0.03961464354528029
SUIUSDT,1744129800000,-1,2.0,1.99,tp,0.03797374429223748
XRPUSDT,1744131600000,-1,1.8564,1.847118,tp,0.044732815229833266
FILUSDT,1744131600000,-1,2.305,2.293475,tp,0.046006006006006926
BNBUSDT,1744131600000,-1,555.14,552.3643,tp,0.09086322686322848
NEARUSDT,1744143300000,-1,1.901,1.891495,tp,0.02816647919010149
XRPUSDT,1744151400000,-1,1.8053,1.7962734999999999,tp,0.029902058432935072
BTCUSDT,1744156800000,-1,76527.3,76144.66350000001,tp,0.05739301129752559
FILUSDT,1744182000000,1,2.303,2.3145149999999997,tp,0.03885521885521785
BTCUSDT,1744183800000,1,77329.7,77716.3485,tp,0.05662753340010557
DOGEUSDT,1744183800000,1,0.14581,0.14653904999999998,tp,0.0343114859720017
ETHUSDT,1744195500000,1,1485.6,1493.0279999999998,tp,0.03485278284885029
BNBUSDT,1744205400000,1,558.5,561.2924999999999,tp,0.08259571322985682
FILUSDT,1744205400000,1,2.343,2.3547149999999997,tp,0.05482778750729558
BNBUSDT,1744218000000,1,565.52,568.3475999999999,tp,0.07748099445243349
NEARUSDT,1744218900000,1,1.936,1.9456799999999996,tp,0.03447111111111
SOLUSDT,1744219800000,1,108.32,108.86159999999998,tp,0.03733746663222171
BTCUSDT,1744219800000,1,78331.9,78723.55949999999,tp,0.058543880362061526
ZECUSDT,1744222500000,1,37.33,37.51664999999999,tp,0.03045871559632913
ETHUSDT,1744233300000,1,1672.8,1681.1639999999998,tp,0.030383365113955545
BTCUSDT,1744233300000,1,82967.4,83382.23699999998,tp,0.048247218716909485
DOGEUSDT,1744235100000,1,0.16206,0.1628703,tp,0.034542655412220014
ZECUSDT,1744258500000,-1,34.78,34.6061,tp,0.04161982472046014
FILUSDT,1744283700000,-1,2.385,2.3730749999999996,tp,0.06839080459770222
SOLUSDT,1744289100000,-1,113.7,113.1315,tp,0.06638596491228066
ETHUSDT,1744293600000,-1,1580.5,1572.5975,tp,0.05147247793216289
BTCUSDT,1744293600000,-1,81241.1,80834.89450000001,tp,0.09823383832402513
ZECUSDT,1744299900000,-1,32.45,32.28775,tp,0.024980665119876306
BNBUSDT,1744299900000,-1,571.69,568.8315500000001,tp,0.08856246368390289
SOLUSDT,1744304400000,-1,109.01,108.46495,tp,0.043811821471652905
DOGEUSDT,1744443900000,1,0.16247,0.16328235,tp,0.09195149464184879
XRPUSDT,1744450200000,1,2.0584,2.0686919999999995,tp,0.10483560950935474
BNBUSDT,1744462800000,1,590.0,592.9499999999999,tp,0.23400891530460105
NEARUSDT,1744462800000,1,2.134,2.1446699999999996,tp,0.07204030226700045
FILUSDT,1744464600000,1,2.479,2.491395,tp,0.09124542124541893
ETHUSDT,1744464600000,1,1616.0,1624.08,tp,0.09178848307042413
SOLUSDT,1744468200000,1,128.96,129.60479999999998,tp,0.06855476001060462
DOGEUSDT,1744473600000,1,0.1673,0.1681365,tp,0.07059392410385701
SOLUSDT,1744493400000,1,131.7,132.35849999999996,tp,0.04847725415417964
SUIUSDT,1744495200000,1,2.3661,2.3779304999999997,tp,0.040050754980331955
FILUSDT,1744495200000,1,2.562,2.5748099999999994,tp,0.06275946275946044
BTCUSDT,1744506900000,1,85388.0,85814.93999999999,tp,0.10401060049242279
DOGEUSDT,1744726500000,1,0.16899,0.15708638031286892,stop,-1.0125366959983246
DOGEUSDT,1745201700000,1,0.16014,0.1609407,tp,0.07286705333788147
SUIUSDT,1745204400000,1,2.1941,2.2050704999999997,tp,0.06854652972299757
ZECUSDT,1745214300000,1,31.52,31.677599999999995,tp,0.09040860215053485
DOGEUSDT,1745214300000,1,0.16136,0.1621668,tp,0.07207134894091376
BNBUSDT,1745215200000,1,604.5,607.5224999999999,tp,0.16277598276790073
SUIUSDT,1745225100000,1,2.2495,2.2607474999999995,tp,0.060115976804637296
XRPUSDT,1745225100000,1,2.1256,2.1362279999999996,tp,0.09845548222762196
ETHUSDT,1745226000000,1,1645.34,1653.5666999999999,tp,0.08023619938149798
FILUSDT,1745244900000,1,2.687,2.7004349999999997,tp,0.1013182674199613
BTCUSDT,1745247600000,1,87777.0,88215.885,tp,0.13302018376261304
BNBUSDT,1745308800000,1,602.45,605.4622499999999,tp,0.19156773937226182
SOLUSDT,1745321400000,1,139.82,140.51909999999998,tp,0.07217503217503099
XRPUSDT,1745328600000,1,2.1074,2.117937,tp,0.11784568159620291
ETHUSDT,1745331300000,1,1643.06,1651.2752999999998,tp,0.07875876594624215
BNBUSDT,1745333100000,1,607.49,610.5274499999999,tp,0.16515120625211957
NEARUSDT,1745334000000,1,2.319,2.3305949999999998,tp,0.06581740976645309
SUIUSDT,1745334000000,1,2.4047,2.4167235,tp,0.04839863371508842
FILUSDT,1745337600000,1,2.598,2.6109899999999997,tp,0.05463970969414133
SOLUSDT,1745337600000,1,144.84,145.5642,tp,0.06880740477038083
BTCUSDT,1745337600000,1,90490.0,90942.45,tp,0.12840620052910504
SUIUSDT,1745348400000,1,2.4408,2.4530039999999995,tp,0.045596799702296645
SOLUSDT,1745360100000,1,147.69,148.42844999999997,tp,0.05908418316336523
ETHUSDT,1745362800000,1,1739.56,1748.2577999999999,tp,0.04643984984806002
FILUSDT,1745362800000,1,2.666,2.6793299999999998,tp,0.0489311594202893
ZECUSDT,1745362800000,1,32.45,32.612249999999996,tp,0.057414248021105625
BNBUSDT,1745364600000,1,611.98,615.0399,tp,0.16129805160610697
NEARUSDT,1745366400000,1,2.401,2.4130049999999996,tp,0.05549053356282194
SUIUSDT,1745366400000,1,2.6924,2.7058619999999998,tp,0.03922905429701439
DOGEUSDT,1745370000000,1,0.18,0.18089999999999998,tp,0.05370606794335518
ETHUSDT,1745376300000,1,1789.0,1797.9449999999997,tp,0.04802124192866895
SUIUSDT,1745382600000,1,2.7998,2.8137989999999995,tp,0.025920014803505906
SOLUSDT,1745384400000,1,150.29,151.04144999999997,tp,0.05803581744656086
NEARUSDT,1745394300000,1,2.482,2.49441,tp,0.05263381028086743
ZECUSDT,1745395200000,1,33.27,33.43635,tp,0.04764747690120649
XRPUSDT,1745397000000,1,2.2641,2.2754204999999996,tp,0.06966751132611289
SOLUSDT,1745398800000,1,152.24,153.00119999999998,tp,0.06534963534963296
BTCUSDT,1745415000000,1,94263.0,94734.31499999999,tp,0.12220475704732461
NEARUSDT,1745415900000,1,2.509,2.5215449999999997,tp,0.05717206132878965
ZECUSDT,1745419500000,1,33.82,33.98909999999999,tp,0.06529667149059047
FILUSDT,1745431200000,1,2.784,2.7979199999999995,tp,0.0474904458598717
SUIUSDT,1745479800000,1,3.0618,3.0771089999999997,tp,0.03205570973378523
NEARUSDT,1745503200000,1,2.464,2.47632,tp,0.05282051282051236
SOLUSDT,1745537400000,1,151.64,152.39819999999997,tp,0.060250148898152535
BTCUSDT,1745537400000,1,93429.6,93896.74799999999,tp,0.13859143025544304
FILUSDT,1745539200000,1,2.852,2.8662599999999996,tp,0.06432432432432295
BNBUSDT,1745542800000,1,600.78,603.7838999999999,tp,0.17439245556764094
ZECUSDT,1745542800000,1,34.33,34.50165,tp,0.052994611239414936
SUIUSDT,1745559900000,1,3.4187,3.4357934999999995,tp,0.03372371053530407
BNBUSDT,1745560800000,1,604.59,607.61295,tp,0.1554716496500311
NEARUSDT,1745570700000,1,2.574,2.58687,tp,0.06311926605504563
SUIUSDT,1745573400000,1,3.6347,3.6528734999999997,tp,0.028270918162527373
ETHUSDT,1745574300000,1,1777.33,1786.2166499999998,tp,0.09607370238480555
ZECUSDT,1745575200000,1,34.6,34.772999999999996,tp,0.08169611307420219
SOLUSDT,1745582400000,1,154.5,155.27249999999998,tp,0.07546617915904731
BTCUSDT,1745589600000,1,94409.5,94881.54749999999,tp,0.18165588951134917
DOGEUSDT,1745592300000,1,0.18472,0.18564359999999996,tp,0.04342481820314193
ETHUSDT,1745594100000,1,1802.0,1811.0099999999998,tp,0.06479375576883264
FILUSDT,1745630100000,1,2.883,2.8974149999999996,tp,0.0818156028368771
NEARUSDT,1745637300000,1,2.701,2.714505,tp,0.05994472084024253
ETHUSDT,1745704800000,1,1815.05,1824.1252499999998,tp,0.10066424322537833
NEARUSDT,1745714700000,1,2.634,2.6471699999999996,tp,0.08331753554502182
SUIUSDT,1745727300000,1,3.5568,3.5745839999999998,tp,0.04436188891969274
XRPUSDT,1745785800000,1,2.2704,2.2817519999999996,tp,0.05962919441180076
BTCUSDT,1745802900000,1,94850.2,93063.13918435886,stop,-1.0494722851350906
ZECUSDT,1745802900000,1,33.12,33.285599999999995,tp,0.09367231638417939
ETHUSDT,1745803800000,1,1849.0,1760.9375668947844,stop,-1.0189966439668003
FILUSDT,1745813700000,1,2.733,2.7466649999999997,tp,0.08682539682539425
SOLUSDT,1745821800000,1,149.62,150.3681,tp,0.127535121328223
XRPUSDT,1745826300000,1,2.2943,2.3057714999999996,tp,0.07619188677692648
SUIUSDT,1745836200000,1,3.7253,3.7439264999999993,tp,0.043322887650880784
BTCUSDT,1745836200000,1,94637.0,95110.18499999998,tp,0.1655183622113239
ETHUSDT,1745839800000,1,1815.78,1824.8588999999997,tp,0.10046690135983675
NEARUSDT,1745868600000,1,2.583,2.5959149999999998,tp,0.056038961038959056
FILUSDT,1745896500000,1,2.783,2.796915,tp,0.0813391557496354
BNBUSDT,1745907300000,1,605.94,608.9697,tp,0.17886970635974117
ETHUSDT,1745920800000,1,1828.0,1837.1399999999999,tp,0.09707993798942516
ETHUSDT,1746019800000,1,1812.48,1749.1457900018745,stop,-1.026236823677929
SOLUSDT,1746019800000,1,152.92,141.6293716918251,stop,-1.0119167772983737
SOLUSDT,1746063000000,1,148.09,148.83044999999998,tp,0.0769550532605854
FILUSDT,1746064800000,1,2.794,2.8079699999999996,tp,0.04645911166458977
DOGEUSDT,1746077400000,1,0.1744,0.17527199999999998,tp,0.09239645361915948
SOLUSDT,1746087300000,1,149.58,150.3279,tp,0.10816820068579476
NEARUSDT,1746087300000,1,2.491,2.5034549999999998,tp,0.0750338600451446
ETHUSDT,1746088200000,1,1809.19,1818.2359499999998,tp,0.10320854547269281
BTCUSDT,1746092700000,1,95264.9,95741.22449999998,tp,0.16367087847516765
XRPUSDT,1746094500000,1,2.2179,2.2289895,tp,0.10617851160564475
SUIUSDT,1746110700000,1,3.7236,3.7422179999999994,tp,0.04882093501911101
DOGEUSDT,1746110700000,1,0.1795,0.18039749999999996,tp,0.10436501017145823
BTCUSDT,1746111600000,1,96414.8,96896.874,tp,0.19246775923569828
ETHUSDT,1746117000000,1,1858.73,1868.0236499999999,tp,0.0783881447944817
FILUSDT,1746133200000,1,2.83,2.84415,tp,0.07710615280594955
ZECUSDT,1746143100000,1,37.5,37.68749999999999,tp,0.054567901234565876
FILUSDT,1746269100000,1,2.877,2.704978336221837,stop,-1.014938405797101
NEARUSDT,1746291600000,1,2.606,2.417047573557508,stop,-1.0121522397891973
BNBUSDT,1746364500000,1,599.5,589.2613118068872,stop,-1.0546748016599534
DOGEUSDT,1746377100000,1,0.18283,0.17193128669849927,stop,-1.0149866060189952
SUIUSDT,1746391500000,1,3.3073,3.3238364999999996,tp,0.05906418662741249
SOLUSDT,1746400500000,1,152.5,144.1615584542958,stop,-1.016424349775783
BTCUSDT,1746401400000,1,97262.0,94265.55466688247,stop,-1.0298861707716753
XRPUSDT,1746408600000,1,2.2455,2.133907659107048,stop,-1.018166231301628
FILUSDT,1746411300000,1,2.659,2.6722949999999996,tp,0.08538461538461464
ZECUSDT,1746411300000,1,36.1,36.280499999999996,tp,0.07820346320346099
NEARUSDT,1746429300000,1,2.365,2.3768249999999997,tp,0.066055555555553
SUIUSDT,1746432000000,1,3.4088,3.4258439999999997,tp,0.048936688893668485
DOGEUSDT,1746433800000,1,0.17298,0.17384489999999997,tp,0.08619242706393274
BNBUSDT,1746435600000,1,589.71,592.65855,tp,0.19579785909882605
ZECUSDT,1746459000000,1,36.54,36.722699999999996,tp,0.056627996906418024
XRPUSDT,1746519300000,1,2.1846,2.0851012637236965,stop,-1.0199082548650331
ETHUSDT,1746531900000,1,1853.58,1758.1224876538897,stop,-1.0174969609224196
BNBUSDT,1746558000000,1,598.96,601.9548,tp,0.18741123103393914
ZECUSDT,1746568800000,1,37.17,37.35585,tp,0.0543253099927045
BTCUSDT,1746568800000,1,94778.5,95252.39249999999,tp,0.1439258508591102
ETHUSDT,1746571500000,1,1798.88,1807.8744,tp,0.08520485691968863
DOGEUSDT,1746576900000,1,0.17201,0.17287004999999997,tp,0.06968316631237749
SOLUSDT,1746576900000,1,147.23,147.96614999999997,tp,0.0940162757300121
NEARUSDT,1746576900000,1,2.329,2.340645,tp,0.053060295790669613
BNBUSDT,1746576900000,1,602.61,605.6230499999999,tp,0.2087653679653585
XRPUSDT,1746576900000,1,2.1527,2.1634634999999998,tp,0.08755000507665646
SUIUSDT,1746578700000,1,3.3782,3.395091,tp,0.037687470567051184
FILUSDT,1746579600000,1,2.596,2.60898,tp,0.058074568725652816
ZECUSDT,1746633600000,1,38.54,38.732699999999994,tp,0.04735420503376175
ZECUSDT,1746653400000,1,40.37,40.57184999999999,tp,0.0346188340807164
SOLUSDT,1746665100000,1,147.88,148.61939999999998,tp,0.0752591463414623
FILUSDT,1746665100000,1,2.596,2.60898,tp,0.05922639362912283
BTCUSDT,1746665100000,1,97259.5,97745.79749999999,tp,0.2295243817669797
SUIUSDT,1746670500000,1,3.4239,3.4410195,tp,0.04191053179119938
BNBUSDT,1746675000000,1,607.22,610.2561,tp,0.23396981059513144
SUIUSDT,1746689400000,1,3.648,3.6662399999999997,tp,0.04043920787697655
NEARUSDT,1746691200000,1,2.435,2.4471749999999997,tp,0.06197718631178507
SOLUSDT,1746691200000,1,151.17,151.92584999999997,tp,0.08519487828900851
XRPUSDT,1746693900000,1,2.2057,2.2167285,tp,0.0881790030965912
DOGEUSDT,1746697500000,1,0.18273,0.18364365,tp,0.06622861797447636
FILUSDT,1746701100000,1,2.749,2.762745,tp,0.07147498375568358
SUIUSDT,1746704700000,1,3.733,3.7516649999999996,tp,0.045892556158253106
ETHUSDT,1746705600000,1,1949.99,1959.73995,tp,0.0716545579163803
NEARUSDT,1746714600000,1,2.508,2.5205399999999996,tp,0.07174875089221705
DOGEUSDT,1746716400000,1,0.18555,0.18647774999999997,tp,0.07415618134611332
BNBUSDT,1746717300000,1,617.32,620.4066,tp,0.14693790149892796
FILUSDT,1746718200000,1,2.779,2.7928949999999997,tp,0.08310911808669523
ZECUSDT,1746737100000,1,41.28,41.486399999999996,tp,0.046915676287491846
SUIUSDT,1746738900000,1,3.9823,4.0022115,tp,0.03786139365056718
BNBUSDT,1746738900000,1,624.6,627.723,tp,0.11310500428680723
DOGEUSDT,1746738900000,1,0.19385,0.19481924999999997,tp,0.047595708363812675
NEARUSDT,1746748800000,1,2.725,2.738625,tp,0.04634517766497384
NEARUSDT,1746771300000,1,2.788,2.8019399999999997,tp,0.04326404926866776
ETHUSDT,1746773100000,1,2244.9,2256.1245,tp,0.05459132312095893
FILUSDT,1746774000000,1,2.972,2.9868599999999996,tp,0.07140634350688044
SOLUSDT,1746774000000,1,164.05,164.87025,tp,0.05915452419499798
ZECUSDT,1746774900000,1,42.06,42.2703,tp,0.04651214128035241
XRPUSDT,1746776700000,1,2.3333,2.3449664999999995,tp,0.07121632900826813
BNBUSDT,1746789300000,1,636.21,639.39105,tp,0.12610303569662476
ZECUSDT,1746791100000,1,42.57,42.782849999999996,tp,0.03677543186180352
SOLUSDT,1746792900000,1,169.99,170.83995,tp,0.04509689545660656
BNBUSDT,1746831600000,1,644.26,647.4812999999999,tp,0.1385269943593841
ZECUSDT,1746845100000,1,42.98,43.19489999999999,tp,0.0622844827586187
NEARUSDT,1746857700000,1,2.963,2.9778149999999997,tp,0.052711111111109536
XRPUSDT,1746863100000,1,2.3835,2.3954174999999998,tp,0.08540850111856511
FILUSDT,1746863100000,1,3.058,3.0732899999999996,tp,0.06999999999999924
ETHUSDT,1746868500000,1,2379.99,2391.8899499999993,tp,0.06890899429867771
DOGEUSDT,1746869400000,1,0.22647,0.22760234999999998,tp,0.03918851111687781
ETHUSDT,1746893700000,1,2435.0,2447.1749999999997,tp,0.0468892801139033
SUIUSDT,1746893700000,1,4.0049,4.0249245,tp,0.06140072755121551
NEARUSDT,1746895500000,1,3.011,3.026055,tp,0.05024106400664934
DOGEUSDT,1746900000000,1,0.23243,0.23359214999999997,tp,0.040772167273988275
FILUSDT,1746902700000,1,3.098,3.1134899999999996,tp,0.0558602150537625
ZECUSDT,1746914400000,1,42.6,42.812999999999995,tp,0.06202898550724465
DOGEUSDT,1746916200000,1,0.23941,0.24060705,tp,0.038501422446607446
SOLUSDT,1746916200000,1,173.79,174.65894999999998,tp,0.07341766814252441
SUIUSDT,1746920700000,1,4.0873,4.1077365,tp,0.04871516982025947
BNBUSDT,1746923400000,1,658.77,662.0638499999999,tp,0.11797097566420765
FILUSDT,1746933300000,1,3.26,3.2762999999999995,tp,0.04634042553191424
NEARUSDT,1746933300000,1,3.339,3.3556949999999994,tp,0.04251428571428431
ZECUSDT,1747002600000,1,45.09,45.31545,tp,0.039842209072977426
ETHUSDT,1747011600000,1,2529.51,2542.15755,tp,0.06973848104056267
SUIUSDT,1747011600000,1,4.0677,4.0880385,tp,0.06225639848502015
DOGEUSDT,1747022400000,1,0.23741,0.23859704999999998,tp,0.04688197414343869
FILUSDT,1747025100000,1,3.195,3.2109749999999995,tp,0.05514445881845491
SUIUSDT,1747035000000,1,4.2,4.221,tp,0.03675133515696211
BNBUSDT,1747036800000,1,657.86,661.1492999999999,tp,0.11023080782739368
ETHUSDT,1747038600000,1,2548.0,2560.74,tp,0.0653705821073748
NEARUSDT,1747038600000,1,3.217,3.2330849999999995,tp,0.04360252575606368
DOGEUSDT,1747039500000,1,0.2447,0.24592349999999996,tp,0.03260848174751441
XRPUSDT,1747047600000,1,2.4499,2.4621494999999998,tp,0.07342739828294029
BNBUSDT,1747051200000,1,677.2,680.586,tp,0.07621988538363036
SOLUSDT,1747055700000,1,176.86,177.74429999999998,tp,0.05340195420302625
BTCUSDT,1747074600000,1,105190.4,101422.51862393507,stop,-1.0255717691392305
ETHUSDT,1747139400000,1,2508.73,2521.2736499999996,tp,0.08140250412501003
SUIUSDT,1747140300000,1,3.9899,4.0098495,tp,0.051413683296341856
NEARUSDT,1747151100000,1,3.133,3.148665,tp,0.052187629721875725
DOGEUSDT,1747152000000,1,0.23142,0.23257709999999995,tp,0.043912096239460685
BTCUSDT,1747152000000,1,103492.5,104009.9625,tp,0.16586623083732746
ETHUSDT,1747152000000,1,2564.09,2576.91045,tp,0.061698034899036795
SOLUSDT,1747152900000,1,175.74,176.6187,tp,0.0663124175617095
FILUSDT,1747159200000,1,3.171,3.1868549999999995,tp,0.053132580510245844
NEARUSDT,1747163700000,1,3.206,3.2220299999999997,tp,0.04326612903225745
XRPUSDT,1747163700000,1,2.5678,2.5806389999999997,tp,0.05082159972333224
BNBUSDT,1747163700000,1,665.97,669.29985,tp,0.09905101358877141
SUIUSDT,1747164600000,1,4.0359,4.056079499999999,tp,0.051332320162105684
ETHUSDT,1747166400000,1,2673.76,2687.1288,tp,0.04949520831324257
FILUSDT,1747185300000,1,3.262,3.27831,tp,0.055989717223649836
DOGEUSDT,1747186200000,1,0.24106,0.24226529999999996,tp,0.03793325480957878
XRPUSDT,1747210500000,1,2.6021,2.6151104999999997,tp,0.0660213020734837
DOGEUSDT,1747319400000,1,0.24424,0.21651427018443875,stop,-1.0074186886348353
SUIUSDT,1747338300000,1,3.8649,3.8842244999999997,tp,0.04009422850412199
ETHUSDT,1747379700000,1,2595.73,2608.7086499999996,tp,0.05088585655322172
DOGEUSDT,1747389600000,1,0.22761,0.22874804999999998,tp,0.054481727376038014
NEARUSDT,1747447200000,1,2.966,2.705328093476799,stop,-1.0098593735054993
ETHUSDT,1747447200000,1,2627.65,2455.2689360413374,stop,-1.0135311004333891
SUIUSDT,1747517400000,1,3.8199,3.8389994999999995,tp,0.05481782241692318
DOGEUSDT,1747545300000,1,0.21715,0.21823574999999998,tp,0.054423354006137695
ETHUSDT,1747547100000,1,2495.55,2508.0277499999997,tp,0.11007998591719403
BNBUSDT,1747555200000,1,643.45,646.66725,tp,0.18196960056556652
DOGEUSDT,1747575900000,1,0.22488,0.22600439999999997,tp,0.07179511728099379
SOLUSDT,1747576800000,1,171.95,172.80974999999998,tp,0.10891208096141593
BTCUSDT,1747578600000,1,104384.7,104906.62349999999,tp,0.11742348550584016
BNBUSDT,1747579500000,1,648.49,651.73245,tp,0.20844979919678414
XRPUSDT,1747583100000,1,2.428,2.4401399999999995,tp,0.07913000977516856
NEARUSDT,1747586700000,1,2.918,2.93259,tp,0.05561253561253431
ETHUSDT,1747596600000,1,2571.92,2433.829666027944,stop,-1.0167436642103749
ETHUSDT,1747668600000,1,2453.5,2465.7675,tp,0.06740008240626245
NEARUSDT,1747669500000,1,2.745,2.7587249999999996,tp,0.04906738063364398
SUIUSDT,1747676700000,1,3.7769,3.7957844999999995,tp,0.050912132771195946
BNBUSDT,1747700100000,1,650.19,653.4409499999999,tp,0.1593804713804648
BTCUSDT,1747700100000,1,105999.7,106529.69849999998,tp,0.09720385316323622
XRPUSDT,1747700100000,1,2.3835,2.3954174999999998,tp,0.07124879280885268
SUIUSDT,1747701900000,1,3.848,3.8672399999999993,tp,0.0632413200834237
DOGEUSDT,1747704600000,1,0.22611,0.22724054999999999,tp,0.06479914070891396
SOLUSDT,1747704600000,1,167.73,168.56864999999996,tp,0.06726398075766465
ETHUSDT,1747710000000,1,2563.33,2576.1466499999997,tp,0.06305575527410473
NEARUSDT,1747718100000,1,2.838,2.85219,tp,0.053239831697053604
BTCUSDT,1747773900000,1,106392.5,106924.4625,tp,0.11924072534247013
DOGEUSDT,1747776600000,1,0.22551,0.22663754999999997,tp,0.05037136016925454
BNBUSDT,1747782900000,1,649.23,652.47615,tp,0.16224469413233283
ETHUSDT,1747789200000,1,2526.01,2538.64005,tp,0.06065880604883985
SOLUSDT,1747798200000,1,169.33,170.17665,tp,0.06378723804153634
DOGEUSDT,1747801800000,1,0.22935,0.23049674999999997,tp,0.04907519999999892
ETHUSDT,1747804500000,1,2553.5,2566.2675,tp,0.07163441583936243
BTCUSDT,1747808100000,1,107292.5,107828.9625,tp,0.11794107884044909
SUIUSDT,1747834200000,1,3.9063,3.9258314999999993,tp,0.05371338409823521
NEARUSDT,1747840500000,1,2.863,2.877315,tp,0.05141318977119734
SOLUSDT,1747840500000,1,171.7,172.55849999999998,tp,0.07684128573017394
XRPUSDT,1747841400000,1,2.3875,2.3994375,tp,0.0937514654161755
BNBUSDT,1747850400000,1,665.0,668.3249999999999,tp,0.13368299422255367
DOGEUSDT,1747869300000,1,0.23437,0.23554184999999997,tp,0.05882777052644535
BNBUSDT,1747869300000,1,673.0,676.3649999999999,tp,0.08666859735495423
BTCUSDT,1747869300000,1,109430.0,109977.15,tp,0.1136283158279928
BNBUSDT,1747881900000,1,680.76,684.1637999999999,tp,0.10989952790218838
SUIUSDT,1747884600000,1,3.9997,4.0196985,tp,0.05939766981754168
SOLUSDT,1747887300000,1,175.92,176.79959999999997,tp,0.06175181206881381
ETHUSDT,1747888200000,1,2614.99,2628.0649499999995,tp,0.05257999820396804
FILUSDT,1747891800000,1,3.015,3.0300749999999996,tp,0.042921985815601325
NEARUSDT,1747904400000,1,2.98,2.9948999999999995,tp,0.05189048239895516
ZECUSDT,1747915200000,1,44.3,44.52149999999999,tp,0.04065063001145322
FILUSDT,1747926000000,1,3.056,3.07128,tp,0.07404460518384443
NEARUSDT,1747927800000,1,3.06,3.0753,tp,0.04388710253661986
ZECUSDT,1747943100000,1,49.69,49.93844999999999,tp,0.032394869296962656
SOLUSDT,1747958400000,1,179.79,180.68894999999998,tp,0.0640085287846472
FILUSDT,1747965600000,1,3.098,3.1134899999999996,tp,0.07718905472636695
NEARUSDT,1747966500000,1,3.102,3.1175099999999993,tp,0.053145057766365196
BNBUSDT,1748073600000,1,669.32,672.6666,tp,0.12703550941070318
SOLUSDT,1748086200000,1,176.75,177.63375,tp,0.08997335363532483
ZECUSDT,1748135700000,1,49.47,49.717349999999996,tp,0.06253787878787818
ETHUSDT,1748162700000,1,2562.33,2462.832666385756,stop,-1.0235151128987798
ETHUSDT,1748210400000,1,2524.99,2537.6149499999997,tp,0.10601551266307638
XRPUSDT,1748210400000,1,2.3114,2.3229569999999997,tp,0.1149341287596304
FILUSDT,1748215800000,1,2.797,2.810985,tp,0.07358218729535006
ZECUSDT,1748216700000,1,54.5,54.772499999999994,tp,0.03296630565583557
SOLUSDT,1748218500000,1,175.16,176.03579999999997,tp,0.09164444444444149
BNBUSDT,1748221200000,1,668.28,671.6213999999999,tp,0.18416804407713
NEARUSDT,1748223900000,1,2.813,2.8270649999999997,tp,0.05650125313283031
BTCUSDT,1748223900000,1,109285.1,109831.52549999999,tp,0.14441017728145922
SUIUSDT,1748236500000,1,3.6222,3.6403109999999996,tp,0.07309865538600896
DOGEUSDT,1748241900000,1,0.22776,0.22889879999999996,tp,0.07010077698284296
NEARUSDT,1748246400000,1,2.843,2.8572149999999996,tp,0.059748427672954636
ZECUSDT,1748286000000,1,54.2,54.471,tp,0.04518887505188777
ETHUSDT,1748325600000,1,2576.0,2588.8799999999997,tp,0.10616827041697259
BNBUSDT,1748326500000,1,675.48,678.8574,tp,0.23308833678398602
NEARUSDT,1748345400000,1,2.862,2.8763099999999997,tp,0.057457457457455785
FILUSDT,1748348100000,1,2.878,2.89239,tp,0.07713520749665145
XRPUSDT,1748350800000,1,2.3244,2.3360219999999994,tp,0.12738731333058834
BTCUSDT,1748350800000,1,109856.0,110405.27999999998,tp,0.1539705259028014
SOLUSDT,1748350800000,1,176.69,177.57344999999998,tp,0.09653573376977426
ETHUSDT,1748350800000,1,2649.99,2663.2399499999997,tp,0.07900910160730461
SUIUSDT,1748360700000,1,3.6577,3.6759885,tp,0.055743741915847966
ETHUSDT,1748367000000,1,2683.83,2697.2491499999996,tp,0.07218841922875308
ZECUSDT,1748375100000,1,55.03,55.30515,tp,0.038952583156404305
NEARUSDT,1748434500000,1,2.866,2.88033,tp,0.06331680440771223
ETHUSDT,1748438100000,1,2659.91,2673.2095499999996,tp,0.1080572497850589
BNBUSDT,1748479500000,1,687.36,690.7968,tp,0.2012230268451449
ZECUSDT,1748480400000,1,53.66,53.92829999999999,tp,0.03822222222222174
NEARUSDT,1748483100000,1,2.903,2.917515,tp,0.049957374254048816
FILUSDT,1748484900000,1,2.902,2.9165099999999997,tp,0.07457931920359448
ZECUSDT,1748511900000,1,54.7,54.973499999999994,tp,0.04974637681159262
BTCUSDT,1748516400000,1,108288.0,108829.43999999999,tp,0.15748779424585496
DOGEUSDT,1748545200000,1,0.22926,0.21589908160391663,stop,-1.0153510500882814
SOLUSDT,1748565900000,1,173.63,164.48102695220615,stop,-1.0170791819790377
SUIUSDT,1748565900000,1,3.7318,3.4741166773753114,stop,-1.0128080110497233
XRPUSDT,1748565900000,1,2.3031,2.1909588631640475,stop,-1.0185606368789584
XRPUSDT,1748700000000,1,2.1544,2.1651719999999997,tp,0.09936091954022787
NEARUSDT,1748700000000,1,2.42,2.4320999999999997,tp,0.05597246127366524
SUIUSDT,1748700000000,1,3.1864,3.2023319999999997,tp,0.06059280303030231
DOGEUSDT,1748704500000,1,0.1924,0.19336199999999998,tp,0.05719290432717231
SOLUSDT,1748709000000,1,155.95,156.72974999999997,tp,0.08144735129506485
BNBUSDT,1748718000000,1,656.3,659.5814999999999,tp,0.19296157519652804
XRPUSDT,1748718000000,1,2.19,2.2009499999999997,tp,0.10213240418118325
ZECUSDT,1748718900000,1,50.25,50.50124999999999,tp,0.04645575424117214
FILUSDT,1748722500000,1,2.575,2.587875,tp,0.07883792048929517
ZECUSDT,1748757600000,1,50.81,51.064049999999995,tp,0.06268748086929728
NEARUSDT,1748795400000,1,2.442,2.45421,tp,0.06219682539682351
SOLUSDT,1748813400000,1,155.91,156.68954999999997,tp,0.074696264470698
BNBUSDT,1748818800000,1,657.28,660.5663999999999,tp,0.17476636756397299
XRPUSDT,1748818800000,1,2.1758,2.186679,tp,0.1094237288135552
SUIUSDT,1748818800000,1,3.3249,3.3415245,tp,0.07167123877144768
ZECUSDT,1748851200000,1,53.31,53.57655,tp,0.0691828793774307
ETHUSDT,1748876400000,1,2522.27,2534.8813499999997,tp,0.0874181177446079
BNBUSDT,1748894400000,1,659.25,662.54625,tp,0.1676488151959842
FILUSDT,1748898000000,1,2.583,2.5959149999999998,tp,0.07854214123006535
SUIUSDT,1748901600000,1,3.3363,3.3529815,tp,0.052433212433211765
NEARUSDT,1748901600000,1,2.473,2.4853649999999994,tp,0.07130309575233681
XRPUSDT,1748901600000,1,2.1785,2.1893925,tp,0.09292890591740947
ZECUSDT,1748902500000,1,53.89,54.15944999999999,tp,0.0652873563218372
BTCUSDT,1748909700000,1,105699.0,106227.495,tp,0.17736564416148573
ETHUSDT,1748909700000,1,2608.84,2621.8842,tp,0.09113054406451147
SOLUSDT,1748912400000,1,158.24,159.03119999999998,tp,0.08904781938016855
DOGEUSDT,1748912400000,1,0.19633,0.19731164999999998,tp,0.0634092009685214
NEARUSDT,1748914200000,1,2.54,2.5526999999999997,tp,0.059485380116957545
ZECUSDT,1748915100000,1,54.39,54.66195,tp,0.06464646464646392
SUIUSDT,1748916000000,1,3.3689,3.3857444999999995,tp,0.06232695684317335
XRPUSDT,1748961900000,1,2.2215,2.2326074999999994,tp,0.15236039739636326
SOLUSDT,1748962800000,1,161.59,162.39794999999998,tp,0.09324110102319931
NEARUSDT,1748962800000,1,2.564,2.5768199999999997,tp,0.07177126917712476
BTCUSDT,1748962800000,1,106100.2,106630.70099999999,tp,0.239078993978032
ZECUSDT,1748980800000,1,55.21,55.48604999999999,tp,0.060763946139047155
FILUSDT,1748998800000,1,2.649,2.6622449999999995,tp,0.08913518052056797
BNBUSDT,1749024900000,1,668.44,671.7822,tp,0.1725112743203161
ETHUSDT,1749050100000,1,2637.3,2650.4865,tp,0.10640138269222836
SUIUSDT,1749111300000,1,3.3299,3.133196571872466,stop,-1.015132104059463
BTCUSDT,1749132900000,1,105869.7,104105.19333692468,stop,-1.0560496232401353
BNBUSDT,1749141000000,1,668.5,654.1405613044842,stop,-1.0432770072992696
DOGEUSDT,1749141900000,1,0.1907,0.18048179210017254,stop,-1.0167796255640926
SUIUSDT,1749150900000,1,3.2146,2.9937396253490536,stop,-1.0128771521309623
XRPUSDT,1749150900000,1,2.2746,2.1372876326521664,stop,-1.0147868927630992
BTCUSDT,1749201300000,1,103193.7,103709.66849999999,tp,0.19287374996498127
ETHUSDT,1749204900000,1,2468.43,2480.77215,tp,0.09742210664223688
XRPUSDT,1749207600000,1,2.1413,2.1520065,tp,0.1233462922966164
BNBUSDT,1749207600000,1,642.0,645.2099999999999,tp,0.16094862649395775
SUIUSDT,1749207600000,1,3.0762,3.0915809999999997,tp,0.07933294700920533
DOGEUSDT,1749210300000,1,0.17698,0.1778649,tp,0.08661290322580588
ZECUSDT,1749210300000,1,48.48,48.72239999999999,tp,0.07045977011494153
SOLUSDT,1749212100000,1,149.07,149.81534999999997,tp,0.10362122788761355
BTCUSDT,1749221100000,1,104293.8,104815.26899999999,tp,0.199727719217618
FILUSDT,1749222900000,1,2.448,2.4602399999999998,tp,0.08679045092838056
XRPUSDT,1749222900000,1,2.178,2.18889,tp,0.12402387041773173
SUIUSDT,1749257100000,1,3.1998,3.215799,tp,0.07408842008184852
NEARUSDT,1749265200000,1,2.352,2.3637599999999996,tp,0.06463648834019077
DOGEUSDT,1749278700000,1,0.18333,0.18424664999999998,tp,0.07001809006950337
ETHUSDT,1749335400000,1,2523.8,2536.419,tp,0.09245533547612936
NEARUSDT,1749465000000,1,2.458,2.47029,tp,0.08135649296939396
SUIUSDT,1749465000000,1,3.2879,3.3043394999999998,tp,0.09179401530967106
SOLUSDT,1749465900000,1,154.72,155.4936,tp,0.09715630885122212
FILUSDT,1749467700000,1,2.509,2.5215449999999997,tp,0.10301538461538255
DOGEUSDT,1749468600000,1,0.18583,0.18675914999999998,tp,0.0955110426296855
SUIUSDT,1749484800000,1,3.3484,3.3651419999999996,tp,0.06418298784846248
ETHUSDT,1749485700000,1,2546.98,2559.7149,tp,0.13075167802461457
BNBUSDT,1749485700000,1,654.98,658.2548999999999,tp,0.2715697855144436
BTCUSDT,1749502800000,1,108567.2,109110.03599999998,tp,0.1419581781350007
NEARUSDT,1749502800000,1,2.482,2.49441,tp,0.06661301140174129
BNBUSDT,1749503700000,1,660.72,664.0236,tp,0.22566598360655157
XRPUSDT,1749506400000,1,2.314,2.32557,tp,0.08986280193236669
FILUSDT,1749510000000,1,2.592,2.6049599999999997,tp,0.08497952497952269
ZECUSDT,1749510000000,1,50.08,50.33039999999999,tp,0.06707999999999818
NEARUSDT,1749554100000,1,2.551,2.563755,tp,0.07310541310541224
ZECUSDT,1749556800000,1,51.9,52.159499999999994,tp,0.07258638743455394
ZECUSDT,1749573000000,1,52.52,52.782599999999995,tp,0.05552742616033591
SOLUSDT,1749581100000,1,161.46,162.26729999999998,tp,0.07815124016938625
BNBUSDT,1749589200000,1,667.66,670.9982999999999,tp,0.1447739837398321
DOGEUSDT,1749597300000,1,0.19639,0.19737195,tp,0.06574505384422603
SUIUSDT,1749623400000,1,3.4948,3.5122739999999997,tp,0.08427731798008642
SOLUSDT,1749626100000,1,165.94,166.76969999999997,tp,0.05906687954585582
XRPUSDT,1749632400000,1,2.3154,2.326977,tp,0.1258245042108126
ETHUSDT,1749651300000,1,2812.94,2827.0047,tp,0.10265108599472658
NEARUSDT,1749651300000,1,2.666,2.6793299999999998,tp,0.05924695459579119
FILUSDT,1749651300000,1,2.729,2.742645,tp,0.06033112582781429
ZECUSDT,1749656700000,1,51.15,51.40574999999999,tp,0.050773809523807875
SOLUSDT,1749757500000,1,167.45,155.77658682232962,stop,-1.0126773339749753
XRPUSDT,1749758400000,1,2.3293,2.1992969107563747,stop,-1.0160714032056823
BTCUSDT,1749761100000,1,109852.9,105725.61860947816,stop,-1.024335471264367
BTCUSDT,1750047300000,1,105853.3,106382.56649999999,tp,0.17220210793402393
XRPUSDT,1750047300000,1,2.1753,2.1861764999999997,tp,0.12350311262025765
FILUSDT,1750050900000,1,2.457,2.4692849999999997,tp,0.08075533661740487
DOGEUSDT,1750058100000,1,0.17741,0.17829704999999998,tp,0.08001799977500036
NEARUSDT,1750059000000,1,2.307,2.318535,tp,0.07175193798449502
BNBUSDT,1750059000000,1,652.54,655.8026999999998,tp,0.2186666666666596
FILUSDT,1750073400000,1,2.5,2.5124999999999997,tp,0.09168498168497978
XRPUSDT,1750073400000,1,2.2058,2.2168289999999997,tp,0.1442667974497268
ETHUSDT,1750081500000,1,2620.74,2633.8436999999994,tp,0.09000462178400673
NEARUSDT,1750082400000,1,2.328,2.3396399999999997,tp,0.07697119341563716
DOGEUSDT,1750100400000,1,0.17938,0.1802769,tp,0.08690873880416151
BTCUSDT,1750100400000,1,107977.3,108517.1865,tp,0.1655983107421914
ETHUSDT,1750106700000,1,2659.0,2672.2949999999996,tp,0.09078939970866882
NEARUSDT,1750156200000,1,2.376,2.206855942881141,stop,-1.0123948377581125
FILUSDT,1750156200000,1,2.556,2.4072156786271446,stop,-1.0153702680067
BNBUSDT,1750177800000,1,656.92,644.6363089240322,stop,-1.0498550875050872
XRPUSDT,1750179600000,1,2.3308,2.146193804399091,stop,-1.0110445053457837
DOGEUSDT,1750396500000,-1,0.16792,0.16708040000000002,tp,0.11649488113829541
NEARUSDT,1750430700000,-1,2.134,2.1233299999999997,tp,0.07549645390071025
XRPUSDT,1750430700000,-1,2.1499,2.1391505,tp,0.17601146601146833
SOLUSDT,1750432500000,-1,144.21,143.48895000000002,tp,0.08490265486725518
ZECUSDT,1750433400000,-1,40.91,40.70545,tp,0.0797846304454222
DOGEUSDT,1750434300000,-1,0.16703,0.16619485,tp,0.08050387596899293
ETHUSDT,1750434300000,-1,2502.44,2489.9278,tp,0.09208858300494074
SUIUSDT,1750435200000,-1,2.7702,2.756349,tp,0.06221019395579532
BTCUSDT,1750437900000,-1,104185.3,103664.3735,tp,0.13926988117384898
BNBUSDT,1750489200000,-1,642.23,639.01885,tp,0.17255108233865998
NEARUSDT,1750512600000,-1,2.069,2.058655,tp,0.09828571428571482
SUIUSDT,1750512600000,-1,2.7051,2.6915744999999998,tp,0.09773554167798035
ZECUSDT,1750513500000,-1,39.86,39.6607,tp,0.10055555555555573
XRPUSDT,1750519800000,-1,2.1179,2.1073105,tp,0.2029853611711075
BNBUSDT,1750524300000,-1,636.7,633.5165000000001,tp,0.22482856132909002
DOGEUSDT,1750527000000,-1,0.15994,0.15914029999999998,tp,0.10684775318578306
SOLUSDT,1750527000000,-1,139.75,139.05125,tp,0.09916133617626
FILUSDT,1750527000000,-1,2.264,2.25268,tp,0.12481327800829867
NEARUSDT,1750529700000,-1,2.021,2.010895,tp,0.06676592224979187
SUIUSDT,1750531500000,-1,2.6116,2.598542,tp,0.06153264848270173
ZECUSDT,1750583700000,-1,38.5,38.3075,tp,0.045931240657698755
NEARUSDT,1750594500000,-1,1.913,1.903435,tp,0.04435897435897451
XRPUSDT,1750596300000,-1,2.0125,2.0024375,tp,0.08263298418566525
FILUSDT,1750598100000,-1,2.138,2.12731,tp,0.05051509769094074
SUIUSDT,1750598100000,-1,2.5176,2.505012,tp,0.05871529604301846
BNBUSDT,1750618800000,-1,608.51,605.46745,tp,0.09914241460829905
SUIUSDT,1750621500000,-1,2.3629,2.3510855,tp,0.032606890826068484
FILUSDT,1750621500000,-1,2.047,2.036765,tp,0.03496143958868972
BTCUSDT,1750622400000,-1,99024.9,98529.77549999999,tp,0.0991692249041922
NEARUSDT,1750716000000,-1,1.824,2.109377483443709,stop,-1.0070219576719577
ETHUSDT,1750716900000,-1,2155.1,2427.6854752256577,stop,-1.008460836732241
XRPUSDT,1750743000000,-1,1.924,2.171307790916701,stop,-1.0083407902101453
DOGEUSDT,1750746600000,-1,0.14522,0.1671885644993046,stop,-1.0072298368097459
ETHUSDT,1751189400000,1,2443.14,2455.3556999999996,tp,0.2637566736773951
BTCUSDT,1751198400000,1,107936.0,108475.68,tp,0.6065194036549095
SOLUSDT,1751205600000,1,151.31,152.06654999999998,tp,0.14662793512466263
FILUSDT,1751231700000,1,2.284,2.2954199999999996,tp,0.1095923261390856
NEARUSDT,1751232600000,1,2.162,2.1728099999999997,tp,0.09069182389936907
DOGEUSDT,1751234400000,1,0.16457,0.16539284999999998,tp,0.18351434140907422
XRPUSDT,1751235300000,1,2.189,2.199945,tp,0.2523422644770938
BNBUSDT,1751235300000,1,648.99,652.2349499999999,tp,0.5917612212349064
SOLUSDT,1751239800000,1,152.49,153.25244999999998,tp,0.10114060963618149
SOLUSDT,1751520600000,1,154.44,155.21219999999997,tp,0.10247429519070865
SUIUSDT,1751524200000,1,2.9719,2.9867595,tp,0.07477966101694697
XRPUSDT,1751526000000,1,2.2659,2.2772294999999994,tp,0.12370976541188829
NEARUSDT,1751530500000,1,2.335,2.346675,tp,0.06899705014749212
XRPUSDT,1751540400000,1,2.2952,2.3066759999999995,tp,0.11828438948994933
ZECUSDT,1751547600000,1,39.44,39.63719999999999,tp,0.0933806146572075
ETHUSDT,1751551200000,1,2616.0,2629.08,tp,0.08854421079300709
ZECUSDT,1751619600000,1,41.02,41.2251,tp,0.07212200435729656
BNBUSDT,1751642100000,1,663.78,652.850014370843,stop,-1.0567436714644722
SOLUSDT,1751643000000,1,153.18,146.55850495792288,stop,-1.0210270609318983
SUIUSDT,1751708700000,1,2.9129,2.9274644999999997,tp,0.08573698146513459
XRPUSDT,1751790600000,1,2.2293,2.2404464999999996,tp,0.20771880819366378
DOGEUSDT,1751802300000,1,0.1646,0.165423,tp,0.12741342619462118
BNBUSDT,1751806800000,1,654.81,658.0840499999998,tp,0.4555300660410041
NEARUSDT,1751806800000,1,2.143,2.1537149999999996,tp,0.08990595611285106
SOLUSDT,1751807700000,1,148.44,149.1822,tp,0.1685795132993743
SUIUSDT,1751808600000,1,2.9046,2.9191229999999995,tp,0.12619528619528264
FILUSDT,1751808600000,1,2.272,2.2833599999999996,tp,0.10690140845070241
BTCUSDT,1751809500000,1,108229.0,108770.14499999999,tp,0.3223696760034202
ZECUSDT,1751817600000,1,38.77,38.96385,tp,0.08954675846242052
SOLUSDT,1751837400000,1,152.39,153.15194999999997,tp,0.09736005089058299
NEARUSDT,1751839200000,1,2.197,2.207985,tp,0.0694089834515356
FILUSDT,1751839200000,1,2.303,2.3145149999999997,tp,0.0865352112676032
BTCUSDT,1751858100000,1,109079.1,109624.49549999999,tp,0.21574470395986692
DOGEUSDT,1751962500000,1,0.16868,0.1695234,tp,0.10446818392939988
SOLUSDT,1751969700000,1,150.05,150.80025,tp,0.11793360832842179
ETHUSDT,1751972400000,1,2557.0,2569.785,tp,0.17276804106304383
XRPUSDT,1751972400000,1,2.285,2.2964249999999997,tp,0.1483908604764153
DOGEUSDT,1751978700000,1,0.17092,0.17177459999999997,tp,0.1082308420056738
NEARUSDT,1751979600000,1,2.171,2.1818549999999997,tp,0.09931506849314942
ZECUSDT,1751980500000,1,39.91,40.10954999999999,tp,0.09499702911467382
FILUSDT,1751982300000,1,2.284,2.2954199999999996,tp,0.11117575757575604
XRPUSDT,1751997600000,1,2.3042,2.3157209999999995,tp,0.11771311893823158
NEARUSDT,1752005700000,1,2.242,2.2532099999999997,tp,0.0664005912786386
ZECUSDT,1752016500000,1,42.8,43.013999999999996,tp,0.042156573116691035
FILUSDT,1752047100000,1,2.326,2.33763,tp,0.0741447891805874
SUIUSDT,1752063300000,1,2.9562,2.9709809999999996,tp,0.07280915466961851
BTCUSDT,1752066000000,1,108964.1,109508.9205,tp,0.32675796211762437
ZECUSDT,1752113700000,1,41.31,41.516549999999995,tp,0.053256187720988175
NEARUSDT,1752130800000,1,2.363,2.374815,tp,0.08382978723404214
XRPUSDT,1752133500000,1,2.4282,2.4403409999999996,tp,0.08737665138851236
SOLUSDT,1752135300000,1,157.9,158.68949999999998,tp,0.08254067421579878
SUIUSDT,1752153300000,1,3.2518,3.2680589999999996,tp,0.0674003834395556
XRPUSDT,1752164100000,1,2.4574,2.4696869999999995,tp,0.10907154742096271
ETHUSDT,1752166800000,1,2799.41,2813.4070499999993,tp,0.11484249801210648
DOGEUSDT,1752166800000,1,0.18298,0.18389489999999997,tp,0.08320434487440315
ZECUSDT,1752168600000,1,41.18,41.38589999999999,tp,0.06806757313555603
SOLUSDT,1752169500000,1,159.11,159.90555,tp,0.08889817523331886
BNBUSDT,1752174000000,1,673.9,677.2694999999999,tp,0.2247057844361134
FILUSDT,1752177600000,1,2.508,2.5205399999999996,tp,0.07104519774011032
BTCUSDT,1752182100000,1,113430.7,113997.85349999998,tp,0.1554769360286607
ZECUSDT,1752187500000,1,42.14,42.350699999999996,tp,0.05366349206349107
SUIUSDT,1752191100000,1,3.4809,3.4983044999999997,tp,0.05085030289759761
DOGEUSDT,1752191100000,1,0.19364,0.19460819999999998,tp,0.05671200819072556
NEARUSDT,1752197400000,1,2.526,2.5386299999999995,tp,0.05554824561403379
XRPUSDT,1752201000000,1,2.5668,2.579634,tp,0.06930147803198895
ZECUSDT,1752207300000,1,42.47,42.68234999999999,tp,0.05659729104723976
FILUSDT,1752209100000,1,2.61,2.6230499999999997,tp,0.06512149532710165
DOGEUSDT,1752210000000,1,0.19879,0.19978394999999996,tp,0.05115698758762444
BNBUSDT,1752211800000,1,691.04,694.4951999999998,tp,0.11999132170441239
SUIUSDT,1752212700000,1,3.5177,3.5352884999999996,tp,0.053384918828704504
XRPUSDT,1752228000000,1,2.6027,2.6157134999999996,tp,0.07312135888256929
SOLUSDT,1752238800000,1,165.75,166.57874999999999,tp,0.08119476068062054
DOGEUSDT,1752245100000,1,0.2045,0.20552249999999997,tp,0.04552991311085207
NEARUSDT,1752247800000,1,2.617,2.630085,tp,0.052554890219559926
FILUSDT,1752257700000,1,2.662,2.6753099999999996,tp,0.05978782802903281
ZECUSDT,1752381900000,1,42.61,42.823049999999995,tp,0.06518348623853054
FILUSDT,1752387300000,1,2.545,2.5577249999999996,tp,0.08295214922951913
NEARUSDT,1752387300000,1,2.498,2.51049,tp,0.06880658436213805
ETHUSDT,1752388200000,1,2952.0,2966.7599999999998,tp,0.1432184995210183
SOLUSDT,1752391800000,1,161.4,162.207,tp,0.10565914295060347
BNBUSDT,1752410700000,1,689.84,693.2891999999999,tp,0.34970618034446943
FILUSDT,1752410700000,1,2.574,2.58687,tp,0.08761904761904714
NEARUSDT,1752411600000,1,2.536,2.5486799999999996,tp,0.07038115038114781
DOGEUSDT,1752413400000,1,0.19984,0.20083919999999997,tp,0.0939105948609623
SOLUSDT,1752416100000,1,162.8,163.614,tp,0.14463246724405807
BTCUSDT,1752416100000,1,118395.9,118987.87949999998,tp,0.14351643895722352
XRPUSDT,1752416100000,1,2.855,2.8692749999999996,tp,0.036489289879088206
ZECUSDT,1752416100000,1,43.14,43.3557,tp,0.06761793372319641
SUIUSDT,1752452100000,1,3.5571,3.5748854999999997,tp,0.05296168283346212
NEARUSDT,1752460200000,1,2.591,2.603955,tp,0.05576344086021422
ETHUSDT,1752461100000,1,2995.7,3010.6784999999995,tp,0.14579300977467127
SOLUSDT,1752461100000,1,164.12,164.9406,tp,0.09372162740899184
BTCUSDT,1752463800000,1,119655.0,120253.275,tp,0.16532640534917473
DOGEUSDT,1752464700000,1,0.20335,0.20436674999999999,tp,0.057830811847431454
SUIUSDT,1752465600000,1,3.8035,3.8225174999999996,tp,0.04712987608994817
FILUSDT,1752466500000,1,2.633,2.646165,tp,0.06139803581744597
ZECUSDT,1752469200000,1,43.84,44.0592,tp,0.06146204966771427
BNBUSDT,1752477300000,1,700.37,703.8718499999999,tp,0.15435576077396174
XRPUSDT,1752478200000,1,2.948,2.9627399999999997,tp,0.05477652725672646
SUIUSDT,1752478200000,1,3.9077,3.9272384999999996,tp,0.037789991321954354
SUIUSDT,1752500700000,1,3.9745,3.9943724999999994,tp,0.04094219074743952
BTCUSDT,1752549300000,1,122814.9,117217.25646468365,stop,-1.0198934413988463
SUIUSDT,1752554700000,1,3.9407,3.9604034999999995,tp,0.04697113236213999
NEARUSDT,1752597000000,1,2.574,2.58687,tp,0.05515248796147652
FILUSDT,1752597000000,1,2.55,2.5627499999999994,tp,0.06767395626242365
ZECUSDT,1752600600000,1,42.95,43.16475,tp,0.059086852042566355
ETHUSDT,1752601500000,1,3066.6,3081.9329999999995,tp,0.06042242103556404
SOLUSDT,1752601500000,1,161.98,162.78989999999996,tp,0.08641599999999695
SUIUSDT,1752602400000,1,4.0498,4.070049,tp,0.038548862879436194
DOGEUSDT,1752615000000,1,0.19563,0.19660814999999998,tp,0.051074016563146245
BNBUSDT,1752619500000,1,687.12,690.5555999999999,tp,0.15731959942774915
ZECUSDT,1752624900000,1,43.63,43.84815,tp,0.060371900826444565
SOLUSDT,1752624900000,1,163.66,164.4783,tp,0.07099544567338935
NEARUSDT,1752625800000,1,2.667,2.6803349999999995,tp,0.04502953586497771
FILUSDT,1752626700000,1,2.648,2.66124,tp,0.053353474320240436
ETHUSDT,1752651000000,1,3158.0,3173.7899999999995,tp,0.08034331276503628
ZECUSDT,1752653700000,1,44.23,44.45114999999999,tp,0.06907817969661424
XRPUSDT,1752654600000,1,2.9351,2.9497754999999994,tp,0.05007324135581544
BTCUSDT,1752656400000,1,118208.6,118799.643,tp,0.18600226500565917
ETHUSDT,1752676200000,1,3188.69,3204.63345,tp,0.09756916286776635
BNBUSDT,1752676200000,1,693.97,697.43985,tp,0.1968287676081229
XRPUSDT,1752677100000,1,2.9748,2.989674,tp,0.09944777112441651
DOGEUSDT,1752677100000,1,0.2023,0.20331149999999998,tp,0.07446221731935788
FILUSDT,1752682500000,1,2.647,2.6602349999999997,tp,0.0718699186991864
NEARUSDT,1752686100000,1,2.736,2.74968,tp,0.04788117081695025
SOLUSDT,1752695100000,1,173.28,174.14639999999997,tp,0.06925117160235102
DOGEUSDT,1752695100000,1,0.20832,0.20936159999999998,tp,0.04892563922120448
XRPUSDT,1752696000000,1,3.0498,3.0650489999999997,tp,0.06553241482430791
ETHUSDT,1752696900000,1,3377.95,3394.8397499999996,tp,0.05460675699127774
BNBUSDT,1752696900000,1,707.08,710.6154,tp,0.11878102892544591
NEARUSDT,1752700500000,1,2.798,2.8119899999999998,tp,0.04346138921226147
FILUSDT,1752700500000,1,2.702,2.7155099999999996,tp,0.05522646310432434
BNBUSDT,1752714900000,1,716.45,720.03225,tp,0.109594166380329
ETHUSDT,1752734700000,1,3423.47,3440.5873499999993,tp,0.06936586304505066
NEARUSDT,1752747300000,1,2.816,2.8300799999999997,tp,0.047501053518752175
SOLUSDT,1752747300000,1,176.0,176.88,tp,0.06731966590736486
XRPUSDT,1752772500000,1,3.2806,3.2970029999999997,tp,0.04899204046715613
ZECUSDT,1752785100000,1,44.79,45.013949999999994,tp,0.05735124760076651
BTCUSDT,1752786900000,1,119888.0,120487.43999999999,tp,0.1014540469874455
XRPUSDT,1752788700000,1,3.4045,3.4215224999999996,tp,0.037264624858206655
FILUSDT,1752791400000,1,2.716,2.72958,tp,0.04712613784135147
DOGEUSDT,1752793200000,1,0.21911,0.22020554999999997,tp,0.03905257076834105
ETHUSDT,1752794100000,1,3482.62,3500.0330999999996,tp,0.05686842352211496
BNBUSDT,1752799500000,1,724.2,727.8209999999999,tp,0.07936435124508202
FILUSDT,1752804000000,1,2.788,2.8019399999999997,tp,0.04609665427509249
XRPUSDT,1752808500000,1,3.6174,3.6354869999999995,tp,0.029213465188292088
DOGEUSDT,1752809400000,1,0.2333,0.2344665,tp,0.03229002352289985
ZECUSDT,1752812100000,1,46.4,46.63199999999999,tp,0.04990874932903748
SUIUSDT,1752813000000,1,4.0592,4.079495999999999,tp,0.05681913554343045
BNBUSDT,1752813000000,1,735.62,739.2981,tp,0.10354370807431514
ETHUSDT,1752816600000,1,3628.99,3647.134949999999,tp,0.05509551071199415
NEARUSDT,1752821100000,1,3.015,3.0300749999999996,tp,0.03944010416666535
FILUSDT,1752821100000,1,2.879,2.8933949999999995,tp,0.049341825902333755
DOGEUSDT,1752842700000,1,0.24527,0.24649634999999998,tp,0.03032053061854046
NEARUSDT,1752899400000,1,2.888,2.9024399999999995,tp,0.04340044742729173
SUIUSDT,1752966900000,1,3.8218,3.8409089999999995,tp,0.07396182764603582
ETHUSDT,1752973200000,1,3593.45,3611.4172499999995,tp,0.10165486237753792
BNBUSDT,1752982200000,1,741.36,745.0668,tp,0.12467733131796384
SUIUSDT,1752995700000,1,3.8927,3.9121634999999997,tp,0.07222792655288714
XRPUSDT,1753000200000,1,3.4527,3.4699634999999995,tp,0.09294584594685207
SOLUSDT,1753000200000,1,178.62,179.51309999999998,tp,0.08922234664675634
FILUSDT,1753001100000,1,2.833,2.847165,tp,0.06932844932844819
NEARUSDT,1753003800000,1,2.961,2.9758049999999994,tp,0.060695296523515165
ETHUSDT,1753004700000,1,3695.0,3713.4749999999995,tp,0.08481575632657486
SOLUSDT,1753020900000,1,181.58,182.4879,tp,0.10150195421552013
FILUSDT,1753026300000,1,2.888,2.9024399999999995,tp,0.07267924528301695
ETHUSDT,1753027200000,1,3770.0,3788.8499999999995,tp,0.08346782674149346
ZECUSDT,1753027200000,1,45.41,45.637049999999995,tp,0.0690535917901935
BNBUSDT,1753028100000,1,751.36,755.1167999999999,tp,0.15578914632249463
DOGEUSDT,1753031700000,1,0.25784,0.2591292,tp,0.05177443165042762
XRPUSDT,1753038900000,1,3.5367,3.5543834999999997,tp,0.06446752300264019
BTCUSDT,1753048800000,1,118340.7,116831.26427905141,stop,-1.0735305912830453
BNBUSDT,1753051500000,1,757.85,761.63925,tp,0.09662882762567802
ETHUSDT,1753078500000,1,3781.01,3799.9150499999996,tp,0.07299326423870216
BNBUSDT,1753078500000,1,762.04,765.8501999999999,tp,0.06609482964021764
ZECUSDT,1753081200000,1,45.79,46.01895,tp,0.0639777081156386
XRPUSDT,1753082100000,1,3.5598,3.5775989999999998,tp,0.07520454904438353
SOLUSDT,1753084800000,1,189.94,190.88969999999998,tp,0.06350798027909954
NEARUSDT,1753085700000,1,3.047,3.062235,tp,0.053897707231039337
SUIUSDT,1753095600000,1,4.0103,4.030351499999999,tp,0.06815267175572258
SOLUSDT,1753104600000,1,192.12,193.08059999999998,tp,0.06864157993060908
FILUSDT,1753109100000,1,2.963,2.9778149999999997,tp,0.05409836065573615
NEARUSDT,1753110000000,1,3.072,3.08736,tp,0.05234944868532592
DOGEUSDT,1753111800000,1,0.28088,0.2822844,tp,0.04198044922020652
BTCUSDT,1753176600000,1,117947.1,118536.83549999999,tp,0.125861327542892
FILUSDT,1753200900000,1,2.882,2.89641,tp,0.04275862068965451
BTCUSDT,1753209900000,1,119331.1,119927.7555,tp,0.14809276991460502
SUIUSDT,1753210800000,1,3.9638,3.9836189999999996,tp,0.05144023323615051
SUIUSDT,1753225200000,1,3.9945,4.014472499999999,tp,0.05646285895941301
BNBUSDT,1753226100000,1,780.3,784.2014999999999,tp,0.09183982110806904
FILUSDT,1753226100000,1,2.907,2.9215349999999995,tp,0.04615140705509159
SOLUSDT,1753227000000,1,204.24,205.26119999999997,tp,0.04323162055335819
NEARUSDT,1753245000000,1,3.007,3.022035,tp,0.045315315315314325
DOGEUSDT,1753277400000,1,0.27038,0.2428427740067142,stop,-1.0083777732500225
ETHUSDT,1753278300000,1,3845.8,3593.1061080413056,stop,-1.0135082442087564
BNBUSDT,1753302600000,1,806.84,758.5515462075787,stop,-1.0149233183567024
ETHUSDT,1753367400000,1,3653.52,3671.7875999999997,tp,0.08162798992398253
BTCUSDT,1753369200000,1,118687.1,119280.5355,tp,0.14550362798450572
SUIUSDT,1753371900000,1,3.7966,3.8155829999999997,tp,0.04345049744861496
XRPUSDT,1753380000000,1,3.2299,3.2460495,tp,0.04132976349843716
BNBUSDT,1753380000000,1,781.79,785.6989499999999,tp,0.06656480125633824
SUIUSDT,1753444800000,1,3.7581,3.7768905,tp,0.047647822644496525
BNBUSDT,1753466400000,1,773.77,777.6388499999999,tp,0.08265622085431727
SUIUSDT,1753470900000,1,3.7878,3.8067389999999994,tp,0.04659169124876985
SOLUSDT,1753474500000,1,182.1,183.01049999999998,tp,0.058278695062613774
NEARUSDT,1753477200000,1,2.808,2.8220399999999994,tp,0.04044444444444329
BTCUSDT,1753478100000,1,116759.6,117343.39799999999,tp,0.12582817581033892
BNBUSDT,1753483500000,1,779.7,783.5985,tp,0.09414101171073062
NEARUSDT,1753492500000,1,2.875,2.889375,tp,0.061714898177919766
ETHUSDT,1753502400000,1,3729.53,3748.1776499999996,tp,0.10344312328237082
DOGEUSDT,1753505100000,1,0.23691,0.23809455,tp,0.06395471087747559
SOLUSDT,1753507800000,1,186.18,187.1109,tp,0.08446555819477275
SUIUSDT,1753509600000,1,3.9983,4.018291499999999,tp,0.047779270805337365
ZECUSDT,1753517700000,1,40.88,41.084399999999995,tp,0.09940497874923765
XRPUSDT,1753520400000,1,3.1628,3.1786139999999996,tp,0.10995657460482747
SUIUSDT,1753532100000,1,4.0498,4.070049,tp,0.09060270602705876
SUIUSDT,1753544700000,1,4.177,4.197884999999999,tp,0.07071624994711624
NEARUSDT,1753555500000,1,2.9,2.9144999999999994,tp,0.07875338753387277
FILUSDT,1753559100000,1,2.68,2.6934,tp,0.04763426542387867
DOGEUSDT,1753568100000,1,0.23897,0.24016484999999996,tp,0.08770867730691398
DOGEUSDT,1753592400000,1,0.24025,0.24145124999999998,tp,0.08531984739597101
ETHUSDT,1753612200000,1,3795.2,3814.1759999999995,tp,0.11540475051082608
ZECUSDT,1753613100000,1,41.64,41.8482,tp,0.08944712828770689
SUIUSDT,1753614900000,1,4.2314,4.2525569999999995,tp,0.08979133566359392
BTCUSDT,1753632000000,1,118300.0,118891.49999999999,tp,0.40268838341289154
FILUSDT,1753632000000,1,2.702,2.7155099999999996,tp,0.09914155251141271
SOLUSDT,1753633800000,1,187.6,188.53799999999998,tp,0.12485813837730037
BNBUSDT,1753650000000,1,828.83,832.97415,tp,0.08977315792323032
XRPUSDT,1753653600000,1,3.2186,3.2346929999999996,tp,0.10636378600822856
ETHUSDT,1753655400000,1,3850.0,3869.2499999999995,tp,0.09076876951023573
FILUSDT,1753656300000,1,2.741,2.754705,tp,0.079164866810654
NEARUSDT,1753659900000,1,2.947,2.9617349999999996,tp,0.06519008264462574
SOLUSDT,1753661700000,1,189.7,190.64849999999996,tp,0.07516157723094948
DOGEUSDT,1753661700000,1,0.24181,0.24301904999999996,tp,0.05886915549111804
ZECUSDT,1753662600000,1,41.92,42.129599999999996,tp,0.10586011342154743
BNBUSDT,1753669800000,1,848.86,853.1043,tp,0.08246032901441133
ETHUSDT,1753678800000,1,3886.6,3906.0329999999994,tp,0.09625730125729902
SOLUSDT,1753679700000,1,192.49,193.45245,tp,0.06779476366192186
NEARUSDT,1753681500000,1,2.995,3.009975,tp,0.05945679012345584
FILUSDT,1753681500000,1,2.795,2.8089749999999998,tp,0.0677294685990333
XRPUSDT,1753682400000,1,3.2963,3.3127815,tp,0.06511751662971098
ZECUSDT,1753692300000,1,42.81,43.024049999999995,tp,0.09272727272726972
BNBUSDT,1753695000000,1,856.21,860.49105,tp,0.07936627058578168
SUIUSDT,1753722000000,1,4.4333,4.030512321653969,stop,-1.0095062160821169
ETHUSDT,1753774200000,1,3835.0,3854.1749999999997,tp,0.07899676525191311
ZECUSDT,1753777800000,1,41.09,41.29545,tp,0.07199650502402773
DOGEUSDT,1753800300000,1,0.2458,0.2217902440992536,stop,-1.008775629904998
BTCUSDT,1753901100000,1,119550.0,116524.60188851145,stop,-1.0365896876096174
FILUSDT,1753902000000,1,2.654,2.4252756289898607,stop,-1.0100733115468405
NEARUSDT,1753902000000,1,2.814,2.5472884615384612,stop,-1.0090731884057964
SOLUSDT,1753902000000,1,185.66,173.54198227236094,stop,-1.013604938271606
ETHUSDT,1753929000000,1,3830.94,3850.0946999999996,tp,0.07189283775943532
NEARUSDT,1753932600000,1,2.694,2.70747,tp,0.04804628393413397
SUIUSDT,1753933500000,1,3.8323,3.8514614999999996,tp,0.06594845360824614
BNBUSDT,1753937100000,1,796.36,800.3417999999999,tp,0.08603971080176791
SOLUSDT,1753944300000,1,180.61,181.51305,tp,0.11224965067535836
ZECUSDT,1753948800000,1,38.95,39.14475,tp,0.10050290135396453
DOGEUSDT,1753951500000,1,0.22377,0.22488884999999997,tp,0.09441247760564671
SUIUSDT,1753951500000,1,3.9329,3.9525645,tp,0.08003651856360214
SOLUSDT,1753971300000,1,182.32,176.54162016990952,stop,-1.0290244920017309
BNBUSDT,1753972200000,1,811.17,788.56607371913,stop,-1.033141931216933
BTCUSDT,1753992000000,1,118590.0,116623.8386394743,stop,-1.0563497223228315
NEARUSDT,1753992000000,1,2.723,2.5799076485693324,stop,-1.0171281849912737
ETHUSDT,1753992000000,1,3871.0,3724.382835234153,stop,-1.0241319882233642
FILUSDT,1753998300000,1,2.538,2.4139727362204724,stop,-1.0184900805639494
XRPUSDT,1754059500000,1,3.0228,3.037914,tp,0.051533784071096315
ZECUSDT,1754197200000,1,35.77,35.94885,tp,0.07026018654884526
NEARUSDT,1754210700000,1,2.398,2.40999,tp,0.0718801498127337
SUIUSDT,1754210700000,1,3.4249,3.4420244999999996,tp,0.07420984455958335
FILUSDT,1754215200000,1,2.311,2.3225549999999995,tp,0.07928020565552414
ETHUSDT,1754215200000,1,3454.61,3471.88305,tp,0.10432031143904634
SOLUSDT,1754218800000,1,160.98,161.78489999999996,tp,0.08808743169398642
BTCUSDT,1754218800000,1,113388.9,113955.84449999998,tp,0.1449775281975557
ZECUSDT,1754218800000,1,36.03,36.21015,tp,0.09088846880907266
BNBUSDT,1754218800000,1,749.53,753.2776499999999,tp,0.18334984406530427
XRPUSDT,1754232300000,1,2.8757,2.8900785,tp,0.09706183404647939
NEARUSDT,1754258400000,1,2.444,2.4562199999999996,tp,0.09453140096618115
XRPUSDT,1754266500000,1,2.9372,2.9518859999999996,tp,0.0922572549019593
ZECUSDT,1754267400000,1,36.28,36.4614,tp,0.08582890855457051
BNBUSDT,1754268300000,1,753.6,757.3679999999999,tp,0.16374253771843839
BTCUSDT,1754268300000,1,114200.0,114770.99999999999,tp,0.2590956358048791
SUIUSDT,1754275500000,1,3.4742,3.491571,tp,0.08094923121554876
SOLUSDT,1754275500000,1,163.07,163.88535,tp,0.09323090055484352
ETHUSDT,1754312400000,1,3558.0,3575.7899999999995,tp,0.097109438222111
XRPUSDT,1754316000000,1,3.0232,3.0383159999999996,tp,0.08715237481194658
SOLUSDT,1754316000000,1,164.44,165.26219999999998,tp,0.09597440372309252
FILUSDT,1754316000000,1,2.377,2.3888849999999997,tp,0.10065608465608376
BNBUSDT,1754316000000,1,759.61,763.4080499999999,tp,0.18949139865369605
ZECUSDT,1754316000000,1,36.57,36.752849999999995,tp,0.0898465316144849
SUIUSDT,1754323200000,1,3.5078,3.525339,tp,0.06720336150503664
ETHUSDT,1754325000000,1,3663.88,3682.1993999999995,tp,0.09259935824553103
BTCUSDT,1754326800000,1,114843.5,115417.71749999998,tp,0.23817764300339098
FILUSDT,1754343000000,1,2.416,2.4280799999999996,tp,0.0850043744531906
SOLUSDT,1754344800000,1,168.1,168.9405,tp,0.0750947158524419
NEARUSDT,1754345700000,1,2.553,2.565765,tp,0.06758893280632364
XRPUSDT,1754355600000,1,3.079,3.094395,tp,0.07248664200575353
ETHUSDT,1754462700000,1,3623.98,3642.0998999999997,tp,0.09314273237518955
SUIUSDT,1754464500000,1,3.4244,3.4415219999999995,tp,0.06654274373124072
NEARUSDT,1754466300000,1,2.477,2.4893849999999995,tp,0.057886748394627596
ZECUSDT,1754470800000,1,35.58,35.75789999999999,tp,0.07505002632964457
SOLUSDT,1754490600000,1,164.71,165.53355,tp,0.08209950248756055
FILUSDT,1754491500000,1,2.341,2.352705,tp,0.06985831469052718
BTCUSDT,1754491500000,1,114178.4,114749.29199999999,tp,0.2261357966021116
SUIUSDT,1754493300000,1,3.4548,3.4720739999999997,tp,0.05978827782080921
NEARUSDT,1754495100000,1,2.494,2.5064699999999998,tp,0.05286846275752563
XRPUSDT,1754495100000,1,2.9723,2.9871615,tp,0.07620689655172345
ETHUSDT,1754502300000,1,3661.4,3679.707,tp,0.08627388628801837
BNBUSDT,1754502300000,1,769.06,772.9052999999999,tp,0.1323856209150305
ZECUSDT,1754529300000,1,36.1,36.280499999999996,tp,0.06635488308115349
FILUSDT,1754529300000,1,2.385,2.3969249999999995,tp,0.06846924177396123
SOLUSDT,1754550900000,1,169.47,170.31734999999998,tp,0.06656859860743176
ETHUSDT,1754553600000,1,3697.39,3715.8769499999994,tp,0.12299069763581878
SUIUSDT,1754560800000,1,3.5297,3.5473484999999996,tp,0.09665845648604018
DOGEUSDT,1754562600000,1,0.2102,0.21125099999999997,tp,0.04455829643685297
BTCUSDT,1754562600000,1,115488.0,116065.43999999999,tp,0.15611517200882502
ETHUSDT,1754568900000,1,3825.58,3844.7078999999994,tp,0.10480364771606701
DOGEUSDT,1754595000000,1,0.2148,0.21587399999999995,tp,0.0830861336423301
ZECUSDT,1754596800000,1,37.37,37.55684999999999,tp,0.08989789789789407
NEARUSDT,1754598600000,1,2.604,2.6170199999999997,tp,0.0833253397282149
FILUSDT,1754602200000,1,2.459,2.471295,tp,0.09162011173184337
ETHUSDT,1754603100000,1,3864.54,3883.8626999999997,tp,0.08748299781602427
SOLUSDT,1754604900000,1,173.43,174.29715,tp,0.08892477252338633
BNBUSDT,1754606700000,1,782.88,786.7943999999999,tp,0.16093300452116435
SUIUSDT,1754606700000,1,3.752,3.7707599999999992,tp,0.06525551232165833
XRPUSDT,1754609400000,1,3.2976,3.314088,tp,0.06219789473684153
DOGEUSDT,1754610300000,1,0.22143,0.22253714999999996,tp,0.07240139871513208
FILUSDT,1754614800000,1,2.494,2.5064699999999998,tp,0.07349521707137321
NEARUSDT,1754622900000,1,2.657,2.670285,tp,0.06349433512224117
XRPUSDT,1754622900000,1,3.3366,3.3532829999999993,tp,0.04506002967759221
SOLUSDT,1754638200000,1,175.5,176.37749999999997,tp,0.08551942516136599
ZECUSDT,1754644500000,1,38.37,38.56184999999999,tp,0.07216901408450507
ETHUSDT,1754660700000,1,3935.88,3955.5593999999996,tp,0.07943621759105471
DOGEUSDT,1754660700000,1,0.22507,0.22619534999999996,tp,0.057637614678897574
ZECUSDT,1754661600000,1,38.86,39.0543,tp,0.08744238336143818
NEARUSDT,1754661600000,1,2.692,2.70546,tp,0.05442424242424158
FILUSDT,1754674200000,1,2.515,2.5275749999999997,tp,0.08553011026293231
SOLUSDT,1754675100000,1,177.91,178.79954999999998,tp,0.08429650613786452
ETHUSDT,1754676000000,1,4011.09,4031.1454499999995,tp,0.07642015280531102
BNBUSDT,1754676900000,1,792.16,796.1207999999999,tp,0.1608247213779101
NEARUSDT,1754703900000,1,2.716,2.72958,tp,0.061609977324261635
SUIUSDT,1754706600000,1,3.8773,3.8966864999999995,tp,0.0585887416468442
BNBUSDT,1754713800000,1,797.2,801.1859999999999,tp,0.13578683011960618
BTCUSDT,1754795700000,1,117487.2,118074.63599999998,tp,0.17443666284390427
ETHUSDT,1755575100000,-1,4256.56,4235.2772,tp,0.07199482161215394
ZECUSDT,1755576000000,-1,35.05,34.87475,tp,0.07122646310432544
NEARUSDT,1755583200000,-1,2.521,2.5083949999999997,tp,0.05749425287356403
BNBUSDT,1755613800000,-1,837.38,833.1931,tp,0.08755388156518151
BTCUSDT,1755614700000,-1,114303.8,113732.281,tp,0.18037384433561493
NEARUSDT,1755615600000,-1,2.483,2.4705850000000003,tp,0.061353196772190415
XRPUSDT,1755621000000,-1,2.9301,2.9154495,tp,0.07712366653496709
SUIUSDT,1755621900000,-1,3.4821,3.4646895,tp,0.04816298294766701
DOGEUSDT,1755621900000,-1,0.21356,0.2124922,tp,0.057421612165254106
ETHUSDT,1755622800000,-1,4167.0,4146.165,tp,0.0652226018684858
ZECUSDT,1755628200000,-1,35.01,34.83495,tp,0.07173333333333276
XRPUSDT,1755645300000,-1,2.8791,2.8647045,tp,0.06143246274635479
ETHUSDT,1755647100000,-1,4112.36,4091.7981999999997,tp,0.06767688003922191
NEARUSDT,1755647100000,-1,2.43,2.41785,tp,0.06423280423280461
BNBUSDT,1755653400000,-1,825.18,821.0541,tp,0.11162198754400207
DOGEUSDT,1755653400000,-1,0.20967,0.20862165,tp,0.06556416881998307
BTCUSDT,1755698400000,-1,113011.0,112445.94499999999,tp,0.14465672903300433
SUIUSDT,1755765000000,-1,3.5006,3.483097,tp,0.08002516154857921
XRPUSDT,1755766800000,-1,2.9047,2.8901765,tp,0.10455363570914433
NEARUSDT,1755766800000,-1,2.511,2.4984450000000002,tp,0.0761427486712216
BNBUSDT,1755767700000,-1,858.0,853.71,tp,0.09957320790871776
FILUSDT,1755770400000,-1,2.411,2.398945,tp,0.08303186907838153
BTCUSDT,1755776700000,-1,113520.0,112952.4,tp,0.20205113130233518
DOGEUSDT,1755778500000,-1,0.21763,0.21654184999999998,tp,0.08296126693379222
ETHUSDT,1755780300000,-1,4268.33,4246.98835,tp,0.0931933731815837
SUIUSDT,1755780300000,-1,3.4453,3.4280735,tp,0.08347075276663035
BNBUSDT,1755789300000,-1,849.26,845.0137,tp,0.10931529790660227
SOLUSDT,1755793800000,-1,182.17,181.25914999999998,tp,0.06592955700798905
BTCUSDT,1755794700000,-1,112848.1,112283.8595,tp,0.16268633545978595
NEARUSDT,1755795600000,-1,2.448,2.43576,tp,0.05703962703962618
XRPUSDT,1755805500000,-1,2.8762,2.8618189999999997,tp,0.08203723518082696
XRPUSDT,1755833400000,-1,2.8471,2.8328645000000003,tp,0.08329522134271382
FILUSDT,1756000800000,-1,2.508,2.49546,tp,0.12284313725490201
BNBUSDT,1756017000000,-1,876.98,872.5951,tp,0.1690593342981195
ZECUSDT,1756019700000,-1,42.91,42.695449999999994,tp,0.06800318217979401
SUIUSDT,1756029600000,-1,3.685,3.666575,tp,0.09621939275220477
ETHUSDT,1756056600000,-1,4733.0,4915.378994110662,stop,-1.0256038809029284
BTCUSDT,1756063800000,-1,114715.5,114141.9225,tp,0.2863923963680421
DOGEUSDT,1756081800000,-1,0.22817,0.22702915,tp,0.03445767645835693
FILUSDT,1756098000000,-1,2.385,2.3730749999999996,tp,0.03464337700145613
SUIUSDT,1756101600000,-1,3.6092,3.591154,tp,0.034927620713106025
ETHUSDT,1756102500000,-1,4702.47,4678.95765,tp,0.04161548438591235
NEARUSDT,1756103400000,-1,2.597,2.584015,tp,0.05091801669121272
XRPUSDT,1756103400000,-1,2.9842,2.969279,tp,0.050359091485852554
DOGEUSDT,1756104300000,-1,0.22536,0.2242332,tp,0.050056685561854476
BNBUSDT,1756116900000,-1,860.68,856.3765999999999,tp,0.09360359624029468
SUIUSDT,1756119600000,-1,3.4628,3.4454860000000003,tp,0.053709708775612715
NEARUSDT,1756128600000,-1,2.499,2.486505,tp,0.05329052969502373
DOGEUSDT,1756128600000,-1,0.21902,0.2179249,tp,0.05597377554955601
ZECUSDT,1756138500000,-1,40.75,40.54625,tp,0.0451975514746799
ETHUSDT,1756149300000,-1,4555.0,4532.225,tp,0.06713932192263201
FILUSDT,1756149300000,-1,2.262,2.25069,tp,0.05770114942528697
BTCUSDT,1756152000000,-1,110891.0,110336.545,tp,0.13446282220502864
DOGEUSDT,1756152900000,-1,0.21447,0.21339765,tp,0.05435584382551194
NEARUSDT,1756152900000,-1,2.432,2.4198399999999998,tp,0.05302732240437242
ZECUSDT,1756153800000,-1,39.69,39.49155,tp,0.046631268436578485
SOLUSDT,1756160100000,-1,186.85,185.91575,tp,0.04479489955491349
BTCUSDT,1756170000000,-1,109219.8,108673.701,tp,0.09325618747383652
FILUSDT,1756282500000,-1,2.301,2.289495,tp,0.09236947791164728
ZECUSDT,1756309500000,-1,41.93,41.720349999999996,tp,0.06496124031007852
BNBUSDT,1756341000000,-1,856.75,852.46625,tp,0.13910515631344061
BTCUSDT,1756365300000,-1,110586.5,113311.84972623998,stop,-1.0394981444779354
ZECUSDT,1756398600000,-1,41.87,41.66065,tp,0.08102713178294611
SUIUSDT,1756409400000,-1,3.447,3.429765,tp,0.07587935240629788
XRPUSDT,1756410300000,-1,2.969,2.9541549999999996,tp,0.10718492343934145
NEARUSDT,1756410300000,-1,2.498,2.48551,tp,0.06188161993769519
BTCUSDT,1756430100000,-1,112344.4,111782.678,tp,0.16346308246075442
XRPUSDT,1756440000000,-1,2.9414,2.9266929999999998,tp,0.11804701627486482
DOGEUSDT,1756448100000,-1,0.22003,0.21892985,tp,0.07836100696304205
BNBUSDT,1756450800000,-1,865.76,861.4312,tp,0.12822199992590108
BTCUSDT,1756450800000,-1,111200.0,110644.0,tp,0.20730989652551374
SUIUSDT,1756450800000,-1,3.4104,3.393348,tp,0.08104943780117835
SOLUSDT,1756450800000,-1,209.68,208.6316,tp,0.049187714929444584
FILUSDT,1756451700000,-1,2.316,2.30442,tp,0.06689804772234258
XRPUSDT,1756475100000,-1,2.8566,2.842317,tp,0.10172152350370062
ETHUSDT,1756476000000,-1,4331.15,4309.49425,tp,0.04921110656482975
BTCUSDT,1756476900000,-1,109360.0,108813.2,tp,0.12943611655094772
SOLUSDT,1756484100000,-1,205.24,204.21380000000002,tp,0.04046338927669641
NEARUSDT,1756487700000,-1,2.415,2.402925,tp,0.06216181229773382
ZECUSDT,1756489500000,-1,41.35,41.14325,tp,0.08275100401606389
SUIUSDT,1756490400000,-1,3.275,3.258625,tp,0.052988002594033724
DOGEUSDT,1756491300000,-1,0.21144,0.21038279999999998,tp,0.05375669472073499
XRPUSDT,1756499400000,-1,2.8103,2.7962485,tp,0.0736446633825939
ZECUSDT,1756512000000,-1,40.16,39.959199999999996,tp,0.04385792349726797
BTCUSDT,1756518300000,-1,107869.6,107330.25200000001,tp,0.09985700166422475
SOLUSDT,1756558800000,-1,200.6,199.59699999999998,tp,0.08505688463583332
NEARUSDT,1756670400000,-1,2.424,2.41188,tp,0.10627192982456052
SUIUSDT,1756681200000,-1,3.2872,3.270764,tp,0.10816423928248271
DOGEUSDT,1756681200000,-1,0.21602,0.2149399,tp,0.12472969066204112
XRPUSDT,1756684800000,-1,2.7716,2.757742,tp,0.08440983356237533
BTCUSDT,1756685700000,-1,108251.3,107710.0435,tp,0.2832689135045971
BNBUSDT,1756694700000,-1,859.42,855.1229,tp,0.23197728655445116
ETHUSDT,1756762200000,-1,4264.29,4242.96855,tp,0.08213263202512457
ZECUSDT,1757083500000,-1,40.84,40.6358,tp,0.07522360534808661
BTCUSDT,1757083500000,-1,111040.5,110485.2975,tp,0.12391031600458917
ETHUSDT,1757084400000,-1,4295.0,4273.525,tp,0.06645298996308399
SOLUSDT,1757179800000,-1,201.61,200.60195000000002,tp,0.09009408602150525
SUIUSDT,1757186100000,-1,3.3417,3.3249915,tp,0.17189300411522715
DOGEUSDT,1757187000000,-1,0.21378,0.2127111,tp,0.19790595320824844
XRPUSDT,1757253600000,-1,2.7823,2.896869856220552,stop,-1.0240205098809914
SOLUSDT,1757319300000,-1,202.14,209.0622252243319,stop,-1.028691512848352
NEARUSDT,1757343600000,-1,2.377,2.558430309734513,stop,-1.0133963768115946
ETHUSDT,1757344500000,-1,4276.78,4381.4140606456795,stop,-1.0397800040630023
SOLUSDT,1757384100000,-1,212.92,211.85539999999997,tp,0.08372184518540475
DOGEUSDT,1757385900000,-1,0.23625,0.23506875,tp,0.05858119020996364
BTCUSDT,1757400300000,-1,110817.5,112932.60417757352,stop,-1.050723730351557
ZECUSDT,1757431800000,-1,49.38,49.1331,tp,0.06641103262697708
ZECUSDT,1757448900000,-1,48.22,47.978899999999996,tp,0.05457126632595186
BNBUSDT,1757509200000,-1,873.0,895.6300061340547,stop,-1.0375982445955647
SUIUSDT,1757511900000,-1,3.4398,3.625814355007866,stop,-1.0185175151515156
SOLUSDT,1757592000000,-1,212.66,226.0020014849385,stop,-1.0160921808960277
FILUSDT,1757631600000,-1,2.42,2.5407999173212072,stop,-1.0199814699792948
ETHUSDT,1757637000000,-1,4280.38,4486.146811408011,stop,-1.0207119867469137
XRPUSDT,1757637000000,-1,2.9431,3.060220605864523,stop,-1.0248223577235758
BTCUSDT,1757637900000,-1,113451.0,116000.68008673676,stop,-1.0432213620272017
NEARUSDT,1757657700000,-1,2.628,2.7797309451219516,stop,-1.01740412541254
SUIUSDT,1757676600000,-1,3.6323,3.6141384999999997,tp,0.11257776743464522
NEARUSDT,1757677500000,-1,2.717,2.703415,tp,0.09378238341968857
FILUSDT,1757677500000,-1,2.503,2.490485,tp,0.11037527593819046
ZECUSDT,1757700900000,-1,47.31,50.12744105519138,stop,-1.0169022414558369
XRPUSDT,1757754000000,-1,3.0241,3.1572775782414313,stop,-1.0225219120135358
BTCUSDT,1757916000000,-1,114833.8,116621.00123920763,stop,-1.0619907533336146
NEARUSDT,1758163500000,1,2.842,2.85621,tp,0.044501758499413326
ETHUSDT,1758164400000,1,4615.26,4638.3363,tp,0.06116991864279051
SUIUSDT,1758168000000,1,3.807,3.8260349999999996,tp,0.05829954568014254
NEARUSDT,1758186900000,1,2.928,2.9426399999999995,tp,0.061020833333331456
XRPUSDT,1758188700000,1,3.1068,3.1223339999999995,tp,0.08371986531986361
SUIUSDT,1758206700000,1,3.9109,3.9304544999999993,tp,0.06703836930455478
NEARUSDT,1758208500000,1,2.955,2.969775,tp,0.0661306532663304
DOGEUSDT,1758209400000,1,0.28368,0.2850984,tp,0.033242185217645014
NEARUSDT,1758221100000,1,3.124,3.13962,tp,0.061612586037363706
FILUSDT,1758231900000,1,2.576,2.5888799999999996,tp,0.09930635838149919
SUIUSDT,1758292200000,1,3.9711,3.6941354136256104,stop,-1.0126710374379788
ETHUSDT,1758304800000,1,4623.0,4437.377010317632,stop,-1.0227100542180434
ZECUSDT,1759048200000,1,56.92,57.20459999999999,tp,0.06132902878665398
NEARUSDT,1759068900000,1,2.701,2.714505,tp,0.08187878787878713
ZECUSDT,1759068900000,1,58.6,58.892999999999994,tp,0.04144942832013962
XRPUSDT,1759072500000,1,2.7938,2.807769,tp,0.1578653113087681
BTCUSDT,1759075200000,1,109653.2,110201.46599999999,tp,0.5692546334124418
DOGEUSDT,1759075200000,1,0.22931,0.23045654999999998,tp,0.10687616387336743
BNBUSDT,1759075200000,1,975.8,980.6789999999999,tp,0.14282233650654427
SUIUSDT,1759078800000,1,3.182,3.19791,tp,0.10519397084259902
ETHUSDT,1759081500000,1,4027.87,4048.0093499999994,tp,0.14573576178085748
ZECUSDT,1759088700000,1,59.23,59.52614999999999,tp,0.04548343863679721
SOLUSDT,1759090500000,1,205.77,206.79885,tp,0.09454628991499911
FILUSDT,1759093200000,1,2.18,2.1909,tp,0.10593939393939361
NEARUSDT,1759093200000,1,2.728,2.74164,tp,0.08669841269841048
BNBUSDT,1759096800000,1,981.22,986.1261,tp,0.17693844492440267
XRPUSDT,1759096800000,1,2.8344,2.848572,tp,0.14013575219054514
BNBUSDT,1759115700000,1,995.96,1000.9397999999999,tp,0.1871661268365895
XRPUSDT,1759130100000,1,2.867,2.8813349999999995,tp,0.13577391509991255
ZECUSDT,1759134600000,1,66.56,66.8928,tp,0.024679985201627213
BNBUSDT,1759156200000,1,1014.55,1019.6227499999999,tp,0.1240278286341979
ZECUSDT,1759158000000,1,69.48,69.8274,tp,0.023461408830468045
SOLUSDT,1759175100000,1,212.11,213.17055,tp,0.08296296296296142
DOGEUSDT,1759177800000,1,0.23707,0.23825534999999998,tp,0.10178579094225994
BNBUSDT,1759178700000,1,1023.67,1028.7883499999998,tp,0.10230513723433161
ZECUSDT,1759192200000,1,71.31,71.66655,tp,0.035783475783475585
BTCUSDT,1759193100000,1,114188.0,114758.93999999999,tp,0.15403834611312034
NEARUSDT,1759224600000,1,2.824,2.6442545968882603,stop,-1.0139755555555556
DOGEUSDT,1759265100000,1,0.23231,0.23347154999999997,tp,0.07885355719494501
SOLUSDT,1759266900000,1,209.58,210.62789999999998,tp,0.06483387420800303
NEARUSDT,1759292100000,1,2.651,2.6642549999999994,tp,0.0661442786069632
ZECUSDT,1759293000000,1,77.77,78.15884999999999,tp,0.0338261152718976
ETHUSDT,1759307400000,1,4175.54,4196.4177,tp,0.09034038222322785
FILUSDT,1759307400000,1,2.194,2.20497,tp,0.07127331711273281
BNBUSDT,1759307400000,1,1014.36,1019.4318,tp,0.13300576519915966
XRPUSDT,1759308300000,1,2.904,2.9185199999999996,tp,0.10637760702524456
ZECUSDT,1759311900000,1,93.5,93.96749999999999,tp,0.01827796477876919
SUIUSDT,1759327200000,1,3.4145,3.4315724999999997,tp,0.07125710412430185
BTCUSDT,1759327200000,1,116599.8,117182.79899999998,tp,0.17199171989067324
DOGEUSDT,1759337100000,1,0.24488,0.24610439999999997,tp,0.07207947019867461
NEARUSDT,1759338000000,1,2.826,2.84013,tp,0.053183098591548336
ZECUSDT,1759340700000,1,98.7,99.19349999999999,tp,0.011712144105708724
SUIUSDT,1759356000000,1,3.4982,3.515691,tp,0.07787333333333193
ETHUSDT,1759362300000,1,4329.0,4350.6449999999995,tp,0.08995356029119306
BTCUSDT,1759363200000,1,118190.0,118780.94999999998,tp,0.17657995283722314
DOGEUSDT,1759367700000,1,0.24729,0.24852644999999998,tp,0.10382389937106669
SUIUSDT,1759368600000,1,3.5377,3.5553885,tp,0.08604693469164887
SOLUSDT,1759368600000,1,220.89,221.99444999999997,tp,0.10810376324442691
BNBUSDT,1759369500000,1,1028.82,1033.9641,tp,0.17157693585908898
FILUSDT,1759369500000,1,2.3,2.3114999999999997,tp,0.11641414141413954
NEARUSDT,1759371300000,1,2.875,2.889375,tp,0.0748897535667955
FILUSDT,1759385700000,1,2.333,2.344665,tp,0.10630261660978209
XRPUSDT,1759394700000,1,2.9743,2.9891714999999994,tp,0.12069321982365075
BNBUSDT,1759401000000,1,1038.19,1043.38095,tp,0.11766485384092334
DOGEUSDT,1759401000000,1,0.25784,0.2591292,tp,0.07525245901639276
SOLUSDT,1759405500000,1,224.97,226.09484999999998,tp,0.08124842597589374
BTCUSDT,1759412700000,1,119130.0,119725.65,tp,0.2727676864791803
ETHUSDT,1759419900000,1,4397.73,4419.718649999999,tp,0.10180859002168915
SOLUSDT,1759424400000,1,227.34,228.47669999999997,tp,0.07799863387977901
FILUSDT,1759426200000,1,2.356,2.3677799999999998,tp,0.10912037037036973
SUIUSDT,1759428900000,1,3.578,3.5958899999999994,tp,0.0835048419087599
BNBUSDT,1759436100000,1,1074.41,1079.78205,tp,0.08895676827880165
DOGEUSDT,1759438800000,1,0.25959,0.26088795,tp,0.06181537548233863
NEARUSDT,1759439700000,1,2.958,2.97279,tp,0.06215932914045958
ETHUSDT,1759460400000,1,4495.71,4518.18855,tp,0.080958659598704
ZECUSDT,1759476600000,1,139.15,139.84574999999998,tp,0.01953091087306516
ZECUSDT,1759491000000,1,151.76,152.51879999999997,tp,0.01665353803284792
BNBUSDT,1759497300000,1,1113.47,1119.0373499999998,tp,0.074503076511501
BTCUSDT,1759504500000,1,120484.1,121086.5205,tp,0.2481492578806734
SUIUSDT,1759505400000,1,3.6133,3.6313665,tp,0.07555625065165153
SOLUSDT,1759507200000,1,233.86,235.02929999999998,tp,0.07441424256874668
FILUSDT,1759507200000,1,2.392,2.4039599999999997,tp,0.07327217125382109
ETHUSDT,1759508100000,1,4527.52,4550.1576,tp,0.09563107820179809
DOGEUSDT,1759509000000,1,0.26141,0.26271704999999995,tp,0.07664761904761769
BNBUSDT,1759524300000,1,1169.28,1175.1263999999999,tp,0.04076961831795761
ZECUSDT,1759581000000,1,138.5,139.1925,tp,0.026057872980082504
ZECUSDT,1759601700000,1,148.25,148.99124999999998,tp,0.019795958406905494
SUIUSDT,1759623300000,1,3.616,3.6340799999999995,tp,0.11390682693062745
NEARUSDT,1759631400000,1,2.973,2.9878649999999993,tp,0.08831477357089522
FILUSDT,1759635000000,1,2.339,2.3506949999999995,tp,0.1157530864197486
BNBUSDT,1759639500000,1,1172.08,1177.9403999999997,tp,0.10598251203144714
NEARUSDT,1759647600000,1,3.099,3.114495,tp,0.06010643444605554
SOLUSDT,1759647600000,1,235.28,236.45639999999997,tp,0.09116468196340187
ZECUSDT,1759691700000,1,162.96,163.7748,tp,0.023891723663735126
BTCUSDT,1759714200000,1,123453.5,124070.76749999999,tp,0.18499457550522247
BNBUSDT,1759718700000,1,1174.97,1180.84485,tp,0.10219257340241615
SOLUSDT,1759720500000,1,231.71,232.86854999999997,tp,0.08190073172881676
DOGEUSDT,1759739400000,1,0.25555,0.25682774999999997,tp,0.0778901032179698
ZECUSDT,1759751100000,1,169.5,170.34749999999997,tp,0.025550944101700286
FILUSDT,1759756500000,1,2.364,2.3758199999999996,tp,0.08710865561694084
SOLUSDT,1759757400000,1,233.47,234.63734999999997,tp,0.0852232549662817
DOGEUSDT,1759757400000,1,0.26093,0.26223464999999996,tp,0.08136544306756845
ETHUSDT,1759757400000,1,4587.99,4610.92995,tp,0.10093174644923678
NEARUSDT,1759761000000,1,3.028,3.0431399999999997,tp,0.06894197952218299
BTCUSDT,1759769100000,1,124773.8,125397.669,tp,0.1895956338942861
DOGEUSDT,1759774500000,1,0.26828,0.2696214,tp,0.05767691399753188
ETHUSDT,1759779900000,1,4695.0,4718.474999999999,tp,0.09142876563349454
BNBUSDT,1759828500000,1,1265.0,1271.3249999999998,tp,0.059714946434468806
XRPUSDT,1759846500000,1,3.0572,2.905279304668144,stop,-1.018167474374743
ETHUSDT,1759849200000,1,4730.65,4529.716986883692,stop,-1.0214162474886506
SOLUSDT,1759849200000,1,236.62,222.20737789447048,stop,-1.014646676188003
SUIUSDT,1759893300000,1,3.6811,3.426067339234839,stop,-1.0127621456895288
ZECUSDT,1759923000000,1,140.27,140.97135,tp,0.02294403000285323
DOGEUSDT,1759931100000,1,0.25052,0.2517726,tp,0.08498905170961739
XRPUSDT,1759932000000,1,2.8778,2.8921889999999997,tp,0.12986017140279152
ZECUSDT,1759935600000,1,152.44,153.20219999999998,tp,0.021198812236723368
FILUSDT,1759940100000,1,2.306,2.3175299999999996,tp,0.08909441233140282
BTCUSDT,1759942800000,1,122820.0,123434.09999999999,tp,0.1566980569869728
SUIUSDT,1759942800000,1,3.4875,3.5049374999999996,tp,0.08814870825456732
XRPUSDT,1759944600000,1,2.8923,2.9067615,tp,0.12443727829732214
ZECUSDT,1759948200000,1,178.77,179.66385,tp,0.0187907839802069
ZECUSDT,1760007600000,1,186.18,187.1109,tp,0.01707722519066503
ETHUSDT,1760028300000,1,4522.0,4273.132311429894,stop,-1.0163117828561143
FILUSDT,1760056200000,1,2.299,2.3104949999999995,tp,0.074138486312397
BTCUSDT,1760109300000,1,123091.6,119508.82741433514,stop,-1.0316886945316812
NEARUSDT,1760200200000,-1,2.38,2.3681,tp,0.03272101823185362
DOGEUSDT,1760212800000,-1,0.18517,0.18424415,tp,0.03966988210075053
NEARUSDT,1760216400000,-1,2.235,2.2238249999999997,tp,0.033468468468468966
BTCUSDT,1760216400000,-1,110430.0,109877.85,tp,0.14058770479003802
XRPUSDT,1760218200000,-1,2.3821,2.3701895,tp,0.04740163770720967
ETHUSDT,1760218200000,-1,3728.32,3709.6784000000002,tp,0.06477255603896892
SUIUSDT,1760229900000,-1,2.5047,2.4921765000000002,tp,0.03444995181054641
FILUSDT,1760234400000,-1,1.509,1.501455,tp,0.031501831501831105
BNBUSDT,1760509800000,-1,1184.01,1178.08995,tp,0.061353854923755835
SUIUSDT,1760533200000,-1,2.7828,2.7688859999999997,tp,0.05573225111478611
DOGEUSDT,1760535000000,-1,0.20033,0.19932835000000002,tp,0.06057471264367772
FILUSDT,1760535000000,-1,1.643,1.634785,tp,0.05514693534844715
BNBUSDT,1760535900000,-1,1176.19,1170.30905,tp,0.058150175647661714
BTCUSDT,1760535900000,-1,111606.1,111048.06950000001,tp,0.1331476203280438
ETHUSDT,1760538600000,-1,4053.39,4033.1230499999997,tp,0.06443403162793689
XRPUSDT,1760546700000,-1,2.4467,2.4344664999999996,tp,0.06228783231083975
SOLUSDT,1760547600000,-1,197.45,196.46275,tp,0.042396085390116224
ZECUSDT,1760556600000,-1,246.96,245.7252,tp,0.017190501319261305
XRPUSDT,1760559300000,-1,2.4113,2.3992435000000003,tp,0.05570385818560968
FILUSDT,1760559300000,-1,1.603,1.5949849999999999,tp,0.04221782178217878
SUIUSDT,1760560200000,-1,2.69,2.6765499999999998,tp,0.042684798600342556
DOGEUSDT,1760560200000,-1,0.197,0.196015,tp,0.04714551455145574
ZECUSDT,1760570100000,-1,227.0,225.865,tp,0.02121927236971468
BTCUSDT,1760607000000,-1,110320.4,109768.798,tp,0.09652465965170391
ZECUSDT,1760634000000,-1,223.77,222.65115,tp,0.020528224202868206
ETHUSDT,1760636700000,-1,3937.3,3917.6135000000004,tp,0.05322266403622595
SUIUSDT,1760644800000,-1,2.5576,2.544812,tp,0.03435203875656045
FILUSDT,1760644800000,-1,1.507,1.4994649999999998,tp,0.033146005509642126
DOGEUSDT,1760645700000,-1,0.18696,0.18602519999999997,tp,0.03280768724496555
ZECUSDT,1760660100000,-1,208.54,207.4973,tp,0.017202667341943034
SUIUSDT,1760681700000,-1,2.4938,2.481331,tp,0.04685006617507976
SOLUSDT,1760682600000,-1,183.25,182.33375,tp,0.0320210664911123
XRPUSDT,1760683500000,-1,2.296,2.2845199999999997,tp,0.03712202236266466
ETHUSDT,1760685300000,-1,3822.5,3803.3875,tp,0.08761213205772449
NEARUSDT,1760689800000,-1,2.087,2.076565,tp,0.043945147679325766
BTCUSDT,1760690700000,-1,105457.4,104930.113,tp,0.116450346682622
NEARUSDT,1760804100000,-1,2.13,2.11935,tp,0.06660406885759028
BTCUSDT,1760865300000,-1,106666.9,106133.5655,tp,0.2980488486474379
SUIUSDT,1760869800000,-1,2.3067,2.624620570441266,stop,-1.0078428065804559
NEARUSDT,1760881500000,-1,2.139,2.2828940866510536,stop,-1.0150718450826794
BNBUSDT,1760893200000,-1,1073.37,1130.4722832215357,stop,-1.018807455822631
ETHUSDT,1760893200000,-1,3695.0,4002.903714561357,stop,-1.0123504795460185
ZECUSDT,1760897700000,-1,189.35,236.7976978731284,stop,-1.004741174452362
SUIUSDT,1760918400000,-1,2.5799,2.5670005,tp,0.08583645287413726
XRPUSDT,1760931900000,-1,2.1996,2.4353518588460146,stop,-1.0098136416706471
FILUSDT,1760931900000,-1,1.469,1.5624386069482288,stop,-1.0158854752342716
DOGEUSDT,1760977800000,-1,0.1991,0.1981045,tp,0.0739600185960028
SUIUSDT,1760977800000,-1,2.5953,2.5823234999999998,tp,0.06922367101304008
NEARUSDT,1761011100000,-1,2.248,2.2367600000000003,tp,0.07384362139917619
BTCUSDT,1761011100000,-1,110050.0,109499.75,tp,0.1286449214920172
FILUSDT,1761019200000,-1,1.555,1.5472249999999999,tp,0.08031007751938088
ZECUSDT,1761028200000,-1,253.7,252.4315,tp,0.03321052806266357
XRPUSDT,1761034500000,-1,2.4222,2.410089,tp,0.08431321313474417
BTCUSDT,1761057900000,-1,107755.1,111510.60777133449,stop,-1.0282079238901753
NEARUSDT,1761058800000,-1,2.172,2.3323464730290455,stop,-1.0138183840749417
SOLUSDT,1761059700000,-1,175.32,194.85432469538353,stop,-1.0094762225644973
DOGEUSDT,1761059700000,-1,0.19271,0.20529504057217168,stop,-1.01549699322979
ZECUSDT,1761091200000,-1,263.54,262.2223,tp,0.01644180203798202
BNBUSDT,1761092100000,-1,1062.42,1057.1079,tp,0.06364999622840882
SUIUSDT,1761093000000,-1,2.4842,2.471779,tp,0.04257102455328378
DOGEUSDT,1761110100000,-1,0.1934,0.192433,tp,0.04989089030925155
XRPUSDT,1761123600000,-1,2.4022,2.390189,tp,0.07556919203839328
ETHUSDT,1761124500000,-1,3850.2,3830.9489999999996,tp,0.0519321042800298
NEARUSDT,1761124500000,-1,2.189,2.178055,tp,0.061288515406162376
FILUSDT,1761124500000,-1,1.529,1.521355,tp,0.05627992633517419
SOLUSDT,1761129900000,-1,184.03,183.10985,tp,0.06390061680132098
BTCUSDT,1761130800000,-1,107777.1,107238.2145,tp,0.1332508330546174
SOLUSDT,1761162300000,-1,181.13,180.22435,tp,0.0459002664636471
ZECUSDT,1761167700000,-1,232.01,230.84994999999998,tp,0.01608743398002423
FILUSDT,1761168600000,-1,1.491,1.4835450000000001,tp,0.03685981308411212
SUIUSDT,1761168600000,-1,2.3724,2.360538,tp,0.04013890653453543
XRPUSDT,1761168600000,-1,2.3529,2.3411355,tp,0.056593612268308724
NEARUSDT,1761171300000,-1,2.146,2.13527,tp,0.037144108628997224
ZECUSDT,1761450300000,1,285.0,286.42499999999995,tp,0.03340278385712928
ZECUSDT,1761466500000,1,299.99,301.48994999999996,tp,0.03168051489013646
XRPUSDT,1761469200000,1,2.6275,2.6406374999999995,tp,0.12279841158607366
NEARUSDT,1761470100000,1,2.318,2.3295899999999996,tp,0.09692789968651619
BNBUSDT,1761470100000,1,1121.75,1127.3587499999999,tp,0.20082169709988673
SOLUSDT,1761477300000,1,194.7,195.67349999999996,tp,0.15595067621320177
ZECUSDT,1761483600000,1,318.76,320.3538,tp,0.025417870834561873
SUIUSDT,1761489000000,1,2.6258,2.6389289999999996,tp,0.08607804878048606
ETHUSDT,1761516000000,1,4078.22,4098.611099999999,tp,0.12013047351873185
DOGEUSDT,1761516000000,1,0.20283,0.20384415,tp,0.09764960346070548
SUIUSDT,1761518700000,1,2.6591,2.6723955,tp,0.09482905982905936
BNBUSDT,1761518700000,1,1136.9,1142.5845,tp,0.1444821235790901
SOLUSDT,1761526800000,1,202.55,203.56275,tp,0.09639274279615606
ZECUSDT,1761528600000,1,360.94,362.74469999999997,tp,0.018408080808080478
SUIUSDT,1761541200000,1,2.7042,2.717721,tp,0.07547469677958951
NEARUSDT,1761547500000,1,2.399,2.4109949999999998,tp,0.0765869218500783
ETHUSDT,1761548400000,1,4225.14,4246.2657,tp,0.08242677661140015
BTCUSDT,1761548400000,1,115565.6,116143.428,tp,0.14440742337074866
DOGEUSDT,1761662700000,1,0.20834,0.19655550966102506,stop,-1.015845210849757
SOLUSDT,1761682500000,1,205.02,192.1856280175567,stop,-1.0142255769792574
FILUSDT,1761682500000,1,1.68,1.5717538644470865,stop,-1.0137941753171855
BTCUSDT,1761751800000,-1,112276.0,111714.62,tp,0.17342602247711794
DOGEUSDT,1761762600000,-1,0.1921,0.1911395,tp,0.07975795513823714
BNBUSDT,1761762600000,-1,1101.36,1095.8531999999998,tp,0.10682397494720111
ETHUSDT,1761762600000,-1,3963.79,3943.97105,tp,0.10634416404633253
SOLUSDT,1761766200000,-1,193.68,192.7116,tp,0.04654111050161517
BTCUSDT,1761766200000,-1,110888.0,110333.56,tp,0.09953458194951098
XRPUSDT,1761766200000,-1,2.6124,2.599338,tp,0.06607418856259728
FILUSDT,1761796800000,-1,1.563,1.555185,tp,0.039270440251571864
SUIUSDT,1761796800000,-1,2.4774,2.465013,tp,0.04520418896053388
NEARUSDT,1761799500000,-1,2.227,2.215865,tp,0.05818181818181756
XRPUSDT,1761799500000,-1,2.5271,2.5144645,tp,0.07060298675683312
BTCUSDT,1761799500000,-1,109026.4,108481.268,tp,0.11970705563843242
NEARUSDT,1761826500000,-1,2.191,2.180045,tp,0.045890985324947745
SUIUSDT,1761828300000,-1,2.4028,2.390786,tp,0.05055037657344578
FILUSDT,1761830100000,-1,1.513,1.5054349999999999,tp,0.048108974358974536
BNBUSDT,1761832800000,-1,1088.54,1083.0973,tp,0.07850131162370061
XRPUSDT,1761833700000,-1,2.4754,2.463023,tp,0.07361254199328018
ZECUSDT,1761835500000,-1,335.66,333.98170000000005,tp,0.022178445708096114
BTCUSDT,1761839100000,-1,107817.3,107278.2135,tp,0.10805665562822424
NEARUSDT,1761847200000,-1,2.084,2.07358,tp,0.04487594390506952
SOLUSDT,1761848100000,-1,183.4,182.483,tp,0.05066057332779395
XRPUSDT,1761848100000,-1,2.4431,2.4308845,tp,0.059982767109797726
SUIUSDT,1761848100000,-1,2.2645,2.2531775,tp,0.042097902097901665
ETHUSDT,1761849000000,-1,3750.0,3731.25,tp,0.06304947590688963
DOGEUSDT,1761849000000,-1,0.17954,0.1786423,tp,0.05185763888888898
BNBUSDT,1761849000000,-1,1070.2,1064.849,tp,0.05692574508391487
FILUSDT,1761850800000,-1,1.411,1.403945,tp,0.03673202614379101
SUIUSDT,1761930900000,-1,2.3224,2.310788,tp,0.053947353061343246
DOGEUSDT,1761930900000,-1,0.18361,0.18269195,tp,0.08298055178652224
NEARUSDT,1761930900000,-1,2.09,2.07955,tp,0.05762102351314033
BTCUSDT,1761930900000,-1,109159.0,108613.205,tp,0.09491973559962193
FILUSDT,1761935400000,-1,1.486,1.47857,tp,0.05845238095238151
XRPUSDT,1762006500000,-1,2.4877,2.4752615,tp,0.1614482870595873
ZECUSDT,1762008300000,-1,400.0,398.0,tp,0.021632298204145948
SUIUSDT,1762078500000,-1,2.354,2.3422300000000003,tp,0.11155824149780648
DOGEUSDT,1762089300000,-1,0.18574,0.18481129999999998,tp,0.12932844932845006
SOLUSDT,1762094700000,-1,184.66,183.73669999999998,tp,0.13412707081740544
SUIUSDT,1762094700000,-1,2.325,2.313375,tp,0.07457386821330765
BNBUSDT,1762100100000,-1,1077.08,1071.6945999999998,tp,0.07715743335489124
XRPUSDT,1762100100000,-1,2.5003,2.4877985000000002,tp,0.0994804419229617
BTCUSDT,1762122600000,-1,109974.1,109424.2295,tp,0.18782649608842147
ETHUSDT,1762133400000,-1,3851.24,3831.9838,tp,0.13845019913138928
XRPUSDT,1762136100000,-1,2.4819,2.4694905,tp,0.09458953799159953
SUIUSDT,1762137900000,-1,2.2775,2.2661124999999998,tp,0.06830367199819841
FILUSDT,1762138800000,-1,1.62,1.6119,tp,0.03293638676844784
BTCUSDT,1762148700000,-1,107900.1,107360.59950000001,tp,0.13336176446047163
DOGEUSDT,1762149600000,-1,0.17442,0.17354789999999998,tp,0.06659021406727943
SUIUSDT,1762151400000,-1,2.1917,2.1807415,tp,0.04852684768726787
NEARUSDT,1762152300000,-1,2.017,2.006915,tp,0.04369163952225908
FILUSDT,1762152300000,-1,1.516,1.50842,tp,0.03403153153153118
ETHUSDT,1762157700000,-1,3713.22,3694.6539,tp,0.06941929686622503
BNBUSDT,1762157700000,-1,1031.07,1025.91465,tp,0.07336286491967745
XRPUSDT,1762158600000,-1,2.4122,2.400139,tp,0.07584378698224893
SOLUSDT,1762159500000,-1,175.35,174.47325,tp,0.05607297167546725
NEARUSDT,1762182900000,-1,2.0,1.99,tp,0.04012066365007552
FILUSDT,1762186500000,-1,1.493,1.485535,tp,0.03469005847953239
FILUSDT,1762204500000,-1,1.433,1.425835,tp,0.027755102040816673
XRPUSDT,1762204500000,-1,2.29,2.27855,tp,0.04483225426721581
ZECUSDT,1762225200000,-1,372.0,443.93210812860593,stop,-1.005862965978533
ETHUSDT,1762237800000,-1,3555.55,3537.77225,tp,0.0657022825934752
SUIUSDT,1762237800000,-1,2.03,2.01985,tp,0.0456455240665762
NEARUSDT,1762237800000,-1,1.876,1.86662,tp,0.04952761144377887
XRPUSDT,1762239600000,-1,2.2616,2.250292,tp,0.055074060472518484
DOGEUSDT,1762239600000,-1,0.16425,0.16342875,tp,0.05258080077182799
SOLUSDT,1762242300000,-1,157.04,156.2548,tp,0.046128510513160026
BNBUSDT,1762242300000,-1,945.83,941.10085,tp,0.053515989505778884
BTCUSDT,1762249500000,-1,104125.3,103604.6735,tp,0.09018774510442576
ZECUSDT,1762263900000,-1,390.0,388.05,tp,0.010800382126259625
FILUSDT,1762266600000,-1,1.435,1.4278250000000001,tp,0.03262557077625539
BTCUSDT,1762274700000,-1,102870.0,102355.65,tp,0.09112731918971556
SUIUSDT,1762277400000,-1,1.9742,1.964329,tp,0.035548218461961587
BNBUSDT,1762278300000,-1,934.94,930.2653,tp,0.05100834463764581
DOGEUSDT,1762278300000,-1,0.16053,0.15972735000000002,tp,0.04058312733726246
SOLUSDT,1762279200000,-1,155.81,155.03095,tp,0.04246618606247917
XRPUSDT,1762279200000,-1,2.2283,2.2171585,tp,0.04710854947166146
NEARUSDT,1762279200000,-1,1.823,1.813885,tp,0.0376153447382063
FILUSDT,1762281900000,-1,1.36,1.3532000000000002,tp,0.024075067024128406
BTCUSDT,1762306200000,-1,99482.6,98985.187,tp,0.05846094043333273
SOLUSDT,1762306200000,-1,148.11,147.36945,tp,0.025995961724168615
SUIUSDT,1762408800000,-1,2.0111,2.0010445,tp,0.05923695668216377
FILUSDT,1762409700000,-1,1.344,1.33728,tp,0.04689413823272149
SOLUSDT,1762411500000,-1,159.62,158.8219,tp,0.07209491525423774
NEARUSDT,1762411500000,-1,1.911,1.901445,tp,0.05406935598018388
DOGEUSDT,1762411500000,-1,0.16427,0.16344865,tp,0.07391441441441411
BNBUSDT,1762432200000,-1,948.8,944.0559999999999,tp,0.09445183137870161
SOLUSDT,1762432200000,-1,158.13,157.33935,tp,0.07584023029866864
DOGEUSDT,1762433100000,-1,0.16208,0.1612696,tp,0.07772498200143874
SUIUSDT,1762439400000,-1,1.9703,1.9604485,tp,0.058684603886396944
BTCUSDT,1762440300000,-1,102611.5,102098.4425,tp,0.13238966999579718
BNBUSDT,1762446600000,-1,935.0,930.325,tp,0.0815111519688307
BTCUSDT,1762513200000,-1,100700.1,100196.59950000001,tp,0.14052471334199132
BNBUSDT,1762516800000,-1,944.86,940.1357,tp,0.08718752891109227
SOLUSDT,1762517700000,-1,153.34,152.5733,tp,0.06478260869565368
DOGEUSDT,1762532100000,-1,0.15846,0.17179428849809886,stop,-1.0122394662524719
ZECUSDT,1762575300000,-1,600.39,597.38805,tp,0.012949763940560733
SOLUSDT,1762586100000,-1,160.55,159.74725,tp,0.06876650563607134
BTCUSDT,1762602300000,-1,102234.0,101722.83,tp,0.1412025305509725
SOLUSDT,1762603200000,-1,159.48,158.68259999999998,tp,0.07605963029218953
SUIUSDT,1762606800000,-1,2.12,2.1094,tp,0.042759107881724316
ZECUSDT,1762614000000,-1,529.5,526.8525,tp,0.013234193105131194
DOGEUSDT,1762617600000,-1,0.17382,0.1729509,tp,0.0574315719837931
SOLUSDT,1762617600000,-1,156.73,155.94635,tp,0.07865812287975821
BNBUSDT,1762658100000,-1,985.1,980.1745,tp,0.09286010558069507
DOGEUSDT,1762658100000,-1,0.17287,0.17200564999999998,tp,0.08710572798385184
NEARUSDT,1762682400000,-1,2.732,2.71834,tp,0.019562841530054966
SOLUSDT,1762702200000,-1,155.6,163.1550620698527,stop,-1.0205156896837204
ETHUSDT,1762737300000,-1,3122.67,3653.663190911476,stop,-1.006536769380051
XRPUSDT,1762758000000,-1,2.0975,2.480792439487254,stop,-1.0061487067698638
SUIUSDT,1762767000000,-1,2.0577,2.194180613014699,stop,-1.0152730232984777
FILUSDT,1762770600000,-1,2.608,2.59496,tp,0.019938767699961977
NEARUSDT,1762776000000,-1,2.881,2.866595,tp,0.018892205638474296
FILUSDT,1762785000000,-1,2.539,2.5263050000000002,tp,0.02584992343032138
BTCUSDT,1762786800000,-1,105618.0,105089.91,tp,0.16507099930446437
ZECUSDT,1762788600000,-1,616.66,613.5767,tp,0.022840405613332646
DOGEUSDT,1762789500000,-1,0.17948,0.1785826,tp,0.061775596314474754
SUIUSDT,1762809300000,-1,2.1343,2.1236285,tp,0.04597582037996526
ZECUSDT,1762812000000,-1,533.74,531.0713,tp,0.011542600360148878
NEARUSDT,1762825500000,-1,2.751,2.7372449999999997,tp,0.04097378277153616
XRPUSDT,1762843500000,-1,2.4718,2.459441,tp,0.06219273301737747
SOLUSDT,1762843500000,-1,164.71,163.88645,tp,0.05306505050505117
DOGEUSDT,1762843500000,-1,0.17801,0.17711995,tp,0.04918604651162811
NEARUSDT,1762845300000,-1,2.724,2.7103800000000002,tp,0.03669365721997289
SUIUSDT,1762849800000,-1,2.0859,2.0754705,tp,0.045340297045861955
BTCUSDT,1762865100000,-1,105072.0,104546.64,tp,0.1059037447716155
SOLUSDT,1762872300000,-1,162.3,161.48850000000002,tp,0.07441348469212189
ETHUSDT,1762873200000,-1,3520.17,3502.5691500000003,tp,0.08550509019794104
XRPUSDT,1762875000000,-1,2.4378,2.425611,tp,0.08189034645139727
DOGEUSDT,1762887600000,-1,0.1752,0.174324,tp,0.06667428353803591
FILUSDT,1762889400000,-1,2.309,2.2974550000000002,tp,0.02907706945765919
SUIUSDT,1762890300000,-1,2.0538,2.0435309999999998,tp,0.053492529523064325
SOLUSDT,1762891200000,-1,158.03,157.23985,tp,0.06604330090994771
BNBUSDT,1762893000000,-1,962.66,957.8466999999999,tp,0.0845703742751714
ZECUSDT,1762893000000,-1,467.7,465.3615,tp,0.01452156418961405
BTCUSDT,1762893900000,-1,103135.2,102619.52399999999,tp,0.12194246287330492
NEARUSDT,1762896600000,-1,2.61,2.5969499999999996,tp,0.039769850402762486
ETHUSDT,1762896600000,-1,3434.67,3417.49665,tp,0.06334269935083826
XRPUSDT,1762896600000,-1,2.4053,2.3932735,tp,0.0697726447301525
NEARUSDT,1762961400000,-1,2.555,2.542225,tp,0.048628571428571486
BNBUSDT,1762962300000,-1,955.0,950.225,tp,0.12512163892445513
FILUSDT,1762962300000,-1,2.187,2.176065,tp,0.028165374677002395
XRPUSDT,1762962300000,-1,2.3777,2.3658115,tp,0.09399504705299613
ETHUSDT,1762965900000,-1,3416.27,3399.18865,tp,0.0570019230850153
DOGEUSDT,1762965900000,-1,0.17071,0.16985645,tp,0.057987291774000076
SOLUSDT,1762965900000,-1,154.08,153.30960000000002,tp,0.056489675516223865
FILUSDT,1763040600000,-1,2.141,2.130295,tp,0.039030635573846055
ZECUSDT,1763047800000,-1,488.38,485.9381,tp,0.026715649852774977
ETHUSDT,1763049600000,-1,3391.26,3374.3037000000004,tp,0.0591726882396057
DOGEUSDT,1763050500000,-1,0.17285,0.17198575,tp,0.0647758394297513
NEARUSDT,1763050500000,-1,2.522,2.50939,tp,0.048072692491630827
BTCUSDT,1763050500000,-1,101274.8,100768.426,tp,0.09414391955588083
SUIUSDT,1763052300000,-1,1.9819,1.9719905,tp,0.04853038674033149
XRPUSDT,1763052300000,-1,2.42,2.4078999999999997,tp,0.048083097261568584
SOLUSDT,1763052300000,-1,152.15,151.38925,tp,0.05735521599698172
FILUSDT,1763053200000,-1,2.078,2.0676099999999997,tp,0.03311776447105822
BNBUSDT,1763059500000,-1,926.15,921.5192499999999,tp,0.07423863363002198
SUIUSDT,1763064900000,-1,1.8444,1.835178,tp,0.03258866189086426
XRPUSDT,1763064900000,-1,2.315,2.303425,tp,0.03906619385342829
SOLUSDT,1763066700000,-1,143.06,142.3447,tp,0.03845262164712296
BTCUSDT,1763097300000,-1,97959.0,97469.205,tp,0.07724724796071869
SUIUSDT,1763101800000,-1,1.8191,1.8100045,tp,0.04157094790578919
ETHUSDT,1763102700000,-1,3152.49,3136.7275499999996,tp,0.047886035209314774
NEARUSDT,1763112600000,-1,2.37,2.35815,tp,0.04471824259789844
XRPUSDT,1763119800000,-1,2.2758,2.264421,tp,0.051478083588174385
BTCUSDT,1763123400000,-1,95597.9,95119.9105,tp,0.06556339815481654
SOLUSDT,1763126100000,-1,138.01,137.31994999999998,tp,0.03957897793263724
ETHUSDT,1763126100000,-1,3104.0,3088.48,tp,0.04281587996248828
SUIUSDT,1763127900000,-1,1.7581,1.7493095,tp,0.04089777310187576
DOGEUSDT,1763130600000,-1,0.15884,0.15804580000000001,tp,0.04777601690438421
FILUSDT,1763141400000,-1,2.002,1.9919899999999997,tp,0.02642880740006627
BTCUSDT,1763161200000,-1,94500.0,94027.5,tp,0.05816732257065021
DOGEUSDT,1763163000000,-1,0.15761,0.15682195,tp,0.04230935057935938
SUIUSDT,1763163000000,-1,1.7412,1.732494,tp,0.03531850045717808
XRPUSDT,1763242200000,-1,2.235,2.2238249999999997,tp,0.08380146644106141
SOLUSDT,1763245800000,-1,139.85,139.15075,tp,0.07759352317141353
NEARUSDT,1763251200000,-1,2.402,2.38999,tp,0.054217687074830184
ETHUSDT,1763254800000,-1,3151.33,3135.57335,tp,0.10025200786429946
DOGEUSDT,1763254800000,-1,0.16185,0.16104074999999998,tp,0.09914828431372714
BTCUSDT,1763254800000,-1,95534.1,95056.4295,tp,0.14603450848936603
SUIUSDT,1763256600000,-1,1.7525,1.7437375,tp,0.07938837920489301
FILUSDT,1763256600000,-1,2.019,2.008905,tp,0.04680652680652763
FILUSDT,1763294400000,-1,1.987,1.977065,tp,0.039326399207528666
SUIUSDT,1763296200000,-1,1.7156,1.707022,tp,0.07143600958033934
XRPUSDT,1763307900000,-1,2.2014,2.190393,tp,0.07542181069958961
SOLUSDT,1763307900000,-1,138.15,137.45925,tp,0.08000580467276305
FILUSDT,1763309700000,-1,1.957,1.9472150000000001,tp,0.038762475049899964
SUIUSDT,1763309700000,-1,1.6751,1.6667245,tp,0.053044237947741026
DOGEUSDT,1763318700000,-1,0.15541,0.15463295,tp,0.06190390570372614
BTCUSDT,1763328600000,-1,94000.0,93530.0,tp,0.1149069675012992
NEARUSDT,1763330400000,-1,2.262,2.25069,tp,0.033571961222967794
FILUSDT,1763389800000,-1,1.952,1.94224,tp,0.05655773420479316
BTCUSDT,1763391600000,-1,94672.1,94198.73950000001,tp,0.1381030534769304
XRPUSDT,1763392500000,-1,2.2227,2.2115865,tp,0.09435208866155097
SUIUSDT,1763392500000,-1,1.6729,1.6645355,tp,0.07654712643678258
DOGEUSDT,1763400600000,-1,0.15751,0.15672245,tp,0.04793206334633903
ETHUSDT,1763400600000,-1,3093.43,3077.96285,tp,0.05153136863429542
ZECUSDT,1763403300000,-1,665.65,662.32175,tp,0.03130126042961149
SUIUSDT,1763406000000,-1,1.6248,1.616676,tp,0.02917412935323389
BTCUSDT,1763406900000,-1,92555.1,92092.3245,tp,0.0668962097521434
XRPUSDT,1763406900000,-1,2.1468,2.136066,tp,0.03918815139879241
SOLUSDT,1763407800000,-1,130.31,129.65845,tp,0.03403804667581952
BNBUSDT,1763408700000,-1,898.0,893.51,tp,0.06252147992284786
NEARUSDT,1763408700000,-1,2.206,2.19497,tp,0.027607400439008747
BTCUSDT,1763439300000,-1,90640.7,90187.4965,tp,0.07614020674153549
FILUSDT,1763460900000,-1,1.966,1.95617,tp,0.019299802761341245
ZECUSDT,1763463600000,-1,579.74,576.8413,tp,0.02070617297210189
NEARUSDT,1763477100000,-1,2.229,2.217855,tp,0.04327485380116954
FILUSDT,1763527500000,-1,1.924,1.91438,tp,0.03824875621890535
ETHUSDT,1763528400000,-1,3060.61,3045.30695,tp,0.0808100021795556
ZECUSDT,1763530200000,-1,596.01,593.02995,tp,0.030965729658076393
BNBUSDT,1763530200000,-1,924.43,919.8078499999999,tp,0.1064534163280602
NEARUSDT,1763530200000,-1,2.25,2.23875,tp,0.05642184557438794
XRPUSDT,1763562600000,-1,2.1224,2.1117879999999998,tp,0.08341688784036234
SOLUSDT,1763562600000,-1,137.04,136.35479999999998,tp,0.07464700259456605
BNBUSDT,1763566200000,-1,913.45,908.88275,tp,0.10805795040440966
BTCUSDT,1763569800000,-1,89966.0,89516.17,tp,0.09628802544803185
DOGEUSDT,1763573400000,-1,0.15054,0.1497873,tp,0.04655798789007883
SOLUSDT,1763577900000,-1,131.25,130.59375,tp,0.04931109226274616
ETHUSDT,1763577900000,-1,2895.0,2880.525,tp,0.04453745801470776
SUIUSDT,1763577900000,-1,1.5325,1.5248375,tp,0.04013932702418459
FILUSDT,1763577900000,-1,1.783,1.774085,tp,0.036304236855538595
NEARUSDT,1763583300000,-1,2.188,2.17706,tp,0.035431348724180266
NEARUSDT,1763645400000,-1,2.337,2.3253150000000002,tp,0.055126843657816886
ETHUSDT,1763649000000,-1,2990.47,2975.51765,tp,0.07182217383414989
SUIUSDT,1763650800000,-1,1.6143,1.6062285,tp,0.06081632653061227
BNBUSDT,1763650800000,-1,897.3,892.8135,tp,0.10166353543979424
SOLUSDT,1763653500000,-1,139.26,138.56369999999998,tp,0.07081108568522869
BTCUSDT,1763655300000,-1,88765.0,88321.175,tp,0.07490874999208115
XRPUSDT,1763655300000,-1,2.034,2.02383,tp,0.04959629223075989
SUIUSDT,1763667000000,-1,1.4907,1.4832465,tp,0.03344118638355243
NEARUSDT,1763667000000,-1,2.128,2.11736,tp,0.03201506591337099
ZECUSDT,1763684100000,-1,669.69,666.3415500000001,tp,0.021297966746306206
BNBUSDT,1763691300000,-1,868.5,864.1575,tp,0.05683910306844971
BTCUSDT,1763694000000,-1,86066.6,85636.267,tp,0.06558564339983705
NEARUSDT,1763694900000,-1,2.048,2.03776,tp,0.03726402188782496
SUIUSDT,1763698500000,-1,1.4803,1.4728984999999999,tp,0.04144896954350462
ZECUSDT,1763698500000,-1,648.02,644.7799,tp,0.023423237640418818
FILUSDT,1763699400000,-1,1.764,1.75518,tp,0.030098164746052248
XRPUSDT,1763699400000,-1,1.9734,1.963533,tp,0.04711431143114354
DOGEUSDT,1763699400000,-1,0.14607,0.14533965000000001,tp,0.04335868754660633
ETHUSDT,1763708400000,-1,2788.01,2774.06995,tp,0.044033702573601216
XRPUSDT,1763712900000,-1,1.952,1.94224,tp,0.03907829433809376
ZECUSDT,1763723700000,-1,635.0,631.825,tp,0.019039336911474684
ZECUSDT,1763742600000,-1,598.35,595.35825,tp,0.01483408733957826
NEARUSDT,1763757900000,-1,1.847,1.8377649999999999,tp,0.02789393939393975
ZECUSDT,1763758800000,-1,577.11,574.22445,tp,0.015159106926769427
ZECUSDT,1763787600000,-1,513.4,510.83299999999997,tp,0.0126247750275773
SUIUSDT,1763806500000,-1,1.3372,1.330514,tp,0.047829665414206336
FILUSDT,1763806500000,-1,1.604,1.5959800000000002,tp,0.04249171636845551
NEARUSDT,1763816400000,-1,1.819,1.8099049999999999,tp,0.04150943396226457
FILUSDT,1763843400000,-1,1.59,1.5820500000000002,tp,0.049376947040497915
ZECUSDT,1763845200000,-1,490.43,487.97785,tp,0.024257530101806868
FILUSDT,1763918100000,-1,1.628,1.6198599999999999,tp,0.061766381766381995
NEARUSDT,1763942400000,-1,1.823,1.813885,tp,0.054811463046757075
FILUSDT,1763975700000,-1,1.604,1.5959800000000002,tp,0.05287128712871244
SOLUSDT,1763995500000,-1,129.22,128.5739,tp,0.05116945107398473
XRPUSDT,1764000900000,-1,1.8412,2.108054088222417,stop,-1.0075046681770976
SUIUSDT,1764005400000,-1,1.3462,1.4663320519973218,stop,-1.0115957017818074
ETHUSDT,1764014400000,-1,2642.65,2982.7815028002046,stop,-1.0083310202210956
ZECUSDT,1764024300000,-1,532.62,529.9569,tp,0.021991132607819312
ZECUSDT,1764038700000,-1,515.15,512.57425,tp,0.02545611952112368
NEARUSDT,1764050400000,-1,1.897,1.887515,tp,0.05890965732087207
SOLUSDT,1764059400000,-1,136.63,135.94684999999998,tp,0.08514839112777403
ETHUSDT,1764060300000,-1,2902.5,2887.9875,tp,0.0950598719019763
ZECUSDT,1764068400000,-1,500.0,497.5,tp,0.029351143349993343
FILUSDT,1764077400000,-1,1.593,1.585035,tp,0.05152103559870555
SUIUSDT,1764078300000,-1,1.5154,1.5078230000000001,tp,0.052248505328827244
NEARUSDT,1764081000000,-1,1.843,1.833785,tp,0.06469656992084417
SOLUSDT,1764082800000,-1,134.66,133.98669999999998,tp,0.07525727069351379
XRPUSDT,1764097200000,-1,2.1841,2.1731795,tp,0.06538738738738799
DOGEUSDT,1764111600000,-1,0.13392,0.1542865620094192,stop,-1.0071967096774195
NEARUSDT,1764148500000,-1,1.87,1.8606500000000001,tp,0.07132760267430745
ZECUSDT,1764158400000,-1,495.3,492.8235,tp,0.036306132569287386
BTCUSDT,1764178200000,-1,81111.0,89264.99094662511,stop,-1.0104000288882324
DOGEUSDT,1764180000000,-1,0.14955,0.1563799018126888,stop,-1.021751543550165
ETHUSDT,1764180000000,-1,2900.97,3035.528548739473,stop,-1.0214312070716953
SOLUSDT,1764180900000,-1,136.07,143.58977656871406,stop,-1.0181402048975519
BNBUSDT,1764208800000,-1,800.0,900.6965311741704,stop,-1.0084974297986038
ZECUSDT,1764225000000,-1,510.18,507.6291,tp,0.0278073364177133
XRPUSDT,1764230400000,-1,2.2054,2.194373,tp,0.10187998612556318
DOGEUSDT,1764239400000,-1,0.15364,0.1528718,tp,0.1090191897654578
SOLUSDT,1764246600000,-1,142.0,141.29,tp,0.09625552157662395
XRPUSDT,1764247500000,-1,2.1828,2.1718859999999998,tp,0.12648099796924964
ZECUSDT,1764248400000,-1,502.5,499.9875,tp,0.043780181361302135
ETHUSDT,1764248400000,-1,3008.05,2993.00975,tp,0.14046192128412754
FILUSDT,1764285300000,-1,1.631,1.622845,tp,0.08415045395590057
NEARUSDT,1764305100000,-1,1.889,1.879555,tp,0.08724738675958121
BNBUSDT,1764349200000,-1,888.33,883.8883500000001,tp,0.12327072899276531
XRPUSDT,1764352800000,-1,2.1745,2.1636275,tp,0.09962376691901856
DOGEUSDT,1764352800000,-1,0.14952,0.1487724,tp,0.06501305483028616
ZECUSDT,1764353700000,-1,460.34,458.0383,tp,0.038550523235002764
ZECUSDT,1764372600000,-1,455.61,453.33195,tp,0.04564808545851212
BTCUSDT,1764396900000,-1,90772.0,90318.14,tp,0.0939631736138164
NEARUSDT,1764436500000,-1,1.865,1.855675,tp,0.09338345864661753
FILUSDT,1764437400000,-1,1.597,1.589015,tp,0.08501333333333215
SOLUSDT,1764440100000,-1,136.21,135.52895,tp,0.1328745729624205
ZECUSDT,1764446400000,-1,455.0,452.725,tp,0.04904351595946406
BNBUSDT,1764472500000,-1,874.81,870.4359499999999,tp,0.18217146433041329
XRPUSDT,1764544500000,-1,2.1859,2.1749705,tp,0.16108407079646062
ZECUSDT,1764546300000,-1,430.0,427.85,tp,0.04448672957446208
SUIUSDT,1764547200000,-1,1.4638,1.456481,tp,0.041323155216285413
ETHUSDT,1764548100000,-1,2993.2,2978.234,tp,0.12853666924598067
BNBUSDT,1764548100000,-1,875.99,871.61005,tp,0.1299929449333483
BTCUSDT,1764552600000,-1,87575.8,87137.921,tp,0.11507257306923888
SOLUSDT,1764553500000,-1,128.5,127.8575,tp,0.06438888888888877
FILUSDT,1764558900000,-1,1.467,1.459665,tp,0.04468965517241434
SUIUSDT,1764559800000,-1,1.3803,1.3733985,tp,0.0424513648596701
ZECUSDT,1764560700000,-1,377.22,375.3339,tp,0.022311957069584023
BNBUSDT,1764561600000,-1,831.24,827.0838,tp,0.06852419820265494
XRPUSDT,1764563400000,-1,2.0413,2.0310935,tp,0.0586776145203124
NEARUSDT,1764574200000,-1,1.659,1.650705,tp,0.040687538367096016
SUIUSDT,1764588600000,-1,1.3641,1.3572795000000002,tp,0.03893367638650601
FILUSDT,1764592200000,-1,1.455,1.4477250000000002,tp,0.034709754637940946
ETHUSDT,1764593100000,-1,2812.5,2798.4375,tp,0.057923243577839775
SOLUSDT,1764593100000,-1,126.1,125.4695,tp,0.05491067538126357
DOGEUSDT,1764594900000,-1,0.1363,0.1356185,tp,0.10933333333333352
BNBUSDT,1764595800000,-1,820.66,816.5567,tp,0.11486748001682748
NEARUSDT,1764601200000,-1,1.615,1.606925,tp,0.0654065040650409
BTCUSDT,1764602100000,-1,85563.7,85135.8815,tp,0.1409603219767243
SUIUSDT,1764603000000,-1,1.3287,1.3220565,tp,0.060407420052350384
XRPUSDT,1764604800000,-1,2.0017,1.9916915,tp,0.07037548707049252
ZECUSDT,1764648900000,-1,327.96,326.3202,tp,0.01691321499013786
XRPUSDT,1764687600000,-1,2.0013,2.1149248592342347,stop,-1.017682561983472
FILUSDT,1764689400000,-1,1.463,1.5547508567511998,stop,-1.0160980874316936
ZECUSDT,1764706500000,-1,322.01,320.39995,tp,0.02288974345086571
ZECUSDT,1764724500000,-1,305.19,303.66405,tp,0.017637900098396997
NEARUSDT,1764772200000,-1,1.784,1.77508,tp,0.0699705014749266
SUIUSDT,1764827100000,-1,1.6659,1.6575704999999998,tp,0.043587726199843094
DOGEUSDT,1764831600000,-1,0.15005,0.14929974999999998,tp,0.08062340454118057
XRPUSDT,1764846900000,-1,2.1586,2.147807,tp,0.10296428997969678
FILUSDT,1764855000000,-1,1.585,1.577075,tp,0.08447999999999964
SOLUSDT,1764855900000,-1,142.56,141.84720000000002,tp,0.1029665763324287
NEARUSDT,1764858600000,-1,1.841,1.831795,tp,0.06514184397163068
ETHUSDT,1764859500000,-1,3170.06,3154.2097,tp,0.10190678716994542
DOGEUSDT,1764859500000,-1,0.149,0.148255,tp,0.11942238267147988
BNBUSDT,1764859500000,-1,907.05,902.5147499999999,tp,0.14383833571542137
ZECUSDT,1764861300000,-1,348.36,346.6182,tp,0.031222672064777524
NEARUSDT,1764873000000,-1,1.802,1.79299,tp,0.05529953917050668
FILUSDT,1764873000000,-1,1.564,1.5561800000000001,tp,0.06326241134751732
XRPUSDT,1764873000000,-1,2.1241,2.1134795,tp,0.09781625115420098
BTCUSDT,1764874800000,-1,92101.2,91640.694,tp,0.12647732194789754
SUIUSDT,1764874800000,-1,1.6512,1.642944,tp,0.07466032608695695
DOGEUSDT,1764909000000,-1,0.14771,0.14697145,tp,0.06995106814655712
BNBUSDT,1764926100000,-1,898.86,894.3657000000001,tp,0.09237740533829815
SUIUSDT,1764934200000,-1,1.6239,1.6157804999999998,tp,0.07416983523447468
FILUSDT,1764934200000,-1,1.534,1.52633,tp,0.07611940298507501
SOLUSDT,1764936000000,-1,137.21,136.52395,tp,0.08934182590233512
ETHUSDT,1764941400000,-1,3112.86,3097.2957,tp,0.1058734491526144
DOGEUSDT,1764941400000,-1,0.14403,0.14330985,tp,0.10928164196123136
BNBUSDT,1764945900000,-1,890.01,885.55995,tp,0.13391619479048786
NEARUSDT,1764949500000,-1,1.722,1.71339,tp,0.06313075506445684
SUIUSDT,1764971100000,-1,1.5502,1.542449,tp,0.03669694271297151
ZECUSDT,1764988200000,-1,351.68,349.9216,tp,0.030894373322774962
ZECUSDT,1765015200000,-1,346.8,345.06600000000003,tp,0.036528074760433515
SOLUSDT,1765062900000,-1,131.92,131.26039999999998,tp,0.1350742447516676
DOGEUSDT,1765113300000,-1,0.13894,0.13824530000000002,tp,0.14950148208030095
BTCUSDT,1765113300000,-1,89203.0,88756.985,tp,0.20187266426581618
BNBUSDT,1765116900000,-1,878.66,874.2667,tp,0.17819896562214532
FILUSDT,1765117800000,-1,1.458,1.45071,tp,0.08027548209366413
NEARUSDT,1765120500000,-1,1.673,1.664635,tp,0.06802051282051237
XRPUSDT,1765144800000,-1,2.0212,2.011094,tp,0.11278199718705999
SUIUSDT,1765207800000,-1,1.6014,1.5933929999999998,tp,0.054428850897338406
BNBUSDT,1765209600000,-1,900.46,895.9577,tp,0.12143483836134164
NEARUSDT,1765243800000,-1,1.734,1.72533,tp,0.056260162601625835
FILUSDT,1765249200000,-1,1.487,1.479565,tp,0.07360594795539147
DOGEUSDT,1765250100000,-1,0.14102,0.1403149,tp,0.08219497956801107
SUIUSDT,1765250100000,-1,1.588,1.58006,tp,0.05771345348625568
SOLUSDT,1765259100000,-1,132.85,132.18574999999998,tp,0.05842256003525088
XRPUSDT,1765260900000,-1,2.0561,2.0458195,tp,0.11326989380774878
BNBUSDT,1765287000000,-1,888.23,883.78885,tp,0.14236585071747224
NEARUSDT,1765295100000,-1,1.705,1.8304707696827265,stop,-1.0138593812375258
DOGEUSDT,1765296000000,-1,0.13978,0.14684883567284965,stop,-1.0197354133474956
FILUSDT,1765350900000,-1,1.508,1.50046,tp,0.08472573839662549
NEARUSDT,1765354500000,-1,1.781,1.772095,tp,0.09038167938931238
SUIUSDT,1765355400000,-1,1.6279,1.6197605,tp,0.08002464571780608
XRPUSDT,1765362600000,-1,2.0783,2.0679085,tp,0.14558766859344796
SOLUSDT,1765366200000,-1,137.1,136.4145,tp,0.09045544554455362
DOGEUSDT,1765369800000,-1,0.14562,0.1448919,tp,0.10989052472631318
NEARUSDT,1765397700000,-1,1.741,1.8474920028818445,stop,-1.0164812131919905
BNBUSDT,1765397700000,-1,887.04,914.4852967335605,stop,-1.0316542772457826
SOLUSDT,1765404900000,-1,136.25,135.56875,tp,0.08371635133056549
DOGEUSDT,1765409400000,-1,0.14429,0.14356855,tp,0.04481550969355928
FILUSDT,1765410300000,-1,1.474,1.4666299999999999,tp,0.03752708731676281
ZECUSDT,1765416600000,-1,393.5,391.53249999999997,tp,0.029864746447213465
SUIUSDT,1765421100000,-1,1.5546,1.546827,tp,0.029059253018815012
XRPUSDT,1765422000000,-1,2.0084,1.9983579999999999,tp,0.050118132383274346
NEARUSDT,1765422000000,-1,1.687,1.678565,tp,0.031844476055002215
DOGEUSDT,1765423800000,-1,0.13808,0.1373896,tp,0.04319787017461481
NEARUSDT,1765463400000,-1,1.657,1.648715,tp,0.06909090909090997
BNBUSDT,1765488600000,-1,861.69,889.5376280946414,stop,-1.0303458787878808
FILUSDT,1765549800000,-1,1.378,1.3711099999999998,tp,0.07691876750700337
ETHUSDT,1765551600000,-1,3225.02,3208.8949,tp,0.1423620864802811
NEARUSDT,1765553400000,-1,1.632,1.62384,tp,0.05619293712316934
XRPUSDT,1765554300000,-1,1.9911,1.9811445,tp,0.11954333783986788
ZECUSDT,1765620900000,-1,454.37,452.09815,tp,0.04312060819723294
XRPUSDT,1765659600000,-1,2.0241,2.0139794999999996,tp,0.16514891880865437
NEARUSDT,1765687500000,-1,1.647,1.638765,tp,0.10918739635157532
ZECUSDT,1765692000000,-1,427.33,425.19335,tp,0.03423382246812567
DOGEUSDT,1765706400000,-1,0.1378,0.137111,tp,0.16073555166374723
FILUSDT,1765706400000,-1,1.333,1.326335,tp,0.09637681159420122
BTCUSDT,1765710000000,-1,90153.6,89702.83200000001,tp,0.3407390987201688
ETHUSDT,1765711800000,-1,3100.78,3085.2761,tp,0.23459713306444555
SOLUSDT,1765711800000,-1,131.27,130.61365,tp,0.05151568801022958
XRPUSDT,1765711800000,-1,2.0089,1.9988555000000001,tp,0.22272222222222396
NEARUSDT,1765722600000,-1,1.62,1.6119,tp,0.09814307458143087
BNBUSDT,1765724400000,-1,890.32,885.8684000000001,tp,0.2218070405802524
SUIUSDT,1765729800000,-1,1.5866,1.578667,tp,0.08264566929133817
DOGEUSDT,1765731600000,-1,0.13556,0.1348822,tp,0.11860801050558263
SUIUSDT,1765742400000,-1,1.5621,1.5542895,tp,0.04556091853151934
BNBUSDT,1765751400000,-1,880.43,876.02785,tp,0.12883715822993297
SOLUSDT,1765754100000,-1,130.02,129.3699,tp,0.08260938743039045
BTCUSDT,1765755000000,-1,88272.2,87830.83899999999,tp,0.14085230337684912
NEARUSDT,1765755000000,-1,1.584,1.5760800000000001,tp,0.0665404837013662
XRPUSDT,1765803600000,-1,1.9805,1.9705975,tp,0.09954179254783421
FILUSDT,1765809000000,-1,1.32,1.3134000000000001,tp,0.10468253968253874
NEARUSDT,1765809900000,-1,1.605,1.596975,tp,0.09023909985935266
XRPUSDT,1765818000000,-1,1.9112,1.9016440000000001,tp,0.07784433577832026
DOGEUSDT,1765818000000,-1,0.12967,0.12902165000000002,tp,0.060446313821707336
ETHUSDT,1765818900000,-1,2985.0,2970.075,tp,0.06415549366323459
BNBUSDT,1765819800000,-1,851.7,847.4415,tp,0.09435837701417281
SOLUSDT,1765819800000,-1,125.8,125.17099999999999,tp,0.05195786864931889
ZECUSDT,1765821600000,-1,395.43,393.45285,tp,0.034195874049945625
SUIUSDT,1765821600000,-1,1.4624,1.455088,tp,0.042401566238851364
XRPUSDT,1765855800000,-1,1.8661,1.8567695000000002,tp,0.07754287496102215
ZECUSDT,1765944000000,-1,395.76,393.7812,tp,0.04928676218122734
BNBUSDT,1765944900000,-1,865.47,861.14265,tp,0.1848373136720642
NEARUSDT,1765948500000,-1,1.547,1.5392649999999999,tp,0.06640860215053784
SUIUSDT,1765948500000,-1,1.4779,1.4705105,tp,0.08339260513688904
ZECUSDT,1765960200000,-1,389.67,387.72165,tp,0.050806768988587186
DOGEUSDT,1765962900000,-1,0.13032,0.1296684,tp,0.13295558958652376
FILUSDT,1765965600000,-1,1.273,1.266635,tp,0.05621262458471705
SOLUSDT,1765982700000,-1,126.45,132.57739512359373,stop,-1.0205549867157158
NEARUSDT,1765982700000,-1,1.533,1.5253349999999999,tp,0.08541143654114414
XRPUSDT,1765988100000,-1,1.9041,1.8945794999999999,tp,0.11531122217174021
BNBUSDT,1765988100000,-1,855.09,850.81455,tp,0.09106775414467662
ETHUSDT,1765989000000,-1,2882.49,2868.07755,tp,0.05684889811246089
FILUSDT,1765998900000,-1,1.223,1.216885,tp,0.038305882352941814
ZECUSDT,1766006100000,-1,382.0,380.09,tp,0.029313549334415632
SUIUSDT,1766007000000,-1,1.4232,1.4160840000000001,tp,0.03303406113537071
NEARUSDT,1766008800000,-1,1.477,1.4696150000000001,tp,0.0332543711223913
DOGEUSDT,1766034000000,-1,0.12523,0.12460385,tp,0.04018616594447146
FILUSDT,1766034000000,-1,1.206,1.19997,tp,0.05844282238442794
NEARUSDT,1766071800000,-1,1.459,1.5642886597938146,stop,-1.0141142857142857
BNBUSDT,1766078100000,-1,833.08,828.9146000000001,tp,0.12054377379010274
DOGEUSDT,1766079900000,-1,0.12372,0.1231014,tp,0.045388811835413635
SUIUSDT,1766081700000,-1,1.3908,1.3838460000000001,tp,0.036726083183122496
SOLUSDT,1766083500000,-1,122.13,121.51934999999999,tp,0.04513133555308978
BTCUSDT,1766085300000,-1,85560.0,85132.2,tp,0.08878107497425389
FILUSDT,1766086200000,-1,1.189,1.183055,tp,0.036466973886329274
NEARUSDT,1766086200000,-1,1.464,1.45668,tp,0.028090428090428055
ETHUSDT,1766088000000,-1,2793.1,2779.1345,tp,0.035654520659071334
NEARUSDT,1766106000000,-1,1.421,1.4138950000000001,tp,0.02855706385118117
ZECUSDT,1766171700000,-1,384.01,442.7736764629015,stop,-1.0071580782204004
ETHUSDT,1766309400000,1,2984.75,2999.6737499999995,tp,0.26184339457566785
DOGEUSDT,1766309400000,1,0.13239,0.13305195,tp,0.1613990267639877
XRPUSDT,1766311200000,1,1.9393,1.9489964999999998,tp,0.17160919540229508
ZECUSDT,1766349900000,1,445.16,447.38579999999996,tp,0.05658870507700922
BNBUSDT,1766361600000,1,856.84,861.1242,tp,0.2138269758164998
SUIUSDT,1766361600000,1,1.4622,1.4695109999999998,tp,0.10613188798554435
DOGEUSDT,1766363400000,1,0.13228,0.1329414,tp,0.10762828282827873
SOLUSDT,1766366100000,1,126.3,126.93149999999999,tp,0.10668339606858851
NEARUSDT,1766390400000,1,1.529,1.5366449999999998,tp,0.061631419939576305
BTCUSDT,1766391300000,1,88885.9,89330.32949999998,tp,0.1818200296766003
NEARUSDT,1766413800000,1,1.576,1.58388,tp,0.06888888888888778
BTCUSDT,1766470500000,1,90085.0,87205.46232125528,stop,-1.0287703091425808
XRPUSDT,1766501100000,1,1.9374,1.8623363416516596,stop,-1.023569588313414
BNBUSDT,1766501100000,1,868.78,839.0933265068974,stop,-1.0268517340067345
SOLUSDT,1766763900000,-1,121.72,121.1114,tp,0.0955964391691384
FILUSDT,1766767500000,-1,1.229,1.222855,tp,0.08333333333333445
ZECUSDT,1766799900000,-1,439.98,466.11564113068414,stop,-1.0169427586206907
NEARUSDT,1766851200000,-1,1.509,1.5739180205570291,stop,-1.0230324662813095
SOLUSDT,1766947500000,-1,123.79,123.17105000000001,tp,0.16869802317655
SUIUSDT,1766952000000,-1,1.4359,1.4287204999999998,tp,0.09027384324834888
DOGEUSDT,1766979000000,-1,0.12117,0.127506875725058,stop,-1.0191153396712205
XRPUSDT,1766979000000,-1,1.8604,1.9067423918889845,stop,-1.0390874358974376
NEARUSDT,1767000600000,-1,1.556,1.5482200000000002,tp,0.08822695035460866
ZECUSDT,1767002400000,-1,520.68,518.0766,tp,0.045934975722180624
BTCUSDT,1767010500000,-1,87542.9,87105.18549999999,tp,0.1521661277424292
DOGEUSDT,1767015900000,-1,0.12373,0.12311135000000001,tp,0.09095079541250407
SUIUSDT,1767029400000,-1,1.4425,1.4352874999999998,tp,0.06891283524904274
XRPUSDT,1767034800000,-1,1.8619,1.8525905,tp,0.11779572446555951
FILUSDT,1767053700000,-1,1.313,1.306435,tp,0.05768976897689694
DOGEUSDT,1767193200000,-1,0.12242,0.1218079,tp,0.09301406309388124
FILUSDT,1767342600000,-1,1.448,1.44076,tp,0.049207161125319046
ZECUSDT,1767353400000,-1,507.95,505.41024999999996,tp,0.0536045987973195
FILUSDT,1767360600000,-1,1.432,1.4248399999999999,tp,0.06225136612021894
ETHUSDT,1767575700000,1,3162.93,3178.7446499999996,tp,0.13564427884666633
SOLUSDT,1767576600000,1,135.79,136.46894999999998,tp,0.09863628142521048
NEARUSDT,1767576600000,1,1.745,1.753725,tp,0.06651471984805199
FILUSDT,1767576600000,1,1.513,1.5205649999999997,tp,0.05825168107588736
BNBUSDT,1767613500000,1,904.84,909.3642,tp,0.14064260768335105
BTCUSDT,1767624300000,1,92951.0,93415.75499999999,tp,0.16492305240933927
XRPUSDT,1767628800000,1,2.1593,2.1700964999999997,tp,0.0824093634027949
SUIUSDT,1767631500000,1,1.7062,1.7147309999999998,tp,0.06534175761056751
DOGEUSDT,1767638700000,1,0.15137,0.15212684999999998,tp,0.05420166578061147
SOLUSDT,1767638700000,1,136.47,137.15234999999998,tp,0.07340594325668805
ETHUSDT,1767638700000,1,3205.0,3221.0249999999996,tp,0.08329340075197525
XRPUSDT,1767641400000,1,2.2684,2.279742,tp,0.06512688172042985
NEARUSDT,1767643200000,1,1.767,1.7758349999999996,tp,0.05206769683590703
BTCUSDT,1767644100000,1,94044.6,94514.82299999999,tp,0.12180800377286144
ZECUSDT,1767655800000,1,498.16,500.65079999999995,tp,0.06982861140258599
XRPUSDT,1767655800000,1,2.3499,2.3616494999999995,tp,0.04966724674365715
SUIUSDT,1767658500000,1,1.9289,1.9385445,tp,0.03437519462609489
DOGEUSDT,1767715200000,1,0.15337,0.1438441119498876,stop,-1.0143453193690188
BTCUSDT,1767720600000,1,93966.4,91907.86687198872,stop,-1.042414898424654
FILUSDT,1767854700000,1,1.6,1.4843418590143482,stop,-1.0121921790722752
NEARUSDT,1768284000000,1,1.726,1.73463,tp,0.06350780532598645
BNBUSDT,1768287600000,1,909.78,914.3288999999999,tp,0.1926222222222186
DOGEUSDT,1768295700000,1,0.13953,0.14022764999999998,tp,0.10791884057970914
NEARUSDT,1768299300000,1,1.758,1.7667899999999999,tp,0.06159230096237871
FILUSDT,1768302900000,1,1.487,1.494435,tp,0.07224242424242305
ETHUSDT,1768311000000,1,3132.68,3148.3433999999993,tp,0.14526030820490984
BTCUSDT,1768314600000,1,92258.0,92719.29,tp,0.1956455454978539
NEARUSDT,1768318200000,1,1.8,1.809,tp,0.05608662026295372
XRPUSDT,1768318200000,1,2.08,2.0904,tp,0.13182795698924413
DOGEUSDT,1768318200000,1,0.14083,0.14153415,tp,0.10473440681102895
SUIUSDT,1768318200000,1,1.8138,1.8228689999999999,tp,0.08701804708975494
ETHUSDT,1768332600000,1,3198.94,3214.9347,tp,0.09748072997592985
SUIUSDT,1768341600000,1,1.8493,1.8585464999999997,tp,0.05839949590422012
DOGEUSDT,1768341600000,1,0.14408,0.1448004,tp,0.06850361931885447
BNBUSDT,1768353300000,1,946.8,951.5339999999999,tp,0.0931344161093538
ZECUSDT,1768356000000,1,415.1,417.1755,tp,0.04013922123123732
FILUSDT,1768401900000,1,1.597,1.6049849999999999,tp,0.0653578732106331
SOLUSDT,1768403700000,1,146.52,147.2526,tp,0.10445750935328536
ETHUSDT,1768408200000,1,3365.66,3382.4882999999995,tp,0.10199476019565791
BTCUSDT,1768409100000,1,97100.0,97585.49999999999,tp,0.12845779220778825
DOGEUSDT,1768409100000,1,0.14977,0.15051884999999998,tp,0.07759359669506817
ZECUSDT,1768410000000,1,425.64,427.7681999999999,tp,0.041706285547614325
FILUSDT,1768440600000,1,1.648,1.6562399999999997,tp,0.041173533083644395
NEARUSDT,1768552200000,1,1.741,1.7497049999999998,tp,0.09145098039215387
SUIUSDT,1768576500000,1,1.8746,1.7297833527511521,stop,-1.0113474121679527
XRPUSDT,1768577400000,1,2.1249,2.0354388041026366,stop,-1.021614587693595
SOLUSDT,1768591800000,1,143.6,144.31799999999998,tp,0.14486268581506473
SUIUSDT,1768628700000,1,1.7932,1.8021659999999997,tp,0.13922823346906807
NEARUSDT,1768631400000,1,1.74,1.7486999999999997,tp,0.0590670059372329
FILUSDT,1768653000000,1,1.555,1.5627749999999998,tp,0.07686274509803802
SUIUSDT,1768655700000,1,1.8037,1.8127185,tp,0.14483754512635016
NEARUSDT,1768661100000,1,1.797,1.8059849999999997,tp,0.08058165548098253
ETHUSDT,1768662900000,1,3298.86,3315.3543,tp,0.38945064023131337
BNBUSDT,1768664700000,1,949.25,953.9962499999999,tp,0.11778191291402847
ETHUSDT,1768745700000,1,3319.77,3336.36885,tp,0.29008560447239295
NEARUSDT,1768761000000,1,1.722,1.7306099999999998,tp,0.0814605418138965
DOGEUSDT,1768778100000,1,0.13763,0.1334903007846556,stop,-1.0306340579710167
BTCUSDT,1768779000000,1,95396.8,94419.27971597396,stop,-1.0917610787172016
ZECUSDT,1768779900000,1,415.88,377.425599302717,stop,-1.009324142694621
SUIUSDT,1768779900000,1,1.7837,1.7031210510141364,stop,-1.020079251700681
BNBUSDT,1768780800000,1,951.5,930.9918544194107,stop,-1.0431263888888906
XRPUSDT,1768780800000,1,2.076,1.973321311712058,stop,-1.0182574911832656
DOGEUSDT,1768841100000,1,0.12835,0.12899175,tp,0.11877192982456025
SOLUSDT,1768853700000,1,134.32,134.99159999999998,tp,0.15581449275361942
DOGEUSDT,1768921200000,1,0.13016,0.12410741027607361,stop,-1.019479602143888
SOLUSDT,1769649300000,-1,124.69,124.06654999999999,tp,0.0923037037037045
SUIUSDT,1769649300000,-1,1.3921,1.3851395,tp,0.0636477987421376
BTCUSDT,1769652000000,-1,88829.0,88384.855,tp,0.10910466009277264
ZECUSDT,1769652000000,-1,369.72,367.87140000000005,tp,0.06450143941376503
NEARUSDT,1769656500000,-1,1.457,1.449715,tp,0.05656920077972698
DOGEUSDT,1769681700000,-1,0.12177,0.12116115000000001,tp,0.07836234687298449
NEARUSDT,1769682600000,-1,1.434,1.42683,tp,0.07061728395061628
FILUSDT,1769683500000,-1,1.234,1.22783,tp,0.05368191721132904
BNBUSDT,1769688900000,-1,896.08,891.5996,tp,0.14914740305718818
XRPUSDT,1769696100000,-1,1.8688,1.859456,tp,0.09650769031924528
ETHUSDT,1769697000000,-1,2925.23,2910.60385,tp,0.1333201076298627
ZECUSDT,1769697000000,-1,362.07,360.25964999999997,tp,0.07805730937348346
DOGEUSDT,1769697900000,-1,0.1203,0.1196985,tp,0.1409373169302887
BTCUSDT,1769698800000,-1,87650.1,87211.84950000001,tp,0.18901828847480853
NEARUSDT,1769698800000,-1,1.412,1.4049399999999999,tp,0.08512820512820625
BNBUSDT,1769702400000,-1,862.0,857.6899999999999,tp,0.10961828162900658
BTCUSDT,1769712300000,-1,83939.0,83519.305,tp,0.07784322327996762
SOLUSDT,1769714100000,-1,116.03,115.44985,tp,0.05244928029015115
ZECUSDT,1769715900000,-1,350.05,348.29975,tp,0.041919036869826766
XRPUSDT,1769736600000,-1,1.7845,1.7755775,tp,0.05772815533980554
ETHUSDT,1769736600000,-1,2771.0,2757.145,tp,0.05678131503892711
FILUSDT,1769736600000,-1,1.168,1.1621599999999999,tp,0.04222222222222257
NEARUSDT,1769736600000,-1,1.348,1.3412600000000001,tp,0.04216470588235293
BNBUSDT,1769736600000,-1,856.37,852.08815,tp,0.07701295196977785
SOLUSDT,1769738400000,-1,115.29,114.71355000000001,tp,0.06456080601674415
DOGEUSDT,1769739300000,-1,0.11427,0.11369865,tp,0.0649729113202166
NEARUSDT,1769787000000,-1,1.308,1.30146,tp,0.0448923341946598
SUIUSDT,1769796900000,-1,1.2642,1.257879,tp,0.05094719871019774
ETHUSDT,1769804100000,-1,2689.0,2675.555,tp,0.05146262970285659
XRPUSDT,1769811300000,-1,1.7289,1.7202555000000002,tp,0.04595518319037148
ZECUSDT,1769844600000,-1,328.32,326.6784,tp,0.0378529986296973
BTCUSDT,1769847300000,-1,83501.0,83083.495,tp,0.2325647832660975
SUIUSDT,1769847300000,-1,1.2372,1.231014,tp,0.08322210987529506
XRPUSDT,1769847300000,-1,1.7164,1.7078179999999998,tp,0.10750000000000108
ETHUSDT,1769853600000,-1,2650.4,2637.148,tp,0.10701815408085422
FILUSDT,1769853600000,-1,1.152,1.14624,tp,0.07737373737373716
SOLUSDT,1769860800000,-1,116.32,115.7384,tp,0.08859003831417524
ZECUSDT,1769861700000,-1,318.35,316.75825000000003,tp,0.048979906668209006
BNBUSDT,1769866200000,-1,835.26,831.0837,tp,0.08892192120194939
XRPUSDT,1769868900000,-1,1.679,1.6706050000000001,tp,0.0800382043935046
NEARUSDT,1769868900000,-1,1.272,1.26564,tp,0.061978021978021325
SUIUSDT,1769869800000,-1,1.2089,1.2028555,tp,0.06320774463631616
BTCUSDT,1769869800000,-1,82449.0,82036.755,tp,0.1397504864369915
FILUSDT,1769877900000,-1,1.068,1.0626600000000002,tp,0.04096339113680074
ZECUSDT,1769887800000,-1,290.0,288.55,tp,0.022639027541253
BNBUSDT,1769887800000,-1,773.18,769.3140999999999,tp,0.04644593209094764
BTCUSDT,1769887800000,-1,77900.0,77510.5,tp,0.05072406584022863
BNBUSDT,1769948100000,-1,772.0,768.14,tp,0.09073785950023626
SUIUSDT,1769953500000,-1,1.1327,1.1270365,tp,0.057822085889571107
XRPUSDT,1769955300000,-1,1.6314,1.623243,tp,0.06391210515989769
ETHUSDT,1769956200000,-1,2350.56,2338.8071999999997,tp,0.02945888015643264
BTCUSDT,1769958000000,-1,77899.9,77510.40049999999,tp,0.10378685873389192
SOLUSDT,1769958000000,-1,103.44,102.9228,tp,0.054593092497022995
FILUSDT,1769958000000,-1,1.051,1.045745,tp,0.05223880597014935
ZECUSDT,1769960700000,-1,290.65,289.19674999999995,tp,0.0350477913462994
NEARUSDT,1769961600000,-1,1.176,1.1701199999999998,tp,0.04562438544739504
DOGEUSDT,1769962500000,-1,0.10383,0.10331085000000001,tp,0.05406241804353486
BTCUSDT,1769982300000,-1,76752.5,76368.7375,tp,0.06839822436369263
ETHUSDT,1769989500000,-1,2276.0,2264.62,tp,0.03116374892590588
SOLUSDT,1770001200000,-1,100.04,99.5398,tp,0.03400714650331845
DOGEUSDT,1770003900000,-1,0.101,0.100495,tp,0.029898719094429864
XRPUSDT,1770003900000,-1,1.5516,1.5438420000000002,tp,0.033461831645431525
ETHUSDT,1770004800000,-1,2218.0,2206.91,tp,0.026226309669430556
BTCUSDT,1770009300000,-1,75644.0,75265.78,tp,0.04489942683466769
BNBUSDT,1770010200000,-1,739.63,735.9318499999999,tp,0.039110648463253475
SUIUSDT,1770013800000,-1,1.0723,1.0669385,tp,0.028742707704687336
ZECUSDT,1770065100000,-1,292.21,290.74895,tp,0.03736611287173086
ZECUSDT,1770084000000,-1,288.64,287.1968,tp,0.0507148827592272
NEARUSDT,1770085800000,-1,1.187,1.181065,tp,0.07247706422018334
XRPUSDT,1770086700000,-1,1.6059,1.5978705000000002,tp,0.07942567149399593
BNBUSDT,1770088500000,-1,767.19,763.35405,tp,0.10719971944590669
DOGEUSDT,1770098400000,-1,0.10665,0.10611675,tp,0.08441258462763815
ETHUSDT,1770098400000,-1,2311.47,2299.9126499999998,tp,0.06943210324296582
SUIUSDT,1770110100000,-1,1.1307,1.1250465,tp,0.07451096816757379
SOLUSDT,1770110100000,-1,103.1,102.58449999999999,tp,0.07854476190476231
ETHUSDT,1770118200000,-1,2282.01,2270.5999500000003,tp,0.055793476134585095
SOLUSDT,1770130800000,-1,102.08,101.5696,tp,0.0730360021493827
BTCUSDT,1770131700000,-1,77566.5,77178.6675,tp,0.09737920590601601
XRPUSDT,1770131700000,-1,1.5868,1.5788659999999999,tp,0.07610870610870712
ZECUSDT,1770132600000,-1,278.24,276.8488,tp,0.04076920237699852
ETHUSDT,1770136200000,-1,2259.77,2248.47115,tp,0.056786878642549346
FILUSDT,1770139800000,-1,1.063,1.057685,tp,0.07903165735567867
SUIUSDT,1770139800000,-1,1.118,1.1124100000000001,tp,0.0477246980869934
DOGEUSDT,1770142500000,-1,0.10458,0.1040571,tp,0.04071512309495944
BTCUSDT,1770146100000,-1,74641.0,74267.795,tp,0.06384426588058366
SOLUSDT,1770147900000,-1,98.94,98.4453,tp,0.04801265668735498
SOLUSDT,1770210900000,-1,96.2,95.71900000000001,tp,0.056671128960285165
DOGEUSDT,1770214500000,-1,0.10612,0.1055894,tp,0.07847809948032783
BNBUSDT,1770215400000,-1,741.29,737.58355,tp,0.06245324182923488
FILUSDT,1770215400000,-1,1.072,1.06664,tp,0.06562211981566855
ZECUSDT,1770215400000,-1,273.59,272.22204999999997,tp,0.05182253855278787
SUIUSDT,1770215400000,-1,1.105,1.099475,tp,0.07110680239133976
ETHUSDT,1770216300000,-1,2225.24,2214.1137999999996,tp,0.06292713112130668
BTCUSDT,1770216300000,-1,75629.9,75251.7505,tp,0.11250476041129955
XRPUSDT,1770216300000,-1,1.5521,1.5443395,tp,0.05153415266282119
SOLUSDT,1770225300000,-1,91.19,90.73405,tp,0.03857777777777793
BNBUSDT,1770230700000,-1,715.11,711.53445,tp,0.05160048659149944
BNBUSDT,1770244200000,-1,698.84,695.3458,tp,0.038672378072680196
ZECUSDT,1770244200000,-1,257.54,256.2523,tp,0.026452823399388876
XRPUSDT,1770254100000,-1,1.4912,1.4837440000000002,tp,0.03572259185997678
BTCUSDT,1770263100000,-1,71600.0,71242.0,tp,0.04763130782695678
ETHUSDT,1770264900000,-1,2091.55,2081.09225,tp,0.03298164992735778
NEARUSDT,1770268500000,-1,1.128,1.1223599999999998,tp,0.04065040650406569
ZECUSDT,1770271200000,-1,241.61,240.40195,tp,0.02817630169019953
SUIUSDT,1770271200000,-1,1.052,1.04674,tp,0.03239551950560088
XRPUSDT,1770271200000,-1,1.4358,1.428621,tp,0.03335541993606536
SUIUSDT,1770287400000,-1,1.0358,1.030621,tp,0.03561648560096594
BNBUSDT,1770291900000,-1,685.82,682.3909000000001,tp,0.05232934988591011
BTCUSDT,1770293700000,-1,70085.3,69734.8735,tp,0.05589993494494303
SOLUSDT,1770293700000,-1,89.62,89.17190000000001,tp,0.03559427255432033
XRPUSDT,1770297300000,-1,1.3561,1.3493195,tp,0.03541263891628892
SUIUSDT,1770303600000,-1,0.9889,0.9839555,tp,0.033279434057604966
NEARUSDT,1770305400000,-1,1.086,1.08057,tp,0.0345192307692311
BTCUSDT,1770307200000,-1,67938.8,67599.106,tp,0.04340626817279585
SOLUSDT,1770309900000,-1,86.04,85.6098,tp,0.028790832905763585
ZECUSDT,1770311700000,-1,219.02,217.9249,tp,0.026440244681822402
XRPUSDT,1770312600000,-1,1.2677,1.2613615,tp,0.021372880620961886
DOGEUSDT,1770313500000,-1,0.09245,0.09198775000000001,tp,0.026021141649048507
NEARUSDT,1770318900000,-1,1.026,1.02087,tp,0.020367610531545274
BNBUSDT,1770320700000,-1,646.58,643.3471000000001,tp,0.02734071844784505
BTCUSDT,1770322500000,-1,65359.1,65032.3045,tp,0.030596536647308555
ETHUSDT,1770322500000,-1,1925.41,1915.78295,tp,0.02338061142275137
SOLUSDT,1770326100000,-1,81.12,80.7144,tp,0.020183509785050076
SUIUSDT,1770326100000,-1,0.9176,0.9130119999999999,tp,0.018455474301125607
ZECUSDT,1770334200000,-1,209.0,207.955,tp,0.014554911263398187
FILUSDT,1770338700000,-1,0.871,0.866645,tp,0.01466486729644625
NEARUSDT,1770339600000,-1,0.962,0.95719,tp,0.014212629896083072
NEARUSDT,1770448500000,-1,1.07,1.06465,tp,0.054610472541506694
FILUSDT,1770450300000,-1,0.958,0.95321,tp,0.05165311653116484
FILUSDT,1770524100000,-1,0.968,0.96316,tp,0.08058333333333252
SUIUSDT,1770530400000,-1,0.9896,0.9846520000000001,tp,0.08367874549692644
FILUSDT,1770553800000,-1,0.955,0.950225,tp,0.06673684210526273
FILUSDT,1770568200000,-1,0.944,0.9392799999999999,tp,0.06009569377990498
NEARUSDT,1770569100000,-1,1.04,1.0348,tp,0.04912529550827503
XRPUSDT,1770635700000,-1,1.3928,1.385836,tp,0.06468790106171941
FILUSDT,1770707700000,-1,0.92,0.9154,tp,0.07152941176470717
XRPUSDT,1770707700000,-1,1.4271,1.4199645,tp,0.08141709695926522
SUIUSDT,1770709500000,-1,0.941,0.936295,tp,0.06933038184836696
XRPUSDT,1770728400000,-1,1.4108,1.403746,tp,0.08003405704555286
FILUSDT,1770747300000,-1,0.902,0.89749,tp,0.0625694444444446
SUIUSDT,1770747300000,-1,0.9289,0.9242554999999999,tp,0.06678173318950088
NEARUSDT,1770786900000,-1,0.98,0.9751,tp,0.08099378881987612
SUIUSDT,1770786900000,-1,0.9139,0.9093305,tp,0.08247515808491428
XRPUSDT,1770787800000,-1,1.3904,1.383448,tp,0.08832535885167596
BNBUSDT,1770789600000,-1,602.3,599.2885,tp,0.019985930958753378
ZECUSDT,1770795900000,-1,227.19,226.05405,tp,0.0342950026461029
ZECUSDT,1770808500000,-1,224.38,223.25809999999998,tp,0.0360382975299706
FILUSDT,1770821100000,-1,0.865,0.860675,tp,0.059689119170984725
XRPUSDT,1770823800000,-1,1.3545,1.3477275,tp,0.053062824659414407
SUIUSDT,1770824700000,-1,0.883,0.878585,tp,0.04925615212528023
NEARUSDT,1770904800000,-1,0.961,0.9561949999999999,tp,0.05511494252873636
SUIUSDT,1770913800000,-1,0.9039,0.8993805,tp,0.04405775819872744
BNBUSDT,1770914700000,-1,607.46,604.4227000000001,tp,0.08893889256562867
FILUSDT,1770917400000,-1,0.896,0.89152,tp,0.05109195402298891
ZECUSDT,1771000200000,-1,222.44,256.4880898395239,stop,-1.007156456837842
SUIUSDT,1771069500000,-1,0.9575,1.0067462889399958,stop,-1.0194209349593517
DOGEUSDT,1771108200000,-1,0.08667,0.1134241258804955,stop,-1.0040275253270385
FILUSDT,1771149600000,-1,1.001,0.9959949999999999,tp,0.051828793774319246
ZECUSDT,1771156800000,-1,306.41,304.87795,tp,0.02981779049575711
SUIUSDT,1771159500000,-1,1.0017,0.9966915000000001,tp,0.0507417268923543
NEARUSDT,1771162200000,-1,1.057,1.051715,tp,0.06318318318318301
ZECUSDT,1771177500000,-1,292.2,290.739,tp,0.035883924458775016
FILUSDT,1771179300000,-1,0.956,0.95122,tp,0.05300000000000002
XRPUSDT,1771183800000,-1,1.4638,1.456481,tp,0.044991531947652506
DOGEUSDT,1771185600000,-1,0.10315,0.10263425000000001,tp,0.03912330855727048
DOGEUSDT,1771211700000,-1,0.1021,0.1015895,tp,0.04941433248453955
DOGEUSDT,1771249500000,-1,0.10063,0.10012685,tp,0.06305424898087102
SUIUSDT,1771255800000,-1,0.958,0.95321,tp,0.0775152253349567
ZECUSDT,1771317900000,-1,285.67,284.24165,tp,0.05285582084027475
DOGEUSDT,1771323300000,-1,0.09894,0.0984453,tp,0.08779555555555552
SUIUSDT,1771338600000,-1,0.9651,0.9602744999999999,tp,0.07764468642871598
FILUSDT,1771378200000,-1,0.955,0.950225,tp,0.07268571428571381
ZECUSDT,1771410600000,-1,285.0,283.575,tp,0.04242302244091586
FILUSDT,1771424100000,-1,0.949,0.944255,tp,0.09432835820895513
SUIUSDT,1771424100000,-1,0.9536,0.948832,tp,0.07924308588064033
NEARUSDT,1771425900000,-1,1.034,1.0288300000000001,tp,0.08247504990019772
ZECUSDT,1771425900000,-1,281.65,280.24174999999997,tp,0.0535945095796398
XRPUSDT,1771439400000,-1,1.449,1.4417550000000001,tp,0.08946679139382561
NEARUSDT,1771441200000,-1,1.025,1.0198749999999999,tp,0.05186311787072275
BNBUSDT,1771442100000,-1,610.05,606.99975,tp,0.07788327247101051
ZECUSDT,1771445700000,-1,273.07,271.70465,tp,0.043538651676433414
SUIUSDT,1771447500000,-1,0.936,0.93132,tp,0.051042777094437844
NEARUSDT,1771455600000,-1,1.011,1.0059449999999999,tp,0.04996282527881071
ZECUSDT,1771461900000,-1,262.01,260.69995,tp,0.04253805453805416
DOGEUSDT,1771468200000,-1,0.09829,0.09779855,tp,0.05823625314954858
XRPUSDT,1771478100000,-1,1.4115,1.4044425,tp,0.06590022198854942
ZECUSDT,1771479900000,-1,260.58,259.27709999999996,tp,0.045045232220924346
NEARUSDT,1771506000000,-1,1.003,0.9979849999999999,tp,0.07182795698924713
FILUSDT,1771507800000,-1,0.916,0.91142,tp,0.07577639751552856
BNBUSDT,1771508700000,-1,602.31,599.2984499999999,tp,0.12667613486928858
ZECUSDT,1771511400000,-1,256.18,254.8991,tp,0.054857204093661224
XRPUSDT,1771513200000,-1,1.4008,1.393796,tp,0.08528935715376366
DOGEUSDT,1771516800000,-1,0.09665,0.09616675,tp,0.08956884561891615
SUIUSDT,1771516800000,-1,0.9011,0.8965945,tp,0.0719903788334345
NEARUSDT,1771523100000,-1,0.988,0.9830599999999999,tp,0.057719298245614774
ZECUSDT,1771585200000,-1,260.85,259.54575,tp,0.0610806375996262
BNBUSDT,1771612200000,-1,605.05,627.1058167638412,stop,-1.0270110389610374
FILUSDT,1771650000000,-1,0.907,0.9666445615982243,stop,-1.0153964135021105
DOGEUSDT,1771719300000,-1,0.09841,0.09791795,tp,0.11636793847973813
ZECUSDT,1771720200000,-1,258.85,257.55575000000005,tp,0.09615935958298223
FILUSDT,1771720200000,-1,0.966,0.96117,tp,0.09180952380952376
NEARUSDT,1771724700000,-1,1.043,1.037785,tp,0.08674999999999919
BNBUSDT,1771730100000,-1,625.0,621.875,tp,0.17684493491794084
SUIUSDT,1771767000000,-1,0.9276,0.922962,tp,0.0706935638808841
DOGEUSDT,1771767000000,-1,0.09667,0.09618665,tp,0.1770329670329702
XRPUSDT,1771773300000,-1,1.3924,1.3854380000000002,tp,0.09533575004315463
BNBUSDT,1771773300000,-1,618.85,615.75575,tp,0.20763486869703626
FILUSDT,1771786800000,-1,0.925,0.920375,tp,0.08496551724137912
XRPUSDT,1771806600000,-1,1.3822,1.375289,tp,0.1230213903743341
SUIUSDT,1771807500000,-1,0.9161,0.9115195,tp,0.10974820143884843
SUIUSDT,1771874100000,-1,0.8745,0.8701275,tp,0.055068059512503875
FILUSDT,1771874100000,-1,0.887,0.882565,tp,0.058799999999999505
NEARUSDT,1771874100000,-1,0.978,0.97311,tp,0.05944954128440302
ZECUSDT,1771878600000,-1,237.59,236.40205,tp,0.0453344784807711
DOGEUSDT,1771902000000,-1,0.09241,0.09194795,tp,0.07109059434506726
XRPUSDT,1771902000000,-1,1.3473,1.3405635,tp,0.07736902705814543
SUIUSDT,1771904700000,-1,0.8646,0.8602770000000001,tp,0.06369139904023567
ZECUSDT,1771909200000,-1,233.45,232.28275,tp,0.058725601309658454
BNBUSDT,1771910100000,-1,591.45,588.49275,tp,0.07554873761585262
ETHUSDT,1771939800000,-1,1813.44,1804.3728,tp,0.01920665355754811
FILUSDT,1771939800000,-1,0.871,0.866645,tp,0.05972508591065283
SUIUSDT,1771942500000,-1,0.85,0.84575,tp,0.08673824130879285
ZECUSDT,1771996500000,-1,238.29,237.09855,tp,0.04873690696241538
NEARUSDT,1772091900000,-1,1.132,1.12634,tp,0.04075675675675666
SUIUSDT,1772104500000,-1,0.9488,0.944056,tp,0.06588848358520037
NEARUSDT,1772117100000,-1,1.125,1.119375,tp,0.0510125142207052
BNBUSDT,1772117100000,-1,624.57,621.4471500000001,tp,0.13289449858869692
ZECUSDT,1772118900000,-1,242.31,241.09845,tp,0.04623165543285964
XRPUSDT,1772121600000,-1,1.4214,1.414293,tp,0.07389193422082978
ETHUSDT,1772121600000,-1,2032.52,2022.3573999999999,tp,0.07581519191464692
DOGEUSDT,1772123400000,-1,0.09802,0.09752989999999999,tp,0.07364612775579522
FILUSDT,1772127900000,-1,0.989,0.984055,tp,0.044293785310734336
XRPUSDT,1772191800000,-1,1.3899,1.3829505,tp,0.08660739354234773
FILUSDT,1772191800000,-1,1.011,1.0059449999999999,tp,0.05239948119325573
DOGEUSDT,1772191800000,-1,0.09617,0.09568915,tp,0.07067182035707795
ETHUSDT,1772195400000,-1,1965.42,1955.5929,tp,0.06998219669520545
BNBUSDT,1772199000000,-1,615.53,612.45235,tp,0.10937433155080056
SUIUSDT,1772203500000,-1,0.9084,0.9038579999999999,tp,0.060089330024814466
ZECUSDT,1772203500000,-1,224.02,222.8999,tp,0.04666666666666703
XRPUSDT,1772206200000,-1,1.3621,1.3552895,tp,0.07473380107305032
ETHUSDT,1772210700000,-1,1936.0,1926.32,tp,0.06151782450452205
NEARUSDT,1772212500000,-1,1.097,1.091515,tp,0.04358208955223848
ZECUSDT,1772217900000,-1,220.34,219.2383,tp,0.043830295787272
FILUSDT,1772220600000,-1,0.985,0.980075,tp,0.04748792270531366
DOGEUSDT,1772220600000,-1,0.09324,0.0927738,tp,0.05996782496782482
BNBUSDT,1772231400000,-1,609.39,606.34305,tp,0.09008788519301482
SUIUSDT,1772253000000,-1,0.8907,0.8862465,tp,0.05994273201953855
NEARUSDT,1772260200000,-1,1.071,1.065645,tp,0.07258503401360503
ZECUSDT,1772261100000,-1,214.18,213.1091,tp,0.056636231308720114
XRPUSDT,1772271000000,-1,1.2823,1.2758885,tp,0.057713256808462704
SUIUSDT,1772329500000,-1,0.8308,0.9230609420289855,stop,-1.0095046492659059
FILUSDT,1772358300000,-1,0.979,0.974105,tp,0.051534391534391336
DOGEUSDT,1772370900000,-1,0.09303,0.09256485,tp,0.08039800995024844
XRPUSDT,1772385300000,-1,1.3646,1.357777,tp,0.08091462509279937
ZECUSDT,1772392500000,-1,217.49,216.40255000000002,tp,0.04530371760779977
SUIUSDT,1772394300000,-1,0.8822,0.8777889999999999,tp,0.04393622321873487
NEARUSDT,1772395200000,-1,1.13,1.12435,tp,0.04224719101123544
ETHUSDT,1772395200000,-1,1950.85,1941.09575,tp,0.052054183607388914
FILUSDT,1772395200000,-1,0.96,0.9551999999999999,tp,0.0511466666666669
DOGEUSDT,1772397000000,-1,0.09122,0.0907639,tp,0.05046153846153859
BNBUSDT,1772400600000,-1,616.64,613.5568,tp,0.09017408832692038
XRPUSDT,1772460900000,-1,1.3423,1.3355885,tp,0.057064278861528504
DOGEUSDT,1772467200000,-1,0.09097,0.09693399480140828,stop,-1.0154405391231387
DOGEUSDT,1772515800000,-1,0.09197,0.09151015,tp,0.07208627450980351
XRPUSDT,1772519400000,-1,1.366,1.35917,tp,0.08434769183263988
BNBUSDT,1772525700000,-1,632.61,629.44695,tp,0.10240661881007367
ETHUSDT,1772526600000,-1,1986.13,1976.19935,tp,0.07845306925213237
SUIUSDT,1772527500000,-1,0.9086,0.904057,tp,0.06398309561542466
FILUSDT,1772530200000,-1,0.977,0.972115,tp,0.05969418960244681
NEARUSDT,1772537400000,-1,1.334,1.3273300000000001,tp,0.025103578154425443
SUIUSDT,1772545500000,-1,0.8937,0.8892315000000001,tp,0.059246723079475455
DOGEUSDT,1772548200000,-1,0.08943,0.08898284999999999,tp,0.07564021164021273
ZECUSDT,1772615700000,-1,211.78,233.47823694912046,stop,-1.0102222279912307
NEARUSDT,1772623800000,-1,1.34,1.3333000000000002,tp,0.03484374999999968
ETHUSDT,1772634600000,-1,1938.01,2098.5616625006455,stop,-1.012417396047628
XRPUSDT,1772637300000,-1,1.341,1.4293079261469595,stop,-1.015376224865477
NEARUSDT,1772647200000,-1,1.324,1.31738,tp,0.037475177304964954
DOGEUSDT,1772690400000,-1,0.09596,0.0954802,tp,0.04771353972398381
ZECUSDT,1772696700000,-1,235.07,233.89464999999998,tp,0.05052427810937288
BNBUSDT,1772696700000,-1,652.34,649.0783,tp,0.11747947677041118
ZECUSDT,1772716500000,-1,233.09,231.92455,tp,0.053404389433269986
DOGEUSDT,1772720100000,-1,0.09515,0.09467425,tp,0.0629566948730708
ETHUSDT,1772721900000,-1,2106.32,2095.7884000000004,tp,0.07120608413910848
XRPUSDT,1772726400000,-1,1.4121,1.4050395,tp,0.07950366610265008
FILUSDT,1772730000000,-1,1.01,1.00495,tp,0.048791208791208726
ZECUSDT,1772730000000,-1,229.23,228.08384999999998,tp,0.046100020165356165
SUIUSDT,1772731800000,-1,0.9415,0.9367925,tp,0.0398846523550142
NEARUSDT,1772732700000,-1,1.258,1.25171,tp,0.04417329796640076
ZECUSDT,1772759700000,-1,227.36,226.22320000000002,tp,0.06491182795698901
ZECUSDT,1772784900000,-1,225.03,223.90485,tp,0.06725886047554903
BNBUSDT,1772787600000,-1,645.53,642.3023499999999,tp,0.12991928974979908
SUIUSDT,1772796600000,-1,0.9453,0.9405735000000001,tp,0.06193951347797452
NEARUSDT,1772798400000,-1,1.254,1.24773,tp,0.07353891336270205
XRPUSDT,1772798400000,-1,1.397,1.390015,tp,0.11093619558735841
ETHUSDT,1772798400000,-1,2058.0,2047.71,tp,0.08845918850307585
ZECUSDT,1772800200000,-1,222.27,221.15865000000002,tp,0.07114854026307252
DOGEUSDT,1772803800000,-1,0.09265,0.09218675,tp,0.0945593869731801
BNBUSDT,1772804700000,-1,637.06,633.8747,tp,0.13854067898207176
SUIUSDT,1772809200000,-1,0.9057,0.9011714999999999,tp,0.049187720728063475
ZECUSDT,1772813700000,-1,212.72,211.6564,tp,0.0541171979385382
NEARUSDT,1772864100000,-1,1.224,1.21788,tp,0.048636815920397244
FILUSDT,1772866800000,-1,0.968,0.96316,tp,0.04742927429274253
SUIUSDT,1772876700000,1,0.9076,0.9121379999999999,tp,0.12812698412698245
ETHUSDT,1772912700000,-1,1963.92,1954.1004,tp,0.05673567812995598
FILUSDT,1772937000000,-1,0.943,0.9382849999999999,tp,0.08364444444444481
SUIUSDT,1772937900000,-1,0.8861,0.8816695,tp,0.1110275689223056
XRPUSDT,1772944200000,-1,1.35,1.34325,tp,0.07490343198555012
BNBUSDT,1772945100000,-1,617.3,614.2135,tp,0.17302717505793047
ETHUSDT,1772945100000,-1,1946.87,1937.13565,tp,0.11527941089138218
DOGEUSDT,1772971200000,1,0.09168,0.08854061528427003,stop,-1.0267930158730154
NEARUSDT,1773007200000,-1,1.198,1.19201,tp,0.08859259259259172
XRPUSDT,1773131400000,-1,1.3368,1.4036775928008995,stop,-1.0199393198426085
BNBUSDT,1773363600000,1,657.93,661.2196499999999,tp,0.1400956022944522
FILUSDT,1773363600000,1,0.881,0.8854049999999999,tp,0.06198952879580979
SUIUSDT,1773373500000,1,1.0223,1.0274115,tp,0.06237617745366054
XRPUSDT,1773392400000,1,1.4265,1.4336324999999999,tp,0.09059569074777905
BNBUSDT,1773395100000,1,664.56,667.8827999999999,tp,0.14104506789242566
SUIUSDT,1773396000000,1,1.0442,1.049421,tp,0.05949068146251139
DOGEUSDT,1773402300000,1,0.0995,0.09999749999999999,tp,0.07712570211117313
ZECUSDT,1773405900000,1,218.89,219.98444999999995,tp,0.05672019088153566
BNBUSDT,1773407700000,1,670.99,674.3449499999999,tp,0.13459649122806705
FILUSDT,1773409500000,1,0.897,0.9014849999999999,tp,0.0665925925925903
XRPUSDT,1773411300000,1,1.445,1.4522249999999999,tp,0.08662473794549047
FILUSDT,1773518400000,1,0.878,0.8823899999999999,tp,0.07767741935483677
XRPUSDT,1773529200000,1,1.3943,1.4012715,tp,0.24831330663105977
SUIUSDT,1773531000000,1,0.9965,1.0014825,tp,0.14257949267595546
DOGEUSDT,1773531900000,1,0.09561,0.09608805,tp,0.16306905370843852
ETHUSDT,1773540000000,1,2087.99,2098.4299499999997,tp,0.2327344510245504
BNBUSDT,1773541800000,1,655.5,658.7774999999999,tp,0.34681458003168697
SUIUSDT,1773547200000,1,1.0099,1.0149495,tp,0.12231884057970836
ETHUSDT,1773565200000,1,2107.0,2117.535,tp,0.14230321437610524
ETHUSDT,1773610200000,1,2123.25,2133.8662499999996,tp,0.11082582172447873
XRPUSDT,1773610200000,1,1.4223,1.4294114999999998,tp,0.1739321723189723
ZECUSDT,1773612900000,1,229.78,230.92889999999997,tp,0.05096160157531854
DOGEUSDT,1773618300000,1,0.09661,0.09709304999999999,tp,0.09348781076514272
SUIUSDT,1773619200000,1,1.0226,1.0277129999999999,tp,0.07775878442544985
NEARUSDT,1773626400000,1,1.363,1.3698149999999998,tp,0.08475308641975063
DOGEUSDT,1773631800000,1,0.09844,0.09893219999999998,tp,0.0657128564282119
XRPUSDT,1773633600000,1,1.4647,1.4720234999999997,tp,0.07109660258735154
FILUSDT,1773639900000,1,0.926,0.93063,tp,0.059774557165860324
SUIUSDT,1773640800000,1,1.0596,1.064898,tp,0.05306316447779656
ETHUSDT,1773667800000,1,2293.0,2304.4649999999997,tp,0.07303582632452353
NEARUSDT,1773667800000,1,1.412,1.4190599999999998,tp,0.051407811080834476
XRPUSDT,1773676800000,1,1.492,1.4994599999999998,tp,0.07770310287111909
ETHUSDT,1773684000000,1,2308.0,2319.54,tp,0.05821031955881229
NEARUSDT,1773684900000,1,1.44,1.4471999999999998,tp,0.05147950089126464
ZECUSDT,1773685800000,1,257.16,258.4458,tp,0.04043293087953721
FILUSDT,1773686700000,1,0.965,0.9698249999999998,tp,0.04902408111533465
SOLUSDT,1773693000000,-1,71.37,95.92790506329112,stop,-1.0037108828939298
ETHUSDT,1773696600000,1,2347.99,2359.7299499999995,tp,0.05646530180699586
SUIUSDT,1773696600000,1,1.0648,1.0701239999999999,tp,0.061441753171855504
NEARUSDT,1773702900000,1,1.495,1.502475,tp,0.047505938242279576
DOGEUSDT,1773704700000,1,0.10294,0.1034547,tp,0.05329714359570819
XRPUSDT,1773705600000,1,1.5442,1.5519209999999999,tp,0.06413151364764144
BTCUSDT,1773709200000,-1,62233.3,75690.08255326908,stop,-1.0053434450724734
ZECUSDT,1773773100000,1,276.7,278.08349999999996,tp,0.039984212414782026
DOGEUSDT,1773784800000,1,0.10115,0.10165574999999999,tp,0.07540898080864306
SOLUSDT,1773804600000,1,95.13,95.60564999999998,tp,0.07399728208114723
SUIUSDT,1773810000000,1,1.0432,1.0484159999999998,tp,0.08580923076922911
BNBUSDT,1773845100000,1,683.7,647.584863229879,stop,-1.0170345643153513
XRPUSDT,1773900900000,1,1.4711,1.4784555,tp,0.10966016713091709
SUIUSDT,1773935100000,1,0.9892,0.9399043189368768,stop,-1.018113333333332
SUIUSDT,1773981900000,1,0.9666,0.9714329999999999,tp,0.10904681331076979
NEARUSDT,1773982800000,1,1.35,1.35675,tp,0.0792982456140328
BTCUSDT,1773993600000,1,70777.0,71130.885,tp,0.13322038835407404
XRPUSDT,1773993600000,1,1.4565,1.4637824999999998,tp,0.10700421940928091
FILUSDT,1774106100000,1,0.929,0.933645,tp,0.0853881278538794
ETHUSDT,1774136700000,1,2219.0,2085.4838518679817,stop,-1.0148387269030237
BNBUSDT,1774136700000,1,652.62,632.454006155982,stop,-1.0297942819230983
DOGEUSDT,1774136700000,1,0.09558,0.09120203322207156,stop,-1.0197904497580423
SUIUSDT,1774137600000,1,0.9805,0.9194999426430102,stop,-1.014320067609097
SOLUSDT,1774137600000,1,90.81,86.28816981907896,stop,-1.018128447563997
ZECUSDT,1774263600000,1,222.49,223.60244999999998,tp,0.05773367062333624
BTCUSDT,1774263600000,1,68846.6,69190.833,tp,0.10119126863423465
NEARUSDT,1774268100000,1,1.293,1.2994649999999999,tp,0.06316546762589861
XRPUSDT,1774277100000,1,1.4444,1.4516219999999997,tp,0.053697104677058995
FILUSDT,1774278000000,1,0.901,0.9055049999999999,tp,0.04543396226414959
FILUSDT,1774300500000,1,0.933,0.937665,tp,0.04434988179668951
ZECUSDT,1774384200000,1,231.86,233.0193,tp,0.05390830580188827
FILUSDT,1774386000000,1,0.929,0.933645,tp,0.054743024963288076
ZECUSDT,1774399500000,1,243.31,244.52655,tp,0.0437544610992143
BNBUSDT,1774411200000,1,639.87,643.06935,tp,0.14833304362940936
SOLUSDT,1774414800000,1,91.95,92.40974999999999,tp,0.09148534525583414
DOGEUSDT,1774422900000,1,0.09695,0.09743474999999999,tp,0.09689552238805747
ETHUSDT,1774426500000,1,2169.9,2180.7495,tp,0.10103171001338097
BTCUSDT,1774427400000,1,71080.0,71435.4,tp,0.1257121182048719
XRPUSDT,1774436400000,1,1.4204,1.427502,tp,0.11185054080629253
FILUSDT,1774437300000,1,0.929,0.933645,tp,0.08166666666666483
SUIUSDT,1774438200000,1,0.9662,0.9710309999999999,tp,0.04475398475398406
BNBUSDT,1774438200000,1,647.2,650.4359999999999,tp,0.17798928718581983
DOGEUSDT,1774517400000,1,0.09767,0.09168308892016377,stop,-1.014548225840116
ETHUSDT,1774517400000,1,2189.99,2098.465636241069,stop,-1.0217815483501198
SOLUSDT,1774517400000,1,92.95,88.43222208777026,stop,-1.0185955601659755
ZECUSDT,1774936800000,1,231.48,232.63739999999996,tp,0.05069455793430149
FILUSDT,1774941300000,1,0.835,0.8391749999999999,tp,0.08038369304556237
ETHUSDT,1774976400000,1,2091.49,2101.9474499999997,tp,0.05952664320500431
ZECUSDT,1774984500000,1,254.43,255.70215,tp,0.03573165177789406
XRPUSDT,1774986300000,1,1.3382,1.3448909999999998,tp,0.07746718592239754
DOGEUSDT,1774989900000,1,0.0921,0.09256049999999999,tp,0.0679919013436392
BNBUSDT,1774989900000,1,616.69,619.77345,tp,0.08805431150920534
BTCUSDT,1774993500000,1,67985.5,68325.42749999999,tp,0.07289187843346946
SUIUSDT,1775004300000,1,0.8777,0.8820884999999999,tp,0.06044490075290771
NEARUSDT,1775020500000,1,1.199,1.204995,tp,0.05614035087719264
ZECUSDT,1775236500000,-1,234.84,233.6658,tp,0.0682830930537362
ZECUSDT,1775300400000,-1,233.27,245.27139485139597,stop,-1.019415061998541
SUIUSDT,1775313000000,-1,0.8668,0.8624660000000001,tp,0.1606490496059321
ETHUSDT,1775329200000,-1,2046.87,2072.278608545303,stop,-1.077480223862246
XRPUSDT,1775367000000,-1,1.3116,1.305042,tp,0.3453227931488836
DOGEUSDT,1775367900000,-1,0.09107,0.09061464999999999,tp,0.16634659350709077
SOLUSDT,1775368800000,-1,79.85,79.45075,tp,0.22049792531120085
ZECUSDT,1775574900000,1,267.67,269.00835,tp,0.04250804868472684
DOGEUSDT,1775591100000,1,0.09144,0.09189719999999998,tp,0.10253221288515221
BNBUSDT,1775591100000,1,606.3,609.3314999999999,tp,0.19823769821807566
BTCUSDT,1775595600000,1,69219.0,69565.09499999999,tp,0.10385654586199643
ETHUSDT,1775598300000,1,2132.96,2143.6247999999996,tp,0.07916109770863612
SOLUSDT,1775601000000,1,83.35,83.76674999999999,tp,0.0652068696330982
SUIUSDT,1775601000000,1,0.9124,0.9169619999999999,tp,0.06481461770445202
BNBUSDT,1775603700000,1,619.78,622.8788999999999,tp,0.11577030812324815
ZECUSDT,1775614500000,1,321.75,323.35875,tp,0.02531924882629083
NEARUSDT,1775636100000,1,1.343,1.3497149999999998,tp,0.06860050890585047
ZECUSDT,1775646000000,1,331.92,333.57959999999997,tp,0.04012667682471276
NEARUSDT,1775748600000,1,1.379,1.3858949999999999,tp,0.05337186897880437
BTCUSDT,1775749500000,1,71945.0,72304.72499999999,tp,0.1683345019398823
SOLUSDT,1775828700000,1,83.79,84.20895,tp,0.1278145191942203
ETHUSDT,1775829600000,1,2223.0,2234.115,tp,0.131339801237464
ZECUSDT,1775833200000,1,382.34,384.2516999999999,tp,0.041399460513312294
SUIUSDT,1775844900000,1,0.9473,0.9520365,tp,0.08896713615023324
BNBUSDT,1775844900000,1,604.99,608.01495,tp,0.19015051740357322
NEARUSDT,1775924100000,1,1.385,1.3919249999999999,tp,0.06507042253521007
SUIUSDT,1775925000000,1,0.939,0.9436949999999998,tp,0.1354090090090056
FILUSDT,1775927700000,1,0.904,0.9085199999999999,tp,0.09597883597883287
SOLUSDT,1775932200000,1,84.84,85.26419999999999,tp,0.13932106339467842
BNBUSDT,1775932200000,1,607.63,610.66815,tp,0.2617747660535652
BTCUSDT,1775932200000,1,72945.0,73309.72499999999,tp,0.24894510024357178
ETHUSDT,1775932200000,1,2255.85,2267.1292499999995,tp,0.16251337858707138
XRPUSDT,1775934000000,1,1.3602,1.367001,tp,0.12398907103824847
SUIUSDT,1775957400000,1,0.9587,0.9115305834460514,stop,-1.018358379592915
NEARUSDT,1776060900000,1,1.373,1.379865,tp,0.07157622739017976
BNBUSDT,1776088800000,1,597.32,600.3066,tp,0.1717934353228449
ETHUSDT,1776090600000,1,2204.75,2215.77375,tp,0.12504765535646037
SOLUSDT,1776090600000,1,82.78,83.1939,tp,0.11383043922369773
SUIUSDT,1776090600000,1,0.9119,0.9164595,tp,0.11132909476233556
DOGEUSDT,1776090600000,1,0.0915,0.09195749999999998,tp,0.1780174927113653
NEARUSDT,1776091500000,1,1.395,1.401975,tp,0.05648484848484837
XRPUSDT,1776091500000,1,1.3365,1.3431825,tp,0.15040718899185393
FILUSDT,1776101400000,1,0.873,0.877365,tp,0.08994871794871688
ZECUSDT,1776116700000,1,369.34,371.1866999999999,tp,0.053665342921539565
SOLUSDT,1776117600000,1,83.95,84.36975,tp,0.07326361655773299
SUIUSDT,1776117600000,1,0.928,0.9326399999999999,tp,0.06857775318206767
BNBUSDT,1776117600000,1,608.42,611.4620999999999,tp,0.12211560635684128
DOGEUSDT,1776117600000,1,0.09262,0.09308309999999999,tp,0.09224287484510431
XRPUSDT,1776117600000,1,1.3488,1.3555439999999999,tp,0.10479953515397718
NEARUSDT,1776149100000,1,1.415,1.422075,tp,0.061143473570657594
ETHUSDT,1776429900000,1,2358.46,2370.2522999999997,tp,0.13011568070478358
SUIUSDT,1776431700000,1,1.0093,1.0143465,tp,0.06548638132295663
BTCUSDT,1776433500000,1,76350.0,76731.74999999999,tp,0.11239016260429632
ZECUSDT,1776433500000,1,342.85,344.56424999999996,tp,0.06395894021361959
SOLUSDT,1776433500000,1,89.48,89.92739999999999,tp,0.0860388209920894
BNBUSDT,1776488400000,1,645.0,648.2249999999999,tp,0.1148663196761392
SUIUSDT,1776605400000,1,0.958,0.9627899999999998,tp,0.10702400893355346
SOLUSDT,1776605400000,1,86.18,86.6109,tp,0.12173728813559137
ZECUSDT,1776619800000,1,334.01,304.75202104919396,stop,-1.0098952296220975
FILUSDT,1776621600000,1,1.009,0.9100980198019804,stop,-1.0087419191919194
ETHUSDT,1776636000000,1,2456.32,2259.4419925790917,stop,-1.010902537673296
DOGEUSDT,1776636000000,1,0.10163,0.0933004075927016,stop,-1.0106410233393182
XRPUSDT,1776636900000,1,1.4942,1.3948013362843639,stop,-1.0133307754846788
ETHUSDT,1776679200000,1,2304.0,2315.5199999999995,tp,0.10697319601927593
FILUSDT,1776680100000,1,0.925,0.9296249999999999,tp,0.07637860082304321
XRPUSDT,1776694500000,1,1.4208,1.4279039999999998,tp,0.12241408934707554
DOGEUSDT,1776694500000,1,0.09463,0.09510315,tp,0.10748091603053249
BNBUSDT,1776705300000,1,626.97,630.1048499999999,tp,0.17608421052631185
BTCUSDT,1776708000000,1,75747.3,76126.0365,tp,0.17934232416551682
SUIUSDT,1776708000000,1,0.9467,0.9514334999999999,tp,0.0883368225168636
DOGEUSDT,1776718800000,1,0.09556,0.09603779999999999,tp,0.09503355704697694
XRPUSDT,1776756600000,1,1.4335,1.4406674999999998,tp,0.18195631528964407
SOLUSDT,1776761100000,1,85.8,86.22899999999998,tp,0.08444772447724204
BNBUSDT,1776761100000,1,633.5,636.6674999999999,tp,0.23410156971375234
BTCUSDT,1776768300000,1,76341.0,76722.70499999999,tp,0.17082145691514533
ZECUSDT,1776770100000,1,319.23,320.82615,tp,0.07943483918943853
SOLUSDT,1776824100000,1,86.47,86.90234999999998,tp,0.10713710925409718
SUIUSDT,1776825900000,1,0.9579,0.9626894999999999,tp,0.08674350282485682
FILUSDT,1776826800000,1,0.938,0.9426899999999998,tp,0.07689161554192005
XRPUSDT,1776834900000,1,1.4444,1.4516219999999997,tp,0.114612794612792
ZECUSDT,1776834900000,1,320.81,322.41405,tp,0.05375852688846947
SOLUSDT,1776836700000,1,87.86,88.29929999999999,tp,0.10458704693998451
DOGEUSDT,1776846600000,1,0.09767,0.09815834999999999,tp,0.10814937759335702
BNBUSDT,1776862800000,1,641.85,645.0592499999999,tp,0.17480062495753834
SOLUSDT,1776862800000,1,88.33,88.77165,tp,0.09787375415282233
BTCUSDT,1776866400000,1,78490.8,78883.254,tp,0.17815147392290154
ZECUSDT,1776949200000,1,327.0,328.635,tp,0.05588775510204044
DOGEUSDT,1776956400000,1,0.09663,0.09711314999999998,tp,0.14178754578754246
SUIUSDT,1776957300000,1,0.9449,0.9496244999999999,tp,0.11725891472867987
XRPUSDT,1776958200000,1,1.4255,1.4326275,tp,0.16204081632652936
ZECUSDT,1776974400000,1,333.9,335.56949999999995,tp,0.03554112896841043
XRPUSDT,1777046400000,1,1.4405,1.4477024999999997,tp,0.13147540983606185
SOLUSDT,1777062600000,1,86.32,86.75159999999998,tp,0.13344110854503194
FILUSDT,1777064400000,1,0.944,0.9487199999999999,tp,0.0914009661835748
ETHUSDT,1777179600000,1,2320.0,2331.6,tp,0.41386837881219707
DOGEUSDT,1777202100000,1,0.09839,0.09888195,tp,0.16299792960662224
XRPUSDT,1777230900000,1,1.4249,1.4320244999999998,tp,0.2907441386340393
BNBUSDT,1777230900000,1,633.42,636.5870999999999,tp,0.34242743350883525
DOGEUSDT,1777235400000,1,0.09916,0.09965579999999999,tp,0.15196326061997378
ZECUSDT,1777235400000,1,360.0,361.79999999999995,tp,0.07614683730973637
BTCUSDT,1777239900000,1,78310.1,78701.6505,tp,0.12221582621582586
ETHUSDT,1777254300000,1,2379.99,2391.8899499999993,tp,0.108345007367105
SUIUSDT,1777254300000,1,0.9533,0.9580664999999999,tp,0.10551590594743906
FILUSDT,1777254300000,1,0.952,0.9567599999999998,tp,0.10330623306232847
XRPUSDT,1777254300000,1,1.436,1.4431799999999997,tp,0.1438080959520184
DOGEUSDT,1777256100000,1,0.09989,0.10038944999999999,tp,0.11165129924559619
BNBUSDT,1777302900000,1,638.5,621.4441780821918,stop,-1.0346141025641045
DOGEUSDT,1777348800000,1,0.09922,0.09971609999999999,tp,0.150033975084933
FILUSDT,1777352400000,1,0.923,0.927615,tp,0.11514018691588586
ZECUSDT,1777381200000,1,362.78,330.6578133606919,stop,-1.0097790641160236
BTCUSDT,1777385700000,1,78994.8,75740.45286770615,stop,-1.022109943192695
BTCUSDT,1777432500000,1,76448.0,76830.23999999999,tp,0.25786848760747977
ETHUSDT,1777433400000,1,2294.6,2306.073,tp,0.112989086972035
FILUSDT,1777434300000,1,0.927,0.931635,tp,0.12639455782312764
BNBUSDT,1777437000000,1,625.12,628.2456,tp,0.3613292876751828
XRPUSDT,1777437000000,1,1.3855,1.3924274999999997,tp,0.20201092896174067
SUIUSDT,1777437000000,1,0.9286,0.9332429999999999,tp,0.15648591845313012
SOLUSDT,1777455900000,1,84.71,85.13354999999999,tp,0.16760493827160022
XRPUSDT,1777476600000,1,1.3974,1.3576247434252724,stop,-1.0324257746478873
ZECUSDT,1777476600000,1,337.74,320.71548858204994,stop,-1.0178965320456554
BNBUSDT,1777477500000,1,628.81,616.3322233036706,stop,-1.0469246746746748
NEARUSDT,1777485600000,1,1.432,1.3016820083682008,stop,-1.0094890804597696
ZECUSDT,1777525200000,1,328.89,330.53444999999994,tp,0.07202677896555237
DOGEUSDT,1777541400000,1,0.10757,0.10810784999999999,tp,0.05871564625850276
ZECUSDT,1777565700000,1,336.69,338.37344999999993,tp,0.07468570163789011
DOGEUSDT,1777599000000,1,0.10788,0.1084194,tp,0.09557615894039653
BTCUSDT,1777605300000,1,76445.0,76827.22499999999,tp,0.19554806587514023
SUIUSDT,1777605300000,1,0.9116,0.9161579999999999,tp,0.15869451697127812
SOLUSDT,1777623300000,1,83.8,84.219,tp,0.18260586319218192
XRPUSDT,1777637700000,1,1.3747,1.3815734999999998,tp,0.17722918675666374
BNBUSDT,1777643100000,1,619.29,622.3864499999999,tp,0.31239174219535637
SUIUSDT,1777643100000,1,0.9204,0.9250019999999999,tp,0.14754807692307328
FILUSDT,1777643100000,1,0.93,0.93465,tp,0.1010298102981015
ZECUSDT,1777649400000,1,354.54,356.3127,tp,0.05289790459206373
FILUSDT,1777742100000,1,0.927,0.931635,tp,0.12250825082508095
ZECUSDT,1777749300000,1,380.22,382.1211,tp,0.07906913926549214
SOLUSDT,1777757400000,1,84.23,84.65115,tp,0.2541478129713406
ETHUSDT,1777757400000,1,2317.0,2328.5849999999996,tp,0.14539784136545597
BNBUSDT,1777757400000,1,618.17,621.2608499999999,tp,0.4565005537098504
BTCUSDT,1777757400000,1,78499.0,78891.495,tp,0.16533261898383686
XRPUSDT,1777757400000,1,1.3903,1.3972514999999999,tp,0.287017543859637
SUIUSDT,1777757400000,1,0.9249,0.9295245,tp,0.19521097046413055
NEARUSDT,1777759200000,1,1.296,1.3024799999999999,tp,0.1361679790026199
ZECUSDT,1777807800000,1,390.97,392.92485,tp,0.08051187172371108
ZECUSDT,1777839300000,1,405.76,407.7887999999999,tp,0.0383217641781165
ETHUSDT,1777840200000,1,2327.29,2338.92645,tp,0.21896795730775157
SOLUSDT,1777840200000,1,84.22,84.6411,tp,0.22020915032679714
BTCUSDT,1777840200000,1,78814.7,79208.7735,tp,0.3068219951338201
ZECUSDT,1777858200000,1,416.73,418.81365,tp,0.04164806270774372
DOGEUSDT,1777858200000,1,0.10981,0.11035904999999999,tp,0.09352005092297618
BNBUSDT,1777859100000,1,620.0,623.0999999999999,tp,0.3090890965731957
SUIUSDT,1777859100000,1,0.9253,0.9299264999999999,tp,0.16295514511872838
XRPUSDT,1777859100000,1,1.3999,1.4068994999999997,tp,0.2068364710225128
ETHUSDT,1777861800000,1,2356.75,2368.5337499999996,tp,0.09409027009242099
SOLUSDT,1777861800000,1,84.95,85.37474999999999,tp,0.107387045813583
NEARUSDT,1777866300000,1,1.29,1.2964499999999999,tp,0.0808763693270714
ZECUSDT,1777931100000,1,420.06,422.16029999999995,tp,0.04782751215101048
BTCUSDT,1777959000000,1,80871.4,81275.75699999998,tp,0.17376474379632104
SUIUSDT,1777977000000,1,0.9478,0.9525389999999999,tp,0.11826629248518697
ETHUSDT,1777986000000,1,2378.85,2390.7442499999997,tp,0.14651057030481596
DOGEUSDT,1777986900000,1,0.11191,0.11246954999999999,tp,0.13429256594724073
ZECUSDT,1777987800000,1,429.89,432.03944999999993,tp,0.06630742659758036
BTCUSDT,1778011200000,1,81278.2,81684.59099999999,tp,0.2094087750033643
SUIUSDT,1778038200000,1,0.98,0.9848999999999999,tp,0.09220498354489726
SOLUSDT,1778038200000,1,86.98,87.41489999999999,tp,0.10819651741293153
XRPUSDT,1778051700000,1,1.4256,1.4327279999999998,tp,0.137022094140247
BNBUSDT,1778052600000,1,636.19,639.37095,tp,0.1575338904363943
SUIUSDT,1778053500000,1,0.9916,0.9965579999999999,tp,0.0796708809953827
NEARUSDT,1778058900000,1,1.422,1.4291099999999999,tp,0.054755043227665286
ETHUSDT,1778059800000,1,2387.88,2399.8194,tp,0.15017646228412515
BTCUSDT,1778064300000,1,81878.0,82287.38999999998,tp,0.18320801248175017
BNBUSDT,1778067900000,1,648.93,652.1746499999999,tp,0.13974305219588098
NEARUSDT,1778081400000,1,1.496,1.50348,tp,0.039291338582676784
FILUSDT,1778112900000,1,1.109,1.114545,tp,0.04433830845771077
SUIUSDT,1778139000000,1,1.0019,1.0069095,tp,0.07397139713971222
ZECUSDT,1778155200000,1,572.36,575.2217999999999,tp,0.03477623421874175
SOLUSDT,1778156100000,1,89.58,90.02789999999999,tp,0.10176686423934288
NEARUSDT,1778225400000,1,1.526,1.5336299999999998,tp,0.0333984799131371
SUIUSDT,1778231700000,1,0.972,0.9768599999999998,tp,0.105070118662349
FILUSDT,1778252400000,1,1.113,1.1185649999999998,tp,0.040692167577412126
SOLUSDT,1778254200000,1,88.82,89.26409999999998,tp,0.1284126984126955
DOGEUSDT,1778261400000,1,0.1077,0.10823849999999999,tp,0.10294862604539705
ETHUSDT,1778261400000,1,2293.55,2305.01775,tp,0.17871138638930925
XRPUSDT,1778261400000,1,1.3962,1.403181,tp,0.15019354838709592
NEARUSDT,1778274000000,1,1.58,1.5878999999999999,tp,0.038009592326138056
ZECUSDT,1778274900000,1,587.0,589.935,tp,0.03786915767847906
FILUSDT,1778280300000,1,1.268,1.2743399999999998,tp,0.021051759834367835
BNBUSDT,1778290200000,1,651.98,655.2398999999999,tp,0.15351071953009787
SOLUSDT,1778290200000,1,92.53,92.99265,tp,0.08725476358503814
DOGEUSDT,1778290200000,1,0.10983,0.11037914999999998,tp,0.11489028213165822
NEARUSDT,1778290200000,1,1.605,1.6130249999999997,tp,0.05695035460992703
XRPUSDT,1778291100000,1,1.4265,1.4336324999999999,tp,0.14557594291538709
BTCUSDT,1778296500000,1,80106.3,80506.8315,tp,0.21706188744166033
BTCUSDT,1778350500000,1,80592.7,80995.6635,tp,0.35132858294653957
ETHUSDT,1778350500000,1,2324.32,2335.9416,tp,0.22173329525984767
SUIUSDT,1778365800000,1,1.072,1.0773599999999999,tp,0.08997487437185558
SUIUSDT,1778409900000,1,1.1377,1.1433885,tp,0.05420485494375372
XRPUSDT,1778418900000,1,1.4245,1.4316225,tp,0.19644260599793134
NEARUSDT,1778420700000,1,1.573,1.5808649999999997,tp,0.10237398373983463
SUIUSDT,1778425200000,1,1.1516,1.1573579999999999,tp,0.03882372767104779
BTCUSDT,1778427900000,1,80980.0,81384.9,tp,0.34882328876256286
DOGEUSDT,1778431500000,1,0.10913,0.10967565,tp,0.13046851686063737
BNBUSDT,1778434200000,1,656.88,660.1643999999999,tp,0.220285043594893
ETHUSDT,1778435100000,1,2354.32,2366.0915999999997,tp,0.1979191091501136
NEARUSDT,1778437800000,1,1.592,1.5999599999999998,tp,0.0798496240601478
SUIUSDT,1778439600000,1,1.3523,1.3590615,tp,0.02340443759102155
FILUSDT,1778445900000,1,1.188,1.1111896551724136,stop,-1.0137433333333332
DOGEUSDT,1778455800000,1,0.11164,0.1121982,tp,0.057674658417117226
SOLUSDT,1778514300000,1,96.12,96.6006,tp,0.08095959595959511
BTCUSDT,1778516100000,1,81399.0,81805.995,tp,0.15457051035569666
DOGEUSDT,1778520600000,1,0.11087,0.11142434999999998,tp,0.0764821520951864
SUIUSDT,1778526900000,1,1.3159,1.3224795,tp,0.03694893885269994
NEARUSDT,1778571000000,1,1.56,1.5677999999999999,tp,0.07256678281068325
XRPUSDT,1778598900000,1,1.4976,1.4204173404255318,stop,-1.017483155942589
NEARUSDT,1778616900000,1,1.606,1.6140299999999999,tp,0.03305768249106582
BNBUSDT,1778634000000,1,665.28,668.6063999999999,tp,0.12405141100865825
DOGEUSDT,1778634000000,1,0.11029,0.11084145,tp,0.08390817681654283
NEARUSDT,1778635800000,1,1.65,1.6582499999999998,tp,0.035720430107526374
DOGEUSDT,1778652000000,1,0.11183,0.11238915,tp,0.11037091623679576
XRPUSDT,1778657400000,1,1.4544,1.4616719999999999,tp,0.16429416737108818
ZECUSDT,1778679900000,1,633.97,530.5137336407485,stop,-1.0048715081714685
ETHUSDT,1778680800000,1,2377.0,2253.825415021508,stop,-1.0173829215226862
BTCUSDT,1778687100000,1,80897.3,79151.02329306238,stop,-1.043059311178855
SOLUSDT,1778727600000,1,98.07,90.12992889908257,stop,-1.0107837110481583
DOGEUSDT,1778738400000,1,0.11468,0.11525339999999999,tp,0.0719874804381829
XRPUSDT,1778760900000,1,1.4343,1.4414714999999998,tp,0.13826589595375477
ETHUSDT,1778769900000,1,2272.92,2284.2846,tp,0.14873576756968812
FILUSDT,1778771700000,1,1.054,1.05927,tp,0.07673913043478069
BNBUSDT,1778778000000,1,684.44,687.8622,tp,0.13124036574273487
NEARUSDT,1778778000000,1,1.604,1.61202,tp,0.06392039800994946
XRPUSDT,1778778000000,1,1.4739,1.4812694999999998,tp,0.09985441002200537
BTCUSDT,1778778000000,1,81135.0,81540.67499999999,tp,0.14370832227823116
DOGEUSDT,1778781600000,1,0.11574,0.11631869999999998,tp,0.0732765151515135
ZECUSDT,1778798700000,1,558.67,561.4633499999999,tp,0.03317964001869935
BNBUSDT,1778841900000,1,686.4,689.8319999999999,tp,0.11228413962032706
SUIUSDT,1779170400000,1,1.0651,1.0704254999999998,tp,0.07145969498910494
NEARUSDT,1779174900000,1,1.639,1.6471949999999997,tp,0.052755020080319626
ZECUSDT,1779238800000,1,577.77,580.6588499999999,tp,0.04466867469879411
NEARUSDT,1779287400000,1,1.671,1.679355,tp,0.049769858945804886
SOLUSDT,1779288300000,1,85.75,86.17875,tp,0.10156305506216504
ZECUSDT,1779439500000,-1,650.54,647.2873,tp,0.06617620067298867
XRPUSDT,1779444900000,-1,1.3643,1.3574785,tp,0.16559805707346759
ZECUSDT,1779462900000,-1,630.71,627.55645,tp,0.05426628797658989
SUIUSDT,1779462900000,-1,1.0941,1.0886295000000001,tp,0.04883227176220751
ETHUSDT,1779474600000,-1,2117.76,2107.1712,tp,0.16735716685441024
ZECUSDT,1779476400000,-1,615.25,612.17375,tp,0.04653286827910813
SUIUSDT,1779477300000,-1,1.0785,1.0731075,tp,0.04472715933894539
BTCUSDT,1779478200000,-1,76528.0,76145.36,tp,0.16934209943772868
NEARUSDT,1779478200000,-1,2.132,2.12134,tp,0.023661658319421512
XRPUSDT,1779478200000,-1,1.3464,1.339668,tp,0.1115257048092865
ZECUSDT,1779495300000,-1,588.0,585.06,tp,0.03326017336350886
BTCUSDT,1779496200000,-1,75620.0,75241.9,tp,0.14777805463135485
SUIUSDT,1779757200000,-1,1.0321,1.0269395000000001,tp,0.07021312872975151
ZECUSDT,1779766200000,-1,625.1,621.9745,tp,0.04494013590766881
ZECUSDT,1779807600000,-1,608.41,605.36795,tp,0.05232116662352261
BTCUSDT,1779815700000,-1,76501.0,76118.495,tp,0.11295688862803421
XRPUSDT,1779816600000,-1,1.334,1.3273300000000001,tp,0.16329354147535785
SUIUSDT,1779818400000,-1,1.0143,1.0092285,tp,0.048709950429209566
SOLUSDT,1779820200000,-1,83.86,83.44069999999999,tp,0.07586175534333893
ZECUSDT,1779833700000,-1,579.34,576.4433,tp,0.03319267906038339
NEARUSDT,1779841800000,-1,2.588,2.57506,tp,0.029991189427312707
SUIUSDT,1779848100000,-1,1.0015,0.9964925,tp,0.049168815224064376
ZECUSDT,1779849900000,-1,566.66,563.8267,tp,0.03970203666701725
ETHUSDT,1779855300000,-1,2072.27,2061.90865,tp,0.08059412902091896
DOGEUSDT,1779856200000,-1,0.10085,0.10034575,tp,0.08081124497991944
BTCUSDT,1779887700000,-1,75641.2,75262.99399999999,tp,0.2235243182540245
XRPUSDT,1779888600000,-1,1.3254,1.318773,tp,0.1992475545522926
SUIUSDT,1779903000000,-1,0.9851,0.9801745,tp,0.05823311061618429
ETHUSDT,1779903900000,-1,2055.0,2044.725,tp,0.1314582132564854
ZECUSDT,1779917400000,-1,548.06,545.3196999999999,tp,0.03719387668416737
BNBUSDT,1779917400000,-1,653.76,650.4911999999999,tp,0.2213008130081357
SOLUSDT,1779920100000,-1,82.91,82.49544999999999,tp,0.08607858443924103
BTCUSDT,1779920100000,-1,74632.0,74258.84,tp,0.13846932004325055
SUIUSDT,1779920100000,-1,0.9684,0.963558,tp,0.05535995420065829
DOGEUSDT,1779920100000,-1,0.10065,0.10014675,tp,0.08599145299145243
NEARUSDT,1779925500000,-1,2.496,2.48352,tp,0.024019253910950743
XRPUSDT,1779930900000,-1,1.3091,1.3025544999999998,tp,0.10218316735012849
SUIUSDT,1779935400000,-1,0.9534,0.9486330000000001,tp,0.05876084262701319
BNBUSDT,1779939000000,-1,644.26,641.0387,tp,0.15146535002645226
FILUSDT,1779939900000,-1,0.987,0.982065,tp,0.03755491881566402
ZECUSDT,1779945300000,-1,530.08,527.4296,tp,0.04348086960095333
NEARUSDT,1779972300000,-1,2.363,2.351185,tp,0.03907131011608596
BNBUSDT,1779975000000,-1,632.9,629.7355,tp,0.1276709563462017
SUIUSDT,1780055100000,-1,0.915,0.910425,tp,0.0801753232522463
FILUSDT,1780059600000,-1,0.934,0.9293300000000001,tp,0.042557077625570365
ZECUSDT,1780059600000,-1,532.54,529.8773,tp,0.03564940506116938
BTCUSDT,1780064100000,-1,73158.8,72793.00600000001,tp,0.21609589901632498
DOGEUSDT,1780064100000,-1,0.09837,0.09787815,tp,0.13314363143631508
NEARUSDT,1780096500000,-1,2.404,2.3919799999999998,tp,0.020305179454115863
BNBUSDT,1780105500000,-1,634.15,651.5778368276473,stop,-1.0355178299583516
NEARUSDT,1780167600000,-1,2.323,2.311385,tp,0.04388888888888851
NEARUSDT,1780182000000,-1,2.274,2.26263,tp,0.04535732133932978
FILUSDT,1780222500000,-1,0.958,0.95321,tp,0.07010989010988948
XRPUSDT,1780236900000,-1,1.3354,1.3287229999999999,tp,0.20904034469252336
DOGEUSDT,1780236900000,-1,0.10049,0.09998755,tp,0.16637681159420392
FILUSDT,1780245000000,-1,0.934,0.9293300000000001,tp,0.06438687392055215
BNBUSDT,1780250400000,-1,717.04,713.4548,tp,0.07361626192877634
NEARUSDT,1780253100000,-1,2.237,2.225815,tp,0.04067303319690854
BTCUSDT,1780278300000,-1,73701.0,73332.495,tp,0.3344097659485207
ETHUSDT,1780279200000,-1,2002.28,1992.2685999999999,tp,0.17040558963872007
BNBUSDT,1780287300000,-1,702.1,698.5895,tp,0.08251073787730623
XRPUSDT,1780298100000,-1,1.3146,1.308027,tp,0.09720310765815689
ETHUSDT,1780299900000,-1,1987.46,1977.5227,tp,0.10740016498302872
SOLUSDT,1780299900000,-1,81.05,80.64475,tp,0.11818713450292308
BTCUSDT,1780299900000,-1,73171.0,72805.145,tp,0.14686118346105317
ZECUSDT,1780311600000,-1,545.55,542.8222499999999,tp,0.03706941749225502
FILUSDT,1780315200000,-1,0.917,0.9124150000000001,tp,0.044091456077015326
BTCUSDT,1780316100000,-1,72551.0,72188.245,tp,0.1628134515342547
DOGEUSDT,1780321500000,-1,0.09943,0.09893285,tp,0.09409252669039173
SUIUSDT,1780323300000,-1,0.8661,0.8617695,tp,0.06251626898047737
ZECUSDT,1780328700000,-1,533.1,530.4345000000001,tp,0.038642793261420366
BTCUSDT,1780329600000,-1,71350.0,70993.25,tp,0.10953826706592805
BNBUSDT,1780329600000,-1,679.66,676.2617,tp,0.04208315807511889
XRPUSDT,1780365600000,-1,1.2811,1.2746944999999998,tp,0.10179288411846643
BTCUSDT,1780366500000,-1,70650.9,70297.6455,tp,0.13928253376529162
DOGEUSDT,1780382700000,-1,0.09938,0.0988831,tp,0.08080536912751589
XRPUSDT,1780383600000,-1,1.2672,1.2608640000000002,tp,0.08413014608233609
BNBUSDT,1780392600000,-1,680.72,677.3164,tp,0.08364742762308658
SUIUSDT,1780394400000,-1,0.8417,0.8374915,tp,0.05375661375661311
SOLUSDT,1780401600000,-1,79.09,78.69455,tp,0.07709677419354767
BTCUSDT,1780401600000,-1,69666.8,69318.466,tp,0.09949417984875615
BNBUSDT,1780409700000,-1,675.21,671.8339500000001,tp,0.09977021685322597
SUIUSDT,1780411500000,-1,0.8356,0.831422,tp,0.05514395074055608
SOLUSDT,1780424100000,-1,76.64,76.2568,tp,0.07105214152700225
BTCUSDT,1780425000000,-1,67573.5,67235.63249999999,tp,0.09590353048277671
FILUSDT,1780431300000,-1,0.866,0.8616699999999999,tp,0.02966408268733893
BNBUSDT,1780438500000,-1,658.23,654.93885,tp,0.06436602841562121
XRPUSDT,1780440300000,-1,1.2162,1.210119,tp,0.06297332297332299
SUIUSDT,1780442100000,-1,0.8076,0.803562,tp,0.03915753591429253
DOGEUSDT,1780442100000,-1,0.09242,0.0919579,tp,0.04950463149416111
ETHUSDT,1780443000000,-1,1872.29,1862.9285499999999,tp,0.05561689520151324
SOLUSDT,1780456500000,-1,74.37,73.99815000000001,tp,0.05046786632390687
BTCUSDT,1780456500000,-1,66388.0,66056.06,tp,0.06965168489200019
ETHUSDT,1780503300000,-1,1837.01,1827.82495,tp,0.052380234253255234
SOLUSDT,1780506000000,-1,72.86,72.4957,tp,0.06656544743501282
BTCUSDT,1780515900000,-1,65836.5,65507.3175,tp,0.09027357610674722
XRPUSDT,1780515900000,-1,1.2082,1.202159,tp,0.06861774744027244
ETHUSDT,1780517700000,-1,1810.09,1801.03955,tp,0.06477663971248845
DOGEUSDT,1780519500000,-1,0.09112,0.0906644,tp,0.051443925894498865
SOLUSDT,1780532100000,-1,71.54,71.18230000000001,tp,0.04564373897707161
BNBUSDT,1780532100000,-1,620.26,617.1587,tp,0.06370164894436824
SUIUSDT,1780535700000,-1,0.8074,0.803363,tp,0.03946980854197308
DOGEUSDT,1780535700000,-1,0.0905,0.0900475,tp,0.05246935201400991
NEARUSDT,1780536600000,-1,2.766,2.75217,tp,0.022112647825215485
XRPUSDT,1780536600000,-1,1.1858,1.179871,tp,0.05950069000125533
BTCUSDT,1780537500000,-1,62911.9,62597.3405,tp,0.06331845858177271
FILUSDT,1780537500000,-1,0.903,0.898485,tp,0.027218390804598043
NEARUSDT,1780550100000,-1,2.631,2.617845,tp,0.01769476695271723
ZECUSDT,1780555500000,-1,590.2,587.249,tp,0.020210140986126002
NEARUSDT,1780562700000,-1,2.357,2.345215,tp,0.015446913580247133
ETHUSDT,1780564500000,-1,1764.0,1755.18,tp,0.04397317885553921
ZECUSDT,1780569000000,-1,537.4,534.713,tp,0.02008590920576105
NEARUSDT,1780614900000,-1,2.205,2.193975,tp,0.02148148148148159
ZECUSDT,1780616700000,-1,450.24,447.9888,tp,0.015229246960531441
XRPUSDT,1780626600000,-1,1.1503,1.1445485000000002,tp,0.060737217598096284
SUIUSDT,1780627500000,-1,0.749,0.745255,tp,0.0396447978793903
BTCUSDT,1780627500000,-1,62910.0,62595.45,tp,0.08151317393891572
DOGEUSDT,1780627500000,-1,0.0869,0.0864655,tp,0.05730693069307
SOLUSDT,1780630200000,-1,67.36,67.0232,tp,0.052421585817260426
FILUSDT,1780630200000,-1,0.839,0.834805,tp,0.026957223567392705
BNBUSDT,1780637400000,-1,595.05,592.07475,tp,0.07226608187134366
SUIUSDT,1780640100000,-1,0.7258,0.722171,tp,0.03155715375395007
BTCUSDT,1780640100000,-1,62300.0,61988.5,tp,0.07035457148181387
NEARUSDT,1780644600000,-1,2.052,2.04174,tp,0.01708279708279734
BTCUSDT,1780668900000,-1,61067.6,60762.261999999995,tp,0.05162092462076574
ETHUSDT,1780668900000,-1,1622.31,1614.1984499999999,tp,0.0401629718096095
FILUSDT,1780672500000,-1,0.763,0.759185,tp,0.021210855949895677
XRPUSDT,1780686900000,-1,1.0835,1.0780824999999998,tp,0.03364398881640302
SOLUSDT,1780689600000,-1,63.13,62.814350000000005,tp,0.029542944424861727
FILUSDT,1780718400000,-1,0.709,0.7054549999999999,tp,0.018880000000000088
DOGEUSDT,1780718400000,-1,0.08018,0.0797791,tp,0.03271351130203496
BNBUSDT,1780719300000,-1,565.7,562.8715000000001,tp,0.039011857021335104
SUIUSDT,1780722000000,-1,0.6702,0.666849,tp,0.03067818077144492
NEARUSDT,1780756200000,-1,1.853,1.843735,tp,0.02486266531027487
ZECUSDT,1780757100000,-1,351.37,349.61315,tp,0.015621253405994422
ETHUSDT,1780869600000,-1,1537.11,1694.505241285026,stop,-1.0102276280151672
NEARUSDT,1780899300000,-1,1.845,2.1274904475982526,stop,-1.0071546345811044
XRPUSDT,1780930800000,-1,1.0686,1.1769724072155237,stop,-1.010317421339834
ETHUSDT,1780971300000,-1,1671.01,1662.6549499999999,tp,0.07056518112613985
XRPUSDT,1780972200000,-1,1.1512,1.145444,tp,0.06954236520163257
BNBUSDT,1780972200000,-1,598.03,595.03985,tp,0.10937766176672574
BNBUSDT,1781014500000,-1,594.77,591.79615,tp,0.12533122529644278
SUIUSDT,1781019000000,-1,0.7379,0.7342105,tp,0.0615423197492166
XRPUSDT,1781021700000,-1,1.1298,1.124151,tp,0.08325761772853192
FILUSDT,1781022600000,-1,0.745,0.741275,tp,0.042156028368794035
ETHUSDT,1781023500000,-1,1632.84,1624.6758,tp,0.07843242071805186
ZECUSDT,1781023500000,-1,440.66,438.4567,tp,0.02360363291310845
ZECUSDT,1781080200000,-1,426.15,424.01925,tp,0.021601705237515003
XRPUSDT,1781082900000,-1,1.106,1.10047,tp,0.088512512512513
FILUSDT,1781082900000,-1,0.746,0.74227,tp,0.05428051001821505
DOGEUSDT,1781124300000,-1,0.08312,0.0827044,tp,0.07966450994488415
ETHUSDT,1781127900000,-1,1615.34,1607.2632999999998,tp,0.09261664800298709
XRPUSDT,1781127900000,-1,1.0931,1.0876345,tp,0.06012391573729783
ZECUSDT,1781127900000,-1,409.28,407.23359999999997,tp,0.02256117683250837
NEARUSDT,1781198100000,-1,1.983,1.973085,tp,0.03262551440329262
BNBUSDT,1781200800000,-1,583.73,607.6112286289978,stop,-1.0241708948967818
BNBUSDT,1781245800000,-1,601.06,598.0546999999999,tp,0.16977401129943803
FILUSDT,1781271000000,-1,0.748,0.74426,tp,0.07432835820895448
XRPUSDT,1781271000000,-1,1.1314,1.125743,tp,0.11594962734515621
DOGEUSDT,1781274600000,-1,0.08556,0.09023224410833625,stop,-1.0183467793880827
SOLUSDT,1781277300000,-1,61.4,68.74119522563765,stop,-1.008895572649573
NEARUSDT,1781297100000,-1,2.016,2.00592,tp,0.03542604856512095
DOGEUSDT,1781305200000,-1,0.08631,0.08587845,tp,0.06111642743221719
ZECUSDT,1781306100000,-1,410.54,408.4873,tp,0.037788463772156305
ZECUSDT,1781369100000,-1,408.06,406.0197,tp,0.05981107803138896
FILUSDT,1781407800000,-1,0.777,0.773115,tp,0.06675268817204343
DOGEUSDT,1781428500000,-1,0.08735,0.08691325,tp,0.14298116298116367
XRPUSDT,1781440200000,-1,1.1432,1.137484,tp,0.15908141962421848
DOGEUSDT,1781443800000,-1,0.08663,0.08619684999999999,tp,0.14717687074830152
NEARUSDT,1781450100000,-1,2.077,2.066615,tp,0.0538791423001943
BNBUSDT,1781458200000,-1,608.1,605.0595000000001,tp,0.2110473208072324
ZECUSDT,1781472600000,-1,418.88,452.4586683308531,stop,-1.0128008571000817
ETHUSDT,1781472600000,-1,1657.31,1724.5830440569187,stop,-1.0243537945223347
SOLUSDT,1781472600000,-1,67.46,70.00145656068068,stop,-1.0261666419019304
SUIUSDT,1781473500000,-1,0.747,0.7887861877343331,stop,-1.0179328845002995
BTCUSDT,1781529300000,-1,59600.0,66673.23422986345,stop,-1.008954824689807
NEARUSDT,1781566200000,-1,2.392,2.3800399999999997,tp,0.04160558464223461
BTCUSDT,1781577000000,-1,66065.1,65734.7745,tp,0.1614272878962946
SUIUSDT,1781577000000,-1,0.7863,0.7823685,tp,0.07266666666666612
ZECUSDT,1781614800000,-1,510.72,508.1664,tp,0.04446079719667136
BNBUSDT,1781616600000,-1,611.21,608.15395,tp,0.15859526127880655
FILUSDT,1781619300000,-1,0.785,0.7810750000000001,tp,0.057122040072859204
SOLUSDT,1781619300000,-1,73.35,72.98325,tp,0.0719347664936983
NEARUSDT,1781621100000,-1,2.339,2.327305,tp,0.033233618233618305
XRPUSDT,1781624700000,-1,1.2134,1.207333,tp,0.08271718723331704
BTCUSDT,1781682300000,-1,65607.1,65279.06450000001,tp,0.12730499657569042
SOLUSDT,1781685000000,-1,72.93,72.56535000000001,tp,0.08495771361913051
DOGEUSDT,1781685000000,-1,0.08665,0.08621675000000001,tp,0.08822239224687492
ETHUSDT,1781698500000,-1,1763.87,1755.05065,tp,0.09247277974550681
SUIUSDT,1781698500000,-1,0.787,0.783065,tp,0.08176807072282938
XRPUSDT,1781723700000,-1,1.1937,1.1877315,tp,0.10954482758620784
BTCUSDT,1781723700000,-1,64771.1,64447.2445,tp,0.16649418417839312
ETHUSDT,1781725500000,-1,1740.36,1731.6581999999999,tp,0.05477511509857185
SUIUSDT,1781725500000,-1,0.7807,0.7767965,tp,0.04391990975747266
FILUSDT,1781725500000,-1,0.794,0.79003,tp,0.03348148148148191
NEARUSDT,1781731800000,-1,2.256,2.2447199999999996,tp,0.030618803418803887
DOGEUSDT,1781733600000,-1,0.08536,0.0849332,tp,0.06218812785388198
BNBUSDT,1781733600000,-1,600.37,597.36815,tp,0.08105010318346317
XRPUSDT,1781758800000,-1,1.1691,1.1632545,tp,0.11035882908404059
NEARUSDT,1781758800000,-1,2.171,2.160145,tp,0.04540031397174167
DOGEUSDT,1781789400000,-1,0.08433,0.08390835,tp,0.09803030303030222
SUIUSDT,1781794800000,-1,0.738,0.73431,tp,0.07630961688819321
XRPUSDT,1781794800000,-1,1.1608,1.1549960000000001,tp,0.10931254429482487
ETHUSDT,1781797500000,-1,1720.9,1712.2955000000002,tp,0.09206723948713726
XRPUSDT,1781854200000,-1,1.1325,1.1268375000000002,tp,0.10741637010675983
BNBUSDT,1781859600000,-1,574.57,571.6971500000001,tp,0.12955540510042687
SUIUSDT,1781871300000,-1,0.7092,0.705654,tp,0.07565519081932302
FILUSDT,1781871300000,-1,0.768,0.7641600000000001,tp,0.04964401294498319
FILUSDT,1781964000000,-1,0.78,0.7761,tp,0.07809523809523831
NEARUSDT,1781964000000,-1,2.132,2.12134,tp,0.07321274763135313
ZECUSDT,1781965800000,-1,465.22,462.89390000000003,tp,0.06077881314369778
SUIUSDT,1781975700000,-1,0.7072,0.7036640000000001,tp,0.09678756476683889
ZECUSDT,1782031500000,-1,463.5,461.1825,tp,0.07981208516507171
NEARUSDT,1782064800000,-1,2.158,2.14721,tp,0.04786666666666707
DOGEUSDT,1782075600000,-1,0.08299,0.08257505,tp,0.1594790159189554
XRPUSDT,1782075600000,-1,1.1355,1.1298225,tp,0.16837416481068984
ZECUSDT,1782076500000,-1,446.4,444.16799999999995,tp,0.073334154857261
FILUSDT,1782079200000,-1,0.793,0.789035,tp,0.05988571428571444
SUIUSDT,1782079200000,-1,0.7027,0.6991864999999999,tp,0.09119164218086998
NEARUSDT,1782081000000,-1,2.116,2.10542,tp,0.057850787132101414
ETHUSDT,1782081000000,-1,1716.0,1707.42,tp,0.14902283821478185
SOLUSDT,1782084600000,-1,72.86,72.4957,tp,0.08625148279952524
BNBUSDT,1782085500000,-1,587.23,584.29385,tp,0.19480023257745588
BTCUSDT,1782090900000,-1,63242.0,64691.44158947283,stop,-1.0424003767770686
NEARUSDT,1782143100000,-1,2.127,2.1163649999999996,tp,0.05215469613259757
SOLUSDT,1782144900000,-1,73.12,72.7544,tp,0.07981435981436015
NEARUSDT,1782159300000,-1,2.111,2.100445,tp,0.053031446540881114
DOGEUSDT,1782163800000,-1,0.08289,0.08247555000000001,tp,0.10180030721966127
ZECUSDT,1782166500000,-1,444.0,441.78,tp,0.05618532232032724
SOLUSDT,1782166500000,-1,72.4,72.03800000000001,tp,0.08269868496283492
FILUSDT,1782166500000,-1,0.786,0.78207,tp,0.05673913043478251
XRPUSDT,1782166500000,-1,1.1282,1.122559,tp,0.10076458752515102
NEARUSDT,1782181800000,-1,2.043,2.032785,tp,0.04932604735883467
BTCUSDT,1782189900000,-1,64044.1,63723.879499999995,tp,0.14440627873004175
ETHUSDT,1782189900000,-1,1725.76,1717.1312,tp,0.10305359735380805
BNBUSDT,1782191700000,-1,589.3,586.3534999999999,tp,0.13756450671336898
XRPUSDT,1782202500000,-1,1.1113,1.1057435,tp,0.11647798742138311
ZECUSDT,1782229500000,-1,418.21,416.11895,tp,0.04821808740804826
XRPUSDT,1782296100000,-1,1.0936,1.0881319999999999,tp,0.10243788091889419
FILUSDT,1782297900000,-1,0.772,0.76814,tp,0.0708965517241374
BTCUSDT,1782306000000,-1,62365.4,62053.573000000004,tp,0.19271777515048744
SOLUSDT,1782306000000,-1,68.91,68.56545,tp,0.11033653846153682
DOGEUSDT,1782306000000,-1,0.07843,0.07803785,tp,0.13241846675137464
NEARUSDT,1782306900000,-1,1.945,1.935275,tp,0.07979423868312742
BNBUSDT,1782307800000,-1,573.96,571.0902,tp,0.15771224307417778
ETHUSDT,1782308700000,-1,1651.7,1643.4415000000001,tp,0.10945463584389638
ZECUSDT,1782317700000,-1,407.24,405.2038,tp,0.039899801075665056
FILUSDT,1782318600000,-1,0.748,0.74426,tp,0.0471746031746027
SUIUSDT,1782319500000,-1,0.6751,0.6717245000000001,tp,0.048076923076922747
NEARUSDT,1782321300000,-1,1.894,1.8845299999999998,tp,0.045367027677497375
NEARUSDT,1782391500000,-1,1.927,1.917365,tp,0.07629850746268704
DOGEUSDT,1782394200000,-1,0.0757,0.0753215,tp,0.11411275066212719
SUIUSDT,1782398700000,-1,0.6764,0.673018,tp,0.0546023794614901
NEARUSDT,1782439200000,-1,1.801,1.791995,tp,0.04067911714770765
ETHUSDT,1782441000000,-1,1537.0,1529.315,tp,0.07249544366222282
ZECUSDT,1782471600000,-1,398.39,396.39805,tp,0.04222859875657519
ZECUSDT,1782542700000,-1,411.36,409.3032,tp,0.06532181978092304
ZECUSDT,1782587700000,-1,403.42,401.4029,tp,0.0650221684804525
BNBUSDT,1782587700000,-1,564.6,561.777,tp,0.18589591567852604
DOGEUSDT,1782588600000,-1,0.07508,0.0747046,tp,0.16731326644370034
SUIUSDT,1782598500000,-1,0.6837,0.6802815,tp,0.07699435028248582
XRPUSDT,1782608400000,-1,1.0507,1.0454465,tp,0.138679867986799
ZECUSDT,1782626400000,-1,394.55,392.57725,tp,0.07268751729864455
FILUSDT,1782651600000,-1,0.723,0.7193849999999999,tp,0.07078431372549082
BNBUSDT,1782664200000,-1,554.6,551.827,tp,0.19898788694481892
DOGEUSDT,1782667800000,-1,0.0731,0.0727345,tp,0.10415686274509972
BTCUSDT,1782667800000,-1,59819.8,59520.701,tp,0.18146775906539397
NEARUSDT,1782675000000,-1,1.829,1.819855,tp,0.0518834399431413
XRPUSDT,1782675900000,-1,1.0441,1.0388795,tp,0.13318007662835452
FILUSDT,1782675900000,-1,0.717,0.713415,tp,0.0672300469483558
ZECUSDT,1782679500000,-1,382.96,381.04519999999997,tp,0.05577965543728773
BNBUSDT,1782686700000,-1,550.05,547.2997499999999,tp,0.13736585365853868
SOLUSDT,1782686700000,-1,70.21,69.85895,tp,0.10481522956327038
DOGEUSDT,1782698400000,-1,0.07242,0.0720579,tp,0.09073934837092837
ZECUSDT,1782813600000,-1,394.4,392.428,tp,0.07436094142160259
SOLUSDT,1782820800000,-1,73.64,73.2718,tp,0.09650918635170584
XRPUSDT,1782820800000,-1,1.0405,1.0352975,tp,0.17648854961832158
ETHUSDT,1782821700000,-1,1578.42,1570.5279,tp,0.15270484069961693
BTCUSDT,1782821700000,-1,59121.8,58826.191000000006,tp,0.12818882090005526
BNBUSDT,1782823500000,-1,547.66,544.9217,tp,0.10193055943404937
BNBUSDT,1782903600000,-1,543.93,541.21035,tp,0.15820786966325012
SUIUSDT,1782918900000,-1,0.6735,0.7169443516042782,stop,-1.0156774611398955
BTCUSDT,1782918900000,-1,58160.0,60195.09780312778,stop,-1.0280995551295282
NEARUSDT,1782955800000,-1,1.757,1.8807519385410685,stop,-1.0144378695208978
SUIUSDT,1783039500000,-1,0.7324,0.728738,tp,0.08808664259927952
SUIUSDT,1783262700000,1,0.7507,0.7544535,tp,0.11363567649281849
ETHUSDT,1783271700000,1,1772.69,1781.5534499999999,tp,0.14809860771911978
BNBUSDT,1783277100000,1,588.24,591.1812,tp,0.11267250035862783
SOLUSDT,1783287000000,1,81.33,81.73664999999998,tp,0.12231491920330262
DOGEUSDT,1783289700000,1,0.07784,0.0782292,tp,0.09476885644768658
SUIUSDT,1783289700000,1,0.7592,0.7629959999999999,tp,0.09558066541117126
BTCUSDT,1783289700000,1,62923.7,63238.318499999994,tp,0.24108059501602247
ETHUSDT,1783293300000,1,1792.99,1801.9549499999998,tp,0.12472327533973565
XRPUSDT,1783342800000,1,1.1616,1.1119969725638603,stop,-1.0212970292044317
NEARUSDT,1783351800000,1,2.036,2.0461799999999997,tp,0.04657534246575172
SOLUSDT,1783353600000,1,81.05,81.45524999999999,tp,0.07823953823953765
BTCUSDT,1783354500000,1,63368.3,63685.1415,tp,0.09356975039955047
ETHUSDT,1783354500000,1,1785.06,1793.9852999999998,tp,0.07778191113286471
XRPUSDT,1783357200000,1,1.1509,1.1566545,tp,0.07997917751171062
ZECUSDT,1783418400000,1,455.85,458.12924999999996,tp,0.06242832822607909
DOGEUSDT,1783498500000,1,0.07741,0.07168780744024675,stop,-1.011901629726205
SOLUSDT,1783523700000,1,82.37,76.29059334298121,stop,-1.0119215686274508
ZECUSDT,1783665000000,1,496.49,498.97245,tp,0.05680826767157633
SUIUSDT,1783671300000,1,0.7234,0.7270169999999999,tp,0.12003312629399154
BTCUSDT,1783671300000,1,64032.0,64352.159999999996,tp,0.16020904442193765
XRPUSDT,1783675800000,1,1.1118,1.1173589999999998,tp,0.14492357723576926
DOGEUSDT,1783678500000,1,0.07424,0.07461119999999999,tp,0.12429945629443367
FILUSDT,1783683900000,1,0.799,0.8029949999999999,tp,0.13268897149937578
ETHUSDT,1783684800000,1,1794.2,1803.1709999999998,tp,0.14377853676073696
BNBUSDT,1783774800000,1,577.85,580.73925,tp,0.19302302302301766
SOLUSDT,1783812600000,1,79.43,76.7459807402287,stop,-1.0271639934914012
BNBUSDT,1783911600000,-1,573.12,570.2544,tp,0.14965693001372202
SUIUSDT,1783911600000,-1,0.7311,0.7274444999999999,tp,0.08795660036166435
FILUSDT,1783911600000,-1,0.7652,0.761374,tp,0.07931570762052893
SOLUSDT,1783911600000,-1,76.42,76.03790000000001,tp,0.09212560386473342
BTCUSDT,1783915200000,1,64478.3,62701.48102393437,stop,-1.033524184385196
ZECUSDT,1783921500000,-1,515.11,512.53445,tp,0.047877773126831655
ZECUSDT,1783948500000,-1,511.53,508.97234999999995,tp,0.059436406949044646
ETHUSDT,1783949400000,-1,1772.0,1763.14,tp,0.13738782797702045
NEARUSDT,1783953900000,1,1.947,1.956735,tp,0.0775323383084563
SOLUSDT,1783963800000,-1,75.38,75.00309999999999,tp,0.12694479561736413
DOGEUSDT,1783963800000,-1,0.0718,0.071441,tp,0.1297331524197196
BTCUSDT,1783963800000,-1,62350.1,62038.3495,tp,0.1879906764126833
ETHUSDT,1783978200000,-1,1761.63,1752.82185,tp,0.10502539211720884
SUIUSDT,1784034900000,-1,0.7137,0.75661695234408,stop,-1.0167483026046236
XRPUSDT,1784042100000,-1,1.0564,1.1055389546444467,stop,-1.0213733078880392
ZECUSDT,1784045700000,-1,491.37,542.2245706996044,stop,-1.0101291454254413
SOLUSDT,1784097000000,-1,74.38,78.52181845718901,stop,-1.0180103807796923
NEARUSDT,1784604600000,1,2.014,2.0240699999999996,tp,0.08224260958205751
XRPUSDT,1784606400000,1,1.121,1.1266049999999999,tp,0.13881770349736644
FILUSDT,1784619900000,1,0.742,0.7457099999999999,tp,0.11421760861206859
BTCUSDT,1784620800000,1,65927.9,66257.53949999998,tp,0.1875790551785894
DOGEUSDT,1784620800000,1,0.07313,0.07349565,tp,0.1415771649733902
ETHUSDT,1784621700000,1,1935.41,1945.0870499999999,tp,0.13657606204829575
BNBUSDT,1784626200000,1,576.88,579.7643999999999,tp,0.23994179399229926
BTCUSDT,1784641500000,1,66428.0,66760.14,tp,0.1992181912237692
XRPUSDT,1784642400000,1,1.1392,1.144896,tp,0.13907373552711524
ETHUSDT,1784733300000,1,1938.58,1948.2728999999997,tp,0.14315614617939795
SUIUSDT,1784734200000,1,0.7707,0.7745535,tp,0.152169625246546
XRPUSDT,1784737800000,1,1.1494,1.155147,tp,0.14221811460258665
SUIUSDT,1784795400000,1,0.7694,0.7732469999999999,tp,0.1295622895622876
DOGEUSDT,1784809800000,1,0.07367,0.0715486518111518,stop,-1.0320415194346302
SOLUSDT,1784828700000,1,78.65,75.7253718535469,stop,-1.0245976923076914
NEARUSDT,1784865600000,1,1.895,1.904475,tp,0.08951707891637149
BNBUSDT,1784900700000,1,569.17,558.3014924233112,stop,-1.0488002988505754
BTCUSDT,1784900700000,1,65490.0,63939.705557879526,stop,-1.039181408788968
SOLUSDT,1784902500000,1,76.24,73.65214435420486,stop,-1.0270376507477066
XRPUSDT,1784917800000,1,1.1144,1.084416812421917,stop,-1.034359121061362
DOGEUSDT,1784987100000,1,0.06972,0.0700686,tp,0.12163194444444127
FILUSDT,1785015900000,1,0.735,0.7386749999999999,tp,0.13707112970710783
ZECUSDT,1785024900000,1,485.7,488.1284999999999,tp,0.0945114566681171
SOLUSDT,1785038400000,1,74.69,75.06344999999999,tp,0.2164569775849552
SUIUSDT,1785044700000,1,0.7178,0.721389,tp,0.19949999999999954
ZECUSDT,1785048300000,1,489.7,492.14849999999996,tp,0.12720839813374635
FILUSDT,1785048300000,1,0.7409,0.7446044999999999,tp,0.11107116104868624
BNBUSDT,1785048300000,1,569.8,572.6489999999999,tp,0.33265061998540235
NEARUSDT,1785051000000,1,1.801,1.8100049999999996,tp,0.12987387387386962
BTCUSDT,1785067200000,1,64255.0,64576.274999999994,tp,0.47557775927466794
ETHUSDT,1785074400000,1,1887.98,1897.4198999999999,tp,0.13437143460806864
SOLUSDT,1785083400000,1,75.39,75.76695,tp,0.19053030303029878
BTCUSDT,1785103200000,1,64757.0,65080.784999999996,tp,0.3807076317258791
NEARUSDT,1785106800000,1,1.814,1.82307,tp,0.12611111111110979
NEARUSDT,1785123900000,1,1.849,1.8582449999999997,tp,0.08747044917257403
FILUSDT,1785179700000,1,0.7498,0.7146905152925533,stop,-1.019338249911253
BTCUSDT,1785192300000,1,65555.0,63772.30738216189,stop,-1.033984373641781
BNBUSDT,1785192300000,1,575.2,565.9445308837064,stop,-1.058089687036283
ZECUSDT,1785192300000,1,508.2,478.4656627747252,stop,-1.015286783633086
SOLUSDT,1785192300000,1,77.05,74.08031270200388,stop,-1.0236982180293501
BNBUSDT,1785250800000,1,567.74,570.5786999999999,tp,0.2710872419142975
ETHUSDT,1785251700000,1,1888.58,1898.0228999999997,tp,0.14768239840730385
FILUSDT,1785251700000,1,0.7002,0.703701,tp,0.12001713796058157
SOLUSDT,1785252600000,1,73.5,73.86749999999999,tp,0.11914239482200395
SUIUSDT,1785276000000,1,0.6927,0.6961634999999999,tp,0.09265128719491661
XRPUSDT,1785283200000,1,1.0674,1.0727369999999998,tp,0.13529597974042237
BTCUSDT,1785305700000,1,64014.2,64334.27099999999,tp,0.13133520017232192
FILUSDT,1785342600000,1,0.7077,0.6765507044491526,stop,-1.020633634175692
SUIUSDT,1785349800000,1,0.6915,0.6949574999999999,tp,0.09348193177980169
ZECUSDT,1785376800000,1,468.95,471.29474999999996,tp,0.060362255895505035
NEARUSDT,1785383100000,1,1.624,1.63212,tp,0.06354775828459963
ZECUSDT,1785391200000,1,474.63,477.00314999999995,tp,0.06864379261824737
FILUSDT,1785404700000,1,0.688,0.6914399999999998,tp,0.09958062183658405
BTCUSDT,1785412800000,1,64556.6,64879.382999999994,tp,0.1822421663879633
SOLUSDT,1785419100000,1,74.33,74.70164999999999,tp,0.15787685774946383
ETHUSDT,1785419100000,1,1925.59,1935.2179499999997,tp,0.16384939374600876
SUIUSDT,1785420000000,1,0.695,0.6984749999999998,tp,0.14532915360501186
NEARUSDT,1785435300000,1,1.67,1.6783499999999998,tp,0.0697499999999988
BTCUSDT,1785504600000,1,65157.0,63520.04571473294,stop,-1.0368636094313113
NEARUSDT,1785515400000,1,1.672,1.6803599999999999,tp,0.08231242312423052
FILUSDT,1785518100000,1,0.7213,0.7249065,tp,0.08550827423167721
SOLUSDT,1785602700000,1,74.96,72.44396994281156,stop,-1.0273533184744947
SUIUSDT,1785609000000,1,0.7038,0.6702708481192335,stop,-1.0189911545623838
BNBUSDT,1785889800000,1,594.51,597.48255,tp,0.11584026460430825
XRPUSDT,1785987900000,1,1.0911,1.0405217710528727,stop,-1.019543896713613
ZECUSDT,1786100400000,1,507.93,510.46964999999994,tp,0.08206059139134105
SOLUSDT,1786109400000,1,73.75,74.11874999999999,tp,0.17534994068801438
BNBUSDT,1786189500000,1,593.83,596.7991499999999,tp,0.20523045054375333
DOGEUSDT,1786200300000,1,0.07112,0.0714756,tp,0.09678911564625753
ZECUSDT,1786266000000,1,515.0,517.5749999999999,tp,0.06915787711367631
ETHUSDT,1787128200000,1,1919.63,1929.22815,tp,0.21122367046141527
XRPUSDT,1787128200000,1,1.0032,1.008216,tp,0.23267246376811537
NEARUSDT,1787139000000,1,1.616,1.62408,tp,0.0927038626609427
FILUSDT,1787140800000,1,0.6365,0.6396824999999999,tp,0.10798814061838068
SOLUSDT,1787142600000,1,77.21,77.59604999999999,tp,0.17380471380471105
XRPUSDT,1787144400000,1,1.0094,1.0144469999999999,tp,0.2309891366495066
ZECUSDT,1787145300000,1,510.0,512.55,tp,0.10854087251164568
ETHUSDT,1787149800000,1,1929.8,1939.4489999999998,tp,0.21341064082387326
SUIUSDT,1787149800000,1,0.6587,0.6619934999999999,tp,0.14024455077086345
BNBUSDT,1787150700000,1,605.65,608.6782499999999,tp,0.4233752620544904
NEARUSDT,1787163300000,1,1.698,1.7064899999999998,tp,0.05572481572481507
ZECUSDT,1787175000000,1,567.99,570.8299499999999,tp,0.035719288415743664
NEARUSDT,1787176800000,1,1.758,1.7667899999999999,tp,0.04568093385213933
XRPUSDT,1787177700000,1,1.1247,1.1303234999999998,tp,0.05199632437399289
SOLUSDT,1787214600000,1,87.3,87.73649999999999,tp,0.09564123598577988
DOGEUSDT,1787214600000,1,0.07639,0.07677194999999999,tp,0.08653084323712328
SUIUSDT,1787220900000,1,0.7261,0.7297304999999998,tp,0.07496777519979123
XRPUSDT,1787226300000,1,1.1666,1.172433,tp,0.07200123342583992
FILUSDT,1787230800000,1,0.6914,0.694857,tp,0.08504438322619992
DOGEUSDT,1787237100000,1,0.07792,0.0783096,tp,0.06337599024984604
BTCUSDT,1787238000000,1,72081.7,72442.10849999999,tp,0.0962100762707038
ETHUSDT,1787238900000,1,2298.21,2309.7010499999997,tp,0.0814979724894622
SUIUSDT,1787239800000,1,0.7353,0.7389764999999999,tp,0.05011377143827433
BNBUSDT,1787239800000,1,647.07,650.30535,tp,0.09923253676470364
XRPUSDT,1787240700000,1,1.2466,1.2528329999999999,tp,0.03901669758812576
BTCUSDT,1787270400000,1,73106.9,73472.43449999999,tp,0.10960272264716607
SOLUSDT,1787273100000,1,87.99,88.42994999999999,tp,0.09050691244239543
BNBUSDT,1787274900000,1,656.47,659.75235,tp,0.11516918362880077
NEARUSDT,1787285700000,1,1.8,1.809,tp,0.052461873638343544
SUIUSDT,1787289300000,1,0.7534,0.7571669999999999,tp,0.06015485407980856
BNBUSDT,1787295600000,1,667.19,670.52595,tp,0.09885893880569187
SOLUSDT,1787295600000,1,90.2,90.651,tp,0.06660036832412422
DOGEUSDT,1787296500000,1,0.08324,0.08365619999999999,tp,0.058714562422960595
ETHUSDT,1787301000000,1,2384.54,2396.4626999999996,tp,0.07011734967557787
BTCUSDT,1787303700000,1,77450.0,77837.24999999999,tp,0.07065965870306881
FILUSDT,1787304600000,1,0.7741,0.7779704999999999,tp,0.05133300541072157
SUIUSDT,1787304600000,1,0.7825,0.7864124999999998,tp,0.0499242424242407
ZECUSDT,1787307300000,1,647.1,650.3354999999999,tp,0.02810206403380369
XRPUSDT,1787319000000,1,1.3999,1.4068994999999997,tp,0.03338506760728898
ZECUSDT,1787333400000,1,665.97,669.29985,tp,0.025907406340610745
FILUSDT,1787344200000,1,0.7903,0.7942514999999999,tp,0.0353906162933234
ETHUSDT,1787347800000,1,2447.49,2459.7274499999994,tp,0.06483607696737238
DOGEUSDT,1787351400000,1,0.09187,0.09232934999999998,tp,0.04187338935574074
XRPUSDT,1787351400000,1,1.4254,1.4325269999999999,tp,0.03853292806484234
ZECUSDT,1787351400000,1,728.0,731.6399999999999,tp,0.02542230534126339
NEARUSDT,1787362200000,1,1.988,1.9979399999999998,tp,0.04254273504273438
SUIUSDT,1787364000000,1,0.863,0.867315,tp,0.03657383966244689
XRPUSDT,1787364000000,1,1.4846,1.4920229999999997,tp,0.032985938792389244
DOGEUSDT,1787370300000,1,0.09475,0.09522375,tp,0.03086744872715628
ZECUSDT,1787425200000,1,836.55,840.7327499999999,tp,0.021047764438329362
DOGEUSDT,1787430600000,1,0.09395,0.09441975,tp,0.04400277970812975
SOLUSDT,1787445000000,1,97.63,98.11814999999999,tp,0.05008304586687011
NEARUSDT,1787481000000,1,1.927,1.9366349999999999,tp,0.041935834692767106
ETHUSDT,1787499000000,1,2438.67,2450.8633499999996,tp,0.09519193094752834
NEARUSDT,1787504400000,1,1.966,1.9758299999999998,tp,0.0462937062937053
SUIUSDT,1787519700000,1,0.8419,0.8461094999999998,tp,0.03850688517127449
XRPUSDT,1787519700000,1,1.5248,1.5324239999999998,tp,0.04546948356807429
DOGEUSDT,1787519700000,1,0.09388,0.0943494,tp,0.06300116841929491
NEARUSDT,1787523300000,1,2.004,2.01402,tp,0.03698216735253736
ETHUSDT,1787571000000,1,2474.0,2486.37,tp,0.08780622396731384
SOLUSDT,1787575500000,1,95.9,96.3795,tp,0.07701121794871565
BTCUSDT,1787575500000,1,78487.6,78880.038,tp,0.08473978828952683
XRPUSDT,1787577300000,1,1.5087,1.5162434999999999,tp,0.04540338272713616
SOLUSDT,1787616900000,1,98.8,99.29399999999998,tp,0.05877357089829077
ZECUSDT,1787624100000,1,859.89,864.1894499999999,tp,0.0365840745446833
FILUSDT,1787689800000,1,0.7801,0.7100136697775505,stop,-1.0096240305940956
XRPUSDT,1787750100000,1,1.5303,1.3797365431437474,stop,-1.0087056297946053
DOGEUSDT,1787755500000,1,0.09314,0.08455704360184489,stop,-1.0093591517532376
ETHUSDT,1787778000000,1,2474.87,2487.2443499999995,tp,0.08921191838497032
SOLUSDT,1787788800000,1,101.25,101.75625,tp,0.07178615684191812
DOGEUSDT,1787793300000,1,0.08725,0.08768624999999998,tp,0.07897922312556166
NEARUSDT,1787817600000,1,1.887,1.8964349999999999,tp,0.06129449838187612
BTCUSDT,1787817600000,1,78945.0,79339.72499999999,tp,0.16183857191138698
SUIUSDT,1787817600000,1,0.762,0.7658099999999999,tp,0.0632071177322554
ETHUSDT,1787819400000,1,2515.0,2527.575,tp,0.12718822579016303
FILUSDT,1787822100000,1,0.72,0.7235999999999999,tp,0.07892632155573669
XRPUSDT,1787839200000,1,1.4408,1.4480039999999998,tp,0.07014513788098452
SOLUSDT,1787841000000,1,105.85,106.37924999999998,tp,0.05391835177413108
SUIUSDT,1787842800000,1,0.7823,0.7862115,tp,0.047447610432684466
ZECUSDT,1787849100000,1,809.29,813.3364499999999,tp,0.04008565310492448
NEARUSDT,1787879700000,1,1.943,1.9527149999999998,tp,0.054109494109492354
BTCUSDT,1787879700000,1,80499.9,80902.39949999998,tp,0.09713122479891623
ZECUSDT,1787929200000,1,808.44,812.4821999999999,tp,0.052340172177969047
ZECUSDT,1788014700000,1,815.0,819.0749999999999,tp,0.07795121718148895
ETHUSDT,1788020100000,1,2440.88,2453.0843999999997,tp,0.3319747299775762
NEARUSDT,1788031800000,1,1.852,1.86126,tp,0.08384180790960301
XRPUSDT,1788071400000,1,1.3953,1.4022765,tp,0.155674172921877
BTCUSDT,1788091200000,1,78226.5,78617.63249999999,tp,0.2671065270988448
ETHUSDT,1788091200000,1,2458.75,2471.04375,tp,0.2529828888546299
ZECUSDT,1788093000000,1,843.57,847.7878499999999,tp,0.09273715415019496
SOLUSDT,1788093900000,1,105.49,106.01744999999998,tp,0.1162404443711137
SUIUSDT,1788097500000,1,0.7453,0.7490264999999999,tp,0.1127903469079929
DOGEUSDT,1788097500000,1,0.08526,0.08568629999999999,tp,0.17128514056224428
ZECUSDT,1788105600000,1,865.99,870.31995,tp,0.062225334410628344
XRPUSDT,1788107400000,1,1.4035,1.4105174999999999,tp,0.13220657276995165
FILUSDT,1788108300000,1,0.6869,0.6903344999999999,tp,0.1408499743983581
NEARUSDT,1788109200000,1,1.894,1.9034699999999998,tp,0.07875389408099591
SUIUSDT,1788114600000,1,0.7555,0.7592774999999998,tp,0.07616176839989706
DOGEUSDT,1788131700000,1,0.08604,0.08251522069045412,stop,-1.0222395369388477
BTCUSDT,1788133500000,1,78939.9,77098.32018825655,stop,-1.0397720499061625
ETHUSDT,1788190200000,1,2463.48,2475.7974,tp,0.10963976288189628
NEARUSDT,1788200100000,1,1.878,1.8873899999999997,tp,0.054905385735078895
XRPUSDT,1788201000000,1,1.3835,1.3904174999999999,tp,0.07063297600816654
NEARUSDT,1788216300000,1,1.897,1.9064849999999998,tp,0.0553420669577861
FILUSDT,1788223500000,1,0.6835,0.6869175,tp,0.08820116054158535
SUIUSDT,1788224400000,1,0.7309,0.7345544999999999,tp,0.06081624197223767
NEARUSDT,1788233400000,1,1.956,1.9657799999999999,tp,0.050353243416826766
FILUSDT,1788241500000,1,0.69,0.6934499999999999,tp,0.09109132871744056
FILUSDT,1788262200000,1,0.7,0.7034999999999999,tp,0.06542506370164378
FILUSDT,1788280200000,1,0.7143,0.7178715,tp,0.05083642793987556
FILUSDT,1788324300000,1,0.798371,0.8023628549999999,tp,0.030424242424241514
SUIUSDT,1788379200000,1,0.7296,0.7332479999999999,tp,0.06469102990033006
XRPUSDT,1788397200000,1,1.3483,1.3550415,tp,0.07516367182058724
SUIUSDT,1788399000000,1,0.7534,0.7571669999999999,tp,0.05320641635818759
NEARUSDT,1788402600000,1,1.88,1.8893999999999997,tp,0.06437606837606746
ZECUSDT,1788414300000,1,823.27,827.3863499999999,tp,0.0680874790905132
XRPUSDT,1788441300000,1,1.383,1.3899149999999998,tp,0.08002309802222922
DOGEUSDT,1788444900000,1,0.08349,0.08390744999999998,tp,0.08183369909777817
BTCUSDT,1788444900000,1,78875.0,79269.37499999999,tp,0.11385962253256428
SOLUSDT,1788446700000,1,104.11,104.63054999999999,tp,0.07304438642297453
ETHUSDT,1788447600000,1,2479.67,2492.06835,tp,0.09465920554254892
SUIUSDT,1788449400000,1,0.7801,0.7840004999999999,tp,0.056256492924948685
BNBUSDT,1788450300000,1,723.78,727.3988999999999,tp,0.06197491292176731
NEARUSDT,1788456600000,1,1.992,2.00196,tp,0.05226143790849666
XRPUSDT,1788464700000,1,1.4668,1.474134,tp,0.05157570964056556
BTCUSDT,1788471000000,1,81611.5,82019.5575,tp,0.094770142434283
ETHUSDT,1788513300000,1,2525.75,2538.37875,tp,0.12365821127467061
NEARUSDT,1788519600000,1,2.003,2.0130149999999998,tp,0.05561983471074185
FILUSDT,1788525000000,1,0.8151,0.7220835792349727,stop,-1.0073748204309654
ZECUSDT,1788549300000,1,1029.0,1034.145,tp,0.027417167575600674
BNBUSDT,1788589800000,1,722.36,725.9717999999999,tp,0.23754887465088673
SUIUSDT,1788589800000,1,0.7727,0.7765635,tp,0.076030459346596
SOLUSDT,1788598800000,1,102.15,102.66075,tp,0.21672496025436597
FILUSDT,1788607800000,1,0.7725,0.7763624999999998,tp,0.07769733534439192
DOGEUSDT,1788609600000,1,0.08592,0.08634959999999998,tp,0.1359684418145929
BNBUSDT,1788610500000,1,752.83,756.59415,tp,0.09398498582686916
XRPUSDT,1788611400000,1,1.4047,1.4117235,tp,0.1867863077434318
SOLUSDT,1788613200000,1,102.78,103.2939,tp,0.1842293906810013
SUIUSDT,1788615000000,1,0.7939,0.7978695,tp,0.06229724485836185
BTCUSDT,1788626700000,1,79734.7,80133.37349999999,tp,0.44116374899747635
ZECUSDT,1788629400000,1,1026.78,1031.9138999999998,tp,0.06491474108585263
XRPUSDT,1788630300000,1,1.4199,1.4269994999999998,tp,0.14120218579234617
ETHUSDT,1788656400000,1,2484.98,2497.4048999999995,tp,0.19281223383661944
NEARUSDT,1788678900000,1,2.241,2.252205,tp,0.04331417624521031
NEARUSDT,1788705000000,1,2.413,2.4250649999999996,tp,0.027503534068419037
ZECUSDT,1788718500000,1,1223.24,1229.3562,tp,0.03123322292213103
FILUSDT,1788729300000,1,0.8038,0.8078189999999998,tp,0.08191494779729822
SUIUSDT,1788735600000,1,0.8071,0.8111355,tp,0.06868099452170205
BTCUSDT,1788737400000,1,79997.9,80397.88949999999,tp,0.2934470363849727
ETHUSDT,1788748200000,1,2513.64,2526.2081999999996,tp,0.15915832107202943
FILUSDT,1788760800000,1,0.8141,0.8181704999999999,tp,0.09285256464795658
SUIUSDT,1788785100000,1,0.8248,0.8289239999999999,tp,0.04619907601847854
FILUSDT,1788864300000,1,0.8573,0.8615864999999998,tp,0.05017176128092991
ZECUSDT,1788879600000,1,1173.5,1179.3674999999998,tp,0.0390103557777601
XRPUSDT,1788883200000,1,1.4277,1.4348385,tp,0.1241025641025632
SOLUSDT,1788885000000,1,104.05,104.57024999999999,tp,0.09928571428571249
ZECUSDT,1788933600000,1,1215.87,1221.9493499999999,tp,0.05847191649506469
BTCUSDT,1788937200000,1,78966.0,79360.82999999999,tp,0.24191707350614422
ETHUSDT,1788942600000,1,2508.61,2521.15305,tp,0.17611949718613115
DOGEUSDT,1788943500000,1,0.09085,0.09130424999999999,tp,0.07866666666666476
NEARUSDT,1788948900000,1,2.487,2.4994349999999996,tp,0.03051117232935302
ZECUSDT,1788954300000,1,1265.27,1271.5963499999998,tp,0.03449164917714242
BNBUSDT,1788990300000,1,777.88,721.9850597671012,stop,-1.0122709820230744
SOLUSDT,1788991200000,1,104.74,100.35000739715565,stop,-1.0217158696270991
FILUSDT,1789083900000,1,0.8733,0.7782979066575154,stop,-1.007782807570978
BNBUSDT,1789129800000,1,716.68,720.2633999999998,tp,0.15412997903563416
ETHUSDT,1789129800000,1,2472.74,2485.1036999999997,tp,0.16942244139654974
BTCUSDT,1789130700000,1,77316.0,77702.57999999999,tp,0.18360505956618095
ZECUSDT,1789131600000,1,1149.76,1155.5087999999998,tp,0.03770304412882866
XRPUSDT,1789133400000,1,1.3637,1.3705184999999998,tp,0.08681283762313138
NEARUSDT,1789139700000,1,2.68,2.6934,tp,0.027671022290545445
FILUSDT,1789196400000,1,0.8026,0.8066129999999999,tp,0.09032911392404919
DOGEUSDT,1789225200000,1,0.08486,0.0852843,tp,0.20994434137290638
NEARUSDT,1789227000000,1,2.393,2.4049649999999994,tp,0.07139880952380712
ZECUSDT,1789277400000,1,1142.97,1148.6848499999999,tp,0.0861896963878979
SOLUSDT,1789288200000,1,102.13,99.94984815140845,stop,-1.043553092783504
ETHUSDT,1789288200000,1,2536.35,2488.632480343852,stop,-1.0495457616691586
BNBUSDT,1789288200000,1,737.33,717.9077876241043,stop,-1.0351150726314458
BTCUSDT,1789290900000,1,77350.0,76661.60133670522,stop,-1.10579410616706
XRPUSDT,1789303500000,1,1.3675,1.3357607097186701,stop,-1.0399811294765837
FILUSDT,1789314300000,1,0.9244,0.9290219999999999,tp,0.03554025626314707
NEARUSDT,1789324200000,1,2.35,2.36175,tp,0.0617419777341177
XRPUSDT,1789353900000,1,1.3597,1.3664984999999998,tp,0.15871682706328355
BTCUSDT,1789354800000,1,77427.4,77814.53699999998,tp,0.18055114900357136
NEARUSDT,1789363800000,1,2.398,2.40999,tp,0.05254515599343157
ZECUSDT,1789363800000,1,1118.29,1123.8814499999999,tp,0.04475128764557533
BNBUSDT,1789365600000,1,723.57,727.18785,tp,0.15868069252684552
SOLUSDT,1789365600000,1,101.41,101.91704999999999,tp,0.1639272727272703
XRPUSDT,1789369200000,1,1.3812,1.3881059999999998,tp,0.0795059600746788
ETHUSDT,1789372800000,1,2515.78,2528.3588999999997,tp,0.11472500427276962
BTCUSDT,1789393500000,1,77963.0,78352.81499999999,tp,0.15929539046686197
XRPUSDT,1789404300000,1,1.4094,1.4164469999999998,tp,0.0739861056494931
