tree
version=v4
num_class=1
num_tree_per_iteration=1
label_index=0
max_feature_idx=19
objective=binary sigmoid:1
feature_names=ret_1 ret_4 ret_10 ret_20 atr_pct std_20 vol_ratio taker_buy clv zscore rsi skew sma_cross h4_momentum hour dow rel_ret_20 rel_ret_60 beta_20 corr_20
feature_infos=[-0.3477128854400654:0.23389522277400854] [-0.394713155526079:0.5127414561664192] [-0.41534730484121896:1.0223208729203836] [-0.9560183741763838:1.6126386878919443] [2.2896946413614106e-05:1.5747366999729948] [3.9060829515122589e-05:0.21346700051517695] [0:15.998050842787434] [0.24426940309190931:0.64934799574723367] [-0.24300089435771194:0.31250000000000888] [-10.31458652858457:10.035735082389571] [0:99.960909505505285] [-4.4202782353688486:4.3743444018384094] [-1:1] [-0.95763962503377609:9.4127448486390239] [0:23] [0:6] [-1.0597634484951157:1.0364515226524516] [-1.102234588165619:2.1095263972180054] [-1.4907113739778348:5.5112913409769995] [-0.6119934194588823:0.95063437958559549]
tree_sizes=3587 3591 3594 3566 3595 3579 3607 3625 3623 3600 3615 3615 3575 3617 3607 3606 3616 3641 3599 3617 3605 3595 3621 3625 3600 3598 3639 3593 3651 3624 3646 3611 3615 3628 3620 3613 3634 3632 3623 3604 3630 3614 3634 3621 3615 3609 3609 3612 3606 3622 3625 3618 3593 3600 3585 3628 3599 3587 3598 3601 3595 3601 3596 3610 3608 3602 3592 3600 3623 3620 3613 3569 3613 3611 3559 3605 3601 3597 3527 3614 3638 3610 3599 3602 3584 3631 3626 3593 3615 3622 3570 3539 3604 3612 3526 3579 3614 3571 3606 3591 3576 3563 3583 3616 3564 3565 3602 3589 3546 3604 3628 3572 3552 3590 3590 3573 3558 3562 3591 3610 3578 3539 3614 3572 3529 3588 3560 3580 3570 3590 3552 3643 3551 3567 3286 3610 3547 3577 3606 3483 3535 3406 3616 3592 3342 3589 3607 3595 3601 3569 3595 3602 3528 3542 3616 3330 3605 3551 3650 3607 3538 3606 3559 3552 3587 3574 3573 3601 3550 3413 3599 3585 3612 3654 3561 3548 3604 3602 3600 3580 2064 3588 3575 3622 3524 3611 3569 3594 3578 3605 3558 3564 3326 3567 3541 3305 3391 3598 3583 3583

Tree=0
num_leaves=31
num_cat=0
split_feature=13 9 9 9 13 10 13 9 10 13 9 13 13 5 13 17 13 9 9 5 13 9 13 12 13 13 13 9 13 13
split_gain=3285.45 2333.72 1764.01 1543.62 1354.83 1307.36 1321.84 917.383 792.857 612.056 504.077 482.754 466.815 454.234 394.504 391.302 373.845 330.08 327.365 325.773 295.425 275.586 137.879 136.244 133.121 82.4283 51.6401 48.4922 45.0928 25.9338
threshold=-0.00048151043733707372 -1.141771412978289 -1.0266238260487681 1.2126300536449826 -0.024928664112267959 51.855133488200131 0.036919961800240826 1.3697962274098134 42.196245946208897 -0.013979511386193298 1.1787783848911946 0.020753416001427331 0.016276490027053118 0.0071168566696252393 -0.053975181033966806 0.038894543525376531 -0.013979511386193298 -1.5520436728040756 -1.4178677351439013 0.0049780794646653399 -0.070309706899936139 1.528152746499887 -0.011688971456945916 1.0000000180025095e-35 -0.0068507250080809814 0.015438621565674994 0.013879791680081357 -1.6503535870751238 -0.010317921763010938 0.0043409464237212933
decision_type=2 2 2 2 2 2 2 2 2 2 2 2 2 2 2 2 2 2 2 2 2 2 2 2 2 2 2 2 2 2
left_child=1 4 18 8 13 10 7 -7 16 -10 12 -12 -4 14 -1 -8 -3 19 27 -6 -15 22 -5 25 -19 -20 -25 -2 -23 -29
right_child=2 3 5 21 17 6 15 -9 9 -11 11 -13 -14 20 -16 -17 -18 24 23 -21 -22 28 -24 26 -26 -27 -28 29 -30 -31
leaf_value=-0.023310444078558739 0.064803238479657438 -0.008725405960093963 0.010265121329725516 -0.052449320372855802 0.015899357914476036 -0.00026977095913428286 0.014966664303090352 -0.01586982823196054 -0.022103044367389774 -0.0091821519847180375 -0.0098641403046554714 0.010409003911981332 0.023656660731596415 -0.0043398564955128699 -0.0050086733570545534 0.0024653331605171375 0.0039341926688216938 0.0041797279807279991 0.024878685252960407 0.040119192713370645 0.010673646255569188 -0.08240443535404493 -0.027356704231762917 -0.0060679762549730315 0.018461055913402826 0.041278785211915581 0.020285222035051908 0.035828126184975946 -0.059897813908769949 0.052870794684173217
leaf_weight=3966.5756351947784 519.76005667448044 14102.40302580595 17448.873523592949 861.2717450261116 5113.9114149212837 31576.885844707489 13951.166026473045 13433.168052256107 17058.26086294651 19807.995438039303 4521.695732653141 8375.878068447113 10378.272040903568 6759.6606503725052 11426.62936937809 11353.51891207695 9943.5352867841721 6357.9575797319412 3039.669217467308 1905.8076994419098 6358.9523198008537 358.94292092323303 1502.4791736602783 411.83312857151031 2195.0980503559113 1024.3633390069008 338.83376544713974 386.15571755170822 585.67639207839966 529.02153277397156
leaf_count=15817 2097 56344 69891 3421 20499 126303 55916 53619 68032 79135 18063 33550 41644 27023 45676 45429 39795 25446 12199 7664 25472 1420 5988 1646 8802 4120 1359 1552 2324 2131
internal_value=-1.38545e-08 -0.00627926 0.00579826 -0.0123603 0.00257932 0.00434354 0.000214635 -0.00492558 -0.0105537 -0.0151607 0.0114724 0.00330154 0.0152596 -0.00389865 -0.00972474 0.00935766 -0.00349038 0.0144397 0.0316449 0.0224749 0.0029376 -0.0456222 -0.0364996 0.0253976 0.00784496 0.0290124 0.00582725 0.0526066 -0.06845 0.0456797
internal_weight=225594 108305 117289 64220.6 44084.6 111039 70314.7 45010.1 60912.2 36866.3 40724.7 12897.6 27827.1 28511.8 15393.2 25304.7 24045.9 15572.8 6249.64 7019.72 13118.6 3308.37 2363.75 4814.7 8553.06 4064.03 750.667 1434.94 944.619 915.177
internal_count=902377 432858 469519 256459 176399 444415 281267 179922 243306 147167 163148 51613 111535 113988 61493 101345 96139 62411 25104 28163 52495 13153 9409 19324 34248 16319 3005 5780 3744 3683
is_linear=0
shrinkage=1


Tree=1
num_leaves=31
num_cat=0
split_feature=13 9 3 13 9 13 9 9 3 13 4 13 13 9 9 13 9 13 17 4 13 13 9 9 3 9 13 13 15 15
split_gain=2965.92 2126.27 1737.96 1472.99 1379.61 1171.64 876.405 854.437 845.206 576.236 535.455 524.046 511.427 479.824 444.862 406.905 400.149 386.063 372.285 351.811 339.447 315.475 304.174 244.041 223.848 123.633 121.843 119.15 51.4588 43.0227
threshold=-0.00074198338688385979 -1.0590167565678366 0.0035645598617598533 0.035345090142432485 1.2126300536449826 -0.024928664112267959 1.3697962274098134 -1.1756153638152134 -0.0047352466769944304 -0.013979511386193298 0.012132673469934791 -0.014720254974997014 0.011433451326715251 1.0348641245318115 1.1631925840701296 0.011433451326715251 -1.4601892222773822 -0.053975181033966806 0.030131464168354719 0.0058205647881457998 -0.07329325294484261 0.11081522371121745 -0.97933591271079257 1.5712514802429511 0.028267639493302469 -1.5520436728040756 -0.017160497243586977 -0.0068507250080809814 4.5000000000000009 4.5000000000000009
decision_type=2 2 2 2 2 2 2 2 2 2 2 2 2 2 2 2 2 2 2 2 2 2 2 2 2 2 2 2 2 2
left_child=1 5 7 6 8 10 22 25 11 -10 17 -3 14 -14 -9 -8 19 -1 24 -7 -12 -20 -4 26 -5 28 -6 -18 -2 -27
right_child=2 4 3 18 23 16 15 12 9 -11 20 -13 13 -15 -16 -17 27 -19 21 -21 -22 -23 -24 -25 -26 29 -28 -29 -30 -31
leaf_value=-0.021987359876236456 0.062494938335725662 -0.0096139259360807396 0.018396912008436309 0.020978411463650662 -0.055767679394924975 0.0095645387168601572 -0.032721611720076718 0.0085892847019745661 -0.025254656053278618 -0.010783757344391184 -0.0041357359214858639 0.0044334888970209803 0.023143979692938604 0.0085187239551131663 -0.01184217029410844 -0.011510388500705251 0.0012561676708956451 -0.00521954670344945 -0.00075889068384319661 0.029833429635973824 0.012617992926806066 0.015670175167461227 -0.0020450417940206527 -0.068870278099281868 0.0082607586931611101 0.037906184265377153 -0.030003526089500323 0.014214018710375143 0.028754788632505125 0.023159829056120001
leaf_weight=4689.0173682123423 617.82657527923584 17505.035575091839 1949.7623978853226 7487.370428532362 612.06497812271118 4190.7373967319727 2931.8977988362312 18812.561128869653 11315.901608869433 17546.72626234591 6252.8482897132635 10695.903779134154 12194.737207204103 10382.993784427643 3103.7431218028069 9880.9519390612841 6494.7814247459173 12813.105286702514 10755.196157038212 4376.7717378288507 5853.7411321997643 4011.9703433811665 27294.923647716641 761.16389875113964 6432.6641408652067 1454.9504246413708 1833.6584881842136 2440.757596924901 138.30446995794773 749.36702482402325
leaf_count=18701 2495 69928 7821 30038 2431 16787 11676 75342 45110 70084 24997 42809 48939 41582 12395 39462 25984 51216 43019 17583 23456 16082 109153 3019 25763 5852 7306 9783 556 3008
internal_value=-5.12877e-10 -0.00601505 0.00546458 0.000498955 -0.0122355 0.00194288 -0.00545966 0.0128673 -0.0104422 -0.0164572 -0.00411958 -0.0042861 0.0111367 0.0164182 0.00569582 -0.016364 0.0121983 -0.00971183 0.00923471 0.019919 0.00396498 0.00370459 -0.000682163 -0.044146 0.0151014 0.0388775 -0.0364512 0.00479563 0.0563235 0.0328931
internal_weight=225581 107382 118199 70744.7 60270.5 47111.8 42057.5 47454.5 57063.6 28862.6 29608.7 28200.9 44494 22577.7 21916.3 12812.8 17503 17502.1 28687.2 8567.51 12106.6 14767.2 29244.7 3206.89 13920 2960.45 2445.72 8935.54 756.131 2204.32
internal_count=902377 429194 473183 283014 240687 188507 168112 190169 227931 115194 118370 112737 178258 90521 87737 51138 70137 69917 114902 34370 48453 59101 116974 12756 55801 11911 9737 35767 3051 8860
is_linear=0
shrinkage=0.05


Tree=2
num_leaves=31
num_cat=0
split_feature=13 9 3 9 13 13 13 3 9 9 3 4 14 14 9 13 9 13 12 4 13 13 4 17 12 9 13 15 17 9
split_gain=2687.12 2023.56 1548.01 1370.56 1370.53 1147.34 901.95 996.065 724.748 675.902 592.282 492.193 382.437 453.509 374.532 332.919 321.846 299.99 288.379 282.952 280.056 194.076 128.744 114.749 86.8524 81.8575 68.3278 58.756 37.6496 31.8683
threshold=0.0035971223021583625 1.2126300536449826 0.0044241161597130549 -1.091566787159332 -0.024928664112267959 0.035345090142432485 -0.013615362394699902 -0.019544449624032342 0.95934300958622565 1.3697962274098134 -0.000865121579444461 0.0091581816526141672 11.500000000000002 21.500000000000004 -1.3570486334651108 -0.0065694062116044552 1.5712514802429511 0.019783247931153828 -1.0000000180025095e-35 0.00489138519396147 0.02125398975760551 -0.011688971456945916 0.0027429738288706393 0.024959142662278947 -1.0000000180025095e-35 1.5066210681491004 -0.010317921763010938 4.5000000000000009 0.062752638345885417 1.789155311853394
decision_type=2 2 2 2 2 2 2 2 2 2 2 2 2 2 2 2 2 2 2 2 2 2 2 2 2 2 2 2 2 2
left_child=1 3 8 4 11 9 7 -5 14 18 -8 -1 23 -14 27 -6 21 -16 -4 -11 22 28 -10 -7 -23 -22 -18 -2 -3 -28
right_child=2 16 5 6 15 12 10 -9 20 19 -12 -13 13 -15 17 -17 26 -19 -20 -21 25 24 -24 -25 -26 -27 29 -29 -30 -31
leaf_value=-0.012131985065072765 0.056568438992561899 -0.053404077524887343 0.048410121658883774 -0.0010390906441735594 0.0095462727730199134 0.0079216041097374956 0.0030345709450507003 -0.020531087304202739 0.014167688822994007 -0.0026681021475454579 -0.0090869316923094714 0.0012599345330355904 0.018333617223913391 -0.0048683675907345621 0.014089100865448345 0.024721320145688196 -0.078113502624062581 0.026417149492708833 -0.00059763701990788864 -0.019750008613036479 0.016962181222558003 0.0079427217495649308 -0.0048107888122480083 -0.0013200315526750751 -0.024531794480731801 0.0070040329253726044 -0.043354748125100345 0.026975216712635433 -0.027506893686850099 -0.06128891970838507
leaf_weight=11036.81268273294 746.64055427908897 738.60067892074585 304.18405252695084 9495.7534596025944 13501.815576523542 5889.4243026971817 19868.780591309071 21157.191449359059 1051.4663937240839 3436.4841447323561 20449.888850584626 18134.090603113174 12052.667636930943 2552.0261878967285 15246.94185782969 4935.3910426497459 298.70049852132797 7296.0213410705328 22771.255461364985 8230.3597676306963 3843.4360646009445 223.19276337325573 5951.8530669212341 7817.1086305975914 2655.91230674088 4456.5492773503065 587.95322078466415 216.32492703199387 173.26793946325779 428.03966690599918
leaf_count=44076 3019 2939 1225 37977 54099 23593 79512 84407 4214 13742 81701 72554 48341 10204 61123 19824 1188 29309 91083 32836 15413 894 23794 31267 10592 17846 2342 870 692 1701
internal_value=-1.39384e-08 -0.00495272 0.00601374 -0.00362566 0.00293754 0.00117801 -0.00802829 -0.0144928 0.0138704 -0.0049105 -0.00311353 -0.0038069 0.00864956 0.0142793 0.0193835 0.0136084 -0.0357738 0.0180791 4.83909e-05 -0.0147185 0.00540214 -0.0283811 -0.00196139 0.00265092 -0.0220143 0.0116153 -0.057091 0.0499205 -0.0484832 -0.0509104
internal_weight=225548 123685 101863 118580 47608.1 63053.5 70971.6 30652.9 38809.2 34742.3 40318.7 29170.9 28311.2 14604.7 23505.9 18437.2 5105.67 22543 23075.4 11666.8 15303.3 3790.97 7003.32 13706.5 2879.11 8299.99 1314.69 962.965 911.869 1015.99
internal_count=902377 494498 407879 474150 190553 252291 283597 122384 155588 138886 161213 116630 113405 58545 94321 73923 20348 90432 92308 46578 61267 15117 28008 54860 11486 33259 5231 3889 3631 4043
is_linear=0
shrinkage=0.05


Tree=3
num_leaves=31
num_cat=0
split_feature=13 9 13 9 3 9 3 3 9 13 13 13 3 14 14 9 3 14 13 9 17 13 3 13 13 9 13 5 9 14
split_gain=2473.19 2240.05 1593.87 1615.45 1282.27 861.933 800.962 800.59 649.958 605.387 470.754 455.28 339.678 326.422 439.2 284.509 269.299 253.316 211.223 205.409 195.531 215.508 168.521 167.776 119.4 100.443 97.782 92.6372 90.5475 89.2032
threshold=0.020753416001427331 1.2126300536449826 -0.011328999442674235 -1.1932761254922222 -0.014803379226288658 -1.141771412978289 0.017941396719190376 0.0018488490199009002 1.3697962274098134 -0.00074198338688385979 -0.043756749328868798 0.05455676137477939 0.014413294787501642 11.500000000000002 13.500000000000002 -1.6247147686815533 0.03799951899951904 1.0000000180025095e-35 0.0097812986270943165 1.528152746499887 0.053784005252250751 0.11081522371121745 0.06426917482395457 0.052987677202534396 0.0377813943997738 -0.79376835247634314 -0.017160497243586977 0.002986976479952433 1.6848796967387787 11.500000000000002
decision_type=2 2 2 2 2 2 2 2 2 2 2 2 2 2 2 2 2 2 2 2 2 2 2 2 2 2 2 2 2 2
left_child=1 2 4 15 10 -6 8 -5 13 19 -1 16 18 17 -15 -4 24 -2 -11 26 22 -22 -13 27 -8 -18 -3 -10 -14 -25
right_child=6 9 3 7 5 -7 11 -9 23 12 -12 20 28 14 -16 -17 25 -19 -20 -21 21 -23 -24 29 -26 -27 -28 -29 -30 -31
leaf_value=-0.0054308919050663589 0.044062867305958216 -0.050078315559976654 0.039937544971052154 0.0060771038559131662 -0.003993406975489981 -0.019089021038970651 -0.0032939102225839761 -0.0046863694421830073 0.011324783340617884 -0.019290611413594241 0.0062143897887035103 0.019218271545631251 -0.02109540633370327 0.05108753852951612 0.022433021550826153 0.01900727643333007 0.027476601432559949 0.011940152264174801 -0.0044290496468169169 -0.060366663603935014 -0.0049983741914412794 0.012564143422155434 -0.00052855974477259652 0.007982921028067861 0.0077610178406528315 -0.015161790288564028 -0.026239909290139331 -0.0010012510655998234 -0.037296431593343234 0.02348954215104368
leaf_weight=16980.405934467912 664.6338495016098 574.17293076217175 2190.7445839047432 38898.779558584094 16378.25976999104 22373.679965481162 5989.4765496402979 31079.284498929977 2012.4797964245081 4339.2768335789442 17749.803350046277 5586.4077042639256 1687.4901447892189 1682.5384430140257 6516.4800380319357 6271.9673773944378 142.883554905653 8013.3120687752962 5324.5658768564463 904.05314439535141 3590.2387675195932 3401.823207706213 1339.5029777735472 2140.7583909034729 4124.4119950681925 4143.273030847311 1715.2545979917049 6284.2829873859882 1763.9869381934404 1636.3599115163088
leaf_count=67877 2677 2293 8833 155766 65495 89303 23951 124249 8064 17318 71073 22414 6733 6784 26171 25190 574 32136 21287 3616 14353 13635 5360 8575 16524 16544 6847 25142 7024 6569
internal_value=-3.9649e-08 -0.00305518 -0.00116482 0.00379202 -0.00645614 -0.012709 0.00897466 0.00129673 0.0148228 -0.0206646 0.000520741 0.00299583 -0.0159111 0.0211594 0.0283133 0.0244255 -0.00323698 0.0144004 -0.0111022 -0.040187 0.00944453 0.00354626 0.0153991 0.00596541 0.00121425 -0.0137404 -0.0322184 0.00198858 -0.0293755 0.0147009
internal_weight=225501 168232 151923 78440.8 73482.1 38751.9 57268.9 69978.1 28950.8 16308.8 34730.2 28318 13115.3 16877 8199.02 8462.71 14400 8677.95 9663.84 3193.48 13918 6992.06 6925.91 12073.9 10113.9 4286.16 2289.43 8296.76 3451.48 3777.12
internal_count=902377 672904 607786 314038 293748 154798 229473 280015 116118 65118 138950 113355 52362 67768 32955 34023 57593 34813 38605 12756 55762 27988 27774 48350 40475 17118 9140 33206 13757 15144
is_linear=0
shrinkage=0.05


Tree=4
num_leaves=31
num_cat=0
split_feature=13 9 3 13 9 13 9 13 3 9 3 9 4 9 13 17 13 4 3 4 13 3 13 9 6 2 13 15 9 13
split_gain=2281.19 1651.41 1357.95 1061.34 1026.53 971.145 803.965 648.413 771.206 621.188 555.98 409.174 390.024 340.965 365.425 332.981 420.322 316.365 295.243 273.595 243.703 227.723 185.679 90.3181 89.0311 73.5347 54.7577 46.4063 43.9603 25.3612
threshold=-0.00048151043733707372 0.91292403389968413 0.0019965878647125739 0.021742797103567416 -1.2816440014125641 -0.024928664112267959 1.3697962274098134 -0.021111854475268085 -0.020521705566829692 -1.1756153638152134 -0.0047352466769944304 1.4445376746565557 0.012132673469934791 1.1141773932995234 0.015813926387441394 0.024959142662278947 0.044464535041314319 0.0057428810737635205 0.010945210192010226 0.004240721985751904 0.02125398975760551 0.023794157290741528 -0.0092982441698593581 -1.6742701433092002 0.78780495023315056 0.00012539988443505126 -0.010991285578337283 4.5000000000000009 1.6381255330305811 0.013194525758403743
decision_type=2 2 2 2 2 2 2 2 2 2 2 2 2 2 2 2 2 2 2 2 2 2 2 2 2 2 2 2 2 2
left_child=1 4 9 6 5 12 18 8 -6 23 -9 22 -1 14 -11 21 -17 -7 -4 -8 -15 -5 24 29 -3 -24 -13 -25 -28 -2
right_child=2 11 3 15 7 17 19 10 -10 13 -12 26 -14 20 -16 16 -18 -19 -20 -21 -22 -23 25 27 -26 -27 28 -29 -30 -31
leaf_value=-0.007601113808174827 0.049515955601916503 -0.021893514077068146 0.0030738456375814468 0.014282003329283397 -0.0019706464958769323 0.0059629998517710349 -0.0060703765251586342 0.0037508029604418599 -0.020950168026421558 0.009538660985990698 -0.008528641329725202 -0.065961855879797665 0.0047263459496449823 -0.0048877827457150143 0.021916078515507156 -0.010742011218343646 0.0057184241966951928 0.022042868670997459 -0.0078646173311515567 -0.026515218799918045 0.0098114962805740513 0.0042916779622811044 -0.0056794245954291788 0.036071621154055523 -0.037888828834900128 -0.020268125494569005 -0.03437694418299083 0.020883962390947985 -0.057362973558823166 0.078510253239793326
leaf_weight=15456.180850148201 341.87441132962704 1708.4659154713154 14388.015388786793 13469.885237917304 8389.4253050684929 5741.7134233564138 2377.1625419408083 15675.460136607289 14784.537165388465 18684.629040271044 22377.325242564082 470.61875553429127 10970.405961841345 5125.2252978235483 8758.4324145466089 5346.8082811832428 14120.619520634413 6546.5444872230291 10798.983209356666 5251.0050732791424 6268.4548504501581 9893.8933356553316 1567.2800430804491 1552.7041953355074 1772.5273749232292 1924.3158533871174 464.78236469626427 743.94504886865616 376.50026504695415 96.767344787716866
leaf_count=61767 1392 6828 57587 54028 33549 23006 9506 62747 59018 74873 89435 1894 43913 20491 35216 21363 56550 26305 43154 20950 25124 39623 6268 6273 7071 7682 1861 2993 1514 396
internal_value=-6.87996e-08 -0.00523442 0.00483273 0.000843205 -0.00345617 0.00291641 -0.00592303 -0.00748568 -0.0140792 0.0120922 -0.00347025 -0.0266866 -0.00248364 0.0104702 0.0134889 0.00602716 0.0011975 0.0145295 -0.00161605 -0.020144 0.00319931 0.0100514 -0.0218666 0.0351226 -0.0300384 -0.0137197 -0.0523041 0.0311519 -0.0446639 0.0559123
internal_weight=225444 108226 117218 75646.4 99941.6 38714.8 32815.2 61226.7 23174 41572 38052.8 8284.49 26426.6 38836.7 27443.1 42831.2 19467.4 12288.3 25187 7628.17 11393.7 23363.8 6972.59 2735.29 3480.99 3491.6 1311.9 2296.65 841.283 438.642
internal_count=902377 432858 469519 302761 399740 154991 131197 244749 92567 166758 152182 33118 105680 155704 110089 171564 77913 49311 100741 30456 45615 93651 27849 11054 13899 13950 5269 9266 3375 1788
is_linear=0
shrinkage=0.05


Tree=5
num_leaves=31
num_cat=0
split_feature=13 9 13 9 3 3 9 13 10 9 13 9 17 9 13 14 14 9 14 3 13 13 5 5 5 3 17 9 13 15
split_gain=2092.48 1977.03 1037.67 1306.63 1089.36 967.772 724.647 644.201 570.729 530.15 408.626 365.67 345.953 304.773 281.414 239.958 368.398 215.177 183.723 173.195 169.483 156.946 137.718 121.815 113.011 93.508 86.2196 76.8798 53.196 46.701
threshold=0.011433451326715251 1.1300271001055042 -0.013979511386193298 -1.091566787159332 -0.02101716149088417 0.0087575062979671232 -1.2816440014125641 0.039623923311291394 48.106060606060616 1.1462937625121101 -0.043756749328868798 1.5927154240783239 0.024959142662278947 -1.5520436728040756 -0.0040296513726152386 11.500000000000002 21.500000000000004 -1.300372371320196 11.500000000000002 0.020631504238734614 0.0030948348226607085 0.04056716867095967 0.0018792267866958412 0.0024097954959012508 0.0027318274324483233 0.049392647835405985 0.055772365909552486 1.8167580290817134 -0.017160497243586977 4.5000000000000009
decision_type=2 2 2 2 2 2 2 2 2 2 2 2 2 2 2 2 2 2 2 2 2 2 2 2 2 2 2 2 2 2
left_child=1 2 4 13 10 9 -6 12 -5 17 -1 14 19 -4 28 25 -17 29 -19 -7 -13 22 -11 -22 -16 -9 -23 -14 -3 -2
right_child=5 11 3 8 6 7 -8 15 -10 21 -12 20 27 -15 24 16 -18 18 -20 -21 23 26 -24 -25 -26 -27 -28 -29 -30 -31
leaf_value=-0.0035701957410039353 0.056456863191362366 -0.041489888423795612 0.030082599864555266 0.0049420067323478374 -0.0032525254921951783 0.0033465119653395404 -0.016802799439006252 0.0056212382492971972 -0.005146293885881446 0.019297869916013136 0.0090980882311169284 -0.053672757008542162 -0.011433136281083988 0.012474820757396449 -0.0041203871553565771 0.016671875399369956 -0.0061209804748607582 0.012808894961990834 0.022866484442374727 -0.0066994374582540874 -0.012220017942143072 0.018399197524781346 -0.00062403257004145637 -0.038464325196365889 -0.017704885317964627 -0.0041209057199660514 0.004366438407470882 -0.024810673255107 -0.026506859098870114 0.024635716465567586
leaf_weight=15071.108739718795 443.62181790173054 901.54690970480442 3459.7148108035326 25421.047712922096 16623.341581717134 10135.499363347888 24274.763008609414 7732.188730314374 31258.254806146026 978.97934602200985 11019.821539610624 1097.9892780035734 3013.7333896011114 8484.4391962885857 2576.5846294313669 9995.5156065374613 2155.0136237740517 9263.6166863739491 8905.9505134224892 7439.4597821384668 689.53893388807774 2873.5561248511076 7618.0863780528307 1232.3910964131355 3772.7630509287119 3614.474866554141 1768.1424710601568 1668.6324363648891 1727.6350151598454 155.79372635483742
leaf_count=60262 1811 3623 13963 101787 66494 40579 97003 30976 124969 3927 44148 4432 12040 34062 10308 40116 8617 37196 35822 29742 2756 11535 30484 4915 15072 14456 7083 6657 6913 629
internal_value=-1.07177e-07 -0.00349694 -0.00177575 0.00254557 -0.0062025 0.0066377 -0.0112952 0.00197237 -0.000621623 0.0133067 0.00178041 -0.0229508 -0.00412349 0.017575 -0.0178885 0.00774657 0.0126293 0.0187111 0.0177387 -0.000905927 -0.0380015 0.00564478 0.00164455 -0.0290485 -0.0121923 0.00251788 0.0130538 -0.0162004 -0.0316445 0.0481862
internal_weight=225373 147611 135612 68623.5 66989 77762.3 40898.1 45754.5 56679.3 32007.7 26090.9 11998.4 22257.3 11944.2 8978.53 23497.2 12150.5 18769 18169.6 17575 3019.92 13238.8 8597.07 1921.93 6349.35 11346.7 4641.7 4682.37 2629.18 599.416
internal_count=902377 590707 542688 274781 267907 311670 163497 183183 226756 128487 104410 48019 89018 48025 35916 94165 48733 75458 73018 70321 12103 53029 34411 7671 25380 45432 18618 18697 10536 2440
is_linear=0
shrinkage=0.05


Tree=6
num_leaves=31
num_cat=0
split_feature=13 9 3 13 9 13 9 13 3 12 9 9 12 9 14 14 5 13 5 5 13 13 17 19 17 14 3 13 15 9
split_gain=1916.41 1430.69 1167.87 887.287 840.729 873.425 622.963 568.743 634.657 513.687 487.66 378.729 377.423 349.769 343.756 419.735 324.181 267.097 229.016 202.27 201.17 198.687 130.215 117.046 93.1606 82.8932 77.1913 66.5403 51.6384 33.3167
threshold=0.0011810836065168087 0.91292403389968413 0.0035645598617598533 0.025379891604820019 -1.1756153638152134 -0.024928664112267959 1.3697962274098134 -0.021111854475268085 -0.019064601948943268 1.0000000180025095e-35 0.95934300958622565 1.4445376746565557 -1.0000000180025095e-35 -1.3184853441807229 11.500000000000002 21.500000000000004 0.0071168566696252393 0.015813926387441394 0.0036539376639660903 0.0024401873476620011 0.034558853275611263 -0.0092982441698593581 0.0079075761844898968 0.41798027129100351 0.048602036662721844 17.500000000000004 0.001120654285731826 -0.010991285578337283 4.5000000000000009 1.789155311853394
decision_type=2 2 2 2 2 2 2 2 2 2 2 2 2 2 2 2 2 2 2 2 2 2 2 2 2 2 2 2 2 2
left_child=1 4 10 6 5 16 12 8 -6 -9 13 21 -4 28 22 -16 -1 -15 -7 -8 23 25 -5 -12 -22 -3 -23 -13 -2 -29
right_child=2 11 3 14 7 18 19 9 -10 -11 20 27 -14 17 15 -17 -18 -19 -20 -21 24 26 -24 -25 -26 -27 -28 29 -30 -31
leaf_value=-0.0077296096599125666 0.044421080435338399 -0.032015944701614146 0.044230113288839176 0.0067512961904168962 -0.0024317573020286704 0.0059349077344521828 -0.0030166985348867963 -0.0018520253467768308 -0.020135453636906248 -0.028287017229997102 0.0078215248739586154 -0.061481818135990664 -0.0022132104121903944 0.010177326218127544 0.01387141065001803 -0.0056026042011347449 0.0030563261917801901 0.020946403267882406 0.018167477738124996 -0.021489770170690512 0.018362422183783433 -0.0052734924461601837 -0.0021299310118990892 -0.0033536267973314931 0.0041190923962856722 -0.013957481879189671 -0.018315794751256345 -0.033935480911039803 0.022994697018257848 -0.054235170556982494
leaf_weight=15101.403277844191 1098.8563290983438 2632.449454754591 446.33230178058147 6274.8714653849602 8310.6674932837486 7595.4098635017872 1921.984307512641 38494.859610870481 12951.720408990979 1929.8529242277145 3482.7901062369347 462.57795993983746 21964.916653454304 16620.840129807591 15881.667459532619 3350.7503845244646 12932.231373295188 8809.5099461376667 7710.3286580443382 6470.3169754743576 2863.1726723611355 2279.9131489694118 12058.314255252481 7160.3070119172335 1916.4325997233391 837.69231334328651 2258.141828969121 830.87233947217464 377.90715771913528 267.10479342937469
leaf_count=60356 4496 10540 1799 25148 33234 30463 7692 154013 51786 7693 13955 1894 87850 66650 63738 13399 51756 35501 31005 25862 11501 9121 48246 28650 7680 3359 9024 3350 1528 1088
internal_value=-1.41781e-07 -0.00453254 0.00469178 0.000650776 -0.00284623 0.00249086 -0.00563946 -0.00659589 -0.0132157 -0.00311402 0.0112186 -0.0230414 -0.00128827 0.0152817 0.00580873 0.0104786 -0.00275394 0.0139079 0.0120971 -0.0172591 0.00413005 -0.0186503 0.000909833 0.00030327 0.0126514 -0.0276566 -0.0117634 -0.0455752 0.038938 -0.0388738
internal_weight=225294 114595 110699 68369.2 105026 43339.4 30803.6 61687.1 21262.4 40424.7 42329.8 9568.75 22411.2 26907.1 37565.6 19232.4 28033.6 25430.4 15305.7 8392.3 15422.7 8008.2 18333.2 10643.1 4779.61 3470.14 4538.05 1560.56 1476.76 1097.98
internal_count=902377 458682 443695 273734 420306 173580 123203 246726 85020 161706 169961 38376 89649 108175 150531 77137 112112 102151 61468 33554 61786 32044 73394 42605 19181 13899 18145 6332 6024 4438
is_linear=0
shrinkage=0.05


Tree=7
num_leaves=31
num_cat=0
split_feature=13 9 3 3 13 13 9 9 12 2 12 13 9 12 2 9 3 13 13 14 13 13 4 12 13 4 12 13 4 17
split_gain=1747.85 1382.06 1073.77 863.553 818.908 795.012 541.357 528.682 513.823 496.546 468.724 427.635 384.391 311.382 304.626 274.954 269.456 301.354 260.017 243.895 229.79 218.123 214.549 207.819 201.407 188.308 183.504 115.985 114.831 92.0635
threshold=0.0038268753222271417 -0.60715483219583188 0.0062491407818954245 0.002304946149291665 0.035345090142432485 -0.018003957391705679 1.0665249287203451 -1.4601892222773822 1.0000000180025095e-35 -0.015378604044251286 -1.0000000180025095e-35 -0.013979511386193298 1.3697962274098134 -1.0000000180025095e-35 -0.0016912363214360291 1.528152746499887 0.03673977324188183 0.063351810841041814 -0.013979511386193298 11.500000000000002 -0.067773744759268603 -0.04068433324583192 0.00489138519396147 1.0000000180025095e-35 0.02125398975760551 0.0053176835550495264 -1.0000000180025095e-35 -0.0012319126078266238 0.0027429738288706393 0.010661086121802723
decision_type=2 2 2 2 2 2 2 2 2 2 2 2 2 2 2 2 2 2 2 2 2 2 2 2 2 2 2 2 2 2
left_child=1 5 6 8 12 9 13 25 11 21 18 -3 26 29 -15 -12 19 -18 -5 -6 -11 -1 -14 -9 28 -7 -4 -10 -8 -2
right_child=2 3 4 10 16 7 24 23 27 20 15 -13 22 14 -16 -17 17 -19 -20 -21 -22 -23 -24 -25 -26 -27 -28 -29 -30 -31
leaf_value=-0.00013530768018366274 0.047053790700922818 -0.010113457716221106 0.044278324676524282 -0.012802371322507555 0.0049450683078350183 0.011346742780115051 0.012121657850281381 0.0051501864569516512 -0.044411315811967209 -0.017807845866185643 -0.020128093037816024 0.00077682375228182489 -0.0013144623442418349 0.019195269957035143 0.0084184750839000674 -0.044645546491539491 -0.0093093150229958451 0.0069705135744459971 0.015638234090399019 0.017745695374221934 -0.005314193221354355 0.012846123493457751 -0.017176613693288448 -0.018268982696983588 0.0084235963478671971 0.029301756080959581 -0.0015657394225146904 -0.019913294552518369 -0.0059326454998818619 0.012314723296794759
leaf_weight=10066.640148967505 953.24211105704308 16123.718561276793 220.72751404345036 2018.5045710802078 7515.2480865716934 2698.3035885095596 1042.9879300892353 18247.00012037158 828.85458986461163 4397.2126088142395 14259.032013550401 20444.159988567233 2941.1670398116112 13526.7298861444 12727.003359660506 1243.2406266331673 4345.5070617198944 8219.2047941684723 1335.2694971859455 7370.8608579188585 22576.008787080646 4768.8419433385134 7746.4947511255741 999.16028836369514 8646.4231370538473 3182.7224943190813 19703.055020779371 1158.3848574757576 5660.9541355222464 238.41903340816498
leaf_count=40275 3854 64536 892 8096 30114 10847 4180 73118 3311 17555 57001 81833 11774 54500 51109 5077 17374 32944 5356 29623 90335 19125 30977 3991 34678 12868 78813 4625 22637 959
internal_value=-1.83994e-07 -0.00396726 0.00489079 -0.00965902 0.000461605 0.000914592 0.0109 0.00794351 -0.00537057 -0.00330982 -0.0184277 -0.00402498 -0.0051615 0.0151057 0.013971 -0.0220943 0.00673214 0.00134013 -0.00147905 0.0112833 -0.00735093 0.00403755 -0.0128115 0.00393439 0.00338052 0.0210637 -0.00105785 -0.0301311 -0.00312379 0.0401034
internal_weight=225205 124347 100858 57411.2 58062.3 66935.9 42795.8 25127.2 38555.1 41808.7 18856 36567.9 30611.4 27445.4 26253.7 15502.3 27450.8 12564.7 3353.77 14886.1 26973.2 14835.5 10687.7 19246.2 15350.4 5881.03 19923.8 1987.24 6703.94 1191.66
internal_count=902377 497949 404428 229835 232511 268114 171917 100824 154305 167290 75530 146369 122456 110422 105609 62078 110055 50318 13452 59737 107890 59400 42751 77109 61495 23715 79705 7936 26817 4813
is_linear=0
shrinkage=0.05


Tree=8
num_leaves=31
num_cat=0
split_feature=13 2 12 13 3 12 13 13 3 13 3 13 14 14 14 3 3 14 3 13 13 14 13 14 15 3 6 13 3 14
split_gain=1619.03 1349.84 873.136 957.082 756.983 641.417 909.166 520.747 481.554 358.677 314.085 275.509 268.321 416.72 284.23 260.488 259.551 237.443 213.651 209.687 207.268 160.31 158.281 157.933 117.458 101.38 100.681 91.2378 71.3581 56.7566
threshold=0.011433451326715251 0.00021796429593823333 1.0000000180025095e-35 -0.0090001092050511194 0.010178273058296885 -1.0000000180025095e-35 -0.0068507250080809814 0.044464535041314319 -0.02101716149088417 -0.0012319126078266238 0.0099207305445172551 0.00027193727485930191 11.500000000000002 13.500000000000002 1.0000000180025095e-35 0.023794157290741528 -0.00072441315715615618 21.500000000000004 0.049392647835405985 0.082783554866759604 -0.037859382328843554 11.500000000000002 0.020753416001427331 9.5000000000000018 3.5000000000000004 0.001262206163569535 0.81010117498502676 0.023170426943072812 0.043675947585623993 22.500000000000004
decision_type=2 2 2 2 2 2 2 2 2 2 2 2 2 2 2 2 2 2 2 2 2 2 2 2 2 2 2 2 2 2
left_child=1 2 3 8 12 6 20 15 -1 29 11 -7 14 27 -2 22 -5 -15 21 -20 -3 -9 -6 -16 -11 -8 -12 -14 -17 -4
right_child=4 5 9 16 7 10 25 18 -10 24 26 -13 13 17 23 28 -18 -19 19 -21 -22 -23 -24 -25 -26 -27 -28 -29 -30 -31
leaf_value=0.0038390191329181391 0.029897036943178371 -0.015304359958208414 -0.036656006562146612 0.013249705513337019 -0.0059987246554753064 -0.013423635988337502 0.014661757945510948 0.0056727729184242737 -0.0057919513045639279 -0.017466885282010753 -0.013475926064892238 -0.0034772927362608425 0.022727978273695975 0.015319670970785555 0.0077914439721211842 -0.0075817686823256561 0.0026364716988400965 -0.0017459371887859022 -0.0096719557169993725 0.0073053083964648869 -0.0026124871344910534 0.016991783985989804 0.0050914594530994334 -0.0045581292946903487 -0.0023510355512490304 0.031771859400352896 -0.022166777822504313 0.039642419974280467 -0.017791049412077722 0.010410704950232229
leaf_weight=23274.913148343563 1274.7373522520065 4831.0360888540745 1772.9155719876289 18925.198063150048 5240.4282354414463 16495.989298552275 2710.2120516300201 6229.5618033260107 29340.887353345752 2365.0937138497829 5817.5181590020657 12046.55132047832 1437.4733602404594 10702.119064629078 13340.169243380427 7410.0163222849369 8281.3473704606295 2517.7521189600229 2959.442005738616 4718.704597428441 9626.9056652784348 6283.1426257640123 8333.659275829792 3212.2406497746706 2814.566688477993 1272.0987385362387 7801.2512341290712 1790.0858784019947 2225.6413118392229 66.452167153358459
leaf_count=93200 5141 19321 7096 76021 20965 66020 10884 24964 117506 9452 23307 48221 5790 43071 53577 29640 33189 10102 11833 18918 38578 25262 33392 12878 11268 5121 31256 7248 8889 267
internal_value=-1.92833e-07 -0.00307786 0.000918624 0.00240533 0.00584183 -0.00880478 -0.0010267 0.00145541 -0.00153163 -0.0159886 -0.0122067 -0.00922572 0.0113962 0.016002 0.00714687 -0.0036529 0.0100192 0.0120695 0.00732751 0.000761642 -0.0068534 0.0113565 0.00080997 0.00539483 -0.00925311 0.0201274 -0.0184543 0.0321092 -0.00993991 -0.0349556
internal_weight=225118 147443 86841.4 79822.3 77675.2 60601.6 18440.3 43400.6 52615.8 7019.03 42161.3 28542.5 34274.6 16447.4 17827.1 23209.7 27206.5 13219.9 20190.9 7678.15 14457.9 12512.7 13574.1 16552.4 5179.66 3982.31 13618.8 3227.56 9635.66 1839.37
internal_count=902377 590707 347999 319916 311670 242708 73904 173863 210706 28083 168804 114241 137807 66211 71596 92886 109210 53173 80977 30751 57899 50226 54357 66455 20720 16005 54563 13038 38529 7363
is_linear=0
shrinkage=0.05


Tree=9
num_leaves=31
num_cat=0
split_feature=13 9 9 2 3 13 9 13 4 9 9 5 17 13 13 3 9 13 9 13 13 13 2 4 13 9 15 17 14 15
split_gain=1482.67 1170.86 1118.76 890.48 731.433 620.115 592.095 591.44 441.784 404.823 387.523 352.737 319.517 275.552 266.994 274.855 261.955 258.527 231.628 214.488 213.082 181.152 164.093 146.368 86.2878 74.4563 69.9736 50.4978 45.2064 41.4631
threshold=-0.0014765014740162339 -0.94885646950253899 -0.97933591271079257 -0.00038716430686830389 -0.0047352466769944304 0.02125398975760551 1.4069726731600509 -0.034597127908593699 0.011838239224997519 1.3147645378843913 -1.6742701433092002 0.0051409333183542356 0.030954439405248949 -0.021111854475268085 -0.022647389793296387 -0.023209345138601952 0.95934300958622565 0.023712201633556144 -1.4178677351439013 -0.077142940274329538 0.011433451326715251 -0.067773744759268603 -0.0065741015128373817 0.007062389600168608 0.015084445691175731 1.6148907854767387 4.5000000000000009 0.020905010104312231 1.5000000000000002 5.5000000000000009
decision_type=2 2 2 2 2 2 2 2 2 2 2 2 2 2 2 2 2 2 2 2 2 2 2 2 2 2 2 2 2 2
left_child=1 7 18 16 14 6 -5 8 21 13 11 -9 -7 -6 15 -3 17 -4 26 -10 -18 -1 -16 -12 28 -11 -2 -26 -20 -28
right_child=2 4 3 5 9 12 -8 10 19 25 23 -13 -14 -15 22 -17 20 -19 24 -21 -22 -23 -24 -25 27 -27 29 -29 -30 -31
leaf_value=-0.024893312872649981 0.045233569558540326 -0.0014585659611893083 0.0091366948372299944 -0.0022362163015079224 -0.022479556588717139 0.0073090993349089074 -0.018434069134967403 0.0082998552244887194 -0.0045204586228071329 -0.031867139972458561 -0.001890633892636691 0.030369746503000922 -0.0019413826116966163 -0.010625464992781358 0.0066738192887905376 -0.0168029623233109 -0.0065981853985268906 0.021629792690764007 0.030773907352436094 0.0088670674383623319 0.0070193574255496679 -0.0086674590929245628 -0.0040028242994690115 0.0071297814758187542 0.031129727953150461 -0.054612190890353962 0.0064259631545314213 0.0054415251356615844 0.012771595967345676 0.042700599892012275
leaf_weight=2095.284752368927 1201.8652799129486 5854.6566762030125 16602.439573615789 28398.604432463646 6548.1814385503531 23766.27190195024 7040.4723676592112 6058.0842194259167 6059.704073548317 1174.5954622477293 10305.111100614071 2582.1469371467829 15372.939505502582 19505.069086328149 6847.4741360396147 5819.0153903663158 3730.7641322165728 5517.0910476893187 381.06535840034485 5909.6680888682604 12490.078303739429 9607.8643959611654 7585.5325061231852 7979.1712067574263 1425.2481314986944 518.69302347302437 217.40924544632435 220.97529172897339 4109.062280356884 123.53999878466129
leaf_count=8364 4959 23422 66640 113655 26281 95389 28220 24318 24227 4773 41273 10413 61574 78045 27439 23303 14938 22277 1537 23676 50107 38412 30362 32011 5773 2179 882 891 16533 504
internal_value=-1.71702e-07 -0.00436101 0.00377676 0.0025209 -0.00949227 -0.000662722 -0.00545415 0.00110049 -0.00466472 -0.0151445 0.00616936 0.0148955 0.00367573 -0.0136049 -0.00348496 -0.00910734 0.00871356 0.0122527 0.0222437 0.0020894 0.00388735 -0.0115725 0.00106251 0.00204583 0.0178895 -0.0388345 0.0395621 0.0276816 0.0142994 0.0195698
internal_weight=225048 104450 120598 112919 53853.2 74578.3 35439.1 50597 23672.5 27746.5 26924.5 8640.23 39139.2 26053.3 26106.7 11673.7 38340.4 22119.5 7679.17 11969.4 16220.8 11703.1 14433 18284.3 6136.35 1693.29 1542.81 1646.22 4490.13 340.949
internal_count=902377 418498 483879 452800 215804 298838 141875 202694 94679 111278 108015 34731 156963 104326 104526 46725 153962 88917 31079 47903 65045 46776 57801 73284 24734 6952 6345 6664 18070 1386
is_linear=0
shrinkage=0.05


Tree=10
num_leaves=31
num_cat=0
split_feature=13 9 2 9 13 12 13 3 4 13 12 9 4 9 13 13 14 12 13 13 17 13 14 4 14 13 13 9 14 14
split_gain=1341.7 1438.51 767.9 746.862 589.992 759.791 532.234 481.517 476.76 434.781 701.91 287.678 285.65 272.053 236.297 225.221 227.395 208.325 206.19 204.19 197.551 214.424 165.466 130.042 98.1837 69.381 62.6576 61.1007 37.1807 30.503
threshold=0.0097812986270943165 1.1462937625121101 -0.0012722646310432959 1.3881817759715347 -0.020678407359971725 1.0000000180025095e-35 0.05455676137477939 0.01409726437118375 0.0092744385858688824 -0.017545675989803052 -1.0000000180025095e-35 -1.2816440014125641 0.0050101517321546477 1.6848796967387787 0.029485572947194564 0.033742152217435047 11.500000000000002 -1.0000000180025095e-35 0.02125398975760551 -0.011688971456945916 0.068443476263228123 0.11081522371121745 21.500000000000004 0.0038459498862993256 11.500000000000002 0.022674823295009586 -0.00026451694608692339 -0.85566071893949325 7.5000000000000009 1.5000000000000002
decision_type=2 2 2 2 2 2 2 2 2 2 2 2 2 2 2 2 2 2 2 2 2 2 2 2 2 2 2 2 2 2
left_child=1 2 4 7 8 -6 12 15 -1 11 -11 -4 25 19 27 17 -17 -2 -14 28 24 -22 -16 -21 -8 -5 -15 -9 -3 -28
right_child=3 13 9 6 5 -7 20 14 -10 10 -12 -13 18 26 22 16 -18 -19 -20 23 21 -23 -24 -25 -26 -27 29 -29 -30 -31
leaf_value=-0.0096879642220736167 0.038451704467436981 -0.023332010433326028 -0.0048097051035602438 -0.00012644350730262377 0.0087986401774416724 -0.014635696529508158 0.0071832980521984516 0.011781032326895723 0.0021765243379041235 0.0098049179376575694 -0.0061662393376444094 -0.016627674872852466 -0.019293054845304674 -0.054653282727836476 0.0097022458756314371 0.01231064990735206 0.030169731922210608 0.0097908914600775745 -0.0055455585133875936 -0.0035570436276928519 -0.0092263205848855355 0.009609717950566414 -0.013207159625761765 -0.018360520234885248 0.018618939729036457 0.011389379371758924 -0.056023125187703318 -0.0058951519308435112 -0.041439926285813444 -0.030616392291349232
leaf_weight=14379.354697167873 652.54678978025913 418.71226434409618 9089.9142471253872 2970.2357790321112 33162.868518397212 3861.5837572216988 3787.8671280443668 528.66516901552677 20593.907352179289 8854.0460123121738 30845.648662790656 11878.839811384678 3433.095845118165 470.48076418042183 8474.6438021510839 3764.9785254299641 3384.788639202714 22335.749130696058 13270.080140858889 2097.3681989461184 2862.5623236149549 3199.7799270004034 868.99019326269627 5068.8896686434746 3720.6293750554323 2337.0920538753271 131.93372397124767 6497.5735291093588 877.71449221670628 1129.6956242769957
leaf_count=57549 2649 1714 36365 11895 133164 15444 15190 2121 82488 35540 123437 47634 13755 1998 34019 15179 13731 89856 53121 8413 11449 12840 3473 20361 14974 9376 529 25976 3592 4545
internal_value=-1.97158e-07 -0.00292732 -0.00153647 0.00509391 0.00195545 0.00635448 -0.000358638 0.00926543 -0.00270159 -0.00568048 -0.00260426 -0.0115046 -0.00516037 -0.0210266 0.00236228 0.013015 0.0207654 0.0106045 -0.00837116 -0.0173313 0.00742928 0.000715576 0.00757159 -0.0140279 0.0128499 0.00494457 -0.0390806 -0.00456517 -0.0355915 -0.0332733
internal_weight=224950 142861 132666 82089.3 71997.7 37024.5 35581.3 46507.9 34973.3 60668.4 39699.7 20968.8 22010.5 10194.8 16369.9 30138.1 7149.77 22988.3 16703.2 8462.68 13570.8 6062.34 9343.63 7166.26 7508.5 5307.33 1732.11 7026.24 1296.43 1261.63
internal_count=902377 572773 531621 329604 288645 148608 142600 187004 140037 242976 158977 83999 88147 41152 65589 121415 28910 92505 66876 34080 54453 24289 37492 28774 30164 21271 7072 28097 5306 5074
is_linear=0
shrinkage=0.05


Tree=11
num_leaves=31
num_cat=0
split_feature=13 2 2 17 13 17 13 17 14 17 13 4 14 13 14 14 4 14 13 13 13 14 6 2 14 10 17 10 17 2
split_gain=1261.05 969.417 927.361 595.795 420.246 487.101 323.594 317.557 315.859 300.372 262.34 275.895 225.332 224.534 213.886 212.175 184.139 175.768 174.186 160.992 152.708 135.177 117.049 110.832 110.792 110.132 103.275 78.8968 70.8683 63.4077
threshold=-0.00074198338688385979 -0.0053149548858223419 0.00021796429593823333 0.00043567916196729511 0.039623923311291394 0.017985886178865932 -0.019727996379731102 -0.027362859358239285 11.500000000000002 0.046853641798817021 -0.037859382328843554 0.0086561209358412931 1.5000000000000002 0.11081522371121745 17.500000000000004 21.500000000000004 0.014456210991175869 15.500000000000002 -0.055526977827386352 0.052987677202534396 0.02125398975760551 11.500000000000002 1.0909746992003246 -0.015378604044251286 9.5000000000000018 42.748911537294774 0.051987698712586801 30.222230371782903 0.013452146839900871 0.007262117025301996
decision_type=2 2 2 2 2 2 2 2 2 2 2 2 2 2 2 2 2 2 2 2 2 2 2 2 2 2 2 2 2 2
left_child=1 6 8 10 5 20 7 18 12 21 16 -12 25 -11 -9 19 -3 23 -1 -10 -4 -6 28 -8 -14 -2 -7 -19 -5 -24
right_child=2 3 4 22 9 26 17 14 15 13 11 -13 24 -15 -16 -17 -18 27 -20 -21 -22 -23 29 -25 -26 -27 -28 -29 -30 -31
leaf_value=-0.00055852866425716205 0.027117808378161815 -0.016972783453292263 -0.0018228135327461447 -0.010912451448166539 0.0051986508607692276 -0.010008126611489952 0.01124361440632872 -0.0089700640604146922 0.014194027666377514 -0.0070719986489817368 -0.0055026660059431893 0.0052776788758679754 0.0049558382194164717 0.0090843977974793041 0.0033876428495829207 0.0024463515221641984 -0.0022543853328264611 0.023615381667042544 0.011402478038589653 0.029419970865596487 0.005194342700441377 0.015126850553057375 -0.019220555746006077 4.0394087911343542e-05 -0.0045030668176510988 0.0094234841310193076 -0.02366476601513965 0.010559723335323613 -0.018986269012119958 -0.032366100108024348
leaf_weight=7018.8200441002846 1485.3238950967789 6818.6485739350319 29449.342319995165 7039.8929084837437 6555.3359741270542 8533.1572743356228 3152.9196068197489 13441.687161833048 15878.042005062103 5954.1628650426865 27414.108437985182 7574.8708630055189 15758.116505622864 3366.2719172090292 4734.8158857226372 3532.9520962238312 3087.1339481920004 1632.5278144925833 5374.581010222435 1949.2345907539129 10523.769384980202 7187.7017250806093 2526.2069952487946 7362.9107809513807 3852.6080242246389 2155.7177480459213 1652.4417977631092 3974.2310330569744 4427.0763809680939 1440.3592863827944
leaf_count=28090 6001 27301 118036 28217 26307 34178 12675 53810 64001 23826 109887 30447 63318 13513 18979 14186 12370 6572 21564 7895 42230 28960 10133 29531 15454 8665 6613 15973 17815 5830
internal_value=-2.57316e-07 -0.0039293 0.00356822 -0.00811583 0.000105934 -0.00246263 0.00147984 -0.00154301 0.00925092 0.00569207 -0.00520248 -0.0031688 0.00521849 -0.00123677 -0.00575099 0.0136404 -0.0123858 0.00721145 0.00462854 0.0158588 2.46017e-05 0.0103912 -0.0165905 0.00339941 0.0030976 0.0166417 -0.0122237 0.0143612 -0.0140295 -0.023994
internal_weight=224855 107021 117834 60328.3 73222.2 50158.7 46692.5 30569.9 44612 23063.5 44894.8 34989 23251.8 9320.43 18176.5 21360.2 9905.78 16122.6 12393.4 17827.3 39973.1 13743 15433.5 10515.8 19610.7 3641.04 10185.6 5606.76 11467 3966.57
internal_count=902377 429194 473183 242000 293663 201057 187194 122443 179520 92606 180005 140334 93438 37339 72789 86082 39671 64751 49654 71896 160266 55267 61995 42206 78772 14666 40791 22545 46032 15963
is_linear=0
shrinkage=0.05


Tree=12
num_leaves=31
num_cat=0
split_feature=13 9 9 2 13 9 9 13 17 5 5 9 17 13 13 13 13 9 9 9 9 14 15 13 13 15 14 15 13 14
split_gain=1154.51 1262.79 952.113 750.367 610.548 586.387 562.53 435.176 379.342 311.909 307.519 295.292 285.594 255.333 218.479 210.561 191.646 219.617 202.101 153.607 151.518 128.401 106.7 103.583 86.6875 58.4637 47.2851 40.1086 39.8279 39.5355
threshold=-0.0065694062116044552 -1.0266238260487681 -1.3184853441807229 -0.0014816345612823076 0.02125398975760551 0.92931836036366555 1.2635145839153974 -0.037859382328843554 -0.0099123225091095595 0.005496253889852633 0.015032108175121094 -1.4822101303066413 0.030954439405248949 -0.037859382328843554 -0.077142940274329538 -0.014720254974997014 0.013194525758403743 1.3523826047702985 1.528152746499887 -1.8191970676323865 1.4252094938686763 17.500000000000004 3.5000000000000004 -0.021111854475268085 0.015438621565674994 4.5000000000000009 1.5000000000000002 5.5000000000000009 0.013534745958751372 11.500000000000002
decision_type=2 2 2 2 2 2 2 2 2 2 2 2 2 2 2 2 2 2 2 2 2 2 2 2 2 2 2 2 2 2
left_child=2 11 7 16 6 8 -5 10 13 23 14 25 -6 -4 -1 -10 17 -3 -18 -11 21 -7 -12 -9 26 28 -13 -27 -2 -26
right_child=1 3 5 4 12 20 -8 9 15 19 22 24 -14 -15 -16 -17 18 -19 -20 -21 -22 -23 -24 -25 29 27 -28 -29 -30 -31
leaf_value=-0.015274372134602119 0.038081193451057226 0.0052025836300489681 -0.01016118654949455 -0.0020441825878472785 0.0067739969809832148 -0.027051436817412927 -0.015288332379012774 -0.0014718274874798455 -0.014697068648742366 0.029417567775328776 0.0054168793115779781 0.027053904889436632 -0.0018245726055100408 0.0016368992424219673 -0.0023386732393181515 -0.0055225646342469993 0.01407348895471186 -0.016059291788199422 0.0028548109690539752 0.011306148272433489 -0.046618972403728587 -0.0064317253430892802 0.026858806105919258 0.0079048551788553547 0.017559175719617782 0.0082616400838405601 0.01183287787666986 0.040376278012940456 0.062000840496794718 0.034522032095097382
leaf_weight=4550.7989888042212 1472.9012648910284 18610.883132055402 6732.5015184879303 36985.486597880721 24919.167835637927 2959.5928510725498 10236.477996066213 5837.1737169772387 16055.055746510625 1890.0842080265284 1775.7369025796652 558.33173336088657 15767.086689025164 14382.906830519438 11545.018529266119 10244.408620491624 13743.783159121871 1299.3039184212685 5670.8359136432409 3075.8763040453196 726.95377033948898 1013.5475609153509 861.76932108402252 5945.0261761695147 623.13979616761208 265.58824867010117 5924.064192995429 153.36579203605652 197.34407253563404 765.45539566874504
leaf_count=18180 6060 74640 26990 148062 100129 11942 41180 23360 64351 7624 7109 2257 63182 57695 46210 40989 55479 5225 22752 12361 3090 4087 3460 23890 2528 1079 23869 628 838 3131
internal_value=-2.4415e-07 0.002863 -0.00448464 0.00152084 -0.00104734 -0.00878585 -0.00491517 0.00183295 -0.00711601 0.00768928 -0.00340279 0.0200079 0.00344181 -0.00212484 -0.00599601 -0.0111233 0.00726185 0.00381507 0.0107966 0.0181995 -0.0256314 -0.0217914 0.0124227 0.00325943 0.0155725 0.0367183 0.0131439 0.0200178 0.0409074 0.0269099
internal_weight=224790 137193 87596.5 127233 87908.2 52115 47222 35481.5 47414.9 16748.2 18733.3 9960.19 40686.3 21115.4 16095.8 26299.5 39324.8 19910.2 19414.6 4965.96 4700.09 3973.14 2637.51 11782.2 7870.99 2089.2 6482.4 418.954 1670.25 1388.6
internal_count=902377 551039 351338 510649 352553 209144 189242 142194 190025 67235 74959 40390 163311 84685 64390 105340 158096 79865 78231 19985 19119 16029 10569 47250 31785 8605 26126 1707 6898 5659
is_linear=0
shrinkage=0.05


Tree=13
num_leaves=31
num_cat=0
split_feature=13 9 9 2 10 12 13 12 13 12 4 13 9 9 4 5 13 9 1 12 13 12 13 17 4 19 15 15 13 4
split_gain=1049.96 943.524 931.332 614.84 543.042 524.001 517.958 491.148 463.398 444.248 410.275 318.802 303.007 280.071 249.285 218.865 218.424 213.855 211.643 238.759 191.237 174.306 129.623 108.318 99.6204 79.0358 61.2995 40.8591 40.8 31.6052
threshold=-0.0014765014740162339 -0.94885646950253899 -0.73379535550652275 0.00086164171901670372 48.268428006345808 -1.0000000180025095e-35 0.039623923311291394 -1.0000000180025095e-35 -0.028408019940257708 1.0000000180025095e-35 0.0092744385858688824 -0.05731644108187444 -1.6004944430349874 -1.3974433035098148 0.0060567845612771384 0.0062940358999275933 -0.020678407359971725 1.2806335503468507 -0.00020648359335850849 1.0000000180025095e-35 -0.013615362394699902 -1.0000000180025095e-35 0.015813926387441394 -0.0099123225091095595 0.006213356094757894 0.35519410670702506 4.5000000000000009 5.5000000000000009 -0.0065694062116044552 0.0005697396257177918
decision_type=2 2 2 2 2 2 2 2 2 2 2 2 2 2 2 2 2 2 2 2 2 2 2 2 2 2 2 2 2 2
left_child=1 8 13 18 9 20 7 -5 10 16 24 -12 14 26 -10 -8 -3 -7 19 -4 -6 29 -23 -14 -1 -20 -2 -28 -11 -15
right_child=2 4 3 6 5 17 15 -9 12 28 11 -13 23 21 -16 -17 -18 -19 25 -21 -22 22 -24 -25 -26 -27 27 -29 -30 -31
leaf_value=-0.017839414077157528 0.03998256897320665 -0.0075708299931612592 0.013687890786748131 0.022911613510678643 -0.0099946275787760261 -0.017437403844860418 0.010963838020473555 -0.0056599510331745255 0.0056573734315658528 -0.043828815535624635 -0.0040112102146142763 0.0095245288263648351 0.0077167907682370368 -0.045786446378907775 0.023836327080598244 0.00078132661635005828 0.001273061972433538 -0.037103577725822866 0.0077168875769033406 0.0040394870086721416 0.0051888529183422441 0.007631663835405627 0.019318656377051314 -0.0010107635675894171 -0.0074466392174998442 -0.00027505729247628835 0.0047195294424827866 0.038800362203374773 -0.024786902206776831 0.036699313009503597
leaf_weight=3556.3207340240479 1279.5103506445885 12254.118068158627 13648.876074403524 1560.7767563760281 5297.8272639214993 13874.211734235287 8711.9650131613016 41440.419579446316 3766.9030783027411 577.50836481153965 10724.600124329329 7318.6371042877436 5894.2379834204912 11.788074612617491 3776.3548319339752 13385.401901870966 16226.134800225496 1535.3309637308121 4197.5087452381849 12092.94513951242 3407.7540464401245 7737.0226574987173 3421.8914547413588 8958.4438170343637 6557.5467446446419 11762.600783020258 241.8380426466465 138.20147776603699 548.46434788405895 781.38202919065952
leaf_count=14217 5361 49162 54933 6285 21346 55643 35050 166060 15132 2339 42905 29340 23657 47 15286 53705 65011 6449 16861 48636 13650 31099 13870 35907 26250 47247 984 570 2204 3171
internal_value=-2.39144e-07 -0.00367318 0.00318045 0.00161061 -0.00828697 -0.013857 -0.00142577 -0.00462291 0.00122977 -0.00375 -0.0030396 0.00147911 0.0065974 0.0154978 0.0147582 0.00479582 -0.00253217 -0.0193968 0.00635054 0.00915528 -0.00405113 0.0128253 0.0112155 0.00245274 -0.011101 0.00182682 0.0347454 0.017113 -0.0345534 0.0354734
internal_weight=224687 104274 120412 106800 53721.3 24115.1 65098.6 43001.2 50553 29606.2 28157.1 18043.2 22395.9 13611.6 7543.26 22097.4 28480.3 15409.5 41701.9 25741.8 8705.58 11952.1 11158.9 14852.7 10113.9 15960.1 1659.55 380.04 1125.97 793.17
internal_count=902377 418498 483879 428777 215804 97088 261100 172345 202694 118716 112712 72245 89982 55102 30418 88755 114173 62092 167677 103569 34996 48187 44969 59564 40467 64108 6915 1554 4543 3218
is_linear=0
shrinkage=0.05


Tree=14
num_leaves=31
num_cat=0
split_feature=1 15 14 2 17 4 15 14 2 2 18 2 14 14 18 14 3 3 0 19 15 11 4 0 19 19 8 15 4 3
split_gain=893.581 277.072 295.475 256.776 200.546 171.935 131.259 138.152 112.514 110.01 90.723 86.7304 80.9639 74.1489 67.7844 58.9862 48.83 47.2413 49.2749 44.3282 43.0372 40.2038 38.186 36.1023 34.4691 34.2907 34.0472 21.1942 21.087 19.7281
threshold=-1.0000000180025095e-35 3.5000000000000004 14.500000000000002 0.0006731568393878452 -0.0094320607549716034 0.008393988863357767 5.5000000000000009 4.5000000000000009 -0.069762225669792108 -0.0013734486189759807 0.89019248762912639 -0.00067060388478090694 18.500000000000004 1.5000000000000002 0.89019248762912639 18.500000000000004 0.03799951899951904 -0.0018947154579244672 9.1418437678014733e-05 -0.36180103624256182 1.0000000180025095e-35 -2.7239003046760977 0.024438247745073919 -0.0011269665891155409 0.81253585786840599 0.77911503035117835 0.040477328990901125 1.5000000000000002 0.016193637415483419 0.016438445879689904
decision_type=2 2 2 2 2 2 2 2 2 2 2 2 2 2 2 2 2 2 2 2 2 2 2 2 2 2 2 2 2 2
left_child=1 2 5 6 16 10 12 -8 -7 14 -1 19 -3 29 24 -15 21 -5 -19 -4 22 28 -18 -16 -6 -23 -13 -22 -2 -11
right_child=4 3 11 17 9 8 7 -9 -10 13 -12 26 -14 15 23 -17 20 18 -20 -21 27 25 -24 -25 -26 -27 -28 -29 -30 -31
leaf_value=-0.00118751646101947 -0.022642192299987155 0.0092435107858346282 -0.035359803069151034 0.0053609944610779102 0.0016982976372340666 0.023808639307405056 0.014875136832547929 0.001395333780250539 0.001509837169861842 -0.008588053072988348 -0.0074638499631073663 0.0036617676957721203 0.016892406634669645 -0.0039566671195818857 0.0011821105438038452 -0.0076849564485999295 -8.8603904839198148e-05 0.0013518590749960089 -0.0058874780031076086 0.0078692164786039603 -0.024422676400209401 -0.00016343986665753451 0.041406408454891686 -0.0054270755036961178 0.014528024661113371 0.0035340036974218776 -0.0032891198297903762 -0.0087381866035262171 0.0075719327094153901 -0.014753897538869607
leaf_weight=11411.457907363772 271.73630906641483 17578.913505807519 59.530440002679825 3342.8363794386387 7069.0127969831228 585.95361790060997 2394.1692313402891 9223.505510032177 16362.997070685029 3517.3944002985954 11621.053055539727 5018.0425648391247 4307.3908175677061 45330.16583968699 2870.4059996604919 13850.427711904049 304.455735206604 5923.9878515452147 3896.6851875633001 15455.039761975408 263.41899348795414 20941.40868870914 67.78843367099762 7375.1839963644743 565.39534851908684 8950.9154802709818 2714.8780489712954 1181.1772178709507 73.33168725669384 2055.3638898134232
leaf_count=45839 1087 70728 239 13436 28406 2357 9633 37041 65797 14124 46660 20176 17339 182023 11548 55579 1222 23793 15637 62185 1055 84128 274 29634 2275 35976 10910 4740 294 8242
internal_value=-2.37364e-07 0.00322168 0.00106481 0.00614398 -0.00308755 -0.00154154 0.00846874 0.00417325 0.00228074 -0.00438977 -0.00435424 0.00554724 0.0107489 -0.00534843 -0.000917963 -0.00482922 0.000269469 0.000226967 -0.00152059 0.00770334 -0.00769184 0.000747831 0.00746795 -0.00357544 0.00264845 0.000943717 0.00122145 -0.0115982 -0.0162213 -0.0108622
internal_weight=224584 109896 63229 46667.5 114688 39981.5 33504 11617.7 16949 82633.3 23032.5 23247.5 21886.3 64753.4 17880 59180.6 32054.2 13163.5 9820.67 15514.6 1816.84 30237.4 372.244 10245.6 7634.41 29892.3 7732.92 1444.6 345.068 5572.76
internal_count=902377 441770 254163 187607 460607 160653 134741 46674 68154 331831 92499 93510 88067 259968 71863 237602 128776 52866 39430 62424 7291 121485 1496 41182 30681 120104 31086 5795 1381 22366
is_linear=0
shrinkage=0.05


Tree=15
num_leaves=31
num_cat=0
split_feature=13 10 3 12 12 13 13 13 3 12 3 14 14 17 14 14 14 14 13 13 13 3 17 14 17 14 13 15 17 14
split_gain=1008.13 787.434 723.34 720.234 589.048 526.946 507.95 485.952 442.096 338.052 294.966 270.12 277.95 251.971 226.98 210.39 186.844 303.539 182.242 174.339 131.311 110.924 109.995 92.8301 85.8543 79.5246 72.7748 53.3686 38.8524 27.7449
threshold=0.0035971223021583625 48.605603055751033 0.0062491407818954245 1.0000000180025095e-35 -1.0000000180025095e-35 0.041482732249949923 -0.021111854475268085 -0.0092982441698593581 -0.027755866623941802 -1.0000000180025095e-35 0.023228286429835213 11.500000000000002 21.500000000000004 -0.005194459266776196 1.0000000180025095e-35 15.500000000000002 11.500000000000002 21.500000000000004 0.020753416001427331 -0.0065694062116044552 -0.034597127908593699 0.001262206163569535 0.0010966371845970715 9.5000000000000018 0.010661086121802723 22.500000000000004 -0.0065694062116044552 3.5000000000000004 -0.0045258780915990995 21.500000000000004
decision_type=2 2 2 2 2 2 2 2 2 2 2 2 2 2 2 2 2 2 2 2 2 2 2 2 2 2 2 2 2 2
left_child=1 3 9 6 7 10 8 20 -1 24 18 14 -13 25 -11 -8 23 -18 -4 -15 -3 -9 -12 -7 29 -6 28 -28 -5 -2
right_child=2 4 5 26 13 16 15 21 -10 11 22 12 -14 19 -16 -17 17 -19 -20 -21 -22 -23 -24 -25 -26 -27 27 -29 -30 -31
leaf_value=0.0030733707355398085 0.042016507182139812 -0.011383818706136792 -0.0043760072351407206 -0.022576884457645403 -0.0075399975797902606 0.003226105341124766 0.0027840732995785111 0.0073958388831540066 -0.0078721712035192022 0.022405707525250118 -0.0049479965142469572 0.014420967217243437 -0.0018248958005391157 -0.021677622227854156 0.0024596437509138806 0.011078112416597966 0.013951014558433467 -0.0069245549739593683 0.0044150204345200471 -0.011788920769083902 -0.0014202793265985431 0.023712432175734738 -0.015249499936948569 -0.0092831339831289817 0.011216811686129584 0.011874040081899845 -0.02829217291132894 -0.012191563707169626 -0.046403885767953595 0.013379380790542718
leaf_weight=17060.459521770477 981.43306261301041 5532.0782456248999 14509.914587706327 265.01067864894867 12029.734253764153 9513.1266260892153 22441.888037502766 2716.1552471965551 20087.492550209165 1535.6286478191614 4558.7386957108974 17119.081492707133 3111.3295254409313 7591.4930766820908 20034.929923504591 11597.157117456198 9825.8807345330715 2116.374716296792 9929.7702408134937 10795.293388798833 8220.9739682227373 1689.5251652151346 6004.0328823328018 1757.0037292093039 356.04111893475056 551.6748583316803 970.77125597000122 1095.4956804513931 482.73924431204796 92.55560702085495
leaf_count=68329 4008 22219 58157 1068 48323 38145 90112 10903 80546 6218 18258 69206 12509 30697 80589 46655 39611 8471 39829 43358 33028 6798 24034 7032 1437 2220 3889 4388 1965 375
internal_value=-2.20936e-07 -0.00304102 0.00369049 0.000216893 -0.0079485 5.21418e-05 0.00119763 -0.000798583 -0.00284535 0.0085899 -0.00382175 0.0077721 0.0119224 -0.012141 0.00387962 0.00560987 0.00589366 0.0102515 -0.000804239 -0.0158717 -0.00542805 0.0136531 -0.0108035 0.00127593 0.0324947 -0.00668872 -0.024593 -0.0197559 -0.0379593 0.0395486
internal_weight=224574 123128 101446 74001 49126.9 58214.8 71187 18158.7 37148 43231 35002.5 41801 20230.4 30968.2 21570.6 34039 23212.4 11942.3 24439.7 18386.8 13753.1 4405.68 10562.8 11270.1 1430.03 12581.4 2814.02 2066.27 747.75 1073.99
internal_count=902377 494498 407879 296952 197546 233537 285642 72948 148875 174342 140278 168522 81715 124598 86807 136767 93259 48082 97986 74055 55247 17701 42292 45177 5820 50543 11310 8277 3033 4383
is_linear=0
shrinkage=0.05


Tree=16
num_leaves=31
num_cat=0
split_feature=2 15 14 5 17 17 3 4 14 5 19 14 8 14 14 15 9 18 16 18 9 19 19 9 17 15 3 14 2 8
split_gain=718.921 303.215 245.233 230.309 177.877 132.39 93.6798 85.2237 80.9663 78.7954 75.6094 69.1083 66.1786 63.9455 62.8107 60.254 60.0406 55.8791 52.5252 51.0391 44.9232 42.2655 34.2689 80.0466 33.8325 33.4312 30.5373 28.6166 33.4702 27.9198
threshold=-0.00038716430686830389 3.5000000000000004 14.500000000000002 0.006782536551893697 -0.0099123225091095595 0.00043567916196729511 -0.029412791623214415 0.035686965009044898 3.5000000000000004 0.0037287614804975599 0.23326276868039206 2.5000000000000004 0.013334828541086417 20.500000000000004 12.500000000000002 5.5000000000000009 0.57471809435410715 0.74177391829989259 -0.016843456472351689 1.5922743567798365 -0.85566071893949325 -0.36180103624256182 0.79154666265769524 0.16447179417821287 -1.0000000180025095e-35 2.5000000000000004 0.040681830766916456 7.5000000000000009 0.0053618605144494244 -0.038766455319319874
decision_type=2 2 2 2 2 2 2 2 2 2 2 2 2 2 2 2 2 2 2 2 2 2 2 2 2 2 2 2 2 2
left_child=1 2 3 9 12 6 19 -5 -8 -1 18 20 22 14 -13 -12 21 -18 -7 -3 29 -4 26 -24 -15 -22 -2 -14 -29 -6
right_child=4 5 16 7 11 10 8 -9 -10 -11 15 13 27 24 -16 -17 17 -19 -20 -21 25 -23 23 -25 -26 -27 -28 28 -30 -31
leaf_value=-0.0068679746110702601 0.0022618346078355361 0.012034599552766773 -0.030557236804256566 0.0034399091555607159 0.016352141572235895 -0.015541473082449948 0.013523632888275863 0.024086140676863349 0.0055730469940042287 -0.0015538545942757713 0.0038660045842223568 -0.0040450357631088988 0.0014865591583752486 -0.0012013395695462485 -0.00092977937878572885 -0.0028775307291533502 0.0076321213055777493 -0.0027983691079374175 0.021812255050654771 0.025261132343267181 -0.0052545675572579602 0.0064637247806733442 0.012211282593834125 -0.0048490862342419946 -0.0080384467138250818 -0.011225142036292327 -0.01626578352612185 0.0010246595084651585 -0.0048008998938657531 -0.0024205283632150413
leaf_weight=13472.40392498672 8906.0806231051683 4042.3388012498617 77.445081382989883 10473.199328690767 231.89531622827053 107.94700543582439 3814.3345895707607 524.87534146010876 19952.939614191651 14465.047316655517 9973.5547815561295 36754.892166614532 5747.2852004021406 2246.3859054893255 28904.749416008592 4959.6971062123775 1870.9826799184084 4093.1461573243141 734.23679174482822 889.95342636108398 4001.8169455528259 17095.860911220312 2555.0561763644218 940.68751487135887 9300.8643246293068 5661.415223672986 228.09408475458622 3697.3363966047764 7401.0664366483688 1357.5109788477421
leaf_count=54092 35805 16230 311 42119 935 434 15353 2114 80243 58172 40159 147585 23097 9019 116274 19944 7531 16478 2957 3582 16082 68792 10284 3779 37322 22711 915 14860 29746 5452
internal_value=-2.22853e-07 0.0029767 0.000718932 -0.00170373 -0.00268971 0.00612783 0.00815035 0.00442524 0.00684901 -0.00411651 0.00244835 -0.00381061 0.000674232 -0.00327708 -0.00267363 0.00162631 0.00479577 0.000473738 0.0170244 0.0144211 -0.00747131 0.00629677 0.00341039 0.00762042 -0.00670837 -0.00875256 0.00179917 -0.00137718 -0.00286017 0.000318415
internal_weight=224483 106548 62073 38935.5 117935 44475 28699.6 10998.1 23767.3 27937.5 15775.4 88459.5 29475.6 77206.9 65659.6 14933.3 23137.4 5964.13 842.184 4932.29 11252.6 17173.3 12629.9 3495.74 11547.3 9663.23 9134.17 16845.7 11098.4 1589.41
internal_count=902377 428511 249609 156497 473866 178902 115408 44233 95596 112264 63494 355380 118486 310200 263859 60103 93112 24009 3391 19812 45180 69103 50783 14063 46341 38793 36720 67703 44606 6387
is_linear=0
shrinkage=0.05


Tree=17
num_leaves=31
num_cat=0
split_feature=13 3 10 12 13 12 13 17 13 3 4 14 1 3 14 13 4 14 13 17 12 4 13 14 13 13 3 15 13 17
split_gain=969.714 804.643 733.859 807.366 732.444 556.15 493.306 360.711 351.796 301.512 295.591 293.17 290.308 242.04 174.993 162.729 166.304 160.514 150.524 149.245 145.075 143.617 117.939 115.19 99.5266 97.701 95.9539 90.9902 79.6821 55.4967
threshold=-0.0068507250080809814 -0.011360910894399221 49.752475247524799 -1.0000000180025095e-35 0.020753416001427331 1.0000000180025095e-35 0.013194525758403743 0.00021975658616046892 -0.043756749328868798 -0.029412791623214415 0.012904161452416622 11.500000000000002 -0.0018791173975201689 0.016438445879689904 14.500000000000002 -0.024286901879996544 0.014456210991175869 1.0000000180025095e-35 -0.089871567638469249 -0.027362859358239285 1.0000000180025095e-35 0.004240721985751904 0.0040762848439994679 1.0000000180025095e-35 0.035345090142432485 -0.0014765014740162339 0.001262206163569535 3.5000000000000004 -0.077142940274329538 0.011325484790314757
decision_type=2 2 2 2 2 2 2 2 2 2 2 2 2 2 2 2 2 2 2 2 2 2 2 2 2 2 2 2 2 2
left_child=1 8 5 22 13 12 27 15 10 19 28 -6 17 -5 -11 16 -3 -2 -12 -10 23 -17 26 -9 -8 -14 -4 -7 -1 -24
right_child=2 7 3 4 11 6 24 20 9 14 18 -13 25 -15 -16 21 -18 -19 -20 -21 -22 -23 29 -25 -26 -27 -28 -29 -30 -31
leaf_value=-0.023356990627278959 0.042389162460277387 -0.012851062092731623 0.0093115158720286206 -0.0039273981976818357 -0.00087372160305990024 -0.017699391917625588 0.0021141789318177397 -0.039170973162004942 0.025740338986571833 -0.0030142202403720913 -0.0058446711142627365 0.0074548899139147556 0.00094177479927984298 -0.013158056834452276 0.0070052284347893803 -0.010068099752189924 0.0018480058606509858 0.015463579821709195 0.0063458748794388625 0.0090701383894872308 -0.043593533801807131 -0.00050746330863280398 0.040919335134169649 -0.014344363934820459 0.011614792798116896 0.0092611279399287174 0.027193371510014271 -0.0054276251930841998 -0.0097034417433084132 0.014855579344789351
leaf_weight=1281.8511743247509 576.25114747881889 11537.508156806231 2007.7996696233749 32322.916956216097 20597.556281715631 2905.3279882967472 6083.3269584029913 489.98461709916592 1842.9945647865534 10319.242512509227 4523.3223497867584 21695.224890694022 4810.9754144996405 9101.3477399647236 7543.5179637372494 5531.6306513696909 2309.4299204796553 14023.878204539418 5752.5891939997673 4945.4379586428404 480.40081176161766 13549.61687232554 864.91225551068783 10055.01299585402 5040.8288336694241 13244.507972627878 1197.7216910123825 3146.2611911594868 6422.8725634515285 267.37239153683186
leaf_count=5124 2348 46363 8067 129668 82570 11641 24512 1982 7425 41382 18089 87298 19302 36569 30302 22162 9291 56740 23056 19860 1971 54478 3545 40619 20381 53403 4828 12615 25706 1080
internal_value=-2.07731e-07 -0.00414735 0.00260398 -0.000140057 -0.00122988 0.00745286 0.000169434 -0.00889435 0.000746823 0.00462593 -0.00457138 0.00339866 0.0112837 -0.00595547 0.00121703 -0.00627336 -0.0103995 0.0165263 0.000979755 0.0135959 -0.0167221 -0.00327908 0.0208929 -0.015498 0.00641931 0.00704439 0.015993 -0.0113192 -0.011975 0.0347648
internal_weight=224472 86585.4 137886 88054.9 83717 49831.4 17175.7 43953.6 42631.8 24651.2 17980.6 42292.8 32655.6 41424.3 17862.8 32928.2 13846.9 14600.1 10275.9 6788.43 11025.4 19081.2 4337.81 10545 11124.2 18055.5 3205.52 6051.59 7704.72 1132.28
internal_count=902377 347810 554567 353625 336105 200942 69149 176866 170944 98969 71975 169868 131793 166237 71684 132294 55654 59088 41145 27285 44572 76640 17520 42601 44893 72705 12895 24256 30830 4625
is_linear=0
shrinkage=0.05


Tree=18
num_leaves=31
num_cat=0
split_feature=13 9 9 17 13 9 4 13 3 4 13 9 9 14 14 17 13 13 3 13 14 9 13 13 15 4 17 17 4 17
split_gain=898.276 1068.42 585.596 493.362 493.714 546.41 496.974 403.936 354.5 280.361 256.539 250.236 204.44 192.033 255.097 170.992 187.259 166.925 154.208 150.421 137.58 136.226 93.0583 91.3208 90.7846 81.1045 64.1146 45.4096 38.5036 31.4333
threshold=0.01080521129188672 1.0820573232240254 1.3523826047702985 0.00021975658616046892 -0.024286901879996544 -1.3783587710526093 0.0089301325609318378 0.05455676137477939 0.014413294787501642 0.004732720872454875 -0.013979511386193298 1.5927154240783239 -1.141771412978289 1.0000000180025095e-35 11.500000000000002 0.068443476263228123 0.11081522371121745 -0.0087125543610648264 0.047364647566618741 0.036135657995396982 21.500000000000004 -1.7297973680128851 0.11081522371121745 0.0030948348226607085 3.5000000000000004 0.0038005948752578762 0.00878208686673221 0.027739772025825119 0.0028627287521283255 0.011009433351157063
decision_type=2 2 2 2 2 2 2 2 2 2 2 2 2 2 2 2 2 2 2 2 2 2 2 2 2 2 2 2 2 2
left_child=1 3 8 4 6 -6 -1 9 13 28 21 17 -12 29 -15 22 -17 27 -11 26 -21 -5 -9 -13 -19 -25 -10 -3 -4 -2
right_child=2 11 7 10 5 -7 -8 15 19 18 12 23 -14 14 -16 16 -18 24 -20 20 -22 -23 -24 25 -26 -27 -28 -29 -30 -31
leaf_value=-0.010778454568333 0.03770975374214474 -0.030087786684779811 0.016289430469976895 6.3148013566659012e-05 0.015126389418665277 0.0016625693501570397 0.00081692578839736543 0.0094766427431865786 0.0009413799720485237 -0.006049019047314399 0.01087347339730705 -0.041420486011039724 -0.0046173888205538046 0.0057358856461456036 0.015511704711728178 -0.0091241911211181886 0.0084100169860784595 -0.014466702715477975 -0.023770645865270161 0.0095034426797276222 -0.014127847905450209 -0.014233840199873294 0.027789267008062082 -0.0073528058070561758 -0.0037502251680584828 -0.030467390648802689 -0.0082306624304734899 -0.014090588644575727 0.004402832734338849 0.019544954972048969
leaf_weight=14799.847224891186 757.95194156467915 1436.7355950772762 838.23560304939747 1985.0568841546774 8874.7737916111946 49941.971368834376 24600.821678727865 6844.7233172804117 4910.2300495058298 16558.981268882751 2390.9431094527245 1027.3531334400177 19506.074859082699 13053.227810189128 13653.351975947618 2893.669874727726 3213.8631537407637 4040.8100382387638 1325.8348491638899 6615.1058215647936 679.14813104271889 10370.491588175297 771.97833627462387 579.27689956128597 3868.0758749842644 1100.4110343456268 3113.3866359591484 641.75792801380157 3638.4845475107431 347.28029197454453
leaf_count=59385 3093 5907 3366 7960 35994 200376 98660 27554 19665 66415 9690 4432 78175 52620 55428 11579 12915 16250 5303 26627 2715 41688 3114 2329 15553 4455 12452 2670 14597 1410
internal_value=-1.93487e-07 -0.00233719 0.00428241 -0.00100931 0.000792658 0.00369411 -0.00353858 -0.000417438 0.00821469 -0.00456174 -0.00617635 -0.016194 -0.00292594 0.0115788 0.0107336 0.00633507 0.000102537 -0.0125393 -0.00736276 0.00210659 0.0073032 -0.0119369 0.0113327 -0.029678 -0.00922549 -0.0224958 -0.00261763 -0.0251485 0.00662852 0.0320021
internal_weight=224380 145164 79215.5 132470 98217.4 58816.7 39400.7 36085.8 43129.7 22361.5 34252.6 12694.4 21897 27811.8 26706.6 13724.2 6107.53 9987.38 17884.8 15317.9 7294.25 12355.5 7616.7 2707.04 7908.89 1679.69 8023.62 2078.49 4476.72 1105.23
internal_count=902377 583524 318853 531928 394415 236370 158045 144843 174010 89681 137513 51596 87865 112551 108048 55162 24494 40380 71718 61459 29342 49648 30668 11216 31803 6784 32117 8577 17963 4503
is_linear=0
shrinkage=0.05


Tree=19
num_leaves=31
num_cat=0
split_feature=13 9 9 13 9 12 13 9 10 12 5 13 10 12 13 5 13 17 13 13 12 9 17 9 13 9 17 13 14 13
split_gain=825.053 875.068 623.009 486.635 475.42 436.257 415.016 433.141 352.299 332.243 319.547 271.628 261.858 264.044 240.36 226.483 229.271 184.987 182.312 157.466 128.952 126.53 110.102 104.679 83.3037 77.8095 75.361 46.5463 40.313 26.821
threshold=0.002828038403063005 -0.33740435078092729 1.1300271001055042 0.056033284771378596 1.3523826047702985 -1.0000000180025095e-35 -0.052549767321400036 -1.6004944430349874 46.263916335386043 1.0000000180025095e-35 0.010110552497219243 -0.010991285578337283 61.083743842364683 1.0000000180025095e-35 -0.018003957391705679 0.0076220242617583353 0.020753416001427331 0.068443476263228123 0.029485572947194564 0.11081522371121745 -1.0000000180025095e-35 1.6615492496212945 -0.033802063420511556 -3.0813990775831095 0.11081522371121745 1.6148907854767387 0.024959142662278947 -0.013232733449721311 21.500000000000004 -0.010317921763010938
decision_type=2 2 2 2 2 2 2 2 2 2 2 2 2 2 2 2 2 2 2 2 2 2 2 2 2 2 2 2 2 2
left_child=1 6 5 15 12 26 10 11 9 -7 22 -8 13 -3 -9 16 -4 24 -10 -19 -14 -17 -1 -12 -5 27 28 -6 -2 -27
right_child=2 4 3 17 25 8 7 14 18 -11 23 -13 20 -15 -16 21 -18 19 -20 -21 -22 -23 -24 -25 -26 29 -28 -29 -30 -31
leaf_value=-0.0070125999009989747 0.037828543214830278 -0.0041959878556325613 -0.0078297121753362342 0.010152017448189833 -0.038597789109707591 0.017868573043684284 0.0070751894531560638 -0.0048296193870907859 0.001152856721154882 0.0033578522819425445 0.018436222377572763 0.027181424623227729 -0.0038533552568755822 -0.022293678814955781 0.0028765426111565812 -0.0066735500605966227 0.0012013515262734994 -0.0078529879346022034 0.0086824292999574237 0.0079473928903581112 -0.019676382095153759 -0.02326597029374123 -0.017854265116510334 -0.0006021284286318665 0.026738093214867944 -0.056106171050477528 -0.0036680427695500936 -0.018592213874014742 0.0077053725381983178 -0.035843941327264005
leaf_weight=4580.5044237673283 1386.2996338605881 33905.06257712841 12124.272686034441 6994.0157165825367 365.02080050110817 10019.175357013941 14238.59883081913 16771.860729068518 26721.461391866207 6506.4547809958458 822.46022294461727 1904.4565190821886 1700.2785637974739 2142.8171866834164 25508.337960198522 2426.0793143063784 16718.03790345788 2999.2168785631657 11498.634437844157 3324.9825874716043 5305.3972505033016 2182.7136240005493 4791.3087841570377 5911.2745736390352 848.92548607289791 215.10195282101631 134.33507815003395 1429.0073371827602 120.73988021910191 678.43663983047009
leaf_count=18353 5702 136157 48718 28179 1575 40792 57215 67357 107218 26308 3299 7834 6852 8624 102426 9738 67082 12004 46395 13368 21347 8741 19190 23671 3431 1000 544 5852 491 2914
internal_value=-2.33684e-07 -0.00282037 0.00326092 -0.000950155 -0.0082644 0.00681712 0.000520844 0.00247985 0.0060556 0.0121554 -0.00658548 0.0094472 -0.00699081 -0.00527178 -0.000180365 -0.00423959 -0.00259498 0.00681677 0.00341815 0.000454149 -0.0158361 -0.0145317 -0.0125554 0.00172322 0.0119473 -0.0286667 0.0322165 -0.0226626 0.0354152 -0.0407217
internal_weight=224275 120270 104005 47618.2 45741.1 56387.1 74528.8 58423.3 54745.7 16525.6 16105.5 16143.1 43053.6 36047.9 42280.2 33451.1 28842.3 14167.1 38220.1 6324.2 7005.68 4608.79 9371.81 6733.73 7842.94 2687.57 1641.37 1794.03 1507.04 893.539
internal_count=902377 483666 418711 191261 184321 227450 299345 234832 220713 67100 64513 65049 172980 144781 169783 134279 115800 56982 153613 25372 28199 18479 37543 26970 31610 11341 6737 7427 6193 3914
is_linear=0
shrinkage=0.05


Tree=20
num_leaves=31
num_cat=0
split_feature=13 9 3 1 9 13 12 13 9 3 17 13 13 12 9 9 14 13 5 13 14 12 14 3 5 13 13 15 13 11
split_gain=769.026 923.18 716.757 519.071 488.533 340.72 330.45 451.526 251.566 249.952 248.575 226.723 218.105 292.265 213.52 153.635 142.918 137.133 145.167 132.952 130.236 116.759 97.1053 91.7919 87.6538 87.1898 81.3323 49.7453 39.0442 38.6414
threshold=-0.0068507250080809814 -1.0266238260487681 -0.014803379226288658 -1.0000000180025095e-35 -1.141771412978289 -0.043756749328868798 -1.0000000180025095e-35 0.021742797103567416 0.92931836036366555 -0.062373231789314525 -0.027362859358239285 -0.022157080704184259 0.020753416001427331 1.0000000180025095e-35 -1.4822101303066413 1.4853337937047446 14.500000000000002 -0.030226055043977348 0.011254509781372954 -0.084866374681587239 11.500000000000002 1.0000000180025095e-35 21.500000000000004 -0.040435936148103972 0.0030131367374467547 0.0025823233511661496 0.00027193727485930191 4.5000000000000009 0.01080521129188672 0.64232567524060857
decision_type=2 2 2 2 2 2 2 2 2 2 2 2 2 2 2 2 2 2 2 2 2 2 2 2 2 2 2 2 2 2
left_child=2 14 5 12 17 9 25 -8 11 19 23 -6 13 -3 27 -14 -12 18 -4 -1 -11 26 -10 -7 -19 -5 -16 28 -2 -29
right_child=1 3 4 6 8 10 7 -9 22 20 16 -13 15 -15 21 -17 -18 24 -20 -21 -22 -23 -24 -25 -26 -27 -28 29 -30 -31
leaf_value=0.00026974982628671706 0.031857507597960584 0.0049557690535898301 -0.0087356825704233768 0.0081660211148213493 -0.015650572527720227 0.031743399822419242 -0.0061113264090245306 0.0019144739333177567 -0.025900266513928433 -0.0019795460629147298 -0.001183485183896055 -0.0062356537668013037 0.012533232707808843 -0.0061704515684625543 0.009080915767190785 0.0039550393269947304 0.0084704675037886451 -0.003173113334462567 0.01083278922787935 0.018412357920482347 -0.012183733350228147 -0.0040325823713713554 0.0037830114656122373 0.013140414543458904 0.0061867019368609059 0.025379979896857766 0.019914041476421694 0.021294339528472036 0.053970737570279752 -0.025441038716467593
leaf_weight=2913.1072257012129 1451.395952180028 25020.478503972292 7033.7874550819397 2244.6303444355726 10260.852860704064 819.38966348767281 36825.233268529177 33436.282101437449 3479.7534094899893 6079.6097905486822 8641.3896263092756 16969.885191917419 12100.763016417623 7724.5019607841969 3030.1116604954004 9178.9147627055645 6890.7256802618504 4093.2422844171524 1095.3417662978172 1545.5533176511526 6438.2813590019941 880.4312380105257 299.21564595401287 3476.48004296422 6431.8083870857954 1094.1878232806921 4046.1238672882318 383.50071354210377 231.4462623000145 49.994167193770409
leaf_count=11658 6081 100629 28198 8997 41502 3313 147914 134438 14487 24366 34670 68088 49031 31017 12213 36879 27699 16411 4391 6203 25758 3561 1232 13982 25852 4462 16533 1584 1023 205
internal_value=-2.45488e-07 0.00232046 -0.00369589 0.00117029 -0.00761473 0.00159217 -0.00156165 -0.00229198 -0.011461 -0.00360698 0.00604365 -0.0097833 0.00489215 0.00233111 0.0168931 0.00883306 0.00309943 -0.00122096 -0.00609897 0.00655872 -0.00722783 0.0131387 -0.02355 0.0166887 0.00254663 0.0138073 0.0152752 0.0310081 0.0348988 0.0159044
internal_weight=224166 137698 86468.4 127625 49663.9 36804.5 73600.3 70261.5 31009.7 16976.6 19828 27230.7 54024.7 32745 10073 21279.7 15532.1 18654.2 8129.13 4458.66 12517.9 7956.67 3778.97 4295.87 10525.1 3338.82 7076.24 2116.34 1682.84 433.495
internal_count=902377 554567 347810 513367 200161 147649 295811 282352 125309 67985 79664 109590 217556 131646 41200 85910 62369 74852 32589 17861 50124 32307 15719 17295 42263 13459 28746 8893 7104 1789
is_linear=0
shrinkage=0.05


Tree=21
num_leaves=31
num_cat=0
split_feature=13 9 9 3 2 13 13 3 4 4 9 9 15 5 9 14 19 13 13 13 13 4 1 1 11 13 15 15 11 14
split_gain=703.651 693.353 647.79 462.543 413.757 359.895 348.344 322.427 286.844 279.034 239.976 235.556 212.691 200.395 196.992 194.083 183.589 231.756 172.09 158.01 113.284 102.533 101.606 82.9948 82.2661 86.2952 65.7728 47.2796 37.7022 36.6868
threshold=-0.00074198338688385979 -0.94885646950253899 -0.67167523877452961 -0.0047352466769944304 0.00086164171901670372 -0.034597127908593699 0.039623923311291394 0.01879694334002369 0.007062389600168608 0.012132673469934791 -1.6247147686815533 1.4445376746565557 3.5000000000000004 0.0058353339241632484 -1.3570486334651108 21.500000000000004 0.37084316581691795 0.041482732249949923 -0.077142940274329538 -0.080687521199921661 -0.013979511386193298 0.0066101459647701531 -0.0015793051735689676 0.00091381382372990327 -0.59884272918184378 0.029485572947194564 4.5000000000000009 5.5000000000000009 -1.705453574644813 11.500000000000002
decision_type=2 2 2 2 2 2 2 2 2 2 2 2 2 2 2 2 2 2 2 2 2 2 2 2 2 2 2 2 2 2
left_child=1 5 14 12 16 9 7 -6 22 19 -10 15 21 -8 26 -5 23 -18 -11 -1 -14 -3 -7 -4 28 -26 -2 -28 -16 -13
right_child=2 3 4 11 6 8 13 -9 10 18 -12 29 20 -15 24 -17 17 -19 -20 -21 -22 -23 -24 -25 25 -27 27 -29 -30 -31
leaf_value=-0.027042564074180077 0.033567566973592762 -0.011859395543639996 0.013834668959396855 -0.011515223220366915 -0.0012074563007361764 0.005102101863063294 0.010547285262817726 -0.011085961363945379 0.02099202850209804 -0.0035668333560745242 0.0059196794992580036 -0.023763469369820475 -0.0008006064440975474 0.00044583628576312678 0.036657847327661114 0.003782826816750079 0.00099365091487748193 0.011771654144188362 0.0086745271995040205 -0.0067761606853940269 0.0095959646688771622 -0.0030785232417519415 -0.0029914378151370776 0.0035502466015373806 0.0065847120252799018 0.019265449687478866 -0.00092675186466713386 0.033852759972575204 0.016678832971076245 -0.042696643859285482
leaf_weight=1053.2803727835417 1352.774727255106 4798.4621257185936 7405.1092499047518 25803.234214022756 29924.684714436531 7202.6574881225824 7417.1078366488218 11409.585666120052 4023.284743398428 5954.5630481988192 7685.7342033833265 451.374082878232 6626.8666810244322 14523.771177187562 267.95302864909172 2254.4114429354668 23327.70274309814 6344.0344837605953 5544.1704572141171 11069.993424221873 4333.6007152497768 10823.021655768156 8400.3871488124132 2668.6450498849154 8800.2761943042278 1582.9778587520123 281.57555714249611 149.64965170621872 1988.5342324227095 590.69226330518723
leaf_count=4226 5811 19240 29867 104089 120159 28974 29906 45786 16348 23822 30902 2009 26644 58361 1092 9094 93936 25689 22234 44397 17392 43464 33717 10742 35516 6463 1157 628 8070 2642
internal_value=-2.13131e-07 -0.00294106 0.00266948 -0.00679748 0.00128001 0.00127483 -0.00123134 -0.00393424 0.00518355 -0.00324449 0.0110986 -0.011153 -0.00202943 0.00386063 0.0125936 -0.010286 0.00527811 0.00329807 0.0023354 -0.00853692 0.00331004 -0.00577575 0.000744692 0.0111102 0.0103984 0.00851795 0.0281471 0.0111429 0.0190513 -0.0344957
internal_weight=224060 106616 117444 55681.7 103021 50934.1 63275.1 41334.3 27312.1 23622 11709 29099.7 26582 21940.9 14423.7 28057.6 39745.5 29671.7 11498.7 12123.3 10960.5 15621.5 15603 10073.8 12639.7 10383.3 1784 431.225 2256.49 1042.07
internal_count=902377 429194 473183 224574 414446 204620 254212 165945 109941 94679 47250 117834 106740 88267 58737 113183 160234 119625 46056 48623 44036 62704 62691 40609 51141 41979 7596 1785 9162 4651
is_linear=0
shrinkage=0.05


Tree=22
num_leaves=31
num_cat=0
split_feature=13 9 9 17 13 4 4 3 13 4 9 17 13 13 13 4 12 9 13 17 13 4 4 13 13 13 3 9 13 9
split_gain=655.119 876.305 465.673 419.862 400.991 492.618 390.032 341.88 305.949 249.166 229.784 226.425 220.808 171.369 149.356 140.593 136.513 134.664 130.794 113.251 140.12 96.2352 93.3701 79.33 77.6156 72.4456 64.4169 63.4617 59.9139 44.0683
threshold=0.011433451326715251 1.0820573232240254 1.528152746499887 0.00021975658616046892 -0.037859382328843554 0.008393988863357767 0.0093898557005321886 0.021115315224298329 0.056033284771378596 0.0091040055849968844 1.5927154240783239 0.010661086121802723 -0.0090001092050511194 0.028892191256001957 0.065339139239208879 0.0041113019054684159 1.0000000180025095e-35 -1.141771412978289 0.034558853275611263 0.068443476263228123 0.11081522371121745 0.0038459498862993256 0.0050851860016591114 0.11081522371121745 0.0054482735952591241 -0.011328999442674235 0.069039845960584559 -0.96372430262621156 -0.019727996379731102 1.936248620267927
decision_type=2 2 2 2 2 2 2 2 2 2 2 2 2 2 2 2 2 2 2 2 2 2 2 2 2 2 2 2 2 2
left_child=1 3 7 4 6 -6 -1 11 9 22 15 13 16 -2 27 25 -5 -14 -13 23 -21 24 -4 -10 -12 -3 -11 -9 -17 -23
right_child=2 10 8 12 5 -7 -8 14 19 26 21 18 17 -15 -16 28 -18 -19 -20 20 -22 29 -24 -25 -26 -27 -28 -29 -30 -31
leaf_value=-0.014171780964624223 0.0096776995741831417 -0.051413909762199422 0.0044748966822609889 -0.0092439536391781298 0.0004019389225437312 0.0098229667117920548 -0.00055395777473482837 0.019178872043473766 0.0075870496281700414 -0.013151755319833905 -0.033236473473107819 0.0003475410836430791 0.01172027355650308 0.019508730715724079 0.0094001561613545701 -0.027085557397718299 -0.042991796698371831 -0.0031788275508471946 0.010507520439906711 -0.0085420706252223432 0.0071187532418686339 -0.027822816558855681 -0.0044892471387940804 0.025230485980993873 -0.0012036901896679509 -0.0002943529438382858 -0.038565639712774942 -0.0044205279935821884 -0.012850723635916692 -0.043901958211053721
leaf_weight=7367.9429847002029 15212.451387003064 71.02253882586956 4362.4594227224588 15235.499249607325 54392.209174335003 18627.634829431772 18361.573122963309 294.53060841560364 5840.8039213567972 4939.2842527627945 290.63774310052395 8234.6134237200022 1660.2522320151329 6255.5907868593931 2902.4418563246727 833.72351248562336 305.66736280918121 17527.765674501657 5148.0221035927534 2650.6127061098814 3097.1889081001282 1447.9534348547459 8694.2790554910898 715.10809610784054 541.3016931116581 2869.4857513010502 262.59963631629944 8687.1245411932468 6520.0849894732237 603.83623844385147
leaf_count=29633 61520 298 17511 61313 218676 75179 73646 1192 23549 19803 1213 33200 6797 25536 11697 3519 1249 70304 20917 10604 12460 6144 34897 2897 2179 11545 1051 34836 26445 2567
internal_value=-2.00268e-07 -0.00196348 0.00372475 -0.000749064 0.000913956 0.00280528 -0.00445358 0.0068631 -0.00107431 -0.00518094 -0.0142641 0.00936036 -0.00547771 0.0125424 -0.000460237 -0.0107696 -0.00990771 -0.00188968 0.00425587 0.0050199 -0.000103274 -0.0267387 -0.00149419 0.00951157 -0.0123943 -0.00152905 -0.0144347 -0.00364665 -0.0144646 -0.0325549
internal_weight=223954 146657 77297.1 133479 98749.4 73019.8 25729.5 46734.8 30562.3 18258.6 13178 34850.7 34729.2 21468 11884.1 10294.3 15541.2 19188 13382.6 12303.7 5747.8 2883.73 13056.7 6555.91 831.939 2940.51 5201.88 8981.66 7353.81 2051.79
internal_count=902377 590707 311670 536797 397134 293855 103279 188898 122772 73262 53910 141173 139663 87056 47725 41807 62562 77101 54117 49510 23064 12103 52408 26446 3392 11843 20854 36028 29964 8711
is_linear=0
shrinkage=0.05


Tree=23
num_leaves=31
num_cat=0
split_feature=1 13 3 13 9 9 17 13 12 9 13 13 14 13 3 17 17 3 3 13 13 3 12 13 14 14 3 9 13 9
split_gain=665.332 445.9 434.995 430.681 365.629 356.976 244.909 243.022 401.682 215.186 209.657 207.679 197.452 253.481 191.513 185.989 167.434 148.542 146.811 167.874 141.921 140.575 137.316 127.222 113.813 96.4954 90.1068 58.7196 57.6612 46.6909
threshold=0.0002634005050295985 -0.011328999442674235 -0.022639141268953885 0.02125398975760551 0.85260345723513542 -1.4178677351439013 0.032747728661232552 -0.017545675989803052 -1.0000000180025095e-35 0.40968542456240381 0.11081522371121745 -0.049719712456009472 11.500000000000002 0.0068541086556941364 0.024344642112747009 -0.011480575901222088 0.12100102777413975 -0.062373231789314525 0.01879694334002369 0.0018790945584628018 -0.028408019940257708 -0.040435936148103972 1.0000000180025095e-35 0.06120925558594182 22.500000000000004 18.500000000000004 0.069039845960584559 -1.918451784595923 -0.0065694062116044552 1.6848796967387787
decision_type=2 2 2 2 2 2 2 2 2 2 2 2 2 2 2 2 2 2 2 2 2 2 2 2 2 2 2 2 2 2
left_child=1 2 11 4 7 27 14 15 -9 20 26 17 22 -14 24 -2 -12 -1 19 -6 -4 -13 -7 -16 -5 -11 -8 -3 -29 -20
right_child=3 5 9 6 18 12 10 8 -10 25 16 21 13 -15 23 -17 -18 -19 29 -21 -22 -23 -24 -25 -26 -27 -28 28 -30 -31
leaf_value=0.0081010895768698944 -0.0030997371000921221 0.035502397619580843 -0.0077381499698414673 0.0099049896509616348 -0.016391024469231092 0.0037411772121679968 -0.0054447255272374474 0.010797627823724901 -0.0029217643580002296 -0.019936997950484606 0.020691736781349293 0.020410440530655896 0.0021957127725899979 0.011142191252230139 -0.0048352539211745128 -0.012329326799175651 -0.002914341902383578 -0.0052806491979186182 -0.016975988034509479 -0.0051214762007759547 0.00017837604236706437 0.006337765073243776 -0.0033167935902461325 0.009155858919600442 -0.01391518663021637 0.00012604811950089783 -0.020849818096946103 0.0077757324583598219 0.024309306378987434 -0.030379319007047115
leaf_weight=3228.2056204080582 12526.946912124753 646.69431263208389 10360.551193833351 12548.511452674866 5188.6530072242022 24905.226586207747 8652.5012182593346 6484.5615485310555 30101.16120198369 3155.5914495438337 1390.5603843927383 2473.1092970520258 14054.694910496473 18131.111692994833 5732.0518141835928 9673.2860680669546 1633.6473464816809 5799.1491397768259 1886.4996847510338 9100.4017652273178 12481.768469959497 6282.8266953974962 9527.6491950601339 2267.5339334905148 522.34005083143711 739.81914760172367 1066.1914437413216 816.56109134852886 1488.8399656116962 991.11001920700073
leaf_count=12936 50356 2718 41693 50739 21281 100232 34728 26177 120896 12884 5615 9966 56561 73460 22983 38965 6564 23227 7714 36577 50186 25238 38383 9158 2098 3017 4262 3318 6294 4151
internal_value=-2.60699e-07 0.00267342 -0.00123402 -0.00277931 -0.00486903 0.00517394 0.00191467 -0.00299435 -0.000490099 -0.00526465 -0.00355714 0.00482616 0.00441999 0.0072355 0.00522389 -0.00712134 0.00793996 -0.000495304 -0.0112887 -0.00921368 -0.00341231 0.0103126 0.00178822 -0.000869383 0.00895308 -0.0161266 -0.00713474 0.022188 0.0184532 -0.0215924
internal_weight=223858 114092 44521 109766 75952.6 69570.8 33813.3 58786 36585.7 26737.7 12742.9 17783.3 66618.7 32185.8 21070.4 22200.2 3024.21 9027.35 17166.7 14289.1 22842.3 8755.94 34432.9 7999.59 13070.9 3895.41 9718.69 2952.1 2305.4 2877.61
internal_count=902377 460113 179147 442264 306117 280966 136147 236394 147073 107780 51169 71367 268636 130021 84978 89321 12179 36163 69723 57858 91879 35204 138615 32141 52837 15901 38990 12330 9612 11865
is_linear=0
shrinkage=0.05


Tree=24
num_leaves=31
num_cat=0
split_feature=1 13 3 13 9 9 3 13 9 10 4 13 9 13 13 3 4 3 3 9 14 14 14 13 14 3 13 14 9 13
split_gain=600.749 402.622 392.764 388.921 330.851 327.868 219.975 219.488 206.686 204.926 203.398 202.266 194.895 194.382 187.619 180.222 172.743 171.849 164.463 164.382 140.248 284.829 128.417 114.794 103.705 98.6223 92.5589 87.5107 66.7965 48.4172
threshold=0.0002634005050295985 -0.011328999442674235 -0.022639141268953885 0.02125398975760551 0.85260345723513542 -1.3377137363638403 0.023794157290741528 -0.017545675989803052 -1.091566787159332 44.173221288952547 0.0041113019054684159 0.020753416001427331 0.40968542456240381 -0.067773744759268603 0.082783554866759604 0.06426917482395457 0.0064895473436745567 -0.052308458569086273 -0.094714025598822124 1.6848796967387787 11.500000000000002 13.500000000000002 22.500000000000004 0.0038268753222271417 9.5000000000000018 0.092099095757880348 0.0074337164989931601 18.500000000000004 -1.8844227584113193 -0.0065694062116044552
decision_type=2 2 2 2 2 2 2 2 2 2 2 2 2 2 2 2 2 2 2 2 2 2 2 2 2 2 2 2 2 2
left_child=1 2 13 4 7 28 20 16 -9 26 23 -11 22 18 15 -8 -2 -15 -1 -12 24 -22 -4 -6 -5 -16 -7 -14 -3 -30
right_child=3 5 12 6 10 9 14 8 -10 11 19 -13 27 17 25 -17 -18 -19 -20 -21 21 -23 -24 -25 -26 -27 -28 -29 29 -31
leaf_value=0.013564460122035464 -0.015160405552040008 0.033139222215398549 -0.0040217150648179907 0.0038573368090623148 -0.012269069583490199 0.0049812860328942877 -0.00359048450401313 0.0080430844289500238 -0.0021255974903900562 -0.00080246329475937457 -0.011405039028925696 0.0062930589681056241 -0.018991096713941603 0.021792145110419735 0.010527982720414058 -0.02298100715836816 -0.0044494261312675596 0.0055649817735730035 -0.0073713472444471451 -0.026312612892280852 0.029715555070101457 0.0060019956090171973 0.014801622368555742 0.0037832394072590727 -0.010037926976323087 -0.0048420927414382338 0.011246905687375528 0.00011974402449492423 0.0070347075092882074 0.020542527267767115
leaf_weight=1183.9078326523304 4804.6029461026192 711.50672002136707 21891.056432425976 7343.8459181189537 1746.4534204155207 13064.73958837986 9935.1832467615604 5972.0412156581879 30611.230440795422 25414.076275676489 10056.480238541961 16606.769559636712 3147.3397708982229 1944.6333068758249 3385.8652216643095 1362.6667499691248 17385.08431121707 10134.131181195378 4517.2874101996422 2265.8186261802912 1542.0570533722639 7080.7813049405813 945.20868392288685 3074.2172623574734 1643.2332772314548 1508.7231422811747 10739.48927308619 739.82953509688377 988.20142596960068 2018.2950997650623
leaf_count=4747 19356 3010 88071 29586 7097 52548 39868 24256 122817 102193 40849 67044 12884 7831 13642 5451 69965 40708 18081 9434 6300 28643 3808 12343 6597 6060 43665 3017 4009 8497
internal_value=-2.53592e-07 0.00254083 -0.00117288 -0.00264158 -0.00462799 0.00491739 0.00181965 -0.0028453 -0.00046561 0.00410146 -0.0107397 0.00200171 -0.00500429 0.00458576 -0.00238671 -0.00592923 -0.00676861 0.00817749 -0.00302383 -0.0141462 0.00568742 0.0102428 -0.0032426 -0.00203226 0.00131667 0.00579026 0.00780808 -0.0153538 0.0193629 0.0161027
internal_weight=223765 114046 44503.4 109718 75915.9 69543.1 33802.4 58773 36583.3 65825.1 17143 42020.8 26723.4 17780 16192.4 11297.8 22189.7 12078.8 5701.2 12322.3 17609.9 8622.84 22836.3 4820.67 8987.08 4894.59 23804.2 3887.17 3718 3006.5
internal_count=902377 460113 179147 442264 306117 280966 136147 236394 147073 265450 69723 169237 107780 71367 65021 45319 89321 48539 22828 50283 71126 34943 91879 19440 36183 19702 96213 15901 15516 12506
is_linear=0
shrinkage=0.05


Tree=25
num_leaves=31
num_cat=0
split_feature=1 13 13 3 9 9 9 13 3 14 17 13 13 6 9 13 17 3 17 14 14 4 9 9 4 14 14 9 13 14
split_gain=544.353 433.776 345.569 335.385 326.838 319.656 272.154 204.227 334.134 195.775 174 173.09 172.69 164.256 162.546 161.541 233.966 161.14 140.866 133.563 129.694 109.318 106.175 100.572 87.3148 72.4114 63.823 55.7415 42.8223 32.4057
threshold=-0.00062749184751303966 -0.00048151043733707372 -0.0090001092050511194 -0.013473424699938173 -0.27045267428280306 -0.57724950226135718 -1.4178677351439013 0.06120925558594182 0.03799951899951904 11.500000000000002 0.075360471180775893 -0.043756749328868798 0.044464535041314319 0.9881117271209211 -0.93243208763899155 -0.053975181033966806 -0.010929958889236422 -0.047724030167638924 -0.032414893587948961 22.500000000000004 1.5000000000000002 0.014456210991175869 -1.2099153606478728 1.5066210681491004 0.015972352558319251 21.500000000000004 1.5000000000000002 -1.8844227584113193 0.015438621565674994 1.5000000000000002
decision_type=2 2 2 2 2 2 2 2 2 2 2 2 2 2 2 2 2 2 2 2 2 2 2 2 2 2 2 2 2 2
left_child=2 4 3 11 15 22 27 8 -7 20 -9 17 -11 23 24 21 -17 -1 -13 -16 -8 -2 28 -6 -5 -24 -15 -4 -3 -29
right_child=1 5 6 14 13 7 9 10 -10 12 -12 18 -14 26 19 16 -18 -19 -20 -21 -22 -23 25 -25 -26 -27 -28 29 -30 -31
leaf_value=0.0052801795661669877 -0.017487563708538972 0.017153645109691484 0.038298644152342534 -0.0022121086286774568 -0.0072319431918590402 -0.0010658827420923392 0.0094104506182508922 0.010315764697880203 -0.015276760592964742 0.0059669986676889851 -0.0026535256571786916 0.018608084222021228 0.017009468590606282 -0.034477067845320217 -0.011275092315822452 0.0045402825955079456 -0.0050183315869392125 -0.0065210727563784271 0.0048336000372671733 0.019014408591966681 0.00022912781711302514 -0.0037354740386036072 0.0081833267265162997 -0.036596774776761175 0.01660760167036578 -0.0095172835099991207 -0.016383599689528454 0.0406361200109197 0.038508376917595934 0.016389715983175769
leaf_weight=5272.3427349179983 2756.3605248332024 1098.3801945894957 464.76457077264786 8863.9173724800348 12613.125739246607 47751.542746037245 4600.0752673596144 6607.1284537315369 4528.6505097746849 22097.851460531354 4249.5238244533539 2232.3708039075136 4216.0846963971853 537.85089673101902 9338.6192911118269 10931.355091735721 15449.844562739134 6408.5112055242062 11011.005245655775 378.70831464231014 23474.9230145365 3037.6607708334923 7037.7892202734947 298.48318845033646 662.36924973130226 629.46850959956646 5194.5884753912687 152.04352900385857 298.5737452507019 1471.5774823129177
leaf_count=21130 11092 4583 2007 35621 50940 192128 18591 26701 18171 89285 17063 9015 17197 2216 37934 43997 62136 25701 44272 1532 94516 12169 28413 1381 2662 2531 21248 653 1271 6221
internal_value=-2.35187e-07 -0.00223133 0.00272688 -0.00058615 -0.00577026 0.00025957 0.00531781 -0.00100099 -0.00229687 0.00463769 0.00523931 0.00324229 0.00773625 -0.0110379 -0.00554472 -0.00271793 -0.00105761 -0.00119439 0.0071555 -0.0100946 0.00173348 -0.0102777 0.00904 -0.00791078 -0.000903561 0.00673014 -0.0180812 0.0230307 0.0217178 0.0186603
internal_weight=223665 123020 100645 44167.8 50819.3 72201.1 56477.3 63136.8 52280.2 54388.9 10856.7 24924.2 26313.9 18644 19243.6 32175.2 26381.2 11680.9 13243.4 9717.33 28075 5794.02 9064.21 12911.6 9526.29 7667.26 5732.44 2088.39 1396.95 1623.62
internal_count=902377 496040 406337 177867 205179 290861 228470 254063 210299 219589 43764 100118 106482 75785 77749 129394 106133 46831 53287 39466 113107 23261 36798 52321 38283 30944 23464 8881 5854 6874
is_linear=0
shrinkage=0.05


Tree=26
num_leaves=31
num_cat=0
split_feature=2 13 12 13 12 13 12 12 4 13 13 10 13 9 3 17 13 9 13 5 14 14 12 14 15 17 12 4 7 17
split_gain=495.31 476.024 544.86 433.195 438.371 384.878 369.04 331.732 259.197 239.234 238.199 235.942 231.104 263.305 215.678 207.382 200.517 195.45 191.302 150.269 108.882 100.316 85.8675 77.9979 70.0779 61.6844 43.5288 39.114 25.5332 21.7192
threshold=-0.00038716430686830389 0.00027193727485930191 -1.0000000180025095e-35 -0.0092982441698593581 1.0000000180025095e-35 0.0074337164989931601 -1.0000000180025095e-35 1.0000000180025095e-35 0.0068588223281171104 -0.055526977827386352 -0.034597127908593699 47.937109841012806 0.034558853275611263 1.5712514802429511 0.0040677596673370795 0.036733971215609736 -0.021111854475268085 -0.77952405149965365 0.0038268753222271417 0.0038032507151074166 11.500000000000002 1.5000000000000002 -1.0000000180025095e-35 21.500000000000004 3.5000000000000004 0.0093836081119009224 1.0000000180025095e-35 0.012786680746796971 0.4866277532423981 0.015791809090085377
decision_type=2 2 2 2 2 2 2 2 2 2 2 2 2 2 2 2 2 2 2 2 2 2 2 2 2 2 2 2 2 2
left_child=3 6 23 7 14 24 16 8 10 -10 -1 26 13 -4 18 -14 21 -13 -5 -18 -7 -2 -16 25 -6 -3 -8 -9 -25 -29
right_child=1 2 12 4 5 20 11 27 9 -11 -12 17 15 -15 22 -17 19 -19 -20 -21 -22 -23 -24 28 -26 -27 -28 29 -30 -31
leaf_value=-0.019208169832862762 -0.022071255165568855 0.033126675712477197 -0.00078563702145305727 0.0074998311003191534 -0.0212397399591846 -0.0007445141742366036 -0.0026764939339228174 -0.042093833368593368 -0.0036871453565922164 0.0050721895021126973 -0.0028858105592722426 -0.0056361340266618785 0.0070646627638311036 -0.010271537761395597 0.026012747324042365 -0.0017606837003406246 -0.001024045156689582 -0.017160345200177597 0.015973586797789336 0.012428575992276468 0.0081399826059212841 -0.0042531276673365755 0.001007948432276976 -0.028166550298872224 -0.0080882311989874337 0.011237877252425608 -0.020169648162822254 -0.0004435855198300961 0.0092723811205995873 -0.035559553550049777
leaf_weight=2692.6907825320959 872.98714283108711 1492.2507571280003 35791.565011888742 16762.827623978257 1941.1550984084606 7964.5072242170572 8207.2489597946405 516.44981975853443 11873.973755940795 22692.214284673333 13155.579788386822 5333.2728688269854 14934.149663642049 9194.808445468545 357.40462575852871 12009.452790915966 4865.9707695096731 11862.86429849267 11051.807986021042 3620.2767722308636 6081.7967949509621 8301.8474426567554 8723.7282387316227 73.322606474161148 2118.1948369592428 410.37731465697289 371.72197100520134 105.57778035104275 120.19157774746418 75.53610360622406
leaf_count=10842 3526 6171 143717 67715 7814 32130 33022 2146 47630 91439 52881 21430 60363 37134 1457 48228 19545 48571 45312 14612 24734 33573 35145 297 8507 1669 1519 432 489 327
internal_value=-2.21175e-07 -0.00223705 0.000201148 0.00247583 0.00555548 -0.000816654 -0.00639234 -0.000838164 -0.00036434 0.00206323 -0.00565905 -0.0102073 -0.000531129 -0.00272447 0.00868245 0.00313098 -0.000824685 -0.0135862 0.0108668 0.00471491 0.00310231 -0.00594853 0.00199206 0.0253295 -0.0143772 0.0284055 -0.00343446 -0.0350824 -0.00491325 -0.0150892
internal_weight=223576 117462 74026.1 106113 55001.4 18105.7 43436.2 51112 50414.5 34566.2 15848.3 25775.1 71930 44986.4 36895.8 26943.6 17661.1 17196.1 27814.6 8486.25 14046.3 9174.83 9081.13 2096.14 4059.35 1902.63 8578.97 697.564 193.514 181.114
internal_count=902377 473866 298068 428511 222814 73185 175798 205697 202792 139069 63723 104542 289442 180851 149629 108591 71256 70001 113027 34157 56864 37099 36602 8626 16321 7840 34541 2905 786 759
is_linear=0
shrinkage=0.05


Tree=27
num_leaves=31
num_cat=0
split_feature=1 13 12 13 17 15 9 14 17 9 13 13 14 13 17 14 4 14 15 18 5 13 15 18 2 17 9 17 19 14
split_gain=480.899 320.481 514.85 315.176 296.502 260.296 239.508 222.926 209.036 203.536 209.557 180.319 159.205 158.092 147.12 142.277 140.11 137.132 126.889 122.22 109.766 106.079 99.0177 90.5485 76.7878 74.0383 64.3506 57.0153 54.0057 48.4505
threshold=0.0002634005050295985 0.0038268753222271417 1.0000000180025095e-35 0.02125398975760551 0.0097043861227107415 3.5000000000000004 0.95934300958622565 14.500000000000002 0.030131464168354719 0.97463467230361578 -0.013979511386193298 0.11081522371121745 11.500000000000002 0.046573361208992366 0.12100102777413975 1.5000000000000002 0.0040652689940517015 17.500000000000004 5.5000000000000009 0.82742452362095886 0.0027862889461343658 0.065339139239208879 3.5000000000000004 1.0491507826746351 -0.0047362535211622472 0.071736843939882181 1.7089859756620036 0.057977626837805225 0.3631133261097409 18.500000000000004
decision_type=2 2 2 2 2 2 2 2 2 2 2 2 2 2 2 2 2 2 2 2 2 2 2 2 2 2 2 2 2 2
left_child=1 2 5 4 9 7 12 -1 20 10 -2 25 15 19 -13 -3 -11 -14 -7 -8 -5 -22 29 24 -6 -10 -25 -15 -24 -4
right_child=3 6 22 8 23 18 13 -9 11 16 -12 14 17 27 -16 -17 -18 -19 -20 -21 21 -23 28 26 -26 -27 -28 -29 -30 -31
leaf_value=-0.0044622032837308666 -0.0050441025573436764 0.017415411812431628 -0.031921858286309363 0.015575780314968361 0.0054037920499792605 0.0072140927912407345 0.0042196854500084497 0.0033510252784066624 -0.003647138849187033 -0.0010043047038614367 0.0013197494052357833 0.0193617463941991 0.018885954507962911 0.012330040203553029 -0.002678248503454717 0.0025583468670008196 -0.013897645843362109 0.007762248714102621 0.00026841632031005127 -0.0052633974698034856 0.0019692651021351801 0.012572506377700719 0.0031496926324587182 -0.013422220613356141 -0.0090144435948090792 -0.01299131647941165 -0.031293924417909846 0.0029614205228851334 -0.01647547926341027 -0.0091969341280941155
leaf_weight=24232.531562700868 23000.445647254586 1942.8483410924673 1334.4552531987429 2137.9083021730185 1093.1738979965448 18577.677170276642 5894.1340366005898 14647.757126450539 7486.7219862192869 3208.2147698253393 29563.066347852349 1411.0102520436049 5731.0456045866013 3649.394210383296 1633.9528769850731 9446.3543284982443 6138.9695010185242 5363.698022916913 10178.20529474318 8021.9150596559048 15360.50553765893 2786.761525452137 501.72966681420803 6300.762531593442 5947.3520786166191 2957.2500356584787 547.45085348188877 2926.0826553106308 1163.4141024202108 284.56494314968586
leaf_count=97669 92663 7936 5440 8640 4419 74943 23715 59087 30082 12961 118971 5711 23534 14804 6564 38236 25075 21833 40970 32260 61974 11330 2023 25540 24168 11846 2320 11791 4712 1160
internal_value=-2.36147e-07 0.00227479 0.000210161 -0.00236501 -0.004155 0.00114891 0.00568195 -0.00151865 0.0016523 -0.00267385 -0.00146491 -0.0031715 0.0092454 0.00177202 0.0075349 0.00509277 -0.00947229 0.0135083 0.00475566 -0.00124684 0.00485996 0.00359754 -0.019123 -0.0107574 -0.00677574 -0.00629298 -0.0148509 0.00816101 -0.0105622 -0.0279276
internal_weight=223469 113896 70920.3 109574 75799.4 67636.2 42975.5 38880.3 33774.1 61910.7 52563.5 13488.9 22483.9 20491.5 3044.96 11389.2 9347.18 11094.7 28755.9 13916 20285.2 18147.3 3284.16 13888.7 7040.53 10444 6848.21 6575.48 1665.14 1619.02
internal_count=902377 460113 286004 442264 306117 272669 174109 156756 136147 249670 211634 54203 91539 82570 12275 46172 38036 45367 115913 55975 81944 73304 13335 56447 28587 41928 27860 26595 6735 6600
is_linear=0
shrinkage=0.05


Tree=28
num_leaves=31
num_cat=0
split_feature=2 13 13 17 3 3 13 17 13 13 17 3 4 6 17 13 0 13 18 13 19 4 13 13 15 18 11 13 10 17
split_gain=445.357 529.382 350.429 307.009 246.025 243.434 329.671 220.604 183.381 174.746 142.164 141.985 141.021 134.607 132.964 114.691 112.993 94.295 108.436 90.0591 86.8511 84.5769 116.967 79.2988 78.3043 77.3867 67.2627 58.7688 41.0973 37.6737
threshold=-0.0036635773807314749 -0.0017220108700879975 -0.0092982441698593581 -0.01066647015202282 -0.017759295317903486 0.010433095357849533 0.025379891604820019 0.0010966371845970715 -0.037859382328843554 -0.043756749328868798 0.011669046091953296 -0.062373231789314525 0.0076267612120858117 1.046679070410429 -0.027362859358239285 0.013194525758403743 -0.0035488802107742075 0.052987677202534396 0.89019248762912639 0.033742152217435047 0.77333009267161956 0.015552072199502626 -0.028408019940257708 -0.013615362394699902 2.5000000000000004 0.91585045900062112 1.3908352594256612 -0.013232733449721311 30.222230371782903 0.0090764642061710882
decision_type=2 2 2 2 2 2 2 2 2 2 2 2 2 2 2 2 2 2 2 2 2 2 2 2 2 2 2 2 2 2
left_child=2 3 4 8 9 10 24 16 20 11 15 -1 -8 23 -11 -3 28 18 -9 -12 -2 22 -6 -5 -7 -10 -18 -15 -4 -23
right_child=1 5 7 13 21 6 12 17 25 14 19 -13 -14 27 -16 -17 26 -19 -20 -21 -22 29 -24 -25 -26 -27 -28 -29 -30 -31
leaf_value=0.0070992946346655587 -0.011249177391524087 0.0027248463196301378 0.026880296953366363 -0.0098616680401496307 -0.010832332139144168 -0.003706316756154271 0.0072169875340222719 0.007743464247211518 -0.0029338655838810276 0.017225410506878824 -0.0045767931461562147 -0.0043412570626120278 -0.00079637047025410282 -0.019205105502640249 0.0046824904083690279 0.0088135475587652803 0.0090741721797921535 0.010120942856183902 -0.001863539051013314 0.0047098373621950063 0.00083438881292286361 0.012028346932884505 -0.0022496260369024332 -0.0039736847549486781 -0.010523903755887163 0.0050684312699238324 -0.0060925712045449927 -0.0106405225336997 0.014950007934018506 -0.006179661427231458
leaf_weight=3914.2020164430141 4865.2835433632135 23094.904525160789 917.48791243135929 11343.919167861342 6247.3622657507658 7589.1824632883072 7445.0355245620012 4097.9997778385878 4531.4411755204201 2759.2138332128525 8051.7456402033567 8829.7445850968361 20910.661568775773 3554.8107049912214 9020.1964471638203 11628.526641815901 13677.553607776761 3391.260522916913 10369.460380867124 3863.2775365561247 2141.6248646378517 1067.0454112291336 10888.215003028512 11531.168292984366 9463.9957599192858 9064.8679604530334 772.29746651649475 4588.2124289125204 3385.4228629469872 387.16631883382797
leaf_count=15688 19619 93021 3799 46050 25208 30643 29970 16606 18281 11154 32408 35390 84149 14605 36263 47174 55629 13811 42026 15628 8638 4307 43890 46549 38096 36582 3118 18624 13852 1599
internal_value=-2.34043e-07 -0.00166328 0.00299668 -0.00571617 -5.80849e-05 0.000609631 -0.00199626 0.00659392 -0.000984966 0.00323045 0.00314682 -0.000827382 0.00130761 -0.00885878 0.00762055 0.00476389 0.0103815 0.00261674 0.000857706 -0.00156573 -0.0075559 -0.00439627 -0.00537875 -0.00689358 -0.00748987 0.00240139 0.00826356 -0.0143794 0.0174938 0.00718068
internal_weight=223393 143669 79724.6 51621.3 43113.1 92047.3 45408.9 36611.5 20603.2 24523.4 46638.5 12743.9 28355.7 31018.1 11779.4 34723.4 18752.8 17858.7 14467.5 11915 7006.91 18589.8 17135.6 22875.1 17053.2 13596.3 14449.9 8143.02 4302.91 1454.21
internal_count=902377 580037 322340 208948 173499 371089 182858 148841 83120 98495 188231 51078 114119 125828 47417 140195 76398 72443 58632 48036 28257 75004 69098 92599 68739 54863 58747 33229 17651 5906
is_linear=0
shrinkage=0.05


Tree=29
num_leaves=31
num_cat=0
split_feature=1 13 9 13 3 9 3 9 13 13 13 9 3 13 5 12 13 2 3 14 9 14 4 3 13 4 9 9 13 4
split_gain=418.698 277.402 311.687 267.764 294.979 261.245 202.154 189.084 188.072 183.41 167.711 167.629 163.801 158.416 150.866 150.549 342.674 266.118 149.852 141.428 131.499 143.166 93.5417 90.1935 87.0436 61.0441 59.8542 49.4129 35.0319 29.2702
threshold=-1.0000000180025095e-35 0.011433451326715251 1.3697962274098134 -0.011328999442674235 -0.022639141268953885 -1.4178677351439013 0.018357591194337778 -0.91754134738201654 -0.0068507250080809814 0.082783554866759604 -0.012448577214806187 -1.3184853441807229 0.06426917482395457 -0.067773744759268603 0.016170133281396267 1.0000000180025095e-35 0.0097812986270943165 0.00057819781711465634 -0.052308458569086273 22.500000000000004 1.528152746499887 21.500000000000004 0.0038459498862993256 0.092099095757880348 -0.029043730168547107 0.0046926215179406297 2.0371975576089723 -1.8844227584113193 -0.0065694062116044552 0.0030905710705538994
decision_type=2 2 2 2 2 2 2 2 2 2 2 2 2 2 2 2 2 2 2 2 2 2 2 2 2 2 2 2 2 2
left_child=3 2 7 4 13 27 20 8 -2 12 -9 24 -8 14 -1 17 -17 -7 -15 -13 21 -3 -4 -11 -6 -22 -24 29 -29 -5
right_child=1 6 22 5 11 15 9 10 -10 23 -12 19 -14 18 -16 16 -18 -19 -20 -21 25 -23 26 -25 -26 -27 -28 28 -30 -31
leaf_value=-0.0072546765238507551 -0.0019160687261100325 0.0078748997331134444 -0.0058944821184729714 0.0082105663227306693 -0.0034747287214580234 0.0083834137218438756 -0.0036229467655564881 -0.010131491938884914 0.0095721091283965248 0.0098386296805758749 -0.0032170510286906096 -0.0084567970458501538 -0.021195180769390205 0.020218325027445864 0.012028761558814284 -0.011738217782290254 0.0040853356659256773 0.00077786678548247452 0.0049719563974382911 0.016027660332672163 0.0059236686031978823 -0.0089761652642377267 -0.02039235712574276 -0.004662556906963676 0.0058137650942292098 -0.0041030091416668045 -0.043407105248015589 0.0067405318168976287 0.020140451298440658 0.035587854900496443
leaf_weight=4324.3598209023476 18465.320215508342 15304.020223245025 1111.3470893800259 118.0803879648447 5541.6564308255911 25917.404555946589 15509.721949473023 12755.904332607985 4414.1880736202002 3680.2162508964539 28063.466685429215 15011.200706288218 1450.1827730983496 1922.5918015986681 1325.0973615646362 4837.3056573271751 11689.697009503841 20677.67183816433 9965.0873667746782 613.90468373894691 2076.5965546816587 1373.5743503570557 2360.8582229912281 1513.1586246937513 4629.1699033528566 5643.0888382941484 320.90160667896271 756.44951213896275 1373.1459389328957 563.72908180952072
leaf_count=17317 74239 62039 4548 491 22271 104920 62369 51860 17970 14858 112739 60873 5813 7755 5316 19475 47427 83321 40062 2477 8349 5535 10087 6079 18617 22707 1415 3085 5917 2446
internal_value=-2.31227e-07 -0.00211946 -0.00416745 0.00221163 -0.000841506 0.00421822 0.000849849 -0.0033383 0.000300368 -0.00260795 -0.00537779 -0.00424292 -0.00512549 0.00416174 -0.00273169 0.003554 -0.000546077 0.00500827 0.00743775 -0.00749481 0.00398961 0.00648704 -0.0180917 0.00561352 0.000752855 -0.00140583 -0.0231463 0.0191314 0.0153807 0.0308465
internal_weight=223309 114043 67492 109267 43333.1 65933.5 46550.6 63698.9 22879.5 22153.3 40819.4 25795.9 16959.9 17537.1 5649.46 63122.1 16527 46595.1 11887.7 15625.1 24397.3 16677.6 3793.11 5193.37 10170.8 7719.69 2681.76 2811.4 2129.6 681.809
internal_count=902377 460607 272858 441770 174688 267082 187749 256808 92209 89119 164599 104238 68182 70450 22633 255143 66902 188241 47817 63350 98630 67574 16050 20937 40888 31056 11502 11939 9002 2937
is_linear=0
shrinkage=0.05


Tree=30
num_leaves=31
num_cat=0
split_feature=1 13 17 13 3 17 3 13 3 13 13 14 17 13 18 2 3 2 13 17 13 5 17 5 13 3 14 14 18 14
split_gain=380.643 294.756 263.914 236.335 256.828 219.863 215.692 241.57 214.47 171.515 151.947 149.222 160.692 149.085 139.116 137.307 135.118 134.426 131.724 108.024 135.616 107.937 106.589 88.727 88.0218 79.5091 79.3228 61.791 60.3513 60.3357
threshold=-0.00062749184751303966 -0.00048151043733707372 -0.0094320607549716034 -0.020237664092508153 -0.031189072153741167 0.00043567916196729511 0.015064086144784829 0.048988148804608896 -0.011360910894399221 0.038751520254641798 -0.047188743190990805 22.500000000000004 -0.022327892410300917 -0.067773744759268603 0.88623320725851185 -0.0012722646310432959 0.06426917482395457 -0.087448809515416878 0.021742797103567416 0.014987346812286419 0.027092901571398546 0.010713502632448524 0.030954439405248949 0.0030131367374467547 0.04056716867095967 -0.058424794389902827 1.0000000180025095e-35 21.500000000000004 1.1152816421392671 1.5000000000000002
decision_type=2 2 2 2 2 2 2 2 2 2 2 2 2 2 2 2 2 2 2 2 2 2 2 2 2 2 2 2 2 2
left_child=3 2 10 4 13 8 19 22 29 14 21 12 -6 17 -7 28 -9 -1 -10 20 -3 -2 -8 -12 -21 -15 -17 -11 -4 -5
right_child=1 6 15 5 11 9 7 16 18 27 23 -13 -14 25 -16 26 -18 -19 -20 24 -22 -23 -24 -25 -26 -27 -28 -29 -30 -31
leaf_value=0.020202081562616797 -0.012495420150256722 0.0024900342245490802 -0.00057496093344721081 0.027695176157347415 0.00033114690377036935 0.004293608930586495 -0.0050319659604726955 0.0058303841157677982 0.002855535304020516 0.00817781680612421 -0.0055831511727259045 0.016452174549798734 -0.0091660116197875962 0.021666005357416997 -0.0041086183145470252 -0.025211957748296918 -0.0057409182885057759 -0.0049395888487932579 0.011467361833274943 -0.0050125658493297013 0.011413266010237596 0.0010402368479041615 -0.01514631854497322 0.0037667030726883672 0.0048009225839998919 0.0070872756710683403 -0.0097694851864493677 -0.0077399584941007463 -0.0089979044135423542 0.012215885282219332
leaf_weight=605.43461368978024 3843.6472290307283 27163.868340775371 6807.1733181327581 684.56660559773445 7083.4219844937325 7209.2936189621687 14106.149393558502 8360.3629958927631 23984.869675561786 7714.8998792767525 3169.1318319141865 796.21160537004471 11998.350474879146 1132.9379387497902 15557.273392543197 872.37838672101498 3613.1443519443274 4363.2556654065847 5449.1206918507814 7272.6881918907166 5049.5447334498167 2387.7903911024332 3194.7381153702736 12728.625604912639 3331.7934178262949 5359.14780344069 17781.811208888888 661.99213713407516 3092.9485578685999 7829.4268891215324
leaf_count=2432 15500 109564 27442 2819 28552 29164 56786 33727 96879 31340 12762 3207 48526 4573 62946 3575 14513 17472 22200 29298 20607 9586 12881 51405 13485 21541 72409 2671 12500 32015
internal_value=-2.31439e-07 -0.00186769 -0.00478953 0.00228274 -0.00131867 0.00391628 0.000186466 -0.00312112 0.00647147 0.000802809 -0.000691074 -0.00475561 -0.00564053 0.00464247 -0.00144796 -0.00796578 0.00233861 -0.00187608 0.00444984 0.00244785 0.00388878 -0.00730877 -0.00689966 0.00190286 -0.00192929 0.00963142 -0.0104917 0.0069199 -0.00320642 0.0134605
internal_weight=223206 122776 50683.5 100430 31338.8 69091.4 72092.3 29274.4 37948 31143.5 22129.2 19878 19081.8 11460.8 22766.6 28554.3 11973.5 4968.69 29434 42817.9 32213.4 6231.44 17300.9 15897.8 10604.5 6492.09 18654.2 8376.89 9900.12 8513.99
internal_count=902377 496040 205179 406337 126303 280034 290861 117907 153913 126121 89253 80285 77078 46018 92110 115926 48240 19904 119079 172954 130171 25086 69667 64167 42783 26114 75984 34011 39942 34834
is_linear=0
shrinkage=0.05


Tree=31
num_leaves=31
num_cat=0
split_feature=1 13 12 15 9 13 9 14 14 5 13 12 9 13 13 13 4 14 15 13 9 9 15 9 14 4 5 14 14 14
split_gain=345.201 246.884 448.957 256.656 237.555 234.18 248.702 208.143 212.952 179.931 169.839 205.249 150.053 164.366 144.855 138.539 131.733 121.164 116.289 114.249 112.058 105.696 99.2535 93.9088 86.9852 74.3986 68.3992 62.5618 54.2076 53.3951
threshold=0.0002634005050295985 0.0074337164989931601 1.0000000180025095e-35 3.5000000000000004 -0.41818900655535446 0.024283491282427686 -0.33740435078092729 11.500000000000002 21.500000000000004 0.0058353339241632484 -0.024928664112267959 -1.0000000180025095e-35 1.6381255330305811 -0.007833432586895837 0.11081522371121745 0.067859925677143176 0.0048106777640602129 1.5000000000000002 3.5000000000000004 0.052987677202534396 -1.6247147686815533 1.8167580290817134 5.5000000000000009 1.528152746499887 11.500000000000002 0.019817717370370354 0.0013318175224068835 9.5000000000000018 22.500000000000004 17.500000000000004
decision_type=2 2 2 2 2 2 2 2 2 2 2 2 2 2 2 2 2 2 2 2 2 2 2 2 2 2 2 2 2 2
left_child=1 2 3 4 -1 6 10 17 19 15 20 -12 13 -8 21 24 -14 23 29 -9 -2 -11 -5 -3 -7 -16 -20 -19 -17 -4
right_child=5 7 18 22 -6 9 12 8 -10 14 11 -13 16 -15 25 28 -18 27 26 -21 -22 -23 -24 -25 -26 -27 -28 -29 -30 -31
leaf_value=0.001522158385202239 -4.118158163574623e-05 0.016238107444604133 -0.026944793583395407 0.0068258456490118968 -0.0064278962833555723 6.4512763761364966e-05 -0.010265034370591104 0.0094646883801336248 -0.0031486395020137643 -0.00060334669523452809 0.010937296993860826 -0.00036702255459876193 -0.004679131056918061 -0.0029454932039528082 0.015090577424123293 0.02212906721960621 -0.021827825138551731 0.0014734891854853674 0.008931117542055762 0.020597579489571888 -0.0090886999552071187 -0.0097342843582316606 0.00090647848116486365 -0.0026095212332263441 0.008344398219001568 0.00017765873711038976 -0.011524850965800254 -0.0063442929994161346 -0.030255587019010689 -0.0078443768062970883
leaf_weight=26323.94304831326 6518.3802460432053 2223.451496899128 1764.2103895545006 19912.522553965449 14612.396771371365 6440.4417760074139 10695.477861136198 12036.251445531845 2930.8197804242373 8106.3729442059994 5236.364421531558 17221.412072315812 1937.9639332890511 27111.915501967072 1635.1323448568583 1427.0696847736835 2652.9035779088736 13044.543714240193 518.51033312082291 2850.2119149416685 7205.3405043184757 5203.9245467334986 10990.204055994749 940.42726776003838 6250.5093851089478 1711.9640042483807 1928.7076758593321 3183.6353271305561 51.154866874217987 461.63766422867775
leaf_count=106292 26191 9089 7188 80441 59029 25917 43713 49125 11833 32767 21218 69413 7891 109160 6625 5801 11166 52707 2083 11739 29103 20888 44296 3783 25305 6901 7801 12831 205 1876
internal_value=-2.19509e-07 0.00192877 0.000304131 0.00128098 -0.00131565 -0.00200529 -0.00345416 0.00526944 0.0091708 0.00168803 -0.000409176 0.00226875 -0.00605267 -0.00501615 -0.00183511 0.00582985 -0.0145888 0.0016849 -0.014713 0.0115962 -0.00479138 -0.00417327 0.00472069 0.0106359 0.0041425 0.00746296 -0.00719069 -6.01991e-05 0.0203163 -0.0229834
internal_weight=223128 113721 76512.1 71839.1 40936.3 109406 78579.8 37209.3 17817.3 30826.6 36181.5 22457.8 42398.3 37807.4 16657.4 14169.2 4590.87 19392.1 4673.07 14886.5 13723.7 13310.3 30902.7 3163.88 12691 3347.1 2447.22 16228.2 1478.22 2225.85
internal_count=902377 460113 309006 290058 165321 442264 317855 151107 72697 124409 145925 90631 171930 152873 67181 57228 19057 78410 18948 60864 55294 53655 124737 12872 51222 13526 9884 65538 6006 9064
is_linear=0
shrinkage=0.05


Tree=32
num_leaves=31
num_cat=0
split_feature=2 13 12 12 13 12 9 9 12 3 13 17 14 13 13 4 19 9 6 17 14 14 13 13 3 4 4 13 4 9
split_gain=353.728 404.724 554.985 307.971 270.083 374.82 259.469 226.251 226.134 218.002 217.22 196.58 200.524 193.943 171.923 161.694 139.343 135.24 101.732 91.7557 73.8491 65.2596 62.3596 59.7989 56.7719 46.3967 34.4144 23.808 20.0096 18.1549
threshold=-0.0036635773807314749 -0.0017220108700879975 -1.0000000180025095e-35 -1.0000000180025095e-35 -0.0092982441698593581 1.0000000180025095e-35 -0.71843011630968323 -0.7637558809574353 1.0000000180025095e-35 -0.0022022508997650565 0.042466118205885424 -0.033053269114871379 17.500000000000004 0.011129129143517604 -0.037859382328843554 0.0067346023460207747 0.24610557370895833 -1.6503535870751238 1.0832297264687782 0.0013175005381207419 1.5000000000000002 21.500000000000004 0.015813926387441394 -0.10179255162960969 0.00083885397303473674 0.0010517825401678857 0.012786680746796971 0.013194525758403743 0.013414394659124472 0.14667804879201943
decision_type=2 2 2 2 2 2 2 2 2 2 2 2 2 2 2 2 2 2 2 2 2 2 2 2 2 2 2 2 2 2
left_child=4 3 21 14 8 17 23 22 11 -8 -9 16 -13 24 20 -16 -1 27 -19 -15 -2 25 -4 -5 -7 -3 -10 -6 -23 -28
right_child=1 2 7 6 5 13 9 10 26 -11 -12 12 -14 19 15 -17 -18 18 -20 -21 -22 28 -24 -25 -26 -27 29 -29 -30 -31
leaf_value=-0.0106567755785263 -0.026929555924187581 -0.014585883084455069 0.0054046776187998864 -0.020030310206875252 0.025421571729186417 -0.019563595243341059 -0.0051579414497052722 -0.0025782205534399202 -0.040825693741072887 -0.016505376764469164 0.0031949213871555627 -0.0040853493451105082 0.0052005141772985611 0.0089927315189049905 -0.0016251004675327555 0.0093938054169775027 0.0076260598398704528 0.006410348878855868 0.013500490856086837 -0.0012724313758859908 -0.005804853832883235 0.0023903823151059187 0.015833338318055664 -0.002489400284189155 -0.0058640734877717987 0.024406523965425756 0.0027539848082453163 0.054068758531883844 -0.045683879530713983 -0.030591526294500761
leaf_weight=1154.1660698056221 452.16742078959942 78.426585629582405 5310.3641855418682 503.02132353186607 896.5747526884079 1394.9851948916912 6961.0911427587271 58989.344722524285 369.51217716932297 10798.387618944049 22511.409349992871 22840.19657920301 7799.024955958128 3367.1784232705832 7941.8968645483255 5732.4315858483315 10739.679677456617 15458.57503798604 7520.622489541769 6158.34717258811 4865.2937774658203 267.51606479287148 1963.4756062030792 14258.488766506314 1651.6102693527937 2800.1475136131048 84.91177362203598 78.91015200316906 23.550213277339935 78.606525957584381
leaf_count=4636 1838 315 21495 2015 3905 5613 28128 237546 1564 44594 90947 91969 31411 13752 32006 23214 43225 62796 30729 24993 19751 1084 8060 57402 6669 11546 348 384 96 346
internal_value=-2.23546e-07 -0.00148336 0.000504495 -0.00503143 0.00267295 0.00583555 -0.00798583 -0.000229527 -9.42574e-06 -0.0120576 -0.000983615 0.000396174 -0.00172169 -0.00115589 2.75898e-05 0.00299415 0.00585191 0.00950486 0.00873081 0.0023562 -0.00760118 0.0210628 0.00821975 -0.00308713 -0.0121369 0.0233442 -0.0323742 0.0277389 -0.00149931 -0.0132759
internal_weight=223050 143457 91944.2 51512.8 79592.9 36526.8 32521 88774.6 43066.1 17759.5 81500.8 42533.1 30639.2 12572.1 18991.8 13674.3 11893.8 23954.7 22979.2 9525.53 5317.46 3169.64 7273.84 14761.5 3046.6 2878.57 533.03 975.485 291.066 163.518
internal_count=902377 580037 371089 208948 322340 148841 132139 358048 173499 72722 328493 171241 123380 51027 76809 55220 47861 97814 93525 38745 21589 13041 29555 59417 12282 11861 2258 4289 1180 694
is_linear=0
shrinkage=0.05


Tree=33
num_leaves=31
num_cat=0
split_feature=2 13 12 13 13 12 13 4 12 2 14 14 17 13 5 13 3 14 13 17 14 4 14 3 15 14 5 17 13 14
split_gain=331.23 289.49 366.909 309.017 263.567 303.402 346.074 270.786 197.487 184.637 177.449 213.378 169.723 166.041 182.675 147.111 134.076 123.479 108.509 104.837 95.861 94.61 88.6718 86.1915 81.774 66.4538 64.2421 54.753 28.5135 28.0048
threshold=-1.0000000180025095e-35 0.0097812986270943165 -1.0000000180025095e-35 -0.0068507250080809814 -0.022647389793296387 1.0000000180025095e-35 0.0071278068366028577 0.0092744385858688824 -1.0000000180025095e-35 -0.0090339642317481244 22.500000000000004 11.500000000000002 -0.0029990743954114714 -0.070309706899936139 0.016170133281396267 -0.00074198338688385979 -0.052308458569086273 1.5000000000000002 -0.034597127908593699 -0.031725629470626397 11.500000000000002 0.0057054877195009349 15.500000000000002 0.001262206163569535 3.5000000000000004 21.500000000000004 0.0029346918411539808 0.01417989500813799 0.067859925677143176 21.500000000000004
decision_type=2 2 2 2 2 2 2 2 2 2 2 2 2 2 2 2 2 2 2 2 2 2 2 2 2 2 2 2 2 2
left_child=4 2 3 21 7 9 24 18 27 22 11 -10 25 14 -9 -11 -15 -14 19 -1 -8 -2 -6 -5 -7 -4 -20 29 -12 -3
right_child=1 8 12 23 5 6 20 13 10 15 28 -13 17 16 -16 -17 -18 -19 26 -21 -22 -23 -24 -25 -26 -27 -28 -29 -30 -31
leaf_value=-0.0015518112872861158 -0.0080243158129097176 0.040900464149406804 -0.0042176471325252084 0.0088521781165768493 0.0068896812697423941 -0.020567744836878576 -0.0015340900985668481 -0.0084597767193562278 -0.002130419781625799 0.00029397032187241252 -0.01022815671105674 0.0042972510094702173 -0.021630602100055556 0.016622489125270441 0.0097597808809643076 0.0067542086259180971 0.0030972847197899924 -0.0086548868662194457 -0.011656398238376142 -0.015361685785817276 0.0066784151799287169 0.0007708718396923699 0.013834603012791304 0.024666243624708463 -0.0072872809293688459 0.0065496047301241466 -0.00013185062780696804 0.0041610688579240751 -0.023807328454131534 -0.0059619731016969831
leaf_weight=1902.5692649036646 4371.7222202718258 428.54068119823933 15774.46500441432 2741.0614557862282 13177.099675431848 2233.7667919099331 8233.384632229805 5610.2401743084192 26354.865531057119 18788.355584770441 1847.060414776206 25312.713175758719 2007.1802188903093 2199.092464402318 1822.7463051825762 16596.571625635028 10986.693882852793 21183.352743774652 1552.7873557657003 4949.3199373334646 6251.0690068751574 10172.258873552084 7057.8666527569294 1256.6328758150339 2409.3577247709036 1576.2009208500385 5465.5876895934343 168.96547797322273 488.91165006160736 34.44257190823555
leaf_count=7676 17646 1843 63759 11115 53726 9109 33271 22487 106020 75696 7416 102357 8206 8869 7321 67414 44284 86222 6266 19976 25529 41231 28898 5118 9734 6361 22037 690 1958 142
internal_value=-2.11329e-07 -0.00188905 -0.00431498 0.00151131 0.00196613 0.00363442 -0.00179765 -0.00164955 0.000734352 0.0055025 0.000409167 0.00101859 -0.00697966 0.00198419 -0.0039919 0.00332401 0.00535298 -0.00977796 -0.00705126 -0.0115271 0.00201019 -0.00187284 0.00931204 0.0138232 -0.0136764 -0.00323951 -0.00268161 0.0285233 -0.0130702 0.0374142
internal_weight=222955 113718 59082.9 18541.7 109237 74747.5 19127.6 34489 54635.5 55619.9 54003.6 51667.6 40541.2 20618.8 7432.99 35384.9 13185.8 23190.5 13870.3 6851.89 14484.5 14544 20235 3997.69 4643.12 17350.7 7018.38 631.949 2335.97 462.983
internal_count=902377 460084 239658 75110 442293 303377 77643 138916 220426 225734 217751 208377 164548 82961 29808 143110 53153 94428 55955 27652 58800 58877 82624 16233 18843 70120 28303 2675 9374 1985
is_linear=0
shrinkage=0.05


Tree=34
num_leaves=31
num_cat=0
split_feature=17 13 13 9 4 9 13 13 9 18 17 18 4 13 13 17 13 5 9 12 9 4 9 4 13 14 14 14 17 17
split_gain=303.026 421.305 284.279 314.727 286.858 227.295 241.473 215.382 258.323 203.745 197.253 195.101 186.918 261.46 165.154 174.485 159.65 166.615 154.374 133.766 125.984 114.728 114.482 112.339 108.914 84.331 212.18 80.3699 71.7687 38.7327
threshold=1.0000000180025095e-35 0.039623923311291394 -0.037859382328843554 -0.74905555294269666 0.012904161452416622 1.5927154240783239 -0.00074198338688385979 0.012502620026312196 1.3338342698756673 0.77816151051388516 0.046853641798817021 -1.0000000180025095e-35 0.0087672358590536511 -0.0051442657798092531 0.11081522371121745 0.12100102777413975 -0.12253817901829754 0.016170133281396267 -1.6742701433092002 1.0000000180025095e-35 1.4069726731600509 0.0060173337435942198 0.57471809435410715 0.017240427096849097 -0.080687521199921661 11.500000000000002 13.500000000000002 9.5000000000000018 0.13465265497101039 0.034649522118003991
decision_type=2 2 2 2 2 2 2 2 2 2 2 2 2 2 2 2 2 2 2 2 2 2 2 2 2 2 2 2 2 2
left_child=2 5 4 12 22 6 19 8 -5 -8 25 29 13 -4 28 -16 17 -6 -14 -2 -9 -13 24 -18 -1 27 -27 -3 -12 -7
right_child=1 10 3 7 16 11 9 20 -10 -11 14 21 18 -15 15 -17 23 -19 -20 -21 -22 -23 -24 -25 -26 26 -28 -29 -30 -31
leaf_value=-0.020562220429814895 -0.0061667281859382091 0.0064895614319768011 0.0007621702787916335 -0.0002318899192058186 -0.024905726962349502 0.030414511880138481 0.0070321393381423836 0.0075596946340473732 -0.015056407919717664 -0.0024481092565412184 -0.0036433353952067212 -0.0060895277167093784 0.023304239305024885 0.011596264059612246 0.018950325070601889 -0.0015038630869994073 0.00017546949549331775 0.0019116417076913837 0.0087986168872891575 -0.025433246780875531 0.00010100557451040912 -0.018833288840870488 -0.037405197099450026 0.011122135836766377 -0.0058404116364208936 0.034214851072276273 0.0081995352002734011 -0.0094955175209625459 -0.021428136485357987 0.0024654692414863037
leaf_weight=1401.4535788446665 24279.0294636935 4920.7590224295855 17396.434050098062 43619.33187957108 973.89524008333683 280.09325812757015 7224.9006959348917 14362.587599590421 3150.8826614022255 26290.631444752216 7822.2544652223587 2800.2870300710201 2411.3674312233925 8190.7317198067904 1804.4651000350714 2469.6025967299938 4830.1763143986464 1429.1041980683804 7662.7548427283764 935.62438936531544 9345.2651083320379 4782.0714365541935 324.76782886683941 4552.9566893130541 12131.222747042775 937.95248620212078 4767.7533594369888 935.88074116408825 611.60539019107819 222.37871339917183
leaf_count=5667 98553 19893 70047 175850 3889 1140 29167 58372 13072 106158 31488 11388 10001 33606 7334 9958 19415 5732 31235 3935 37704 19705 1339 18319 48971 3885 19428 3767 2458 901
internal_value=-1.97066e-07 -0.00221784 0.00153259 0.00267406 -0.00319198 -0.00426732 -0.00318531 0.000737319 -0.00123061 -0.000404464 0.0034243 -0.0121273 0.00650166 0.00423028 -0.000875312 0.00713167 0.00254218 -0.00895699 0.0122707 -0.00688164 0.0046196 -0.0141268 -0.00806904 0.0054871 -0.00736501 0.00814992 0.0124762 0.00393517 -0.00493305 0.0180451
internal_weight=222868 91085.3 131783 106139 25643.6 66815 58730.2 70478.1 46770.2 33515.5 24270.3 8084.83 35661.3 25587.2 12707.9 4274.07 11786.1 2403 10074.1 25214.7 23707.9 7582.36 13857.4 9383.13 13532.7 11562.3 5705.71 5856.64 8433.86 502.472
internal_count=902377 369158 533219 429887 103332 270947 237813 284998 188922 135325 98211 33134 144889 103653 51238 17292 47355 9621 41236 102488 96076 31093 55977 37734 54638 46973 23313 23660 33946 2041
is_linear=0
shrinkage=0.05


Tree=35
num_leaves=31
num_cat=0
split_feature=0 13 3 9 13 9 17 17 9 4 13 14 14 13 13 13 9 13 3 13 12 17 3 13 15 9 13 9 11 13
split_gain=286.769 168.601 271.671 229.033 158.969 242.762 172.059 164.121 158.001 152.283 139.366 134.364 147.354 127.005 124.162 123.766 121.899 160.648 104.095 102.526 102.128 94.8796 82.9055 64.5028 63.0479 62.6292 58.5145 53.0689 29.3532 21.2788
threshold=-1.0000000180025095e-35 -0.0065694062116044552 -0.022639141268953885 -1.0266238260487681 0.021742797103567416 1.3338342698756673 0.028479892452008163 0.012011313421629534 -1.3184853441807229 0.0038459498862993256 -0.024928664112267959 22.500000000000004 11.500000000000002 -0.028408019940257708 0.075934210518895942 -0.043756749328868798 1.2806335503468507 0.044464535041314319 -0.067119035353777765 0.013194525758403743 1.0000000180025095e-35 0.13465265497101039 0.049392647835405985 -0.030226055043977348 3.5000000000000004 -1.7575156978044089 0.0082808857341397663 1.6848796967387787 0.059251004062980506 0.014274603563359413
decision_type=2 2 2 2 2 2 2 2 2 2 2 2 2 2 2 2 2 2 2 2 2 2 2 2 2 2 2 2 2 2
left_child=1 2 15 20 5 7 11 10 23 26 -2 12 -6 -10 22 18 19 -18 -1 -5 25 -16 -8 -4 -17 -3 -7 -11 -9 -22
right_child=4 3 8 16 6 9 14 28 13 27 -12 -13 -14 -15 21 24 17 -19 -20 -21 29 -23 -24 -25 -26 -27 -28 -29 -30 -31
leaf_value=0.0099847385713377791 -0.004732876102968013 0.034696447558133885 -0.0023126325156250477 0.0020717787187873433 0.0008496332189395474 -0.010158414083467175 -0.0049551911246474541 -0.00581869993197462 -0.01230929840613054 -0.011809056224107689 0.00031677332899995018 -0.01657023034165921 0.010113791243591847 -0.0033644255613876871 0.0071955899594711402 0.0065334718925077074 -0.0045511770129829021 0.0049019231472551663 -0.002371433265002186 0.0072719447657721495 -0.015024195828400517 -0.0079521306796460252 -0.019438032803519328 0.0055476997463619684 0.01673334038795703 0.014168455948944387 0.0076695131013860499 -0.02196415405333968 -0.011368240083354587 0.0055097211761476195
leaf_weight=2347.1500044763088 19302.11395663023 407.2979866117239 4980.4937511086464 23260.84132578969 8790.9924848526716 773.61367492377758 6417.0378084480762 5888.8930020332336 5421.1279387027025 3103.6988054960966 46777.767257586122 727.15583561360836 8387.706592425704 14808.288987979293 3651.6607647240162 4339.259854644537 11086.903040736914 7558.2802366614342 6225.5759814232588 15997.107359930873 328.35884742438793 1441.9662884175777 1167.9882070273161 5483.6116917133331 2327.7562243193388 4234.0042708218098 1136.2885396629572 2197.3035564869642 4002.0910695642233 204.89301273226738
leaf_count=9423 77937 1845 20057 93654 35513 3191 25855 23842 22201 12894 188934 2922 34247 60064 14764 17519 44879 30570 24987 65165 1321 5800 4686 22131 9413 17649 4568 9288 16202 856
internal_value=-1.87772e-07 0.00183243 -0.000471871 0.00351043 -0.00175621 -0.00288953 0.00132615 -0.00205735 -0.0031814 -0.011657 -0.00115824 0.00448186 0.00537297 -0.00576149 -0.00313061 0.00498524 0.00260976 -0.000719132 0.0010116 0.00419078 0.0135889 0.00290739 -0.00718535 0.0018065 0.0100947 0.0159699 0.000448239 -0.0160184 -0.00806416 -0.00713439
internal_weight=222777 109011 45933.3 63077.7 113766 83181.8 30584.5 75970.9 30693.5 7210.9 66079.9 17905.9 17178.7 20229.4 12678.7 15239.7 57903.1 18645.2 8572.73 39257.9 5174.55 5093.63 7585.03 10464.1 6667.02 4641.3 1909.9 5301 9890.98 533.252
internal_count=902377 441734 185795 255939 460643 336856 123787 306915 124453 29941 266871 72682 69760 82265 51105 61342 234268 75449 34410 158819 21671 20564 30541 42188 26932 19494 7759 22182 40044 2177
is_linear=0
shrinkage=0.05


Tree=36
num_leaves=31
num_cat=0
split_feature=2 15 13 12 12 13 12 10 13 14 9 13 12 9 9 15 14 13 1 13 13 4 12 11 14 14 13 14 3 0
split_gain=295.988 250.211 246.447 325.237 308.038 226.314 325.691 184.134 174.997 167.649 149.744 144.391 133.142 138.205 132.083 98.8886 132.217 110.735 89.8109 89.1488 88.4619 87.1635 86.1624 59.7354 51.8756 50.1657 42.9195 39.8661 29.1905 27.0234
threshold=-1.0000000180025095e-35 3.5000000000000004 0.002828038403063005 -1.0000000180025095e-35 -1.0000000180025095e-35 0.0077395001831074292 1.0000000180025095e-35 47.937109841012806 -0.0074880116653167064 14.500000000000002 -0.80848841105607605 0.063351810841041814 1.0000000180025095e-35 0.70067373432480762 -0.6227032325375027 5.5000000000000009 4.5000000000000009 -0.00048151043733707372 0.001168355554323486 -0.046117178162999033 0.042466118205885424 0.0015466994162532976 1.0000000180025095e-35 -0.70963237179219985 16.500000000000004 21.500000000000004 -0.017160497243586977 21.500000000000004 -0.0076744420107492375 0.00031486146095727202
decision_type=2 2 2 2 2 2 2 2 2 2 2 2 2 2 2 2 2 2 2 2 2 2 2 2 2 2 2 2 2 2
left_child=1 5 3 8 25 6 9 26 19 -1 27 -12 13 -7 -9 18 22 -18 23 -2 -14 -10 -17 -3 -8 28 -5 -6 -4 -20
right_child=2 15 4 7 10 12 24 14 21 -11 11 -13 20 -15 -16 16 17 -19 29 -21 -22 -23 -24 -25 -26 -27 -28 -29 -30 -31
leaf_value=-0.0034599473335462615 -0.0085993830571527898 0.01262499350820705 0.014471483031900146 -0.0050652025751516949 0.011305590674924391 0.01568671284581441 -0.02376384224418495 -0.0048445362455120907 -0.01992542840513864 0.0029149968930568884 -0.00207583371687293 0.0040757405019072254 -0.0033209268732371303 0.0031683650480044609 -0.013329189986363949 0.014540557596236401 -0.0047501745157457744 0.0048618423966540853 0.005097081467125732 0.0005672773865424539 0.0079832769596479142 0.01290987408952763 -0.0054447513917158172 0.0064990112621412764 -0.0070196797075137794 -0.0056379876922620954 0.0020723512696450915 -0.0085843786958078021 0.031052094926962922 -0.0011032028309525927
leaf_weight=26768.196500733495 3520.553636059165 5113.1337638795376 374.40714834630489 4398.4997871369123 3209.1048013418913 4116.244831815362 1868.8778702020645 6968.6514684408903 215.59049682319164 16776.671066820621 50358.194179549813 11768.293453797698 5668.5816233158112 4747.9832700639963 13420.469569548965 2595.3974821120501 7477.9715074896812 4999.7359983623028 3006.2521141320467 10755.456950902939 2491.2990423440933 3232.8688898682594 680.76569384336472 17947.608511045575 614.71852417290211 136.633828535676 4041.3348545283079 273.38968382775784 912.13945978879929 4230.1117989569902
leaf_count=108117 14312 20753 1585 17778 13076 17137 7675 28083 863 67820 202936 47590 22942 19265 55406 10517 30133 20318 12171 43543 10211 13079 2753 72856 2516 557 16323 1107 3846 17109
internal_value=-1.73222e-07 0.00185977 -0.00178673 -0.00458143 0.000154179 -0.000186542 -0.00200831 -0.00785835 0.00074851 -0.00100385 -0.000345026 -0.000910573 0.00473901 0.00898146 -0.0104293 0.00466156 0.00144842 -0.000898702 0.00633234 -0.00169328 0.000130368 0.0108571 0.0103877 0.00785729 -0.0196195 0.0231676 -0.00164745 0.00974415 0.0262269 0.00147262
internal_weight=222689 109104 113586 46553.4 67032.2 63052.6 46028.5 28829 17724.5 43544.9 65609 62126.5 17024.1 8864.23 20389.1 46051 15753.9 12477.7 30297.1 14276 8159.88 3448.46 3276.16 23060.7 2483.6 1423.18 8439.83 3482.49 1286.55 7236.36
internal_count=902377 442293 460084 189387 270697 255683 186128 117590 71797 175937 264709 250526 69555 36402 83489 186610 63721 50451 122889 57855 33153 13942 13270 93609 10191 5988 34101 14183 5431 29280
is_linear=0
shrinkage=0.05


Tree=37
num_leaves=31
num_cat=0
split_feature=17 13 10 13 3 13 17 5 5 18 17 19 2 18 19 17 13 13 13 17 18 13 5 3 15 13 17 2 17 15
split_gain=279.067 461.636 276.866 268.917 221.528 199.838 228.943 179.46 178.659 166.78 146.094 138.875 125.226 114.911 99.8481 88.4589 87.2756 81.7183 81.3813 78.6283 77.3038 75.5343 73.9469 81.155 80.1617 63.3571 53.7995 41.4293 41.1655 38.8795
threshold=-0.0099123225091095595 -0.013615362394699902 49.752475247524799 -0.037859382328843554 -0.028563379499296656 0.044464535041314319 0.020385168392053957 0.0074921380619832724 0.005315693051308642 1.1344842485004614 0.051987698712586801 0.37084316581691795 -0.0094841096871937629 0.76673310449775034 0.76602916040638247 -0.043164145202743136 -0.02961103302254053 -0.00048151043733707372 -0.12253817901829754 -0.047043752767793816 0.92256979710324971 0.052987677202534396 0.0031369125831831927 0.039289272954106898 3.5000000000000004 -0.067773744759268603 0.013811636375744453 -0.060119194529092305 -0.1648207366107364 5.5000000000000009
decision_type=2 2 2 2 2 2 2 2 2 2 2 2 2 2 2 2 2 2 2 2 2 2 2 2 2 2 2 2 2 2
left_child=3 8 13 7 27 6 -4 14 12 26 -7 28 20 17 15 -1 -14 -3 -13 -16 -2 -15 24 -24 -6 -11 -10 -5 -9 -29
right_child=1 2 5 4 22 10 -8 11 9 25 -12 18 16 21 19 -17 -18 -19 -20 -21 -22 -23 23 -25 -26 -27 -28 29 -30 -31
leaf_value=-0.0037527097193224787 0.0024021116381534712 0.0022861277040348038 -0.0015302295797930826 0.04602269342448851 -0.0037854534837204919 0.0066098960188526526 -0.0092969467358798141 0.0056904505715057018 0.0048999615837114277 -0.020109181589728287 -0.0021022417085846171 -0.005269887864487237 -0.019972484139588367 0.00048361386080821006 0.02202272432828185 -0.015942165313790155 -0.010336715598650095 0.0093729639292458988 0.0066291428592128252 -0.0028447525789007107 -0.010805100057390918 0.0088613569814564377 0.0055920749422290056 -0.0050315071619119484 0.0045813220947439086 -0.0063948303649159644 -0.0047835912776299332 0.013866891832199128 -0.014214237276500938 0.030706359195320682
leaf_weight=2524.7347711026669 2613.6301843672991 6818.4407466500998 46136.363614410162 117.07710354030132 5856.3768821805716 10791.512766033411 11945.003687590361 315.55989088118076 5651.3655966818333 1006.1136253476143 8684.3640120327473 1753.3927567303181 3231.6748275905848 26359.029843777418 356.17998591065407 3625.9224998354912 8613.0792070925236 10083.18777115643 7962.0322576910257 2955.7085949927568 1923.2184128463268 2996.3189518451691 30806.050594314933 1909.0882578343153 5600.5316880941391 5167.2383393347263 1922.1857449561357 3027.0428593307734 1468.815056681633 386.54189977049828
leaf_count=10208 10530 27537 186410 498 23685 43832 48441 1268 22895 4075 34955 7027 13214 107032 1442 14651 35038 41066 32049 11948 7753 12287 125186 7720 22641 21147 7949 12415 5895 1583
internal_value=-1.65621e-07 -0.0011825 0.000168148 0.00265056 0.00472481 -0.00165784 -0.00312753 -0.00206966 -0.00673306 -0.00252997 0.00272512 0.00212689 -0.0102602 0.0032297 -0.00716973 -0.0109386 -0.0129657 0.006514 0.00448166 -0.000170358 -0.00319657 0.00133874 0.0037615 0.00497214 0.000304515 -0.00862995 0.00244225 0.0167768 -0.0106942 0.0157737
internal_weight=222608 153943 123814 68665.1 47702.7 77557.2 58081.4 20962.3 30128.5 13746.9 19475.9 11499.8 16381.6 46257 9462.55 6150.66 11844.8 16901.6 9715.43 3311.89 4536.85 29355.3 44172 32715.1 11456.9 6173.35 7573.55 3530.66 1784.37 3413.58
internal_count=902377 624161 501560 278216 193728 313638 234851 84488 122601 56066 78787 46239 66535 187922 38249 24859 48252 68603 39076 13390 18283 119319 179232 132906 46326 25222 30844 14496 7163 13998
is_linear=0
shrinkage=0.05


Tree=38
num_leaves=31
num_cat=0
split_feature=9 13 13 9 4 13 9 3 9 15 10 13 4 9 3 12 9 14 4 13 3 13 4 9 13 13 15 13 15 9
split_gain=272.35 402.002 338.014 323.977 222.308 229.316 223.066 207.232 200.732 198.605 195.401 195.278 186.103 164.255 163.911 153.169 141.613 140.423 127.661 121.923 118.526 108.06 81.4159 69.5446 59.7527 56.3914 54.7245 53.4185 44.2086 41.3094
threshold=-0.5158403882389222 0.0097812986270943165 -0.018003957391705679 1.5712514802429511 0.0064100487260426711 -0.059122171753703705 -2.0317605814012136 0.015064086144784829 -1.5520436728040756 3.5000000000000004 68.094011500567248 0.05455676137477939 0.017537604292300019 1.528152746499887 0.043675947585623993 -1.0000000180025095e-35 0.83802114567303432 1.0000000180025095e-35 0.0054749157581622998 0.015084445691175731 0.060483702729386642 -0.0068507250080809814 0.0038459498862993256 -1.3184853441807229 -0.030226055043977348 -0.0068507250080809814 5.5000000000000009 -0.010317921763010938 1.0000000180025095e-35 -1.918451784595923
decision_type=2 2 2 2 2 2 2 2 2 2 2 2 2 2 2 2 2 2 2 2 2 2 2 2 2 2 2 2 2 2
left_child=2 3 4 9 23 12 -7 13 18 16 -11 14 -6 17 -9 21 -2 -3 25 -17 -13 -10 -15 24 -1 -4 -25 -5 -29 -20
right_child=1 7 8 27 5 6 -8 11 15 10 -12 20 -14 22 -16 19 -18 -19 29 -21 -22 -23 -24 26 -26 -27 -28 28 -30 -31
leaf_value=-0.0098656652479710404 -0.0041740344998552267 0.024098222211472217 0.0017437385999740851 -0.045580429129478156 -0.0095379833581485662 0.013388632865046563 0.0013387999161430979 -0.0028703588924087389 0.0054912316737511166 0.00064355412806935597 -0.013377644203205334 0.0063864504883426269 0.0028791748115918414 0.0083819033632521415 -0.015549084595562404 0.0014243614637171676 -0.011526880033405934 0.0051632861453173688 0.031950371647963022 0.0093654844415540506 -0.0032472746794598543 0.020834354329755576 -0.0031036285175070431 -0.011161024979006859 0.00022669864870805551 0.019735770922298671 -0.030207973467997418 -0.035512324993415272 -0.016545872910347301 0.018377052081874418
leaf_weight=2812.849380120635 24673.844279780984 1017.4781922549009 1675.5655126273632 218.50229646265507 7238.5839645564556 5031.9130340218544 16224.03125230968 17120.000078096986 2423.0961656719446 28419.398295760155 2722.9023163765669 8942.8404774516821 5174.6573312729597 1837.103042781353 2995.1304811686277 24713.760472565889 8914.166665866971 25996.117838397622 820.00550954043865 6008.6896259188652 4965.527823805809 2180.0102445632219 9635.6916013658047 2685.5098116099834 3064.3091771006584 588.4509628713131 438.72003051638603 367.94850066304207 1862.057971611619 1771.6387053132057
leaf_count=11362 99701 4179 6769 1188 29158 20315 65466 68958 9735 114949 11063 36249 20762 7391 12058 99847 36523 105745 3549 24794 20004 9021 38873 10918 12291 2542 1770 1581 8023 7593
internal_value=-1.82688e-07 -0.00134728 0.00227104 -0.00413395 -0.000828051 0.00103799 0.00419135 0.00123451 0.00556212 -0.00345864 -0.000582378 -0.0016084 -0.00436169 0.00374776 -0.00475821 0.00425189 -0.00612546 0.00587648 0.0150942 0.00297748 0.00294704 0.0127577 -0.00126449 -0.00780789 -0.00460358 0.00642013 -0.0138357 -0.0219871 -0.0196753 0.0226717
internal_weight=222541 139689 82851.8 67178.8 42670.6 33669.2 21255.9 72509.9 40181.2 64730.3 31142.3 34023.5 12413.2 38486.4 20115.1 35325.6 33588 27013.6 4855.66 30722.5 13908.4 4603.11 11472.8 9001.39 5877.16 2264.02 3124.23 2448.51 2230.01 2591.64
internal_count=902377 566485 335892 273028 172042 135701 85781 293457 163850 262236 126012 137269 49920 156188 81016 143397 136224 109924 20453 124641 56253 18756 46264 36341 23653 9311 12688 10792 9604 11142
is_linear=0
shrinkage=0.05


Tree=39
num_leaves=31
num_cat=0
split_feature=1 13 12 14 14 9 13 4 9 4 4 14 13 13 6 9 13 9 5 9 13 9 18 14 5 14 14 14 14 2
split_gain=265.947 161.488 332.836 179.234 182.704 152.96 143.829 184.531 179.572 141.439 129.544 124.477 123.121 111.382 105.631 104.844 99.5754 166.505 100.687 94.9783 93.7244 75.8787 72.2749 65.8957 63.8543 50.3474 37.1967 36.7812 34.5165 32.3179
threshold=0.00043262922277909072 0.0021093632977738923 1.0000000180025095e-35 11.500000000000002 21.500000000000004 1.2972216673408254 0.024283491282427686 0.0078555450029234985 0.85260345723513542 0.0041538655400761753 0.008393988863357767 1.0000000180025095e-35 0.082783554866759604 0.052987677202534396 1.0832297264687782 1.3697962274098134 -0.053975181033966806 -1.4601892222773822 0.012480520359050886 1.7089859756620036 0.0038268753222271417 1.7344038511832873 0.77236441826904001 1.5000000000000002 0.0062496401271167215 11.500000000000002 21.500000000000004 22.500000000000004 3.5000000000000004 0.0023266926638936263
decision_type=2 2 2 2 2 2 2 2 2 2 2 2 2 2 2 2 2 2 2 2 2 2 2 2 2 2 2 2 2 2
left_child=1 2 5 11 13 10 8 14 16 20 -1 21 15 -5 26 -9 18 -18 -2 -11 -10 -3 -13 -4 -14 -16 -8 -7 -25 -6
right_child=6 3 23 4 29 27 7 12 9 19 -12 22 24 -15 25 -17 17 -19 -20 -21 -22 -23 -24 28 -26 -27 -28 -29 -30 -31
leaf_value=-0.00081278013028812993 -0.012461347213389325 0.017647943536629792 -0.042275348821083553 0.0074911373658807234 0.00052587417195007946 -0.021540309914262572 0.0036571179048412992 0.00033692966625037461 -0.0098439114284430123 -0.0079224595644556608 0.00369236781832912 0.0040903650346045808 0.019641526738252046 0.018195873247895324 0.0074207152655386939 -0.0082845542893752212 0.0062904242432823224 -0.0020152491079715707 0.00099388902930389066 -0.018616378741096791 0.0047641302837491076 -0.0075374235087555643 -0.0020422337714740262 0.0055943256756307534 0.0025871017924973421 0.01827984387841208 -0.0089714109197443076 0.034210824955328248 -0.016512048622230515 -0.0091379479652184785
leaf_weight=37712.979941904545 3905.5799372047186 1608.6322209984064 239.0883267223835 16071.007645875216 2383.778217241168 870.68538793921471 5261.3173130899668 6676.9565162211657 1646.4931879788637 10572.54410277307 27659.395389467478 6987.3068213611841 610.59157924354076 2862.8395315557718 2251.717361047864 7473.011142089963 6969.397194609046 44968.020985648036 2158.9358410090208 2583.7054719924927 3296.1687489300966 367.3601948171854 15378.394251734018 191.78386101126671 5428.0911404937506 2029.4266361147165 655.77188794314861 30.624694153666496 2226.7416877001524 1357.9857503324747
leaf_count=152358 15838 6629 990 65787 9671 3776 21287 27141 6778 43445 111814 28278 2490 11894 9073 30061 28304 181623 8689 10986 13266 1481 62280 789 21959 8262 2634 128 9205 5461
internal_value=-1.85822e-07 0.00165666 0.000115571 0.00391602 0.00711453 0.00081132 -0.00180423 0.00110377 -0.00296539 -0.00731339 0.00109337 0.000936437 -0.00166554 0.00910972 0.00658595 -0.00421633 -0.00160864 -0.000900724 -0.00767135 -0.0100226 -0.000102082 0.0129657 -0.000126338 -0.0172345 0.00431153 0.0125684 0.00225754 -0.019646 -0.0147591 -0.00298138
internal_weight=222436 115949 68931.3 47017.3 22675.6 66273.7 106488 30386.9 76100.8 18098.9 65372.4 24341.7 20188.7 18933.8 10198.2 14150 58001.9 51937.4 6064.52 13156.2 4942.66 1975.99 22365.7 2657.61 6038.68 4281.14 5917.09 901.31 2418.53 3741.76
internal_count=902377 470541 279060 191481 92813 268076 431836 122907 308929 74475 264172 98668 81651 77681 41256 57202 234454 209927 24527 54431 20044 8110 90558 10984 24449 17335 23921 3904 9994 15132
is_linear=0
shrinkage=0.05


Tree=40
num_leaves=31
num_cat=0
split_feature=17 13 13 4 12 13 9 10 4 13 12 12 3 17 17 13 17 13 13 9 3 13 12 17 6 9 13 7 13 3
split_gain=256.715 292.968 258.483 307.298 271.304 269.406 271.051 210.668 182.234 173.075 170.983 166.112 155.452 148.32 136.915 148.015 149.975 114.089 107.531 90.44 86.6145 97.3988 67.0114 61.3378 41.4686 39.1893 31.0728 29.9788 28.1721 23.1401
threshold=0.0047800506484708691 0.039623923311291394 0.0014222146705069607 0.0066101459647701531 -1.0000000180025095e-35 -0.055526977827386352 -1.6004944430349874 52.025528085013121 0.013414394659124472 -0.028408019940257708 1.0000000180025095e-35 1.0000000180025095e-35 0.023794157290741528 -0.021477463264763349 0.048602036662721844 0.11081522371121745 0.12100102777413975 -0.013979511386193298 0.025935916938787721 1.6148907854767387 0.069039845960584559 0.065339139239208879 1.0000000180025095e-35 0.13465265497101039 0.82917347689828746 -0.77952405149965365 0.022217113032149464 0.49031501849319653 0.075934210518895942 0.040681830766916456
decision_type=2 2 2 2 2 2 2 2 2 2 2 2 2 2 2 2 2 2 2 2 2 2 2 2 2 2 2 2 2 2
left_child=2 12 3 9 24 8 -7 11 -5 13 -11 -6 17 -1 20 23 -17 22 -9 -19 21 -3 -2 -16 27 29 -27 -4 -22 -14
right_child=1 14 4 5 7 6 -8 18 -10 10 -12 -13 25 -15 15 16 -18 19 -20 -21 28 -23 -24 -25 -26 26 -28 -29 -30 -31
leaf_value=-0.00071992550981632333 -0.0077865877022850506 0.0042432272848052701 0.0075403661484047318 -0.010574818497264308 0.010901586102551888 0.011880619216544432 0.0019924433162546978 -0.0013656357467870619 0.00085629757188174737 -0.001641784845215107 -0.019648710719051311 0.0018446857528918012 -0.0069839267829060374 -0.017815829578324588 -0.0040763159644566201 0.017336379683274755 -0.0017439547934264246 -0.0012076910147798567 0.0047903681021709771 -0.0085594915277296662 -0.0246461247979902 0.014809690006592199 -0.037993497196753823 -0.020553142876117869 0.034746294522345497 -0.016865785301167509 -0.0095096326967396075 0.026288790866059876 -0.0031419504000266361 0.015500795457085171
leaf_weight=1952.0313957184553 9147.0513491779566 7209.9871109127998 387.02418571710587 5756.4338422566652 12534.073255866766 9073.5793538242579 29341.170645177364 20426.917724385858 8841.7029617130756 33657.480348408222 1372.0346553325653 8493.2286501526833 291.56640248000622 3624.1588435322046 7448.6861155033112 1767.5463492870331 2467.7463777661324 31263.402092948556 10867.877719864249 4829.4561299979687 249.18540535867214 3126.6492746472359 187.36214576661587 611.18054901063442 630.06268252432346 2754.3004562854767 2998.2440009564161 474.78564220666885 391.74237866699696 188.34488798677921
leaf_count=7926 37422 29301 1636 23301 51650 36937 118900 82314 35512 135966 5602 34536 1178 14741 30010 7213 9958 126612 44107 19736 998 12813 858 2458 2693 11568 12064 2015 1587 765
internal_value=-1.99867e-07 -0.0023832 0.00121096 -0.00037633 0.00397232 0.00213077 0.00432803 0.00337284 -0.0036513 -0.00364948 -0.00234708 0.00724337 -0.00448162 -0.0118311 0.00227478 -0.00134896 0.00621898 -0.0034657 0.000772186 -0.00219141 0.00633347 0.00743939 -0.00839291 -0.00532576 0.0249969 -0.0118866 -0.0130317 0.0178692 -0.0115025 0.00184038
internal_weight=222365 74932.5 147433 93618.6 53814 53012.9 38414.7 52322.1 14598.1 40605.7 35029.5 21027.3 51659.7 5576.19 23272.7 12295.2 4235.29 45427.3 31294.8 36092.9 10977.6 10336.6 9334.41 8059.87 1491.87 6232.46 5752.54 861.81 640.928 479.911
internal_count=902377 304541 597836 378885 218951 214650 155837 212607 58813 164235 141568 86186 210203 22667 94338 49639 17171 184628 126421 146348 44699 42114 38280 32468 6344 25575 23632 3651 2585 1943
is_linear=0
shrinkage=0.05


Tree=41
num_leaves=31
num_cat=0
split_feature=0 2 13 17 17 9 13 13 9 13 12 4 5 4 6 13 13 17 13 9 18 13 17 13 4 13 15 14 5 9
split_gain=242.608 153.229 219.954 141.254 119.687 118.048 115.416 114.245 213.888 156.71 239.84 146.75 116.24 102.617 98.659 90.4361 89.4795 88.9517 75.8497 75.3871 64.2462 63.47 64.6415 55.7672 47.0031 43.9252 37.7997 37.4406 35.7979 27.1082
threshold=-1.0000000180025095e-35 -0.017082485695256829 -0.013615362394699902 0.012379825646483213 -0.012281057616028433 -0.74905555294269666 0.039623923311291394 -0.055526977827386352 -1.4384360884904219 -0.0063111511286880187 -1.0000000180025095e-35 0.006695015278524564 0.016170133281396267 0.0096437643285949837 0.8479287562343506 -0.04068433324583192 -0.0087125543610648264 -0.034577435248126558 -0.037859382328843554 -2.1639794546099118 1.0149588131613687 -0.14141431922022427 -0.031725629470626397 -0.14141431922022427 0.0075829646399382415 -0.12253817901829754 2.5000000000000004 5.5000000000000009 0.0042905607050804503 -1.2463200115215318
decision_type=2 2 2 2 2 2 2 2 2 2 2 2 2 2 2 2 2 2 2 2 2 2 2 2 2 2 2 2 2 2
left_child=1 15 4 5 18 -4 -5 12 13 11 -11 -10 21 16 -6 17 -9 25 -3 28 -21 -2 -23 26 -19 -1 -14 -15 -17 -25
right_child=7 2 3 6 14 -7 -8 8 9 10 -12 -13 23 27 -16 19 -18 24 -20 20 -22 22 -24 29 -26 -27 -28 -29 -30 -31
leaf_value=-0.002598495320130526 -0.038680396775219728 -0.0037719564224062622 0.008492399415439637 -0.004488729366406723 -0.0026839846700356853 0.0024918724805245785 0.0032951806776399892 7.307020267125981e-05 -0.0098411663030758961 0.012810162832727632 -0.0013448404452663053 -0.0020592163976223118 -0.020587154001237534 0.022964080367018885 -0.011568754160128309 0.008266574019050156 0.016749832514393704 -0.023612541901394005 0.004225221249923891 0.012943004180451948 0.0043706268428443584 -0.0047141830232141722 -0.015316875915181175 0.018947186051973746 -0.0022777317441010385 0.010166590355640749 0.0058325668338708881 0.010217730897067437 0.028656944069302782 0.001104590720281763
leaf_weight=885.8760350048542 196.20652335882187 5643.513519346714 10573.680506065488 11327.933946967125 7182.5083497613668 36455.010159149766 8216.3168775886297 5814.5035794377327 10459.946674063802 3129.7139416188002 68285.337642490864 14396.056508675218 277.95763930678368 767.71608880162239 5530.327770575881 317.08964206278324 933.47082667052746 280.22084760665894 6246.9988072663546 3493.3380458056927 5838.8666347712278 3019.1940650492907 2744.0865887254477 588.43273462355137 3279.2203103303909 2816.6108264923096 263.94608309864998 2308.4541243761778 670.22417442500591 333.53851820528507
leaf_count=3550 786 22831 43403 45964 29251 147580 33303 23436 42514 12810 276524 58734 1112 3143 22619 1288 4004 1129 25250 14321 23946 12181 11146 2365 13187 11327 1061 9461 2785 1366
internal_value=-1.84181e-07 0.00168745 0.000863322 0.00235626 -0.00317635 0.003841 -0.00121641 -0.00161704 -0.00119747 -0.00191463 -0.000724507 -0.00533403 -0.0076136 0.00583027 -0.00654903 0.00596135 0.00238002 0.00168653 0.000429575 0.00896957 0.00757954 -0.0107145 -0.00976247 0.00501047 -0.00395734 0.00711235 -0.00771885 0.0133988 0.0221083 0.0124923
internal_weight=222276 108758 91176.3 66572.9 24603.3 47028.7 19544.3 113519 106095 96271.1 71415.1 24856 7423.36 9824.14 12712.8 17581.4 6747.97 7261.93 11890.5 10319.5 9332.2 5959.49 5763.28 1463.87 3559.44 3702.49 541.904 3076.17 987.314 921.971
internal_count=902377 441734 370201 270250 99951 190983 79267 460643 430626 390582 289334 101248 30017 40044 51870 71533 27440 29193 48081 42340 38267 24113 23327 5904 14316 14877 2173 12604 4073 3731
is_linear=0
shrinkage=0.05


Tree=42
num_leaves=31
num_cat=0
split_feature=1 15 13 9 14 2 13 12 13 4 3 9 14 14 15 15 14 13 12 14 14 9 13 15 3 11 13 3 0 12
split_gain=234.482 176.055 225.496 274.931 162.154 124.675 117.875 172.879 233.176 153.109 142.077 117.124 104.515 99.2071 97.6526 93.4232 113.449 75.623 66.0244 64.3235 128.646 63.3032 62.6201 59.751 59.2384 54.6736 49.6051 48.0365 42.9165 34.1239
threshold=0.0007914349158528734 3.5000000000000004 0.011433451326715251 0.83802114567303432 14.500000000000002 -0.00012342631637057841 0.02125398975760551 -1.0000000180025095e-35 -0.0074880116653167064 0.0063702929042701783 0.010433095357849533 1.3523826047702985 11.500000000000002 21.500000000000004 1.0000000180025095e-35 5.5000000000000009 4.5000000000000009 0.002828038403063005 1.0000000180025095e-35 21.500000000000004 11.500000000000002 1.2972216673408254 -0.077142940274329538 4.5000000000000009 0.001120654285731826 -0.73806279090099292 0.046573361208992366 -0.0020462489298176396 -1.0000000180025095e-35 1.0000000180025095e-35
decision_type=2 2 2 2 2 2 2 2 2 2 2 2 2 2 2 2 2 2 2 2 2 2 2 2 2 2 2 2 2 2
left_child=1 2 3 4 -1 15 7 8 22 19 17 18 23 -14 -12 25 -17 -9 -4 20 -8 -5 -2 -11 -10 -3 -13 29 -29 -7
right_child=6 5 11 21 -6 27 9 10 24 12 14 26 13 -15 -16 16 -18 -19 -20 -21 -22 -23 -24 -25 -26 -27 -28 28 -30 -31
leaf_value=-0.0030237967637524407 -0.013360318331014934 0.012140297920446005 0.010442338839618176 -0.0086702425339624072 0.0033591176848811639 0.0065528035826974505 0.0032878293542886526 -0.0043007979937531087 0.0086737797626232765 -0.0025332312058142098 0.00081998913091287291 -0.0033614477568645485 0.0038149310282649378 -0.0075841413581124026 -0.010230671300149506 0.011494747556225865 -0.00062701485454738648 0.00032193235244114873 0.0024316572098935477 -0.0085697634514427367 0.018221142615122608 -0.019883354593768037 -0.00051081540450064508 -0.010939871829600557 0.02265936987986809 0.0060834156289957357 0.0043093853678791566 0.0014460725421284704 -0.004071528967811708 -0.0061975866467300234
leaf_weight=26741.121821314096 1041.6093249768019 4741.7601315826178 7339.5414938628674 3899.917650565505 15846.427160263062 3948.7496329247952 3809.4005760252476 25408.219562485814 2470.2832601666451 9078.3342821002007 2383.5882956683636 4960.2429719269276 11470.064692154527 2289.7638982236385 12395.426144525409 2431.4330337792635 9363.9717853665352 13573.107536450028 3960.0347747653723 573.47737795114517 2320.8492984473705 1858.48992626369 10568.318621590734 2755.1611663550138 1091.785754352808 17389.259006306529 3664.6475412398577 7817.3156306147575 6417.2710840255022 605.16954329609871
leaf_count=108271 4230 19294 30254 15839 64197 16004 15355 103050 10120 36619 9796 19950 46643 9216 50911 9874 37943 54745 16241 2302 9464 7846 42936 11101 4488 70747 14904 31639 25944 2454
internal_value=-1.66744e-07 0.00148551 -0.000190503 -0.00203525 -0.000648774 0.0036561 -0.00177579 -0.00294367 0.00176979 0.000716833 -0.00427388 0.0042857 -0.00104508 0.00191802 -0.0084484 0.00546565 0.00187169 -0.00269119 0.00763493 0.00744341 0.00894143 -0.0122892 -0.00166364 -0.00449053 0.0129604 0.00738115 -0.000102172 0.000388593 -0.00104139 0.00485841
internal_weight=222215 120985 68270.4 48346 42587.5 52714.9 101229 68932.3 15172 32297.1 53760.3 19924.5 25593.3 13759.8 14779 33926.4 11795.4 38981.3 11299.6 6703.73 6130.25 5758.41 11609.9 11833.5 3562.07 22131 8624.89 18788.5 14234.6 4553.92
internal_count=902377 491401 277502 196153 172468 213899 410976 280276 61774 130700 218502 81349 103579 55859 60707 137858 47817 157795 46495 27121 24819 23685 47166 47720 14608 90041 34854 76041 57583 18458
is_linear=0
shrinkage=0.05


Tree=43
num_leaves=31
num_cat=0
split_feature=17 13 13 4 18 3 12 13 4 3 19 12 12 2 13 19 17 13 14 13 13 5 13 19 2 17 15 15 2 19
split_gain=228.799 353.01 213.31 200.098 247.777 195.387 223.322 266.219 181.294 179.563 157.184 147.881 146.288 204.442 178.951 96.1913 105.763 95.2227 87.5929 85.1225 79.749 77.9687 64.5081 61.5311 47.9602 47.9359 39.0272 34.1091 31.8571 20.658
threshold=-0.0099123225091095595 -0.013615362394699902 -0.037859382328843554 0.0064895473436745567 1.1304774161044084 0.0056630030747464319 -1.0000000180025095e-35 0.035345090142432485 0.013414394659124472 -0.030296213569718452 0.37084316581691795 -1.0000000180025095e-35 1.0000000180025095e-35 -0.0013734486189759807 0.0038268753222271417 0.76602916040638247 -0.043164145202743136 -0.12253817901829754 1.5000000000000002 0.02125398975760551 -0.0096337778452890137 0.0072384933871805397 -0.053975181033966806 -0.17610872394667185 0.0032507110930516396 -0.1648207366107364 5.5000000000000009 1.0000000180025095e-35 -0.060119194529092305 0.80118911995159781
decision_type=2 2 2 2 2 2 2 2 2 2 2 2 2 2 2 2 2 2 2 2 2 2 2 2 2 2 2 2 2 2
left_child=2 3 8 18 24 12 -7 -8 15 26 25 20 13 -3 -14 16 -1 -12 27 -13 -11 -6 -17 -20 -5 -10 28 -2 -4 -28
right_child=1 5 9 4 21 6 7 -9 10 11 17 19 14 -15 -16 22 -18 -19 23 -21 -22 -23 -24 -25 -26 -27 29 -29 -30 -31
leaf_value=-0.0025353495631782385 -0.050335179888387538 0.0068226215574570441 0.040845047009237793 0.0036526934340764382 -0.0144655677318642 0.022144533628766096 -0.0052741044955536961 0.0015809042525359324 0.0062368228848169172 0.006767846298807615 -0.0043769723127466582 0.0011130898777295304 -0.014987789385442233 0.00042427517088515867 4.4698781137044741e-05 -0.006419866247172782 -0.014543889015987353 0.0088555099301351539 -0.055147016313193326 0.0070999789462641892 0.018859853105667651 -0.004657385292432324 0.0065523821689107038 -0.009824852095203623 -0.0036668116135096331 -0.015929496961232841 0.039098143814648129 -0.022655646237172516 0.012904335614361018 0.010406373243888168
leaf_weight=3211.699100419879 131.80975943803787 22434.544871017337 106.18241021037102 8521.5895227491856 4144.9531648010015 944.48240830004215 33382.192941829562 24600.826738223433 304.9991797208786 4451.7847581207752 1729.6786186099052 30785.551621064544 2383.5627997666597 28149.542271792889 11686.250098884106 1838.3020392358303 4272.9673907756805 6353.5978707671165 75.486701786518097 7355.8222729861736 1965.5815925002098 3963.9024328589439 2002.0810056775808 9444.611916333437 3035.0740316510201 1217.541808962822 254.50981169939041 715.25924423336983 2600.3589659631252 83.258374661207199
leaf_count=13006 538 91611 459 34549 16966 3860 135401 99568 1226 17979 6935 124872 9730 113887 47503 7452 17308 25580 307 30127 8164 16268 8094 38467 12582 4887 1052 2924 10731 344
internal_value=-1.59304e-07 -0.00107196 0.0024022 -0.0059341 -0.00297082 0.000109637 -0.00197284 -0.00236569 -0.00180454 0.00425189 0.00324813 0.00344922 0.00200767 0.00326201 -0.00250195 -0.00609018 -0.00939098 0.00602399 -0.0115551 0.0022677 0.0104715 -0.00967097 0.000342869 -0.0101842 0.00173041 -0.0114891 0.0160004 -0.0269628 0.0140005 0.0320257
internal_weight=222148 153614 68533.9 30032.7 19665.5 123581 58927.5 57983 20930.9 47603 9605.82 44558.7 64653.9 50584.1 14069.8 11325 7484.67 8083.28 10367.2 38141.4 6417.37 8108.86 3840.38 9520.1 11556.7 1522.54 3044.31 847.069 2706.54 337.768
internal_count=902377 624161 278216 122601 80365 501560 238829 234969 84488 193728 38628 181142 262731 205498 57233 45860 30314 32515 42236 154999 26143 33234 15546 38774 47131 6113 12586 3462 11190 1396
is_linear=0
shrinkage=0.05


Tree=44
num_leaves=31
num_cat=0
split_feature=9 13 13 9 14 14 5 10 9 4 13 13 9 5 14 9 12 13 13 4 14 7 17 13 17 9 11 13 13 14
split_gain=229.967 305.989 265.376 264.684 196.316 260.414 225.546 187.073 168.138 166.606 197.844 188.151 211.425 153.798 133.891 145.884 130.508 127.864 127.362 112.024 92.975 92.5489 92.298 65.9155 60.8893 54.013 51.7333 45.3347 41.9788 27.6127
threshold=-0.5158403882389222 0.0065543233735660964 -0.018003957391705679 1.4252094938686763 11.500000000000002 17.500000000000004 0.0057183970419179102 65.97980604290187 -1.6742701433092002 0.016940617712853306 -0.12253817901829754 -0.067773744759268603 -1.918451784595923 0.016170133281396267 8.5000000000000018 1.6381255330305811 1.0000000180025095e-35 -0.021111854475268085 -0.0014765014740162339 0.0053973784959728778 22.500000000000004 0.51670688604730952 -0.050058541175978792 0.0071278068366028577 -0.013456821622149116 1.789155311853394 1.1572841059284102 -0.0068507250080809814 -0.019727996379731102 22.500000000000004
decision_type=2 2 2 2 2 2 2 2 2 2 2 2 2 2 2 2 2 2 2 2 2 2 2 2 2 2 2 2 2 2
left_child=2 3 9 7 14 6 -6 17 19 11 13 22 -13 -11 15 -3 18 -2 -10 27 -7 -16 -1 -18 -12 28 -9 -4 -5 -21
right_child=1 4 8 25 5 20 -8 26 16 10 24 12 -14 -15 21 -17 23 -19 -20 29 -22 -23 -24 -25 -26 -27 -28 -29 -30 -31
leaf_value=-0.0028794540269513882 -0.0066053413105798507 0.0026041535581434096 0.0017724621711713677 -0.040464077805688253 0.011857013387465531 0.00083381803700577253 0.00089498248014690119 -0.010015814363348811 0.0020504440364630468 -0.024602041253504452 0.014972407070956754 0.0056329536968406282 -0.0034112732706765149 0.0032736266936910698 -0.0081656073652362198 -0.0046617740710975788 -0.012771665923108452 -0.00080278591156535616 0.0082663749528149675 0.025456528355350939 -0.0082252088746836722 0.0079656895381699424 -0.016761694249246197 0.00078292464843465227 0.0032280129022434594 -0.031461614350784338 -0.02476681764298154 0.022416416931235979 -0.013191198695916041 -0.012539598528677229
leaf_weight=2017.9808433353901 12610.340954110026 19364.259165585041 1261.6999126970768 151.52275694906712 11569.126096487045 16550.444390550256 7894.2232447266579 5095.0614894479513 17217.311018064618 763.43475389480591 3651.5390756726265 9359.194417193532 20872.975632086396 1406.2613680660725 9233.2390050292015 10739.520007073879 1543.6045002639294 38418.017746433616 15806.010968148708 1715.1428914964199 3417.103003397584 983.89248079061508 2944.2227287739515 2140.9143677949905 1581.6478597521782 651.05733439326286 672.88098932802677 336.96693657338619 2049.9958270639181 49.186872959136963
leaf_count=8145 51607 78342 5105 789 47199 67182 32256 20839 69479 3052 14716 37781 84400 5643 37228 43327 6225 155244 65037 7504 13762 3969 11921 8809 6384 3082 2742 1483 8917 208
internal_value=-1.70644e-07 -0.00123924 0.00208924 -0.00394793 0.000786676 0.00329524 0.00741088 -0.0032015 0.00501008 -0.000658374 0.00615969 -0.0020925 -0.000611386 -0.00653478 -0.00166651 1.20347e-05 0.00402975 -0.00223674 0.00502559 0.0157106 -0.000716479 -0.00661219 -0.0111162 -0.00489568 0.0114228 -0.0188098 -0.0117366 0.00612379 -0.0150683 0.0243973
internal_weight=222069 139401 82668.1 59648.9 79751.8 39430.9 19463.3 56796.3 40070.8 42597.3 7402.88 35194.4 30232.2 2169.7 40320.9 30103.8 36707.8 51028.4 33023.3 3363 19967.5 10217.1 4962.2 3684.52 5233.19 2852.58 5767.94 1598.67 2201.52 1764.33
internal_count=902377 566485 335892 243220 323265 160399 79455 230432 163850 172042 29795 142247 122181 8695 162866 121669 149550 206851 134516 14300 80944 41197 20066 15034 21100 12788 23581 6588 9706 7712
is_linear=0
shrinkage=0.05


Tree=45
num_leaves=31
num_cat=0
split_feature=17 13 13 9 4 13 13 9 18 17 3 4 5 13 17 13 17 13 13 13 13 3 3 9 5 9 17 10 10 3
split_gain=220.447 278.023 260.075 299.357 190.158 321.862 277.024 155.897 146.054 135.981 126.058 113.702 105.705 100.225 130.792 80.1421 85.4456 78.2429 78.0109 73.2909 73.0016 66.8666 66.5516 64.477 59.1795 58.3982 54.9198 47.3658 43.605 32.4199
threshold=0.012011313421629534 0.063351810841041814 0.013194525758403743 1.0665249287203451 0.008393988863357767 -0.028408019940257708 -0.077142940274329538 1.4653554562806692 1.0562422163132723 0.07937145148804288 0.01879694334002369 0.0041113019054684159 0.0080578513496816998 0.15114400478283921 0.15237252525133174 0.019783247931153828 0.051987698712586801 -0.0096337778452890137 0.028892191256001957 0.052987677202534396 0.11081522371121745 0.042125790453165786 0.069039845960584559 1.936248620267927 0.012194816013134265 1.2635145839153974 0.13465265497101039 35.434101110048125 58.586258012952399 0.06426917482395457
decision_type=2 2 2 2 2 2 2 2 2 2 2 2 2 2 2 2 2 2 2 2 2 2 2 2 2 2 2 2 2 2
left_child=2 8 3 4 5 -1 -6 10 21 20 18 17 19 26 -15 23 -17 -5 -4 -9 22 27 -3 -10 -22 -13 -11 -2 -14 -12
right_child=1 9 7 11 6 -7 -8 12 15 13 29 25 28 14 -16 16 -18 -19 -20 -21 24 -23 -24 -25 -26 -27 -28 -29 -30 -31
leaf_value=-0.0087845400529826846 0.005790464180080248 0.0084138667657431328 0.0068666527341202464 -0.048943734858983436 -0.0053028697464171364 0.0004029881562704489 0.0050169124667880163 -0.0004183171691646206 -0.0097218993950654135 -0.0031071869338973809 0.0019010127646662774 -0.0071623498563121741 -0.0021182233571569262 0.023707243998632662 -0.002073855637367247 -0.0021820650277629811 -0.012377209089517067 -0.00040954949241740638 0.013958346052281523 0.010505816843769838 0.029826193591936646 -0.0133311834091884 -0.0086873818371450157 -0.033950378288288612 0.0065537165645480526 -0.016868785384107642 -0.017088299342610268 -0.0017395948367266254 -0.021437685577847462 -0.011732001634252705
leaf_weight=11166.109630763531 2389.2648884057999 4811.8593439012766 12055.436710134149 84.976987093687057 7915.5129801332951 65162.454207986593 36443.19716796279 8378.0277799218893 11052.16397356987 2837.1859967708588 5713.5010018646717 2796.5475537925959 477.65432453155518 755.95092776417732 1408.6315603405237 9247.6616753786802 2642.3716508448124 3643.8155597895384 5716.827693015337 1879.8939736783504 670.6273215264082 1126.1745213866234 645.19073966145515 281.59106637537479 460.90627132356167 3475.3162424564362 933.50989638268948 16582.994009628892 751.72223746776581 472.11640419065952
leaf_count=45432 9729 19600 49383 376 31862 263586 147972 33775 45347 11453 23091 11422 1940 3075 5679 37456 10676 14815 23884 7692 2769 4598 2591 1259 1890 14748 3761 67570 3040 1906
internal_value=-1.82858e-07 -0.00271786 0.00091337 -0.000116902 0.000571957 -0.000941056 0.00317542 0.00471203 -0.00461468 0.0038436 0.00700815 -0.00843001 -7.67643e-05 -0.00164568 0.00692984 -0.00731544 -0.00444777 -0.00151562 0.00914785 0.00158367 0.00878857 -0.00149395 0.00639197 -0.0103239 0.0203466 -0.0125408 -0.00656849 -0.000791299 -0.0139314 0.000860475
internal_weight=221979 55846.1 166133 130688 120687 76328.6 44358.7 35445.2 43322.2 12523.9 23957.9 10000.7 11487.3 5935.28 2164.58 23223.8 11890 3728.79 17772.3 10257.9 6588.58 20098.4 5457.05 11333.8 1131.53 6271.86 3770.7 18972.3 1229.38 6185.62
internal_count=902377 227453 674924 530213 488852 309018 179834 144711 176635 50818 98264 41361 46447 23968 8754 94738 48132 15191 73267 41467 26850 81897 22191 46606 4659 26170 15214 77299 4980 24997
is_linear=0
shrinkage=0.05


Tree=46
num_leaves=31
num_cat=0
split_feature=1 13 6 3 13 3 4 2 13 17 14 3 17 13 14 14 14 14 14 13 13 2 13 5 18 16 14 3 14 18
split_gain=210.459 182.084 186.084 184.614 144.455 141.947 118.365 112.534 153.759 132.82 121.614 105.437 94.5021 95.9672 91.5852 310.352 95.9114 91.211 127.083 85.357 59.0933 50.3001 48.0923 44.9566 43.3833 35.3908 32.6682 29.2866 26.0142 23.0933
threshold=-0.0039586458047327624 -0.0063111511286880187 0.82917347689828746 0.010945210192010226 0.06120925558594182 0.043675947585623993 0.0055904151242547528 -0.060119194529092305 -0.043756749328868798 -0.030379391897974669 15.500000000000002 0.06426917482395457 0.019376211099559396 0.013194525758403743 11.500000000000002 13.500000000000002 1.0000000180025095e-35 22.500000000000004 11.500000000000002 -0.067773744759268603 0.02125398975760551 -0.026668369736449923 -0.077142940274329538 0.023660688457875285 1.3966237083325479 -0.023166845211588235 2.5000000000000004 -0.094714025598822124 12.500000000000002 -0.13450098754285666
decision_type=2 2 2 2 2 2 2 2 2 2 2 2 2 2 2 2 2 2 2 2 2 2 2 2 2 2 2 2 2 2
left_child=7 2 6 12 5 -5 24 22 17 21 -11 -6 13 -3 16 -16 -4 18 -9 -8 -14 -10 23 26 -2 -19 -1 -24 -25 -29
right_child=1 3 14 4 11 -7 19 8 9 10 -12 -13 20 -15 15 -17 -18 25 -20 -21 -22 -23 27 28 -26 -27 -28 29 -30 -31
leaf_value=-0.019888032704810363 -0.0066893237705566606 0.0014430573185373475 -0.019280194131761075 -0.0027340437786908226 0.0065897724698769575 -0.013016279555427538 -0.006571771702345618 0.0011808193079906608 0.021375485166802825 0.00051576969047483542 0.0061192662133987439 -0.0040893220496432299 -0.0069403794755415488 0.0061401135917052412 -0.024125005164378981 -0.0046001470438614888 -0.0024584592632036126 0.0013458711686173414 -0.009921429121690117 0.001984966174192125 0.00081976458188975313 0.0084476732375919454 0.044438160278974785 0.037462876136925685 0.0069492376563206259 0.028385365377421253 0.0059915261479400427 -0.087921714069080989 0.0094226337621302475 0.019643731747989127
leaf_weight=143.01522067189217 8904.5149130225182 37654.297319829464 930.03960286080837 28527.644253149629 6656.2264950573444 3804.1242767721415 3390.2047580331564 5157.398498699069 901.01280960440636 30109.604390114546 14272.845426976681 3540.9111858904362 4281.942775696516 15290.420644193888 2970.5112833082676 6464.2647973895073 9531.9080150425434 203.19405251741409 5152.7900339514017 20770.262983769178 5744.2565989792347 4562.3093892037868 132.78643774986267 166.34944596886635 623.93150472640991 299.20857520401478 827.55319167673588 5.0245413780212393 164.52317069470882 720.98739619553089
leaf_count=572 36050 152554 3839 115612 27073 15394 13732 20842 3759 122776 58392 14264 17364 62602 12227 26395 38922 816 20771 84478 23300 18691 552 672 2537 1208 3320 20 662 2981
internal_value=-1.82029e-07 -0.000967791 -0.00334131 0.000237769 -0.00230733 -0.00394384 -0.00107693 0.00245025 0.00205088 0.00322333 0.00231778 0.0028815 0.00195666 0.00279957 -0.00717532 -0.0107475 -0.00395387 -0.0033541 -0.00436782 0.000784282 -0.0024944 0.0105797 0.0136643 0.00760402 -0.00579626 0.0174494 0.00217812 0.0228481 0.0235201 0.0188993
internal_weight=221904 159085 53585.6 105500 42528.9 32331.8 33688.9 62818.6 60658.4 49845.8 44382.4 10197.1 62970.9 52944.7 19896.7 9434.78 10461.9 10812.6 10310.2 24160.5 10026.2 5463.32 2160.24 1301.44 9528.45 502.403 970.568 858.798 330.873 726.012
internal_count=902377 646343 218180 428163 172343 131006 136797 256034 247255 203618 181168 41337 255820 215156 81383 38622 42761 43637 41613 98210 40664 22450 8779 5226 38587 2024 3892 3553 1334 3001
is_linear=0
shrinkage=0.05


Tree=47
num_leaves=31
num_cat=0
split_feature=9 13 9 13 14 14 5 10 12 4 13 9 13 9 14 9 5 19 12 13 4 12 7 4 18 9 18 13 5 18
split_gain=210.289 274.421 228.447 223.187 181.451 249.563 206.684 176.018 164.806 154.663 169.727 146.069 142.207 137.319 128.013 131.144 126.191 115.661 113.054 110.002 98.7244 94.3904 85.3422 65.6825 50.219 49.5977 41.1453 40.2991 39.5089 25.2173
threshold=-0.60715483219583188 0.0065543233735660964 1.4252094938686763 -0.018003957391705679 11.500000000000002 17.500000000000004 0.0057183970419179102 61.083743842364683 1.0000000180025095e-35 0.012786680746796971 -0.067773744759268603 -1.6742701433092002 -0.080687521199921661 -1.8492853943547025 8.5000000000000018 1.6381255330305811 0.016170133281396267 0.82674843972553158 1.0000000180025095e-35 -0.0014765014740162339 0.0053973784959728778 -1.0000000180025095e-35 0.51670688604730952 0.016940617712853306 1.8736736514794228 1.789155311853394 2.5240468910463103 -0.0068507250080809814 0.0012235810231042096 1.4479150317475196
decision_type=2 2 2 2 2 2 2 2 2 2 2 2 2 2 2 2 2 2 2 2 2 2 2 2 2 2 2 2 2 2
left_child=3 2 7 9 14 6 -6 8 -2 12 16 20 24 -14 15 -3 -11 -7 19 -13 27 -9 -16 -12 -1 28 -20 -5 -4 -22
right_child=1 4 25 11 5 17 -8 21 -10 10 23 18 13 -15 22 -17 -18 -19 26 -21 29 -23 -24 -25 -26 -27 -28 -29 -30 -31
leaf_value=-0.021470596188253331 -0.00085626529734648005 0.0024749746210581177 0.014474669168822417 0.0018447186100901309 0.011370066554387586 0.00094473433224664071 0.00098028420411216412 0.00066525097214322111 -0.011589205679478146 -0.0058092008280799801 0.0061038993287365773 0.0021042364615896231 0.0029570097672721304 -0.0044490675146899193 -0.0078152004493384827 -0.0043780436666073187 0.0084199424538718894 -0.0092868384552901237 -0.0056524528775176849 0.0082276535967049924 0.020803652095635103 -0.011114187507139453 0.0075471229571645558 0.016777858893941101 0.016947859262522097 -0.029743110302227139 0.047186784450869372 0.021361201189966275 -0.015507210127299061 0.038616930822511081
leaf_weight=1194.8610082864761 45684.36789855361 19970.89582362771 116.04357559978962 1261.7547682523727 11828.380745217204 17080.634762197733 8040.4971098005772 2122.4560578167439 3880.4512383937836 4803.1601260453463 3784.0470087528229 15932.970723971725 9913.8577017784119 16976.611061289907 9403.0594307631254 10732.946886599064 2306.3335269093513 3294.9529695808887 3121.8744648098946 13589.918262243271 1521.9890924841166 8557.7576199322939 1000.2091372162104 2327.8748875558376 91.580060482025146 639.85997995734215 37.282311201095581 334.65978327393532 2068.5819029510021 228.50722400844097
leaf_count=4881 185015 80863 484 5105 48336 69311 32889 8676 15879 19276 15304 64323 40031 68713 37927 43327 9269 13355 12755 56154 6671 34997 4037 9439 377 3082 155 1483 9222 1041
internal_value=-1.83978e-07 -0.00112734 -0.00360268 0.00210223 0.00079173 0.00317829 0.00716555 -0.00295111 -0.00169655 -0.000402097 0.00405939 0.00497978 -0.00249555 -0.00171863 -0.00154474 7.94086e-05 -0.00119324 -0.000709822 0.00396098 0.00492296 0.0149282 -0.00877328 -0.00633821 0.0101693 -0.0187356 -0.0175004 -0.00502888 0.005936 -0.0139146 0.023129
internal_weight=221848 144421 63069.5 77427.3 81351.6 40244.5 19868.9 60245 49564.8 41398.3 13221.4 36029 28176.9 26890.5 41107.1 30703.8 7109.49 20375.6 32682 29522.9 3346.91 10680.2 10403.3 6111.92 1286.44 2824.49 3159.16 1596.41 2184.63 1750.5
internal_count=902377 587400 257355 314977 330045 163891 81225 244567 200894 167290 53288 147687 114002 108744 166154 124190 28545 82666 133387 120477 14300 43673 41964 24743 5258 12788 12910 6588 9706 7712
is_linear=0
shrinkage=0.05


Tree=48
num_leaves=31
num_cat=0
split_feature=0 2 13 17 13 9 13 3 13 4 13 13 12 13 9 13 4 4 15 10 4 15 17 17 0 15 13 9 9 13
split_gain=202.18 128.675 142.279 147.657 128.479 93.3964 136.958 133.81 124.042 120.676 91.8091 83.2877 81.0626 80.2665 79.1322 83.68 70.7102 69.0585 59.3251 49.9796 43.5497 67.7451 44.2045 32.576 31.7103 23.2627 29.9123 27.835 23.0377 34.1557
threshold=-1.0000000180025095e-35 -0.049116608197438343 -0.077142940274329538 -0.038930080608809418 -0.021111854475268085 -0.33740435078092729 0.021742797103567416 0.010433095357849533 -0.055526977827386352 0.0087672358590536511 0.082783554866759604 0.065339139239208879 -1.0000000180025095e-35 0.0018790945584628018 -1.6004944430349874 -0.018003957391705679 0.0096437643285949837 0.017537604292300019 3.5000000000000004 31.160839788090026 0.01368981148229763 3.5000000000000004 -0.060047069084524445 -0.037974134111067752 -0.011410947692487348 4.5000000000000009 -0.046117178162999033 0.65429185715950655 -3.3065112064250908 -0.084866374681587239
decision_type=2 2 2 2 2 2 2 2 2 2 2 2 2 2 2 2 2 2 2 2 2 2 2 2 2 2 2 2 2 2
left_child=1 24 20 19 -5 8 7 13 17 11 -11 -8 -9 -7 16 -16 -10 23 -19 -4 22 -22 -3 -2 28 26 -26 -27 -1 -30
right_child=5 2 3 4 -6 6 9 12 14 10 -12 -13 -14 -15 15 -17 -18 18 -20 -21 21 -23 -24 -25 25 27 -28 -29 29 -31
leaf_value=0.030191647994632628 -0.005347472404902855 -0.0024584191656550937 0.016558494325319559 -0.0026969025742466942 0.0019769933417318757 -0.0050382692922122134 0.0024467188354454178 0.0089944178463082971 0.0027296615607869217 -0.0056365862933582256 0.002730150244673879 0.016601432214757527 -0.010510144269683573 3.481262325384406e-05 -0.0039321623718904346 0.0019273177685562226 0.013309880913675042 -0.0051800211185362797 0.011063367136204857 0.0063502480609123535 -0.010534547468371085 0.0072446102845800516 -0.022461600083186792 -0.014572658110486232 -0.0020033373758200821 0.028507855029557258 0.015723906726676784 -0.0216686861420025 0.0050327194759532713 0.021462243716084437
leaf_weight=267.23525665700436 1770.1413985937834 408.91724759340286 1518.2320975363255 18198.744957596064 76551.627131611109 17861.70279994607 11397.598540812731 564.11200119554996 4954.1055697053671 10078.982984706759 4859.6913940608501 1143.5135400891304 9568.7104353308678 13837.410365611315 8447.0661349743605 21865.649746149778 2318.1095015108585 1658.7684767395258 850.23993016779423 5703.0089544951916 1572.5652244091034 812.68052913248539 850.91044224798679 2083.0568207353354 778.79929891228676 188.70908254384995 342.66270935535431 32.382412999868393 576.47098012268543 701.03172135353088
leaf_count=1081 7167 1664 6196 74029 311722 72815 46138 2333 20188 40819 19720 4685 39685 55905 34251 88838 9540 6659 3422 23286 6325 3277 3477 8478 3128 769 1429 133 2315 2903
internal_value=-1.8181e-07 0.00154226 0.00125757 0.00160453 0.00107928 -0.00147787 -0.00262117 -0.00442258 0.000325305 0.000121082 -0.00291481 0.00373736 -0.00942429 -0.00282375 0.00141822 0.000294491 0.00610224 -0.00613111 0.000324455 0.00849648 -0.00844889 -0.00447698 -0.0159689 -0.0103347 0.0119562 0.00633554 0.00341322 0.0211587 0.0168412 0.0140484
internal_weight=221763 108504 105617 101972 94750.4 113259 69311.7 41831.9 43947.1 27479.8 14938.7 12541.1 10132.8 31699.1 37584.9 30312.7 7272.22 6362.21 2509.01 7221.24 3645.07 2385.25 1259.83 3853.2 2887.29 1342.55 1121.46 221.091 1544.74 1277.5
internal_count=902377 441734 429976 415233 385751 460643 282100 170738 178543 111362 60539 50823 42018 128720 152817 123089 29728 25726 10081 29482 14743 9602 5141 15645 11758 5459 4557 902 6299 5218
is_linear=0
shrinkage=0.05


Tree=49
num_leaves=31
num_cat=0
split_feature=17 13 18 1 17 13 12 4 14 14 13 17 13 4 9 9 2 14 13 13 14 14 9 14 4 9 18 13 17 15
split_gain=194.403 229.39 186.403 151.424 143.977 124.756 243.385 141.693 140.434 219.839 121.885 125.826 113.146 131.118 103.988 100.88 97.6878 90.3926 88.3363 75.0795 71.8519 125.273 68.5732 67.8977 65.6426 63.945 124.933 94.5606 53.3898 43.271
threshold=1.0000000180025095e-35 0.039623923311291394 1.0669686852078344 -0.0037624429536677324 0.046853641798817021 -0.024928664112267959 -1.0000000180025095e-35 0.0057428810737635205 11.500000000000002 13.500000000000002 0.11081522371121745 0.13465265497101039 -0.024286901879996544 0.0092165419245925379 -1.3377137363638403 1.845984997944863 -0.0084113135274961875 1.5000000000000002 -0.0065694062116044552 -0.077142940274329538 21.500000000000004 11.500000000000002 -0.43421147391501602 1.5000000000000002 0.0061325633102780339 1.3697962274098134 -1.0000000180025095e-35 0.0011810836065168087 0.13465265497101039 1.0000000180025095e-35
decision_type=2 2 2 2 2 2 2 2 2 2 2 2 2 2 2 2 2 2 2 2 2 2 2 2 2 2 2 2 2 2
left_child=3 2 25 12 20 8 7 -7 17 -10 28 -12 13 22 -8 18 23 -5 -4 -15 21 -3 -1 -14 -17 27 -27 -2 -6 -22
right_child=1 4 15 5 10 6 14 -9 9 -11 11 -13 16 19 -16 24 -18 -19 -20 -21 29 -23 -24 -25 -26 26 -28 -29 -30 -31
leaf_value=-0.0025781618975697224 -0.0024776667088215847 0.0027800483839763709 -0.0094008449712966527 -0.010022533253968765 -0.0036576115482897346 0.0030750114323860448 0.0072952262009956421 0.015577176019424072 -0.024163169170565629 -0.0042625739614627475 0.014194282613208972 -0.0030019088527299762 0.023914586419022957 -0.0013199108836620549 -0.00062543671527497233 -0.0021786278359980267 0.0032799641952054831 0.0026154782808072412 -0.0035350854951774393 0.0068891708827343648 -0.029496921915711863 0.013774081160888269 -0.016272308373466417 0.0087064146258752431 -0.023016373598427568 0.015440859645621668 -0.0073580160935010214 0.0033721510694806191 -0.019007582096809361 -0.0016899251007325786
leaf_weight=5138.1150137931108 14457.72938683629 5836.23911498487 9280.5812152773142 1680.2714239805937 7808.0166369378567 5042.0217242091894 4470.9894206523895 4116.6605942845345 1676.8265738338232 8050.0241600126028 2131.376179844141 2123.6954054534435 800.80862449109554 4371.6284520626068 56629.942167893052 522.37185269594193 12606.922967791557 8957.4990309774876 20812.219257697463 7675.7829996347427 168.29982174932957 4659.967778429389 1112.0128081291914 8784.7616385370493 1366.9289819300175 666.671635389328 6088.9468369334936 13229.58913834393 610.79216052591801 829.1838394254446
leaf_count=20769 58843 23660 38307 6837 31488 20455 18496 16926 6841 32585 8723 8569 3343 17583 229596 2133 51419 36430 84472 31044 678 19285 4534 36361 5710 2721 25167 53594 2458 3350
internal_value=-1.90169e-07 -0.00178138 -0.003299 0.00123051 0.00238982 9.47313e-05 0.0010935 0.00869451 -0.00335109 -0.00769327 -0.00128533 0.00561171 0.0037726 0.00086174 -4.58514e-05 -0.0060477 0.00617258 0.000619262 -0.00534408 0.00391035 0.00644234 0.00766103 -0.0050146 0.00997695 -0.017255 -0.00074668 -0.00510813 0.000317501 -0.00477127 -0.00638164
internal_weight=221707 90592.6 66425 131114 24167.6 90624.2 70259.6 9158.68 20364.6 9726.85 12673.9 4255.07 40490 18297.5 61100.9 31982.1 22192.5 10637.8 30092.8 12047.4 11493.7 10496.2 6250.13 9585.57 1889.3 34442.9 6755.62 27687.3 8418.81 997.484
internal_count=902377 369158 270947 533219 98211 368166 285473 37381 82693 39426 51238 17292 165053 73930 248092 130622 91123 43267 122779 48627 46973 42945 25303 39704 7843 140325 27888 112437 33946 4028
is_linear=0
shrinkage=0.05


Tree=50
num_leaves=31
num_cat=0
split_feature=10 15 12 13 13 13 4 14 4 15 14 14 2 17 5 15 14 13 18 17 13 4 13 14 7 17 12 17 13 7
split_gain=188.476 192.14 166.965 337.716 251.605 144.409 197.814 160.714 143.211 136.73 106.653 142.966 95.8378 88.0438 87.6887 83.6107 124.385 90.9436 79.6075 73.8692 73.3212 64.0562 95.5646 61.4209 60.7508 57.4604 54.5098 45.177 38.0089 31.7323
threshold=49.752475247524799 3.5000000000000004 -1.0000000180025095e-35 0.002828038403063005 -0.0068507250080809814 -0.089871567638469249 0.009579348883746076 14.500000000000002 0.0031455503473105544 4.5000000000000009 1.0000000180025095e-35 11.500000000000002 -0.087448809515416878 -0.045675891527710392 0.00081531623728872172 5.5000000000000009 4.5000000000000009 -0.00048151043733707372 1.161745890656493 -0.033053269114871379 0.012502620026312196 0.0044059795065571625 -0.046117178162999033 1.0000000180025095e-35 0.51453373974236016 -0.038930080608809418 1.0000000180025095e-35 -0.0016990424655007883 0.00027193727485930191 0.54205680351239061
decision_type=2 2 2 2 2 2 2 2 2 2 2 2 2 2 2 2 2 2 2 2 2 2 2 2 2 2 2 2 2 2
left_child=1 5 4 10 21 12 7 -7 20 -10 27 -12 -1 -8 28 18 26 -18 24 -20 -5 29 -23 -16 -3 -14 -17 -4 -6 -2
right_child=2 15 3 8 14 6 13 -9 9 -11 11 -13 25 -15 23 16 17 -19 19 -21 -22 22 -24 -25 -26 -27 -28 -29 -30 -31
leaf_value=0.011748398340765444 -0.0083010473034127157 0.0082472332234579566 -0.011149831276325614 0.0033753296970333579 -0.035321241702762123 -0.0042092975659903508 0.011424801579364159 0.0027608964538387809 0.0002914438573150691 -0.0049846270883612473 -0.002556086975407555 -0.010063689773943764 -0.0088250072585866826 0.0026933439145526974 0.040686724879415131 0.013073231558348514 -0.0045381928649512685 0.0043481253361784111 0.0097457987158848462 -6.724835180307249e-05 0.015926775750751864 -0.0060077604272510557 0.0041947881865879453 0.013605233735427972 -0.0037213994151242811 -0.023919644485890838 -0.0033865411451001223 -0.031425479149890627 0.025704938821157621 0.040424286136869839
leaf_weight=420.74667181074619 2406.110635727644 17565.201725259423 502.71227914094925 3529.9079863727093 125.63866923749447 25233.946982428432 3432.6974953114986 12301.590015113354 47792.00087814033 16525.658141806722 12429.654638364911 12945.546260774136 1906.6020535081625 18165.50044837594 221.38886661827564 2554.292089805007 7793.5601540952921 4565.9939574450254 2479.3903308808804 8466.3433103710413 1735.6558922976255 3200.8798453211784 8111.7048944681883 3856.0843886584044 1128.3435876369476 941.94945886731148 626.34006448090076 605.79875150322914 32.016875892877579 33.88481716811657
leaf_count=1692 9747 71549 2057 14188 502 102703 14013 50097 193742 66816 51034 53404 7660 74258 928 10394 31490 18646 10088 34539 7012 13120 32990 15959 4577 3801 2541 2561 131 138
internal_value=-1.80229e-07 0.0015011 -0.00141627 -0.00224408 0.00300478 -0.00029684 0.000268714 -0.00192494 -0.000415151 -0.00106418 -0.00704939 -0.00638621 -0.0105263 0.00408107 0.0136609 0.00398447 0.00101392 -0.00125532 0.00554196 0.00215557 0.00751259 -0.000276799 0.00130799 0.0150756 0.00752481 -0.0138165 0.00983192 -0.0222304 -0.022928 -0.00762439
internal_weight=221637 107582 114055 96066.9 17987.7 62403 59133.7 37535.5 69583.2 64317.7 26483.7 25375.2 3269.3 21598.2 4235.13 45179.5 15540.2 12359.6 29639.3 10945.7 5265.56 13752.6 11312.6 4077.47 18693.5 2848.55 3180.63 1108.51 157.656 2440
internal_count=902377 438048 464329 390814 73515 254224 241071 152800 281758 260558 109056 104438 13153 88271 17520 183824 63071 50136 120753 44627 21200 55995 46110 16887 76126 11461 12935 4618 633 9885
is_linear=0
shrinkage=0.05


Tree=51
num_leaves=31
num_cat=0
split_feature=0 1 15 13 13 14 14 12 10 13 14 13 4 4 2 13 12 5 15 2 13 14 6 14 12 5 14 2 13 8
split_gain=179.943 114.92 108.579 132.804 94.4436 169.867 238.768 154.912 145.456 181.703 122.622 101.701 111.305 79.833 78.0841 77.5232 76.6666 72.3716 55.2648 54.2535 53.0238 50.6478 43.9978 42.4714 28.4514 25.6008 24.2014 20.6394 19.8438 22.5221
threshold=-0.0004154006861030734 -0.021593566680566719 3.5000000000000004 -0.10179255162960969 -0.031652459354726818 11.500000000000002 13.500000000000002 -1.0000000180025095e-35 47.61369633854293 0.00050611262051603056 1.0000000180025095e-35 -0.00048151043733707372 0.0071915985829779901 0.013152396089450248 0.0035977629143242322 0.033742152217435047 1.0000000180025095e-35 0.023660688457875285 5.5000000000000009 -0.069762225669792108 -0.043756749328868798 22.500000000000004 2.9809537720103005 21.500000000000004 -1.0000000180025095e-35 0.0045086918202827979 22.500000000000004 -0.034080819597531169 -0.077142940274329538 -0.043077640669704646
decision_type=2 2 2 2 2 2 2 2 2 2 2 2 2 2 2 2 2 2 2 2 2 2 2 2 2 2 2 2 2 2
left_child=1 19 3 26 5 10 13 11 16 -10 25 12 -6 -7 18 -5 -9 -12 -4 28 22 -8 -21 -13 -16 -2 -3 -22 29 -1
right_child=4 2 14 15 7 6 21 8 9 -11 17 23 -14 -15 24 -17 -18 -19 -20 20 27 -23 -24 -25 -26 -27 -28 -29 -30 -31
leaf_value=0.022269853013351392 -0.040032079241479467 -0.021254382516666694 0.0062554572536558609 -0.00091732831264750361 -0.0012247563478945539 -0.037028032859722747 -0.0073540164934550014 0.0026288168280355862 -0.0080498968983243029 -0.0013878062814170597 0.001006255867667859 0.018189721398160549 0.010560723695401265 -0.012042869087647906 0.0053400975212149621 0.0042173846667598568 -0.0031482553375296522 0.025334312257736715 0.0014950185384549576 0.0036347993194656516 0.015615913047910485 0.0068114112604963474 -0.013367752068126529 -0.0078267405966761135 -0.0014036587571637565 -0.014940732601472335 0.019421166850546193 0.0074677032235193931 0.030469688040809757 0.0024725106022002704
leaf_weight=354.96509779989719 120.2309899777174 852.03430178761482 17633.278207600117 42563.198728442192 5891.9948020726442 929.41839906573296 6518.5643981397152 25632.531049221754 12915.826042190194 49307.184913784266 7899.8323466181755 1655.6116801351309 3035.4842899590731 487.35761207342148 1866.7478880286217 8885.4454633742571 7401.0831309556961 318.00408233702183 9318.602601185441 2097.3785347640514 1108.5822578668594 698.6491322517395 464.81173160672188 173.28918053209782 9644.0303501486778 658.12213124334812 38.209027171134949 2599.595422282815 276.16632030904293 241.329300776124
leaf_count=1431 497 3434 71879 173527 23828 3835 26447 104326 53350 199650 32182 7028 12343 1986 7638 36302 30199 1289 37842 8449 4631 2827 1870 711 39190 2688 154 10715 1158 971
internal_value=-1.83176e-07 0.0016007 0.00112034 -0.000361843 -0.00126833 -0.00465695 -0.00966674 -0.000704797 -0.00134707 -0.00277068 0.000151147 0.00498304 0.00278249 -0.0284334 0.00313726 -3.0537e-05 0.00133448 0.00194767 0.00460954 0.00770717 0.00608172 -0.00598276 0.000550335 0.0157246 -0.000309997 -0.0188166 -0.0195086 0.00990366 0.0193893 0.0142576
internal_weight=221588 97944.4 90801.5 52338.9 123643 17630.2 8633.99 106013 95256.6 62223 8996.19 10756.4 8927.48 1416.78 38462.7 51448.6 33033.6 8217.84 26951.9 7142.83 6270.37 7217.21 2562.19 1828.9 11510.8 778.353 890.243 3708.18 872.461 596.294
internal_count=902377 399191 369966 213417 503186 71751 35095 431435 387525 253000 36656 43910 36171 5821 156549 209829 134525 33471 109721 29225 25665 29274 10319 7739 46828 3185 3588 15346 3560 2402
is_linear=0
shrinkage=0.05


Tree=52
num_leaves=31
num_cat=0
split_feature=17 1 15 12 4 14 18 14 15 15 19 9 15 19 19 10 10 15 19 9 17 4 9 19 15 18 11 17 9 3
split_gain=183.235 129.952 100.302 91.6462 82.9331 79.5804 73.2961 63.4257 112.838 65.5124 57.4898 60.1235 55.6434 118.874 65.9224 64.1737 53.2749 78.8772 52.9576 51.8241 51.7823 48.8901 47.6093 47.0308 42.0707 37.1765 36.573 35.4837 34.8952 28.8322
threshold=0.012011313421629534 -0.0019496500616799082 3.5000000000000004 -1.0000000180025095e-35 0.008393988863357767 14.500000000000002 1.0562422163132723 4.5000000000000009 5.5000000000000009 4.5000000000000009 0.3803998274658425 0.37515596648577054 5.5000000000000009 -0.36180103624256182 0.23326276868039206 40.689655172413815 47.774024460061717 3.5000000000000004 0.79154666265769524 2.1091455870917275 0.18043513354790788 0.0013295293816007611 0.30561374346181042 0.71884777457472959 1.0000000180025095e-35 1.8052940391219654 -2.4781233808418541 0.13465265497101039 -0.7637558809574353 0.011464090463528366
decision_type=2 2 2 2 2 2 2 2 2 2 2 2 2 2 2 2 2 2 2 2 2 2 2 2 2 2 2 2 2 2
left_child=1 2 4 23 5 -1 12 9 -9 -4 19 25 13 -2 28 -15 17 -5 -6 22 -21 -16 -8 26 -18 -12 -3 -13 -14 -25
right_child=6 3 7 16 18 -7 10 8 -10 -11 11 27 14 15 21 -17 24 -19 -20 20 -22 -23 -24 29 -26 -27 -28 -29 -30 -31
leaf_value=-0.0033095476092077874 -0.038198766576333261 -0.024266673468928704 0.002607200413047764 -0.001566738344213485 0.0018911084502968396 0.0035401169417154359 0.01573070653065296 0.0065091688326135953 -0.0013764815177999756 0.014313006135530416 -0.0095189046447092043 -0.0025961765715655817 0.068864034986289388 0.0067524875455776401 -0.050284479799513997 -0.00045281779194390038 0.0015047725746260851 0.0033181404627258952 0.0081153368241181408 0.03615620805627625 -0.0019061047692585998 -0.0088054771155359011 -0.0054374574948880677 0.0048366321155432265 -0.002570538603063693 -0.00079805031674124718 0.0011257214125661625 -0.011102166921692138 0.0071815402857393212 0.014324196514238094
leaf_weight=13948.363703414798 197.0374704003334 143.85762614011765 1889.6801302880049 18715.888450503349 13931.523020014167 6092.6075893342495 362.55337285995483 13143.9697766155 6927.4264172613621 3252.5461212843657 7337.3792737424374 19400.656848579645 24.163624659180641 3751.3286740779877 73.152901962399483 17535.500153139234 7412.2069287747145 14797.702663660049 4528.1790686547756 227.80859972536564 147.02973437309265 2459.8264722973108 993.52161374688148 6683.2561369687319 43488.8722024858 1466.2625444978476 9941.6623007655144 1308.7928838729858 448.69981254637241 909.77965749800205
leaf_count=56807 797 585 7702 75994 56863 24841 1479 53673 28133 13265 29889 79320 99 15316 292 71542 30166 59993 18506 927 592 10019 4079 27307 176741 5985 40621 5302 1815 3727
internal_value=-1.94867e-07 0.000833494 0.00260539 -0.000272313 0.000999969 -0.0012272 -0.00248041 0.00505684 0.00378752 0.0100113 -0.00408573 -0.00460514 -0.000432354 0.000459127 -0.0068041 0.000816957 -0.000957869 0.000590147 0.00341792 0.00477056 0.0212263 -0.0100034 0.000221956 0.0030012 -0.00197709 -0.00806643 0.00076353 -0.00313374 0.0103336 0.00597341
internal_weight=221541 165808 63714.3 102093 38500.7 20041 55733.7 25213.6 20071.4 5142.23 31244 29513.1 24489.7 21483.9 3005.84 21286.8 84414.7 33513.6 18459.7 1730.91 374.838 2532.98 1356.07 17678.6 50901.1 8803.64 10085.5 20709.4 472.863 7593.04
internal_count=902377 674924 259790 415134 157017 81648 227453 102773 81806 20967 127573 120496 99880 87655 12225 86858 342894 135987 75369 7077 1519 10311 5558 72240 206907 35874 41206 84622 1914 31034
is_linear=0
shrinkage=0.05


Tree=53
num_leaves=31
num_cat=0
split_feature=17 13 4 18 10 13 9 4 19 13 17 17 3 19 13 9 18 9 19 5 13 9 9 19 13 9 13 17 15 16
split_gain=170.399 266.292 179.241 201.424 159.765 155.35 150.561 140.207 139.576 115.323 231.93 125.859 115.086 113.22 125.571 91.117 86.2944 84.7567 79.6856 76.6021 74.1271 67.4902 64.4267 61.759 54.9111 54.4566 51.3945 43.6284 35.685 22.0185
threshold=-0.0099123225091095595 -0.013615362394699902 0.0064895473436745567 1.1304774161044084 41.634270308854319 -0.037859382328843554 0.79254492052837378 0.013414394659124472 0.37084316581691795 0.063351810841041814 0.034649522118003991 0.075360471180775893 -0.030296213569718452 0.3803998274658425 0.021742797103567416 0.59119822858702709 1.0187476190093556 -1.3974433035098148 0.76602916040638247 0.015573348427794884 -0.12253817901829754 1.3338342698756673 -1.6742701433092002 -0.17610872394667185 -0.034597127908593699 1.8167580290817134 0.051604306510617988 -0.1648207366107364 5.5000000000000009 0.059557930781579067
decision_type=2 2 2 2 2 2 2 2 2 2 2 2 2 2 2 2 2 2 2 2 2 2 2 2 2 2 2 2 2 2
left_child=5 2 17 21 16 7 12 15 27 10 -6 -11 28 29 -15 18 25 23 -1 -5 -10 -4 -14 -2 -19 -3 -18 -9 -7 -8
right_child=1 4 3 19 9 6 13 8 20 11 -12 -13 22 14 -16 -17 26 24 -20 -21 -22 -23 -24 -25 -26 -27 -28 -29 -30 -31
leaf_value=-0.0077363544786985608 -0.075671915646892421 0.0068848246888561174 0.0023688246523526587 -0.0099256877837105729 -0.0004761043643140173 0.012718016903935614 0.015898503079909754 0.005951568770770705 -0.003642157650258607 0.0077464473903928084 -0.0083187886043535799 -0.0020392940969939681 0.010515363655918566 -0.0084936522353217976 0.0035336354410912436 -0.037789634922647482 -0.00092111633855147107 -0.02685220917542934 0.0011988994768821512 0.0072447044270021084 0.008045181201651222 -0.028852952079078256 0.0035581596195118624 -0.0039065075712589395 -0.012295731745136195 -0.010902980603371143 0.010710949675175406 -0.01521752090915127 0.030238951657100211 -0.04302849343394248
leaf_weight=7279.6759619265795 30.222359046339989 13444.828198313713 11349.774526461959 7353.2329058498144 74922.450778841972 2545.2916714549065 904.38146513700485 304.38083551824093 1725.844404026866 7618.0454748719931 10783.673518046737 5777.8553034812212 3728.2671905457973 5277.8828031569719 3685.6615499705076 211.68322326242924 9235.6567672640085 728.55118347704411 3796.5057987719774 712.50184018909931 6343.0517526417971 175.7678087502718 30967.273429989815 3715.4660331755877 5850.2342241704464 444.50030027329922 1058.4324269741774 1214.6928105503321 328.06786969304085 16.135378837585449
leaf_count=29568 121 54992 46207 30284 304245 10626 3695 1226 6935 31164 43874 23319 15415 21587 14992 883 37767 3067 15409 2950 25580 924 125976 14983 24065 1801 4398 4887 1370 67
internal_value=-1.76991e-07 -0.000926277 -0.00515807 -0.00234849 0.000100585 0.00207625 0.00365755 -0.00151821 0.00292785 -0.000788561 -0.00146288 0.00352571 0.00510215 -0.00183332 -0.00354823 -0.00529471 0.00374424 -0.0104894 -0.00467368 -0.00840891 0.00554539 0.00189268 0.00430576 -0.00448555 -0.0139078 0.00631556 0.000274886 -0.0109758 0.0147185 0.0148656
internal_weight=221530 153201 29915.8 19591.3 123285 68328.8 47453 20875.8 9587.97 99102 85706.1 13395.9 37568.9 9884.06 8963.54 11287.9 24183.4 10324.5 11076.2 8065.73 8068.9 11525.5 34695.5 3745.69 6578.79 13889.3 10294.1 1519.07 2873.36 920.517
internal_count=902377 624161 122601 80365 501560 278216 193728 84488 38628 402602 348119 54483 153387 40341 36579 45860 98958 42236 44977 33234 32515 47131 141391 15104 27132 56793 42165 6113 11996 3762
is_linear=0
shrinkage=0.05


Tree=54
num_leaves=31
num_cat=0
split_feature=9 13 9 13 4 4 13 9 5 15 9 10 9 13 9 12 17 12 4 15 18 15 6 19 11 13 13 15 19 9
split_gain=162.251 236.883 209.114 184.289 163.715 140.291 138.919 182.43 170.425 137.071 135.195 134.013 124.082 142.339 120.44 113.595 80.6221 73.2133 57.7327 48.1155 44.0085 45.3 40.1809 38.6292 36.5189 29.5942 27.1845 24.6494 19.7066 15.1266
threshold=-0.60715483219583188 0.0097812986270943165 1.6848796967387787 -0.0068507250080809814 0.0028627287521283255 0.0043656905856978541 -0.059122171753703705 -1.9921828679041178 0.015573348427794884 3.5000000000000004 -1.4822101303066413 68.094011500567248 1.6381255330305811 0.082783554866759604 0.83802114567303432 -1.0000000180025095e-35 0.020385168392053957 1.0000000180025095e-35 0.0015466994162532976 4.5000000000000009 1.4144635146514182 5.5000000000000009 0.8883309566525629 0.61535474545502822 0.64232567524060857 0.013534745958751372 -0.010317921763010938 1.0000000180025095e-35 0.35519410670702506 0.28817847124587076
decision_type=2 2 2 2 2 2 2 2 2 2 2 2 2 2 2 2 2 2 2 2 2 2 2 2 2 2 2 2 2 2
left_child=3 2 9 5 22 20 8 -8 -7 14 19 -11 16 -14 -2 18 -6 -17 -12 25 21 -1 29 -22 -21 -5 -4 -28 -24 -3
right_child=1 4 26 10 12 6 7 -9 -10 11 15 -13 13 -15 -16 17 -18 -19 -20 24 23 -23 28 -25 -26 -27 27 -29 -30 -31
leaf_value=-0.0056705556459755099 -0.0030821124246169429 -0.0012249054293803163 -0.044059703835756442 0.019910986927571084 0.0036587911046366338 -0.0063666685925527107 0.0096321377799447466 0.0009093208760412888 0.007974289193219514 0.00064417650032458839 -0.021531558807346394 -0.010576782196424063 -0.0041299682178666452 0.0044345205224056751 -0.009690613616967346 0.0045956798389998358 -0.00090670563612032119 -0.0040352089293545302 0.018230024127229075 0.0083658038144995561 0.054694101933913289 -0.017532680789761831 0.027374780177652269 0.0043870455353238001 -0.03832346076303924 0.04269996513658203 -0.033545568198200933 -0.01629943160571359 0.013753809051625404 0.011134015718009982
leaf_weight=5231.8142963647842 26507.595209777355 330.49774672091007 121.29442256689072 1378.8515541702509 30037.339861556888 9840.080457508564 7640.8907086104155 27811.345301881433 2624.1144129186869 30286.964761167765 96.234846085309982 2917.1728360652924 20605.875474512577 6345.1864690929651 9318.1094489395618 16210.670299395919 14260.704196333885 2896.0327129811049 1777.5480026453733 358.30865332484245 47.379129752516747 951.17228256165981 574.8221094161272 196.08711104094982 47.42503097653389 158.87632493674755 252.4354829788208 1155.8696904927492 493.53839111328125 986.87157705426216
leaf_count=21133 107525 1340 760 6266 122393 39830 31082 112669 10560 122984 389 11991 83403 25744 38719 66282 57917 11837 7490 1584 194 3826 2330 792 205 838 1130 5182 1996 3986
internal_value=-2.02687e-07 -0.000990892 -0.00306116 0.00184861 0.000992913 0.000262632 0.001193 0.00278932 -0.00334744 -0.00265598 0.00560828 -0.000341649 0.0005615 -0.0021136 -0.00480095 0.00443963 0.00218904 0.00328748 0.0161879 0.0182244 -0.00667433 -0.00749539 0.013877 0.0141769 0.00290843 0.0222655 -0.021347 -0.0193908 0.0210825 0.00803345
internal_weight=221461 144194 70559.4 77266.8 73634.8 54342.9 47916.4 35452.2 12464.2 69029.8 22923.9 33204.1 71249.1 26951.1 35825.7 20980.5 44298 19106.7 1873.78 1943.46 6426.45 6182.99 2385.73 243.466 405.734 1537.73 1529.6 1408.31 1068.36 1317.37
internal_count=902377 587400 288291 314977 299109 220086 194141 143751 50390 281219 94891 134975 289457 109147 146244 85998 180310 78119 7879 8893 25945 24959 9652 986 1789 7104 7072 6312 4326 5326
is_linear=0
shrinkage=0.05


Tree=55
num_leaves=31
num_cat=0
split_feature=2 13 12 12 14 9 18 14 13 17 14 15 9 14 18 3 10 13 17 13 5 13 15 5 17 14 14 14 16 13
split_gain=154.35 175.553 262.981 184.933 174.055 142.409 139.511 134.937 198.591 168.884 118.102 137.861 110.475 109.927 106.893 83.425 80.2808 79.0869 66.8343 63.2351 56.2116 110.306 53.7502 53.0731 52.6994 48.3773 48.3664 51.1918 33.4471 18.1453
threshold=-0.0036635773807314749 -0.0017220108700879975 -1.0000000180025095e-35 -1.0000000180025095e-35 21.500000000000004 -0.91754134738201654 -1.0000000180025095e-35 15.500000000000002 -0.048455457278874063 -0.044392032547185316 4.5000000000000009 4.5000000000000009 -0.7637558809574353 22.500000000000004 1.30285214977563 0.001262206163569535 27.707399970144504 -0.014720254974997014 0.034649522118003991 -0.013979511386193298 0.026984370599121139 -0.12253817901829754 1.0000000180025095e-35 0.0038274488282774776 -0.033053269114871379 13.500000000000002 1.0000000180025095e-35 3.5000000000000004 -0.023166845211588235 -0.0027248908727874883
decision_type=2 2 2 2 2 2 2 2 2 2 2 2 2 2 2 2 2 2 2 2 2 2 2 2 2 2 2 2 2 2
left_child=7 3 26 15 5 -5 18 9 13 20 11 -11 -8 24 -12 23 22 -17 -4 -18 21 -1 -10 -2 -9 -22 -3 -28 -15 -6
right_child=1 2 6 4 29 -7 12 8 16 10 14 -13 -14 28 -16 17 19 -19 -20 -21 25 -23 -24 -25 -26 -27 27 -29 -30 -31
leaf_value=-0.010008622717840277 -0.0069564487402656132 0.042586208739459813 0.020012832886029494 -0.0023371733895601742 0.0070737273272135776 -0.0095221170700800686 0.0055185670560626669 -0.0017431584156222966 -0.00089480387325132282 0.00025200038158340702 -0.00068891200888958456 0.011671752081411935 -0.00099276570701994026 0.0033152425119986938 -0.0072497708366267028 0.0011935272795671598 0.0012723317552509003 0.011957368826035632 -0.0010181544366668659 0.0075215383103263596 0.03936538616750606 0.0098962248017142145 0.015815019435615085 0.00035635191293306598 -0.012694654218758969 -0.024658311182468411 -0.0047776229318813937 0.01568883808958341 0.026861787078318457 -0.0098354543376380828
leaf_weight=808.5354510396719 3895.0348010957241 147.82152704894543 1247.7394993156195 11121.64179597795 2713.7344418764114 18153.712399825454 7096.2981445640326 2264.7641559243202 565.08104741573334 10787.594132438302 23557.902942359447 3500.3836250156164 79419.990394696593 287.19665579497814 8429.7554122209549 5701.9037244319916 6220.5120590031147 2435.4029152840376 541.79666672646999 11591.188676342368 224.56927871704102 5001.5506049543619 3244.2506065815687 6834.9251563847065 2133.1584243029356 33.968286782503128 346.38810151815414 2590.2845129370689 317.5910257101059 168.50862556695938
leaf_count=3248 15765 639 5058 44972 11069 75412 29079 9113 2323 43984 96104 14299 321723 1155 34417 23370 25229 9859 2188 47771 912 20410 13343 27815 8613 136 1452 10950 1283 686
internal_value=-1.89708e-07 -0.000983292 0.000328415 -0.00333268 -0.00563836 -0.00679257 -0.000172864 0.00177279 0.00467087 0.000298749 -0.000729737 0.0030497 -0.000458689 -0.00430654 -0.0024179 0.000597141 0.00674808 0.00441502 0.0136455 0.00533908 0.00814135 0.00712625 0.0133363 -0.00229824 -0.00705505 0.0309536 0.0146795 0.0132748 0.0156802 0.00608514
internal_weight=221383 142415 91390.3 51024.9 32157.6 29275.4 88305.8 78968 26623.7 52344.3 46275.6 14288 86516.3 5002.71 31987.7 18867.3 21621 8137.31 1789.54 17811.7 6068.62 5810.09 3809.33 10730 4397.92 258.538 3084.49 2936.67 604.788 2882.24
internal_count=902377 580037 371089 208948 132139 120384 358048 322340 108830 213510 188804 58283 350802 20164 130521 76809 88666 33229 7246 73000 24706 23658 15666 43580 17726 1048 13041 12402 2438 11755
is_linear=0
shrinkage=0.05


Tree=56
num_leaves=31
num_cat=0
split_feature=1 15 9 14 11 17 5 11 19 11 19 15 16 7 17 14 7 17 15 14 17 18 19 11 18 17 9 5 10 7
split_gain=150.678 125.421 92.557 88.6602 87.401 76.2685 68.5905 57.0052 50.152 49.9587 49.7771 51.1673 47.5812 45.4657 44.3713 40.593 56.9398 37.4996 37.105 56.0125 34.8444 34.6004 33.8254 32.5406 31.402 30.9858 30.2185 29.8717 28.2082 19.4647
threshold=0.00091381382372990327 3.5000000000000004 -2.6003772628359245 14.500000000000002 -0.46343370922798083 -0.0094320607549716034 0.0037776600356452818 0.2975447529751023 -0.36180103624256182 -0.7813024212197125 0.46478635049927114 5.5000000000000009 -0.00012184271391890709 0.48167502148559699 -0.062579720260764291 7.5000000000000009 0.49124273762770393 0.055772365909552486 2.5000000000000004 18.500000000000004 0.024959142662278947 1.1116402617952923 0.21912988213614135 -3.1048298532021907 1.7859507308908695 -0.047043752767793816 0.88312743478476097 0.026984370599121139 44.526863024982717 0.4738567402275915
decision_type=2 2 2 2 2 2 2 2 2 2 2 2 2 2 2 2 2 2 2 2 2 2 2 2 2 2 2 2 2 2
left_child=1 2 9 6 14 15 -4 18 -5 25 13 -12 21 -6 22 23 26 -16 19 -7 -14 -9 -3 -2 -18 -1 -17 -25 -20 -11
right_child=5 4 3 8 10 7 -8 12 -10 29 11 -13 20 -15 17 16 24 -19 28 -21 -22 -23 -24 27 -26 -27 -28 -29 -30 -31
leaf_value=0.012335402444437024 -0.044318905040437645 -0.0064777832683115197 -0.0046278589557039469 -0.037288113558462226 0.010316570255523258 0.002105073340058453 -0.0004509018087323752 -0.0050177887096072449 0.0018949811628724848 0.022106605415657482 0.0021070611044426103 -0.0024842596540475973 -0.0017032119013543159 0.002742620915418876 0.0060699799548600934 -0.0020631480512050483 0.0031024863632011352 -0.0076764074214675376 0.00077568554182804198 -0.0046613846821053741 -0.0057322585655435855 -0.013616104186515996 0.023368582127061135 0.003273248807390976 -0.0072531325300741259 -0.0019904324809078976 -0.0096991652683697579 0.026203406260537288 -0.0032814553725493642 0.01024281341353922
leaf_weight=509.48496325314045 35.521876275539398 113.40005129575729 16112.38634763658 81.948030695319176 2618.3615529239178 13670.759740054607 25200.591750487685 2817.6773658394814 23563.812826558948 456.27727115154266 18112.112297579646 9125.5281730443239 15123.587825641036 8145.4724301248789 14172.081177294254 7913.3170712888241 8440.7333427518606 514.12057872116566 5473.0539935827255 3939.9019809514284 8317.4424968808889 2000.8703688681126 582.81015253067017 9182.2959104329348 801.57676781713963 1456.507266908884 1549.2855613231659 144.26316158473492 19724.040681019425 1427.0261450260878
leaf_count=2060 144 460 65573 335 10666 55933 103007 11463 96326 1853 73836 37075 61652 33103 57758 32178 34425 2100 22246 16058 33882 8157 2373 37359 3266 5897 6351 585 80458 5798
internal_value=-1.66672e-07 0.00117492 -0.000236054 -0.000682457 0.00299356 -0.00144857 -0.00207995 -0.00232012 0.00175919 0.00729721 0.0017064 0.000568814 -0.00406301 0.00458503 0.00617345 0.000758258 -0.000587001 0.00558876 -0.00116955 0.000591264 -0.00313281 -0.00858818 0.0185071 0.00344601 0.00220435 0.00172209 -0.00331337 0.00362793 -0.0024002 0.0131171
internal_weight=221326 122192 68808 64958.7 53383.9 99134.3 41313 71067.3 23645.8 3849.3 38001.5 27237.6 28259.6 10763.8 15382.4 28067 18704.9 14686.2 42807.8 17610.7 23441 4818.55 696.21 9362.08 9242.31 1965.99 9462.6 9326.56 25197.1 1883.3
internal_count=902377 498220 280849 265241 217371 404157 168580 289849 96661 15608 154680 110911 115154 43769 62691 114308 76220 59858 174695 71991 95534 19620 2833 38088 37691 7957 38529 37944 102704 7651
is_linear=0
shrinkage=0.05


Tree=57
num_leaves=31
num_cat=0
split_feature=0 17 3 16 10 17 14 14 18 19 15 18 15 19 19 2 3 9 9 15 16 15 15 5 9 17 17 14 19 18
split_gain=155.19 100.325 90.1798 72.5619 110.73 88.2759 60.0976 54.4486 51.5105 47.3274 52.8987 44.6875 43.0131 94.4592 57.2605 42.9494 42.0657 40.2584 39.7753 39.7627 39.882 36.8636 40.5522 33.0493 28.0346 27.7926 23.0093 21.9431 19.3861 18.7406
threshold=-0.002822201317027206 0.012011313421629534 -0.022639141268953885 -0.0039510436578530919 51.855133488200131 -0.032414893587948961 15.500000000000002 15.500000000000002 1.0562422163132723 0.3803998274658425 2.5000000000000004 1.0704124844102016 5.5000000000000009 -0.36180103624256182 0.23326276868039206 -0.069762225669792108 0.043675947585623993 0.37515596648577054 -0.71843011630968323 3.5000000000000004 -0.014743258539614832 5.5000000000000009 3.5000000000000004 0.015573348427794884 -3.3065112064250908 0.0090764642061710882 0.23528694097927952 7.5000000000000009 0.48988321424477427 1.1011666106265376
decision_type=2 2 2 2 2 2 2 2 2 2 2 2 2 2 2 2 2 2 2 2 2 2 2 2 2 2 2 2 2 2
left_child=2 3 15 5 6 16 -5 -7 12 10 -10 21 13 -3 -14 24 -2 -11 -6 -17 -21 22 -4 25 28 -13 -25 -23 -1 -26
right_child=1 8 11 4 18 7 -8 -9 9 17 -12 23 14 -15 -16 19 -18 -19 -20 20 -22 27 -24 26 29 -27 -28 -29 -30 -31
leaf_value=0.0086673195573615837 0.0023449832077698267 -0.037591549503232381 0.0021496365807533373 0.0014779734718462685 0.0017709128925821761 -0.004500683744619316 0.0057614802898348959 -0.00027342142922153633 0.017342954815643474 -0.0084214939276947929 -0.0038856366551025842 0.00050665233839601738 0.0095813451004647786 0.00033974607585418099 -0.010908578123683628 0.0030729047085675388 -0.022412137889840769 -0.003634093231581521 -0.0016438778015955915 0.0056659098122510106 0.016028739427184174 0.0045441449823489894 0.0076041158192267505 0.0094082401366829965 0.023111036404714399 -0.0035212813804746885 -0.013545533999978441 -0.0062678163964972628 0.040157179632996823 0.0061664678414296865
leaf_weight=68.95456750690937 12011.943627581 165.7909199744463 11357.014252886176 25572.57639952004 11297.947166517377 21256.070149838924 12045.326748460531 11871.891287997365 512.5985251814127 6178.4763890206814 686.42341366410255 11243.162940636277 414.30474707484245 16386.828078195453 1926.273172006011 7754.4290367364883 174.06693509221077 15181.757519841194 34776.637080073357 2781.416834205389 1393.6692028641701 668.12580507993698 4868.298476845026 1167.3474831581116 234.4714475274086 6917.4711116552353 120.44287922978401 1576.753082498908 167.84314104914665 536.66676361858845
leaf_count=279 48930 671 46506 104041 45962 86482 49071 48375 2101 25161 2801 46007 1677 66872 7845 31617 706 62063 141655 11367 5696 2725 19925 4784 962 28310 489 6420 684 2193
internal_value=-1.55431e-07 -0.000723354 0.00242385 -3.57551e-05 0.000836797 -0.00164731 0.00284956 -0.00298578 -0.00286327 -0.00447626 0.00518988 0.00119401 -0.000937283 -4.01735e-05 -0.00728167 0.00602844 0.00199135 -0.00501886 -0.000806537 0.00519104 0.00912509 0.00295535 0.00378622 -0.000478741 0.0159395 -0.00102761 0.00726145 -0.00304994 0.0309875 0.0113186
internal_weight=221315 170459 50856.1 129006 83692.5 45314 37617.9 33128 41452.5 22559.3 1199.02 37918.6 18893.2 16552.6 2340.58 12937.5 12186 21360.2 46074.6 11929.5 4175.09 18470.2 16225.3 19448.4 1007.94 18160.6 1287.79 2244.88 236.798 771.138
internal_count=902377 694413 207964 525222 340729 184493 153112 134857 169191 92126 4902 155166 77065 67543 9522 52798 49636 87224 187617 48680 17063 75576 66431 79590 4118 74317 5273 9145 963 3155
is_linear=0
shrinkage=0.05


Tree=58
num_leaves=31
num_cat=0
split_feature=13 9 12 14 14 14 9 13 14 10 5 13 14 5 9 13 16 7 13 15 13 18 14 9 15 5 15 13 9 5
split_gain=147.77 257.722 207.765 182.673 277.483 254.955 239.254 176.555 236.678 221.957 173.536 120.313 118.759 108.604 69.9024 59.9931 59.4911 57.2261 55.6468 54.5825 54.2375 47.4984 34.9832 32.4503 33.2764 31.7229 29.8713 28.2602 22.1722 17.2809
threshold=0.02125398975760551 1.2635145839153974 1.0000000180025095e-35 22.500000000000004 11.500000000000002 13.500000000000002 1.7089859756620036 -0.022647389793296387 11.500000000000002 54.012937694596211 0.0023254931443332221 -0.0048743948545247875 9.5000000000000018 0.0074921380619832724 1.7619115304602044 0.0049236068678724107 -0.0016121613076425232 0.51802616584044847 0.052987677202534396 1.0000000180025095e-35 -0.019727996379731102 -1.0000000180025095e-35 17.500000000000004 0.21761171025867213 1.0000000180025095e-35 0.0015151707167121273 5.5000000000000009 0.04056716867095967 1.7089859756620036 0.014122381981560557
decision_type=2 2 2 2 2 2 2 2 2 2 2 2 2 2 2 2 2 2 2 2 2 2 2 2 2 2 2 2 2 2
left_child=1 2 7 4 12 6 -6 8 -1 -9 15 22 13 -2 20 19 -13 -14 -7 -3 -12 -16 -4 26 27 -17 29 -25 -26 -5
right_child=3 10 11 23 5 18 -8 9 -10 -11 14 16 17 -15 21 25 -18 -19 -20 -21 -22 -23 -24 24 28 -27 -28 -29 -30 -31
leaf_value=0.0014148371517231533 0.0032703452233236647 -0.041190200664530809 -0.026513952571756066 -0.014937542965560794 0.026097610135138151 0.0022878085571000103 0.0021775883890292041 0.0036122116419332177 -0.0055180454671528911 -0.0014104083667834701 -0.027370111093619094 -0.010134816811692284 -0.0096163722969967672 -0.0039882361235912362 0.015491036945263903 0.015478476938960123 -0.001814742085808728 0.010051681620048261 0.0076436251588013655 -0.0038678938280503113 -0.0070747196618573018 -0.018475832483475528 -0.0059702806843372463 -0.0043446410474892996 -0.011741878855996826 0.0029956058506937808 -0.057864648386756916 -0.034380748759913864 0.00010000402473941226 -0.049331265842473764
leaf_weight=24518.412442296743 15500.68906955421 109.70552359521389 928.98271478712559 329.95947724580765 2874.2986694425344 12983.149558186531 1642.9099182039499 56066.20562851429 24723.780295580626 36197.376301765442 344.50512717664242 3518.4387006759644 4239.922746270895 7719.7092175036669 106.99575215578079 705.69272014498711 5518.102047547698 405.18081839382648 7741.8110364079475 915.11382904648781 7404.1618700325489 2703.1273558586836 266.72261944413185 125.96859017014503 765.56358949840069 1825.6776001900434 56.186361014842987 206.99798648059368 817.25443349778652 41.06686407327652
leaf_count=99754 62835 475 3940 1340 12108 53037 6704 228552 100394 146680 1727 14215 17100 31319 445 2846 22299 1636 31825 3877 30922 11760 1110 508 3085 7372 226 830 3289 167
internal_value=-1.3876e-07 -0.000747206 -0.000146065 0.00223434 0.00283712 0.00663447 0.0173979 0.000351452 -0.00206606 0.00164171 -0.00720956 -0.00702642 -0.000602729 0.000857202 -0.010427 0.00234344 -0.00505422 -0.00790078 0.00428847 -0.0078632 -0.00797705 -0.0171825 -0.0219313 -0.0114287 -0.00864996 0.00647557 -0.0238894 -0.0230174 -0.00562757 -0.0187444
internal_weight=221304 165853 151738 55450.7 53107.7 25242.2 4517.21 141506 49242.2 92263.6 14115 10232.2 27865.5 23220.4 10558.8 3556.19 9036.54 4645.1 20725 1024.82 7748.67 2810.12 1195.71 2343 1915.78 2531.37 427.213 332.967 1582.82 371.026
internal_count=902377 676368 616944 226009 216564 103674 18812 575380 200148 375232 59424 41564 112890 94154 44854 14570 36514 18736 84862 4352 32649 12205 5050 9445 7712 10218 1733 1338 6374 1507
is_linear=0
shrinkage=0.05


Tree=59
num_leaves=31
num_cat=0
split_feature=0 13 14 14 9 14 13 4 3 13 5 4 3 13 13 9 3 14 14 5 14 17 9 3 9 14 15 13 5 13
split_gain=141.49 133.906 178.149 239.341 167.232 127.898 119.783 169.028 165.462 87.8828 89.1109 85.4559 83.4502 121.201 102.043 95.0689 74.7362 68.9245 82.3767 66.6807 64.0603 63.8439 50.6883 46.5421 46.4014 43.514 40.5291 37.9251 29.3776 23.5825
threshold=-0.002822201317027206 -0.034597127908593699 11.500000000000002 13.500000000000002 -1.3783587710526093 1.0000000180025095e-35 -0.0014765014740162339 0.0049310634251676939 0.019254520714753202 -0.0027248908727874883 0.0055319173466016952 0.013152396089450248 -0.040435936148103972 -0.024286901879996544 -0.084866374681587239 -1.6742701433092002 -0.094714025598822124 1.5000000000000002 11.500000000000002 0.012480520359050886 22.500000000000004 0.0090764642061710882 -1.6503535870751238 -0.067119035353777765 -2.9228685649240109 11.500000000000002 4.5000000000000009 -0.055526977827386352 0.0049780794646653399 -0.052549767321400036
decision_type=2 2 2 2 2 2 2 2 2 2 2 2 2 2 2 2 2 2 2 2 2 2 2 2 2 2 2 2 2 2
left_child=12 2 5 11 9 22 7 -6 -8 10 -3 -4 14 17 16 28 24 27 -19 -7 -5 -17 -2 -16 -1 -18 -11 -14 -15 -25
right_child=1 4 3 20 6 19 8 -9 -10 26 -12 -13 13 15 23 21 25 18 -20 -21 -22 -23 -24 29 -26 -27 -28 -29 -30 -31
leaf_value=0.026109239548063875 -0.0050773548340347372 0.0014664760365151236 -0.0346770875702802 -0.0072980328656150912 -0.0069182394622802961 -0.00014712349541613732 0.0016216234675533491 -0.00044489520259364266 -0.0030747908262064032 0.022601991395861113 0.012222419449556952 -0.010189832680583604 -0.031262677617484358 0.011149321010378938 0.022325368298250638 0.0043844751291454371 0.00045063231890375872 0.0034976786775585975 -0.0056042557963854791 0.011094324890840014 0.0072498327196695717 -0.00014877453866813157 -0.029365258083206759 0.0040662795074752423 0.0014047054034795395 -0.01734477303947032 0.0022487961626628831 -0.0093866670566392155 0.02723342666878234 0.012873182083082864
leaf_weight=313.28659673035145 391.94998174905777 8260.14696572721 1104.2680646032095 7559.7760211229324 16019.446412652731 8311.2252641767263 68459.956966236234 27217.609264612198 25830.734791606665 1000.1945355087519 2511.0079065263271 526.00091242790222 280.19204615056515 890.4713688492775 907.08323903381824 18899.33669321239 712.96047139167786 4305.8930708765984 5881.1426132172346 1568.0314056277275 840.8816749304533 13185.352513834834 475.33172883093357 1231.5527976602316 483.27655231952667 662.94239364564419 323.76721107959747 676.3901754617691 416.77235916256905 1985.720643222332
leaf_count=1270 1587 33531 4588 30713 65061 33910 278481 111492 104750 4635 10378 2145 1141 3755 3750 77425 2865 17528 23930 6353 3403 53876 1971 4956 1942 2659 1415 2769 1874 8224
internal_value=-1.44863e-07 -0.000690771 -0.00445207 -0.0092442 -0.000168456 2.09524e-05 -0.00066418 -0.00284329 0.000335051 0.00546819 0.00397394 -0.0267764 0.00231497 0.00155321 0.00770271 0.00306003 -0.00106734 -0.002962 -0.00175702 0.00163711 -0.00584183 0.00252152 -0.0183888 0.0123222 0.0111209 -0.00812361 0.0176247 -0.0157944 0.0162772 0.00950195
internal_weight=221233 170400 20777.5 10030.9 149623 10746.5 137528 43237.1 94290.7 12095.1 10771.2 1630.27 50832.4 44535.6 6296.82 33391.9 2172.47 11143.6 10187 9879.26 8400.66 32084.7 867.282 4124.36 796.563 1375.9 1323.96 956.582 1307.24 3217.27
internal_count=902377 694413 84670 40849 609743 43821 559784 176553 383231 49959 43909 6733 207964 182298 25666 136930 8736 45368 41458 40263 34116 131301 3558 16930 3212 5524 6050 3910 5629 13180
is_linear=0
shrinkage=0.05


Tree=60
num_leaves=31
num_cat=0
split_feature=13 17 5 4 13 3 13 15 13 3 6 17 19 15 18 4 10 17 13 19 15 19 5 13 13 4 7 13 4 19
split_gain=135.735 216.845 214.045 146.011 213.661 161.578 156.635 114.741 108.644 113.819 103.318 101.533 99.7637 98.7086 94.17 89.2927 75.2529 74.9726 89.531 70.6777 49.5372 46.2727 44.8644 41.1328 39.1276 36.2901 32.7641 32.7033 22.5535 20.914
threshold=0.027092901571398546 0.011669046091953296 0.0058353339241632484 0.012786680746796971 -0.028408019940257708 -0.0047352466769944304 -0.077142940274329538 3.5000000000000004 0.11081522371121745 0.06426917482395457 0.9764594482254324 0.13465265497101039 0.87103455402450092 4.5000000000000009 1.0491507826746351 0.0060173337435942198 69.866613111973962 0.075360471180775893 0.065339139239208879 0.69776683233465608 1.0000000180025095e-35 0.30302052678934271 0.0012804025762561558 0.15114400478283921 0.086923267735287926 0.012029129770717505 0.50584559868237855 0.082783554866759604 0.0038459498862993256 0.86754149461056096
decision_type=2 2 2 2 2 2 2 2 2 2 2 2 2 2 2 2 2 2 2 2 2 2 2 2 2 2 2 2 2 2
left_child=1 3 10 4 15 -6 7 -5 9 13 24 12 -10 -4 19 -1 -8 18 -12 20 -3 28 -21 -13 25 -2 -23 -11 -16 -26
right_child=2 14 8 6 5 -7 16 -9 11 27 17 23 -14 -15 21 -17 -18 -19 -20 22 -22 26 -24 -25 29 -27 -28 -29 -30 -31
leaf_value=-0.011363401814256897 0.0030006276298417799 0.0057110465352320228 0.0011529635956461753 -0.0072623053093032299 0.0032680469585494873 -0.00092647430233803833 0.0077860484841465937 0.0066721960044101858 0.014861699676495831 -0.016263563109046669 0.0094655293835831638 -0.015168474345293099 -0.020254914268023311 -0.0077014774348048891 0.089841111004712482 -0.0033628641744795403 -0.0097145352259940185 -0.017857775921575617 0.02571257923922976 0.051222156998649161 -0.0057467299637896782 -0.0067390770575920566 0.0026312089513037193 0.0015378378488610661 0.022643947274712424 -0.029613725918098063 -0.013186864133208444 -0.0045211849250178229 0.014515249208396964 -0.020331191522911369
leaf_weight=4271.8777291476727 11033.642576426268 1071.9008375406265 14682.931822061539 4226.19643484056 34440.013817504048 68872.559265121818 13483.587953940034 2271.2719486504793 2663.2722761183977 1627.7207027375698 7063.0425732135773 477.62764504551888 218.87046238780022 4006.3936461508274 10.67852436006069 18994.490893632174 643.5882266163826 224.84466506540775 963.62477125227451 47.975642964243889 7865.6551633477211 11658.92456997931 4832.8805747777224 1611.6994619071484 346.10092854499817 85.956882670521736 2370.8860995173454 932.73059365153313 143.14876137673855 30.832220286130905
leaf_count=17555 44934 4420 59972 17005 140716 280114 55174 9155 10958 6561 28848 1927 899 16320 44 77263 2637 905 4008 197 32311 48068 19810 6503 1424 350 9815 3755 602 127
internal_value=-1.38233e-07 -0.000634603 0.00241804 0.000132593 -0.000503054 0.000471801 0.00403373 -0.00239132 -0.000542867 -0.00209959 0.00634949 0.00611111 0.0121949 -0.000745145 -0.00466766 -0.00483182 0.00698878 0.0106184 0.011416 -0.00173004 -0.00437257 -0.00752964 0.00310883 -0.00228128 0.00328556 0.00274851 -0.00782868 -0.011986 0.0197443 0.0191287
internal_weight=221175 175206 45969.3 147204 126579 103313 20624.6 6497.47 26221.2 21249.8 19748 4971.47 2882.14 18689.3 28002.1 23266.4 14127.2 8251.51 8026.67 13818.4 8937.56 14183.6 4880.86 2089.33 11496.5 11119.6 14029.8 2560.45 153.827 376.933
internal_count=902377 714886 187491 599619 515648 420830 83971 26160 106895 86608 80596 20287 11857 76292 115267 94818 57811 33761 32856 56738 36731 58529 20007 8430 46835 45284 57883 10316 646 1551
is_linear=0
shrinkage=0.05


Tree=61
num_leaves=31
num_cat=0
split_feature=17 18 1 15 19 9 3 4 19 19 17 19 2 14 18 1 17 4 14 18 15 2 19 15 18 18 10 19 19 5
split_gain=131.849 131.264 132.802 71.3747 83.3925 126.016 72.2507 67.8195 59.7291 59.6854 52.5874 67.6406 49.374 45.5547 44.8062 44.7615 44.8947 43.1992 55.8455 42.5785 40.7593 39.6511 49.8104 41.8301 38.4172 37.0446 34.4449 30.7256 30.6022 26.8651
threshold=-0.0099123225091095595 0.89019248762912639 -1.0000000180025095e-35 3.5000000000000004 0.79154666265769524 0.49234730113156072 -0.0498504920517212 0.0044487849948094405 0.83326575100898603 0.41798027129100351 -0.042047492864618334 0.39593123543529885 -0.0012722646310432959 7.5000000000000009 1.8961892769245206 -0.031937065222575493 0.13465265497101039 0.0073626325355953181 16.500000000000004 1.234723467133102 2.5000000000000004 -0.011467889908257032 -0.36180103624256182 3.5000000000000004 0.50033361622066164 1.0457781890446969 76.05633802816881 0.81253585786840599 0.24610557370895833 0.011469361520995508
decision_type=2 2 2 2 2 2 2 2 2 2 2 2 2 2 2 2 2 2 2 2 2 2 2 2 2 2 2 2 2 2
left_child=3 2 21 4 10 7 14 -6 -7 17 11 -1 27 25 28 29 -17 18 -3 -12 -14 22 -2 -23 -15 -8 -19 -4 -5 -11
right_child=1 9 12 6 5 8 13 -9 -10 15 19 -13 20 24 -16 16 -18 26 -20 -21 -22 23 -24 -25 -26 -27 -28 -29 -30 -31
leaf_value=-0.0043847531326122397 -0.047777413189555022 0.020055461327298282 0.0013750312865754319 -0.013382075393391367 -0.0092432217127224586 0.0032140873141107045 0.010124328054096561 0.0085123447113218172 -0.012329856366001476 -0.0019185934077729538 -0.00056444716572500591 0.0048559907546803635 9.6945458508588492e-05 -0.0062875560378998765 0.033502989265040764 -0.0024006891713758997 -0.011487756791159653 -0.00075722122229999534 -0.0082467830681871839 -0.0052872943146154809 -0.003810329845635878 0.00042829710791925037 0.0072097838965962426 0.0044741945554299936 0.0023380503051062935 0.0032456317899493855 0.014978978360247336 0.013343370391538052 0.012010287299322528 0.014309676868463987
leaf_weight=2747.0041449218988 41.469017833471298 704.97453939914703 7161.5459227710962 127.55858644843102 577.75930646061897 1103.1403430253267 3428.3945692181587 7777.1520118713379 1405.3551016747952 426.64174933731556 14340.927185431123 7095.3107547461987 11140.612261548638 1416.7930341660976 233.38028393685818 78786.260920479894 1383.0728680789471 3147.1700024604797 231.54093366861343 7152.3415674716234 16649.431737452745 13572.410966426134 6008.1858018189669 12069.684125825763 14525.446469262242 4561.3904751837254 390.94574825465679 579.66161738336086 1699.9342279583216 633.99818108975887
leaf_count=11209 171 2871 29123 514 2343 4513 13966 31751 5730 1754 58491 28965 45523 5771 956 321859 5601 12919 943 29203 67720 55381 24657 49074 59303 18588 1594 2357 6913 2614
internal_value=-1.17264e-07 -0.00081542 0.000838608 0.00182829 0.000558729 0.00433374 0.00388939 0.00728451 -0.00549422 -0.00211277 -0.000749991 0.00227689 -0.00126024 0.00311582 0.0128725 -0.00242246 -0.00255746 0.00350911 0.0130581 -0.00213607 -0.00224396 0.00319173 0.00683286 0.00233269 0.00157149 0.00619726 0.000981557 0.00227122 0.0102379 0.00778187
internal_weight=221119 152928 67223 68191.9 42199 10863.4 25992.9 8354.91 2508.5 85704.6 31335.6 9842.31 35531.3 23932 2060.87 81230 80169.3 4474.63 936.515 21493.3 27790 31691.7 6049.65 25642.1 15942.2 7989.79 3538.12 7741.21 1827.49 1060.64
internal_count=902377 624161 274006 278216 172205 44337 106011 34094 10243 350155 127868 40174 144723 97628 8383 331828 327460 18327 3814 87694 113243 129283 24828 104455 65074 32554 14513 31480 7427 4368
is_linear=0
shrinkage=0.05


Tree=62
num_leaves=31
num_cat=0
split_feature=13 17 3 14 14 14 4 11 4 13 13 14 13 18 11 18 4 3 15 7 3 13 17 17 19 3 11 19 7 6
split_gain=130.898 216.81 150.133 163.562 226.524 179.036 168.886 123.047 126.36 230.017 155.027 109.264 108.351 93.3744 66.6006 61.3101 51.0511 49.6669 47.9116 47.8501 47.7437 43.9207 81.7272 79.8903 43.2603 40.7496 35.9865 63.1406 54.9124 27.7043
threshold=0.034558853275611263 0.010661086121802723 0.03673977324188183 11.500000000000002 21.500000000000004 1.5000000000000002 0.0064506219377322678 1.3153719568519329 0.012786680746796971 -0.028408019940257708 -0.077142940274329538 9.5000000000000018 0.070266078077758656 1.0491507826746351 -0.70963237179219985 1.2492700741889398 0.0086022256169707347 0.06426917482395457 1.0000000180025095e-35 0.51453373974236016 -0.052308458569086273 0.15114400478283921 0.13465265497101039 0.15237252525133174 -0.36180103624256182 0.019254520714753202 -0.06570443142524833 0.30302052678934271 0.45666085318407956 0.29003550126040761
decision_type=2 2 2 2 2 2 2 2 2 2 2 2 2 2 2 2 2 2 2 2 2 2 2 2 2 2 2 2 2 2
left_child=1 7 3 5 6 16 -5 8 9 -1 -10 -7 17 14 24 25 -2 29 -6 -17 -16 22 -14 -23 -3 -9 28 -28 -15 -4
right_child=2 13 12 4 18 11 -8 15 10 -11 -12 -13 21 26 20 19 -18 -19 -20 -21 -22 23 -24 -25 -26 -27 27 -29 -30 -31
leaf_value=-0.0045412871293357355 0.024225929893730604 -0.04848688600376469 -0.023526623614067335 0.028492809512034551 -0.024556031663114396 0.0011536001041019409 0.0097350848791024173 -0.0012235735183367706 -0.0022096615553893056 0.0010326592600159586 0.0072513602046697882 -0.011414782914083172 0.0019428284422342316 0.025242325583601195 0.021489218168900627 -0.017065864503279706 0.0078441277959795542 -0.016973373298686839 -0.0030090091740007062 0.013089309340743489 -0.0033185930605051464 0.020169309997064695 -0.019282070745608743 -0.00019950244808724312 0.0058760359382381356 -0.010932895629362446 0.031889573967987486 -0.0090731522790796406 -0.0047192216778608465 -0.0038837667595247962
leaf_weight=22705.4502376616 859.24702541530132 37.044834822416306 187.68748991191387 1407.9052319675684 310.02565248310566 8463.1658425927162 8125.2871011793613 4497.2234573960304 6313.0600158274174 100135.46050541103 13782.875084236264 2173.3270597606897 4763.2628923803568 156.13576348125935 196.80083644390106 1511.4627309888601 1065.0800234526396 1027.764191582799 1537.156334027648 144.09386368095875 13366.840153664351 854.54398453235626 501.26860715448856 1102.4415105879307 3015.0760463923216 1422.4561779052019 94.986793637275696 9793.3899981081486 7439.2739814370871 4117.6317861825228
leaf_count=92557 3512 152 755 5886 1251 34376 33817 18292 25421 408045 56466 8769 19342 644 802 6148 4372 4145 6223 590 54815 3495 2011 4435 12338 5787 401 40364 30573 16593
internal_value=-1.01637e-07 -0.000541014 0.00273607 0.00505835 0.00940015 0.00112459 0.0125053 0.00027457 0.000603684 2.39205e-06 0.00427922 -0.00141447 -0.00169244 -0.00414093 -0.00145702 -0.00593547 0.0151589 -0.00709762 -0.0066254 -0.0144413 -0.00295865 0.00229929 -7.81255e-05 0.00869481 0.00521621 -0.00355665 -0.00669158 -0.00867967 -0.00410331 -0.00474008
internal_weight=221107 184612 36495.8 23941.2 11380.4 12560.8 9533.19 150512 142937 122841 20095.9 10636.5 12554.6 34099.5 16615.8 7575.24 1924.33 5333.08 1847.18 1655.56 13563.6 7221.52 5264.53 1956.99 3052.12 5919.68 17483.8 9888.38 7595.41 4305.32
internal_count=902377 753395 148982 98206 47177 51029 39703 613306 582489 500602 81887 43145 50776 140089 68107 30817 7884 21493 7474 6738 55617 29283 21353 7930 12490 24079 71982 40765 31217 17348
is_linear=0
shrinkage=0.05


Tree=63
num_leaves=31
num_cat=0
split_feature=0 15 13 5 14 13 3 13 17 13 4 5 17 19 2 13 15 13 11 3 19 13 17 7 13 16 13 15 17 13
split_gain=131.722 85.951 91.1791 99.8579 107.916 90.4218 85.0402 71.3201 85.0665 89.3831 99.9176 71.8419 62.9776 78.6169 62.9047 73.4436 59.2889 44.9382 42.8256 42.3923 42.0363 37.1311 37.3515 27.3065 29.6091 25.9504 24.705 23.733 16.2691 14.8191
threshold=-1.0000000180025095e-35 3.5000000000000004 0.0038268753222271417 0.0038274488282774776 14.500000000000002 -0.12253817901829754 -0.058424794389902827 -0.077142940274329538 -0.0094320607549716034 -0.013232733449721311 0.0064895473436745567 0.016170133281396267 0.020905010104312231 -1.0000000180025095e-35 0.00076851422667578728 -0.031652459354726818 4.5000000000000009 0.082783554866759604 -2.7239003046760977 -0.040435936148103972 0.3803998274658425 -0.14141431922022427 -0.030379391897974669 0.48307781711256831 -0.07329325294484261 -0.051984382719709725 -0.012833157803295468 2.5000000000000004 -0.055615321964211033 -0.14141431922022427
decision_type=2 2 2 2 2 2 2 2 2 2 2 2 2 2 2 2 2 2 2 2 2 2 2 2 2 2 2 2 2 2
left_child=1 2 3 4 -1 -5 23 11 18 10 -10 21 13 -4 15 -8 -11 -14 26 -20 29 28 -23 24 -3 -16 -9 -22 -2 -13
right_child=7 6 12 5 -6 -7 14 8 9 16 -12 20 17 -15 25 -17 -18 -19 19 -21 27 22 -24 -25 -26 -27 -28 -29 -30 -31
leaf_value=-0.0082678268895269909 -0.024017751612115612 0.014093530001238593 0.034345476956489762 -0.013766618653459326 0.0018487174822867634 0.001002452239354644 -0.0017233146561729123 -0.022341832026094566 -0.01134647012150386 -1.0431532359607598e-05 -0.002333353249635742 -0.026196067964236291 -0.0033761559183174764 0.0036227446507051974 -0.040068812676200376 0.0052200159434086799 -0.0032223990852396135 0.005216804748795793 0.009058012672334699 0.0010071054086542648 -0.001349306521424709 -0.0061868277017271718 -0.019202162068017718 0.0080872293016918655 0.035669219976414993 0.00031182098198650462 0.015274422756128909 0.014686101129612009 -0.055330573618131075 -0.0032328524793803905
leaf_weight=8720.5625468194485 134.0169579833746 409.15481045842171 210.75909212231636 1086.5226645022631 3778.2001901566982 22443.411440685391 4589.9954374581575 282.54104168713093 4784.9752151221037 43619.666374176741 8603.9516639411449 142.06182193756104 6285.2395611852407 17329.11558534205 39.87493534386158 22370.020616099238 21423.505579203367 2007.4434891343117 1734.1733677387238 28612.102328956127 431.12399610877037 1501.8735803514719 870.87617003917694 649.46467493474483 260.09959945082664 17986.098560467362 51.624257445335388 496.46082209050655 60.077577918767929 139.0038707703352
leaf_count=35549 542 1652 865 4377 15405 91816 18617 1143 19718 177913 35543 571 25564 71106 162 91476 86928 8200 7090 116764 1737 6089 3573 2646 1084 73215 215 2008 244 565
internal_value=-6.17361e-08 0.00124683 2.74081e-05 -0.00159802 -0.00520974 0.000320473 0.00287593 -0.0011948 -0.000961018 -0.00183418 -0.00555449 -0.00795099 0.00229439 0.00399191 0.00250906 0.0040379 -0.00106837 -0.00129602 0.00127116 0.00146718 0.00210029 -0.0126838 -0.0109639 0.015391 0.0224787 0.000222496 -0.0165306 0.00723314 -0.0337099 -0.0148394
internal_weight=221054 108166 61861.3 36028.7 12498.8 23529.9 46304.7 112888 109113 78432.1 13388.9 3775.49 25832.6 17539.9 44986 26960 65043.2 8292.68 30680.4 30346.3 1208.65 2566.84 2372.75 1318.72 669.254 18026 334.165 927.585 194.095 281.066
internal_count=902377 441734 252882 147147 50954 96193 188852 460643 445314 320102 55261 15329 105735 71971 183470 110093 264841 33764 125212 123854 4881 10448 9662 5382 2736 73377 1358 3745 786 1136
is_linear=0
shrinkage=0.05


Tree=64
num_leaves=31
num_cat=0
split_feature=13 12 10 12 13 4 14 14 4 13 13 13 13 14 14 4 14 4 14 14 10 13 7 13 15 14 6 19 14 13
split_gain=120.24 217.849 204.57 206.065 172.333 172.383 163.747 293.324 223.471 160.858 142.29 119.652 103.402 98.0699 97.6156 76.7036 66.4353 82.232 64.2621 91.2785 63.8607 58.1364 53.1231 42.6295 42.5805 39.7121 33.8145 32.6307 28.5132 18.3441
threshold=0.020753416001427331 1.0000000180025095e-35 53.846153846154643 -1.0000000180025095e-35 -0.021111854475268085 0.0092744385858688824 11.500000000000002 21.500000000000004 0.00489138519396147 -0.0068507250080809814 0.052987677202534396 -0.0051442657798092531 -0.0068507250080809814 15.500000000000002 1.5000000000000002 0.0068146234977552135 14.500000000000002 0.003309033726385374 9.5000000000000018 3.5000000000000004 40.492363925883062 0.028892191256001957 0.51802616584044847 0.046573361208992366 1.0000000180025095e-35 22.500000000000004 0.31520850743585199 0.82674843972553158 1.5000000000000002 0.04056716867095967
decision_type=2 2 2 2 2 2 2 2 2 2 2 2 2 2 2 2 2 2 2 2 2 2 2 2 2 2 2 2 2 2
left_child=1 2 4 9 5 -1 14 8 21 -4 -10 25 -5 -6 15 23 17 -13 19 -16 -17 -8 -20 -2 29 28 -18 -26 -3 -9
right_child=6 11 3 12 13 -7 7 24 10 -11 -12 16 -14 -15 18 20 26 -19 22 -21 -22 -23 -24 -25 27 -27 -28 -29 -30 -31
leaf_value=-0.0050332456335874598 0.01252784013044636 -0.047991126976119201 -6.9944451988838331e-05 -0.0091715213734779866 0.0015168767677531825 0.0014635912400664923 0.01683233903973989 -0.0083868336799687634 0.0024865600876872555 0.013446521089514369 0.01080935338954621 0.00068220862421296453 -0.0030636587419445695 0.0059300732804954933 -0.0067164039242366153 0.023923613171711898 0.01189529414574435 -0.011197436415384052 -0.0088553118330564166 0.0013170925344424156 -9.2675340213671785e-05 0.036267338750813186 0.0099562257139015255 0.037910271456341023 -0.0025865022536661112 0.022442123664038673 -0.0018332686201002998 -0.014924124744516327 -0.020834855011874265 -0.024174792752993855
leaf_weight=17404.29640430212 1054.8378813713789 105.60367248952389 10311.333817720413 8855.2385827600956 37270.52713920176 24700.641508847475 887.38193844258785 318.47539484500885 13279.620522156358 2798.6184856146574 8373.6419184207916 1976.9794699698687 31861.025200620294 19008.660838291049 4714.5732682347298 303.77071851491928 520.0629418194294 5535.4227070808411 4306.7506818175316 14143.167943641543 3117.2429336905479 679.37696324288845 411.12248469889164 196.18390783667564 3359.6447509080172 49.698892667889595 3261.0337645113468 637.63917917013168 1141.2690714597702 435.6853734254837
leaf_count=70894 4304 470 42094 37226 151948 100136 3643 1288 54566 11616 34704 7989 129744 77861 19067 1288 2106 22425 17367 57359 12670 2843 1661 806 13580 206 13213 2575 4976 1752
internal_value=-6.69416e-08 -0.000681215 -0.000158385 -0.00263658 0.00119744 -0.00122191 0.00199665 0.00470839 0.00702455 0.00281545 0.00570511 -0.00700209 -0.00439204 0.00300746 -0.000688584 0.00591404 -0.0053505 -0.00807116 -0.00199704 -0.00069134 0.00203986 0.0252597 -0.00721605 0.0165083 -0.00661052 -0.0213878 5.49975e-05 -0.00455458 -0.0231349 -0.0175077
internal_weight=221020 164800 152210 53826.2 98384.1 42104.9 56219.1 27971.5 23220 13110 21653.3 12590.1 40716.3 56279.2 28247.6 4672.04 11293.5 7512.4 23575.6 18857.7 3421.01 1566.76 4717.87 1251.02 4751.44 1296.57 3781.1 3997.28 1246.87 754.161
internal_count=902377 672904 621519 220680 400839 171030 229473 114951 95756 53710 89270 51385 166970 229809 114522 19068 45733 30414 95454 76426 13958 6486 19028 5110 19195 5652 15319 16155 5446 3040
is_linear=0
shrinkage=0.05


Tree=65
num_leaves=31
num_cat=0
split_feature=9 13 12 13 10 13 12 5 5 13 13 9 5 5 17 15 13 15 10 11 17 5 13 13 18 15 17 1 18 0
split_gain=132.335 239.95 188.574 158.255 153.328 181.079 171.813 143.05 113.8 121.339 101.412 101.185 99.523 93.8841 89.1975 80.7192 80.5979 70.3441 67.1147 65.2473 54.1227 50.7717 50.4683 42.326 41.4835 38.2684 37.6618 33.2456 32.1842 24.4768
threshold=-1.7575156978044089 -0.021111854475268085 -1.0000000180025095e-35 -0.046117178162999033 46.581391362612955 0.011433451326715251 1.0000000180025095e-35 0.0030624681219525141 0.015032108175121094 -0.12253817901829754 -0.00048151043733707372 0.50863310098175063 0.0038032507151074166 0.004317389122917837 -0.044392032547185316 3.5000000000000004 -0.077142940274329538 4.5000000000000009 33.943329692931592 -3.1048298532021907 -0.017227847126809189 0.0116996039356179 -0.17912607172223297 -0.0054237941324277719 1.9788583189220856 4.5000000000000009 0.027739772025825119 -0.031937065222575493 -1.0000000180025095e-35 -0.0013287234347968411
decision_type=2 2 2 2 2 2 2 2 2 2 2 2 2 2 2 2 2 2 2 2 2 2 2 2 2 2 2 2 2 2
left_child=3 7 10 8 6 -6 -4 20 9 27 12 16 -3 23 -11 22 -9 -13 -17 29 24 -21 -10 28 -2 -22 -12 -1 -5 -15
right_child=1 2 4 13 5 -7 -8 11 15 14 26 17 -14 19 -16 18 -18 -19 -20 21 25 -23 -24 -25 -26 -27 -28 -29 -30 -31
leaf_value=-0.0035373335272012099 -0.0055914925532824858 -0.0005659381706765664 0.0038544884813164863 -0.023790038535492608 -0.0037644538717093211 0.00053487732221054536 -0.0026480963380281046 -0.0097667661977624918 -0.011233609510363727 0.0056321280807205632 0.016607506741787681 -0.015013630698589499 0.0097596940627842077 0.0059949746080023604 -0.0048786936339276481 0.0075146077903456903 -0.0011271999640945151 0.00035392946713137151 0.040516076283607774 0.012600166849042069 -0.023019805416597594 0.035780444597982748 0.009983290906489084 0.022839837591479544 0.056756955196174567 -0.0097370159739201961 -0.0047237462867734522 -0.0281986736221123 0.002922276216122489 -0.034397299294946594
leaf_weight=181.07718653976917 841.6836289614439 5381.8015950620174 37919.354381680489 115.42475201189518 41588.906115248799 59571.616923898458 13875.537677243352 3046.3230644464493 399.80395902693272 3181.7381676137447 2504.5244159698486 2752.8682837337255 4120.1854245811701 60.947773694992065 5520.7622157633305 283.39789922535419 23709.348724544048 1020.7854512780905 337.56979724764824 4936.471768528223 1500.1384583562613 248.09610660374165 937.54770570993423 264.21429513394833 27.551971256732941 849.2169936299324 225.55831913650036 557.12649463117123 4886.4884474724531 97.512427121400833
leaf_count=727 3443 21735 155066 465 170180 241907 56814 12382 1605 12863 10759 11774 16743 254 22373 1152 96530 4307 1366 20539 6258 1080 3776 1254 114 3516 922 2248 19827 398
internal_value=-4.46586e-08 -0.000407052 0.000377839 0.00367896 -9.98988e-05 -0.00123265 0.00211249 -0.0042489 -0.000411413 -0.00268676 0.0063517 -0.00319192 0.00391139 0.00807387 -0.00103581 0.0105576 -0.00211088 -0.0108567 0.0254548 0.0127434 -0.0142746 0.0137094 0.00364046 0.0033361 -0.00361525 -0.0182185 0.0148451 -0.0221494 0.00230586 -0.0188614
internal_weight=220944 198935 165187 22008.2 152955 101161 51794.9 33747.9 11399 9440.7 12232.1 30529.3 9501.99 10609.2 8702.5 1958.32 26755.7 3773.65 620.968 5343.03 3218.59 5184.57 1337.35 5266.13 869.236 2349.36 2730.08 738.204 5001.91 158.46
internal_count=902377 812450 674126 89927 623967 412087 211880 138324 46110 38211 50159 124993 38478 43817 35236 7899 108912 16081 2518 22271 13331 21619 5381 21546 3557 9774 11681 2975 20292 652
is_linear=0
shrinkage=0.05


Tree=66
num_leaves=31
num_cat=0
split_feature=9 13 14 14 12 14 13 10 12 5 13 13 5 3 4 14 15 17 3 11 13 10 13 10 19 4 13 7 14 19
split_gain=120.917 227.487 187.878 295.226 185.098 160.706 144.812 131.779 166.773 118.836 110.778 106.326 95.3561 91.1316 90.0263 83.1184 76.2933 74.0988 73.8849 66.535 64.9626 60.361 59.4868 52.5201 48.4021 48.2108 43.9426 40.0161 31.6562 19.8299
threshold=-1.6247147686815533 -0.0090001092050511194 1.5000000000000002 3.5000000000000004 -1.0000000180025095e-35 22.500000000000004 -0.046117178162999033 44.173221288952547 1.0000000180025095e-35 0.015032108175121094 0.020753416001427331 -0.14141431922022427 0.0044249464853770891 -0.011360910894399221 0.0010517825401678857 1.5000000000000002 3.5000000000000004 -0.044392032547185316 0.00098053635364725466 -2.2857451231014205 -0.021111854475268085 32.598725144786371 -0.0065694062116044552 24.4274809160305 -1.0000000180025095e-35 0.0068146234977552135 -0.048455457278874063 0.50751772997442135 5.5000000000000009 0.21912988213614135
decision_type=2 2 2 2 2 2 2 2 2 2 2 2 2 2 2 2 2 2 2 2 2 2 2 2 2 2 2 2 2 2
left_child=6 2 13 25 14 -5 9 8 -6 11 -9 28 22 26 29 27 23 -13 -16 -17 -15 -18 24 -11 -8 -4 -2 -14 -1 -3
right_child=1 4 3 5 7 -7 12 10 -10 16 -12 17 15 20 18 19 21 -19 -20 -21 -22 -23 -24 -25 -26 -27 -28 -29 -30 -31
leaf_value=-0.056148875715765413 -0.016674383834261241 -0.0032199337488190284 0.0031344378724615257 -0.0041787358569154833 0.005476134287419201 0.0095023095977858005 -0.026116741760624701 -0.0022286510507621613 -0.0021201025785554284 0.02487351257807861 0.001091691564904853 0.0035712115460414065 0.030995524517773539 -0.026945466648328378 0.005590849033380741 -0.0087145390877193096 0.0054804963675338008 -0.00526082864649682 0.016618624145327113 0.010762320734407166 -0.011363664264979902 0.035905813286014353 0.018045648012197983 -0.00059863867504168864 0.0020046779936563285 0.013918112467475166 0.00042453628839535208 -0.021033088691617758 -0.021305531944461338 -0.041045852100350139
leaf_weight=85.563518941402435 523.38395512104034 51.562339290976524 1634.1535023748875 43083.634808048606 22012.881626978517 2259.0669753998518 156.83419075608253 53411.107565850019 10756.092229053378 242.44937579333782 47425.920594319701 3816.8947208672762 621.04726594686508 1281.7266014069319 4121.4584142565727 476.68049287796021 269.86857672035694 6285.6378289163113 2405.2736226171255 5471.9595622122288 1399.0492157638073 411.70630377531052 579.43119786679745 1223.9788970649242 6281.1357271671295 2833.7580644786358 1331.9694037884474 39.294780075550079 273.7215366512537 105.62420575320721
leaf_count=343 2127 208 6661 176512 90505 9166 632 217329 43962 982 192827 15433 2615 5400 17055 1963 1098 25489 9995 22910 5761 1667 2693 4918 25461 11570 5400 164 1107 424
internal_value=-4.29157e-08 -0.00042956 -0.00317595 -0.00228879 0.000634362 -0.00349712 0.00318639 0.000228143 0.00298274 -0.000675132 -0.000667019 -0.00287453 0.00675983 -0.0129178 0.00875434 0.0110698 0.010037 -0.00192395 0.00965488 0.00920159 -0.0188136 0.023859 0.0027007 0.00361276 0.00131962 0.00997395 -0.00439897 0.0278995 -0.0296035 -0.0286377
internal_weight=220873 194637 54346.7 49810.6 140290 45342.7 26236.2 133606 32769 12609.8 100837 10461.8 13626.4 4536.13 6683.92 6608.98 2148 10102.5 6526.73 5948.64 2680.78 681.575 7017.4 1466.43 6437.97 4467.91 1855.35 660.342 359.285 157.187
internal_count=902377 794902 222597 203909 572305 185678 107475 544623 134467 51037 410156 42372 56438 18688 27682 27652 8665 40922 27050 24873 11161 2765 28786 5900 26093 18231 7527 2779 1450 632
is_linear=0
shrinkage=0.05


Tree=67
num_leaves=31
num_cat=0
split_feature=0 9 13 14 14 14 12 13 10 13 9 13 4 12 14 13 4 13 13 4 4 4 13 13 14 14 14 4 14 13
split_gain=118.6 82.9394 120.97 80.0551 323.318 149.272 75.5031 151.649 96.7987 71.1291 98.2607 89.75 144.657 102.493 69.2131 67.6024 63.3029 52.2706 49.1872 41.6648 40.0147 37.4149 71.3623 59.7806 36.4188 50.4134 48.5849 27.1508 26.5276 24.0654
threshold=-0.0004154006861030734 -2.1183917854881638 -0.021111854475268085 11.500000000000002 13.500000000000002 1.5000000000000002 1.0000000180025095e-35 0.0071278068366028577 52.840557944693941 -0.05731644108187444 -1.4601892222773822 -0.00048151043733707372 0.006695015278524564 -1.0000000180025095e-35 2.5000000000000004 -0.034597127908593699 0.017537604292300019 -0.14141431922022427 0.0038268753222271417 0.0043656905856978541 0.0028020359471275969 0.023537793803678288 -0.095378020205205902 -0.17912607172223297 11.500000000000002 13.500000000000002 1.5000000000000002 0.028190608988344829 11.500000000000002 -0.0096337778452890137
decision_type=2 2 2 2 2 2 2 2 2 2 2 2 2 2 2 2 2 2 2 2 2 2 2 2 2 2 2 2 2 2
left_child=1 15 3 5 -5 -3 8 -8 -4 16 14 12 -12 -13 20 21 24 28 -16 -17 -11 22 -1 -23 26 -26 -2 -19 -18 -21
right_child=9 2 6 4 -6 -7 7 -9 -10 10 11 13 -14 -15 18 19 17 27 -20 29 -22 23 -24 -25 25 -27 -28 -29 -30 -31
leaf_value=-0.010718235312234826 -0.021631947888741409 -0.013180736974347794 0.0047204404818702445 -0.0252186545427041 -0.0015981288107387228 0.0034767430194119044 -0.01161312473892962 0.0013612538678327085 0.00061629146589218132 -0.022890851482025274 -0.0061484504275124705 0.011936226862392799 2.7582831664408992e-05 -0.00041246868400916396 0.0017585321878562509 0.00080318235785851804 -0.0026310307358928496 9.763215470567842e-05 0.026552843362278668 0.016536516367354512 0.016360944887473076 -0.0050063194132054165 0.0047684384773742997 0.022653151229385333 -0.031781949193269057 -0.010975239787623133 -0.0023000395822366736 0.012397120774563068 -0.022261828827133359 0.041038684373290238
leaf_weight=916.44705945253372 390.35833963751793 1615.8687280416489 28056.741609230638 1751.5749585926533 8379.3897642046213 8021.2614771276712 2932.7137642204762 9705.8996569663286 29444.354431465268 68.358580827713013 19439.004973269999 1724.3596956431866 18508.272520810366 65792.687529280782 8943.8911535739899 440.01159219443798 348.66103194653988 1674.2970659583807 204.60248392820358 1399.0407562553883 1294.2839705646038 297.85216504335403 3949.9895647764206 567.64774689078331 357.05690285563469 1576.5986540615559 1941.3264825791121 612.9563180655241 339.82348817586899 107.94502510130405
leaf_count=3700 1607 6648 115284 7235 34117 32758 12075 39724 120025 279 79498 7355 76121 267416 36595 1796 1408 6778 1031 5784 5348 1202 15998 2304 1498 6440 7946 2496 1370 541
internal_value=-3.55835e-08 0.00130208 0.000876081 -0.00257861 -0.00568196 0.000683764 0.00184975 -0.00164937 0.00261885 -0.0010313 -0.000731125 -0.00119059 -0.00313617 -9.70877e-05 0.00387892 0.00628981 -0.00583904 -0.000241981 0.00231305 0.0143393 0.0143918 0.0035556 0.00185199 0.0131345 -0.00974385 -0.0148173 -0.00553649 0.00339375 -0.0123204 0.0182916
internal_weight=220803 97586.7 89907.8 19768.1 10131 9637.13 70139.7 12638.6 57501.1 123217 115975 105464 37947.3 67517 10511.1 7678.93 7241.08 2975.74 9148.49 1947 1362.64 5731.94 4866.44 865.5 4265.34 1933.66 2331.68 2287.25 688.485 1506.99
internal_count=902377 399191 367866 80758 41352 39406 287108 51799 235309 503186 473643 430390 155619 274771 43253 31325 29543 12052 37626 8121 5627 23204 19698 3506 17491 7938 9553 9274 2778 6325
is_linear=0
shrinkage=0.05


Tree=68
num_leaves=31
num_cat=0
split_feature=17 13 4 12 10 12 13 13 19 19 4 13 3 3 13 14 14 5 12 13 19 19 15 1 19 19 13 19 19 15
split_gain=116.389 205.995 151.56 106.004 122.392 127.307 109.628 103.318 97.1938 96.3372 94.4455 124.028 89.0529 88.4796 84.4037 87.5658 77.9026 74.9629 70.0958 66.1024 63.6923 80.6409 50.2112 50.0078 39.1682 38.4903 34.2443 34.0408 31.3472 51.9609
threshold=-0.014643241931215132 -0.013232733449721311 0.0064895473436745567 -1.0000000180025095e-35 44.173221288952547 1.0000000180025095e-35 0.008019241944488888 -0.044913770987241135 1.0000000180025095e-35 0.77619502540988139 0.017537604292300019 -0.12253817901829754 -0.040435936148103972 0.001120654285731826 -0.034597127908593699 11.500000000000002 13.500000000000002 0.023660688457875285 -1.0000000180025095e-35 0.003344831227095391 -0.36180103624256182 0.23326276868039206 1.5000000000000002 -0.0020260475728061662 0.79296303579489347 0.3631133261097409 -0.0060125313854098019 -1.0000000180025095e-35 0.12695803671786857 1.5000000000000002
decision_type=2 2 2 2 2 2 2 2 2 2 2 2 2 2 2 2 2 2 2 2 2 2 2 2 2 2 2 2 2 2
left_child=7 2 14 13 5 -5 -6 10 27 -10 20 17 28 19 15 -2 -16 -12 24 -3 22 -22 -1 -20 -14 -13 -15 -4 29 -9
right_child=1 3 8 4 6 -7 -8 12 9 -11 11 25 18 26 16 -17 -18 -19 23 -21 21 -23 -24 -25 -26 -27 -28 -29 -30 -31
leaf_value=-0.027096304701385077 -0.0095733723516250105 -0.00094866622877455065 -0.017703714155506166 0.0046278208397448539 -0.0035185189557977222 -0.0022818056838369918 0.00018255266890647697 -0.05838632251210496 -0.0060342715360390299 0.0011770446995753158 -0.013203026777231473 -0.0026330021721156474 0.0058276545513444942 0.0074966907080686405 -0.009916247444023139 -0.032164692618702459 -0.0008942199166692632 0.0070757250330996382 0.0042206064181612825 0.014356765949015429 -0.022408293702648383 -0.0033353325899791947 0.064993725818997192 0.00023253965378897178 0.015902502901833329 0.01229278818892738 0.01905517806955832 0.0066924954999827051 0.016706669320765945 0.031897593339774148
leaf_weight=19.960220769047737 1080.2870701104403 3669.1180561482906 148.90396273136139 22450.267821952701 29647.692387729883 9481.7014819681644 61537.154514566064 36.387916326522827 11313.544843405485 7841.2061259746552 1254.7374362498522 510.4094313532114 4418.2903203070164 1213.3749354481697 6948.6242188438773 711.40161404013634 3649.2514745444059 715.65517999231815 14030.794687405229 873.37016667425632 586.07487505674362 10186.830957993865 57.275368794798851 17874.438212245703 1234.1865811496973 2809.3135042190552 1357.9825362116098 3598.1318683102727 1465.119368955493 28.355162411928177
leaf_count=82 4518 14868 608 92332 121296 38749 249816 150 46826 32149 5054 2061 18151 4896 28516 2986 14890 2893 57689 3773 2387 41419 236 72910 5077 11355 5687 14662 6219 122
internal_value=-4.72393e-08 -0.000663221 -0.00405161 0.000255002 -8.78985e-05 0.00257611 -0.00102081 0.00198753 -0.00164158 -0.00308224 -0.00137791 0.00409969 0.00337721 0.00618946 -0.00850647 -0.0185434 -0.00680962 -0.0058377 0.00289554 0.00199406 -0.00404858 -0.00437295 0.0411946 0.00198635 0.00802744 0.00999794 0.0136009 0.00572301 0.0152021 -0.0188452
internal_weight=220750 165522 35291.4 130231 123117 31932 91184.8 55227.8 22901.8 19154.8 16140.3 5290.12 39087.6 7113.85 12389.6 1791.69 10597.9 1970.39 37557.7 4542.49 10850.1 10772.9 77.2356 31905.2 5652.48 3319.72 2571.36 3747.04 1529.86 64.7431
internal_count=902377 676572 145155 531417 502193 131081 371112 225805 94245 78975 65487 21363 160318 29224 50910 7504 43406 7947 153827 18641 44124 43806 318 130599 23228 13416 10583 15270 6491 272
is_linear=0
shrinkage=0.05


Tree=69
num_leaves=31
num_cat=0
split_feature=1 15 13 12 14 2 19 17 13 17 17 5 13 3 4 19 13 17 14 14 14 14 13 4 5 14 12 2 3 13
split_gain=115.389 105.2 144.065 190.854 88.8512 75.299 72.7377 72.4762 69.8748 121.123 88.151 74.2727 73.2974 96.5327 92.8887 62.7545 61.213 69.3324 52.964 60.4945 48.8701 47.1882 41.4067 40.9759 38.7677 33.3859 29.6909 29.1184 28.3184 27.6995
threshold=0.001498658987532653 3.5000000000000004 0.011433451326715251 1.0000000180025095e-35 14.500000000000002 0.00076851422667578728 0.32237315905898828 -0.032414893587948961 0.082783554866759604 0.032747728661232552 0.075360471180775893 0.0057183970419179102 0.013534745958751372 0.06426917482395457 0.0066101459647701531 0.76121190122333171 0.15114400478283921 0.15237252525133174 21.500000000000004 11.500000000000002 21.500000000000004 1.5000000000000002 -0.00048151043733707372 0.022762897608417817 0.0054596156788620292 14.500000000000002 -1.0000000180025095e-35 -0.0084113135274961875 -0.022080635368614206 0.0040762848439994679
decision_type=2 2 2 2 2 2 2 2 2 2 2 2 2 2 2 2 2 2 2 2 2 2 2 2 2 2 2 2 2 2
left_child=1 2 3 4 -1 6 22 -8 9 12 11 20 14 -14 -2 -13 23 -18 19 -4 -10 -5 -3 -12 27 -26 29 -11 -28 -7
right_child=8 5 18 21 -6 26 7 -9 10 24 16 15 13 -15 -16 -17 17 -19 -20 -21 -22 -23 -24 -25 25 -27 28 -29 -30 -31
leaf_value=-0.0026085780934440935 -0.0044936666606243559 0.0046425578136952191 0.0014502987286005757 -0.031970889534694617 0.0018456990934440825 0.0031657042923314764 0.008985605251238326 0.0016918137429385656 0.034944378579490301 0.02378897288072614 -0.0040015382416440154 0.013322018688181359 0.0017487146636735451 -0.018472927440545555 -0.00020713604731578515 -0.0036877681436664057 0.02052003880131404 -0.0022125439731761091 -0.0052041937523737191 0.0070553769661736614 -0.038258823384453952 -0.011481568104908454 0.011536839596385315 -0.022670057232218398 -0.012035877581542878 -0.0049833954665473475 0.0090321583241624176 -0.0031657284191984195 -0.0014651545669095315 0.022860062081457664
leaf_weight=30020.984903052449 22777.411612264812 4736.0661252140999 11065.535563632846 310.43356530368328 17853.799385607243 2899.9305043816566 3914.0382960140705 26233.035527437925 372.8932811319828 103.69526156783104 1472.1382572650909 1477.4669982939959 23326.304568991065 605.49541352689266 28392.15856654197 856.61511650681496 525.11107282340527 928.46234987676144 1744.0752811580896 8520.5488706380129 24.284169673919678 2964.5397551059723 4031.9648312628269 367.26225808262825 3919.0419675111771 2934.733281686902 672.29823568463326 2966.7375898212194 14480.831471428275 190.24970407783985
leaf_count=122609 93159 19244 45036 1296 72939 11837 16064 107233 1565 424 5940 6068 94960 2438 116472 3509 2145 3730 7072 35480 98 12294 16555 1478 16153 12056 2735 12127 58821 840
internal_value=-5.8795e-08 0.000958095 -0.000306764 -0.00174628 -0.000947458 0.002562 0.00380456 0.00263878 -0.0013643 -0.00173299 0.00383943 0.0104806 -0.00104698 0.00123709 -0.00211522 0.00707938 -0.0016689 0.00599972 0.00314519 0.00388868 0.0304686 -0.0134237 0.00781288 -0.00772897 -0.00692439 -0.00901606 -8.85207e-05 -0.00225541 -0.000999421 0.00437821
internal_weight=220688 129638 72479.9 51149.8 47874.8 57158.4 38915.1 30147.1 91049.8 85025.6 6024.23 2731.26 75101.4 23931.8 51169.6 2334.08 3292.97 1453.57 21330.2 19586.1 397.177 3274.97 8768.03 1839.4 9924.21 6853.78 18243.3 3070.43 15153.1 3090.18
internal_count=902377 530055 296726 209138 195548 233329 159096 123297 372322 347789 24533 11240 307029 97398 209631 9577 13293 5875 87588 80516 1663 13590 35799 7418 40760 28209 74233 12551 61556 12677
is_linear=0
shrinkage=0.05


Tree=70
num_leaves=31
num_cat=0
split_feature=9 13 18 15 9 13 13 5 9 5 13 3 17 13 17 13 19 15 9 3 13 13 5 9 12 13 13 9 13 8
split_gain=116.613 182.329 143.455 134.718 129.736 162.249 129.658 120.114 116.857 113.253 113.035 110.42 109.69 91.8109 99.8932 91.0337 124.511 103.114 80.5579 78.123 69.5172 53.444 65.2562 46.1396 44.2454 43.9613 42.3187 41.5445 41.1223 25.7895
threshold=-0.33740435078092729 0.0018790945584628018 -1.0000000180025095e-35 3.5000000000000004 1.6381255330305811 0.048988148804608896 -0.052549767321400036 0.0052462464380771982 -2.1183917854881638 0.015032108175121094 -0.036956441575858916 0.016779353268482681 0.03180275678145273 -0.14141431922022427 -0.03618024661929025 -0.0017220108700879975 -0.11042227385400437 1.0000000180025095e-35 0.42669739049385474 -0.018165557525936456 -0.14141431922022427 -0.010317921763010938 0.0030624681219525141 -3.3065112064250908 -1.0000000180025095e-35 0.02480844206377331 0.0025823233511661496 -1.141771412978289 -0.032312638519123353 -0.074815140908158426
decision_type=2 2 2 2 2 2 2 2 2 2 2 2 2 2 2 2 2 2 2 2 2 2 2 2 2 2 2 2 2 2
left_child=6 3 12 7 11 -6 9 10 21 13 -2 -4 26 29 -15 16 -10 -17 -9 28 23 22 -8 -11 -21 -14 -3 -22 -5 -1
right_child=1 2 4 19 5 -7 8 18 15 20 -12 -13 25 14 -16 17 -18 -19 -20 24 27 -23 -24 -25 -26 -27 -28 -29 -30 -31
leaf_value=-0.010015763831765508 -0.031154777902151199 -0.02778776225180403 0.002742533822009896 -0.0001791526684894884 -0.0063605811703385962 0.001250647060363929 -0.003044327169278421 0.0029244047816735599 -0.020714045549011892 0.022135368883290041 -0.0083435006229974837 -0.0022901093838759313 0.017458727102449067 0.00059214403549862548 -0.0083980629304570772 0.014179453332508774 0.00062818895175171272 0.0030439233707140081 -0.0063627136522212135 0.0032503474658275677 0.015376904694234722 0.028093832601973262 0.010236247557922372 -0.00702243378282311 -0.0032154491180468657 -0.0094915593798167476 0.027836234888748347 -0.0045873456648730477 0.011839003575127866 -0.035970741847612779
leaf_weight=142.62771615386009 567.06391038745642 35.497914955019951 42070.956319361925 1209.4419738799334 14627.087877422571 13431.218027979136 1147.2927907556295 4470.1535391807556 694.08692179620266 155.25859273970127 12833.217754393816 14710.140085369349 227.85917107760906 6018.496983230114 6349.7477181106806 2293.1829111129045 44328.686090826988 22249.218932181597 4888.5356474295259 3293.3386227637529 1535.8082391619682 338.37089225649834 4773.3235438913107 1075.7160255163908 13457.410205170512 450.44529505074024 930.79181818664074 313.832260414958 1729.7623086571693 290.92159512639046
leaf_count=577 2416 144 171550 4895 59616 54559 4632 18229 2819 634 52948 59615 929 24386 25925 9541 180375 92167 20743 13475 6206 1590 19513 4328 55494 1814 3789 1274 7011 1183
internal_value=-3.99383e-08 -0.000969477 0.000347812 -0.00365328 6.42876e-05 -0.00271717 0.00136292 -0.00627324 0.00222336 -0.00274493 -0.00930881 0.00143874 0.0149739 -0.00481612 -0.00402335 0.00163459 0.00029917 0.0040844 -0.00192675 -0.000624945 0.0058621 0.00876728 0.00766275 -0.00334486 -0.00194422 -0.000438295 0.0257928 0.0119895 0.0068937 -0.0274322
internal_weight=220639 128933 86484 42448.9 84839.4 28058.3 91706.6 22759 75824.2 15882.4 13400.3 56781.1 1644.59 12801.8 12368.2 69565.2 45022.8 24542.4 9358.69 19690 3080.62 6258.99 5920.62 1230.97 16750.7 678.304 966.29 1849.64 2939.2 433.549
internal_count=902377 527227 352016 175211 345340 114175 375150 94336 310637 64513 55364 231165 6676 52071 50311 284902 183194 101708 38972 80875 12442 25735 24145 4962 68969 2743 3933 7480 11906 1760
is_linear=0
shrinkage=0.05


Tree=71
num_leaves=31
num_cat=0
split_feature=0 17 13 9 14 4 4 13 13 17 14 4 14 2 13 13 13 9 13 11 4 13 18 0 9 11 13 16 17 19
split_gain=107.691 110.134 163.606 158.316 136.518 135.761 119.711 110.834 101.454 75.4936 65.45 65.0225 70.4152 64.5339 64.9962 52.7942 50.991 29.9946 37.276 30.0664 20.9146 23.1467 18.5693 16.5744 15.7227 15.6897 14.2995 22.4678 16.0437 13.4534
threshold=-0.0064681558860084079 0.020905010104312231 0.013194525758403743 1.0820573232240254 22.500000000000004 0.0041113019054684159 0.0043656905856978541 0.067859925677143176 -0.037859382328843554 0.07937145148804288 22.500000000000004 0.008003755578158106 13.500000000000002 -0.060119194529092305 -0.12253817901829754 0.15114400478283921 0.034558853275611263 -2.6003772628359245 0.02125398975760551 -0.89226034801450249 0.035686965009044898 -0.17912607172223297 1.076919291191939 -0.0070745772771800266 -1.6742701433092002 1.0352445194919875 -0.12253817901829754 -0.074501209565842982 -0.082278192341261144 0.39593123543529885
decision_type=2 2 2 2 2 2 2 2 2 2 2 2 2 2 2 2 2 2 2 2 2 2 2 2 2 2 2 2 2 2
left_child=13 2 3 8 6 -5 -4 11 -2 10 -9 16 -13 22 20 -11 -3 19 -19 -16 21 -15 23 29 -22 -6 28 -28 -24 -1
right_child=1 7 4 5 25 -7 -8 9 -10 15 -12 12 -14 14 17 -17 -18 18 -20 -21 24 -23 26 -25 -26 -27 27 -29 -30 -31
leaf_value=0.015325823970440447 -0.0032493935364240447 -0.0037906472376018751 0.010192815749864442 0.00077506666918555466 -0.013678990308011431 -0.010912798422642556 0.0023927531810696316 0.0079358075262962093 0.00054944010798109401 -0.0066954511730938403 -0.022386939908155504 -0.0098315327425408383 -0.0030578155139348111 -0.043227982822017258 0.0020053268003599532 0.0045904721017433368 0.0039630699831134288 0.0011676855622510848 0.0060406855191539183 0.018226576607289553 0.011956011498846314 -0.013543731403976036 0.010237763584005452 -0.034248524848130749 -0.01731829459349583 -0.0013080114002164539 0.037204975859688287 0.010554061649865385 -0.011852342409399466 0.033770089041758593
leaf_weight=194.06223087012768 21669.516066879034 7182.6693974882364 5810.6843656599522 3964.6160792484879 1299.2531041651964 6655.2208254337311 32055.063772857189 4127.0154324322939 93027.097194194794 2877.1909765005112 185.97511215507984 8168.2720819711685 7234.8995499014854 79.490552365779877 515.24049963057041 1619.4733980596066 3008.514090180397 12523.891421467066 5715.370121628046 641.11105574667454 120.98695288598537 377.76216927170753 228.997608974576 12.285219833254812 73.870713099837303 319.28118662536144 95.469642817974091 460.70010942220688 128.2171930372715 201.54401974380016
leaf_count=801 88390 29471 23668 16287 5248 28282 131515 16897 378882 11620 747 33649 29737 320 2104 6564 12186 51535 23597 2620 487 1531 928 50 299 1289 400 1920 517 836
internal_value=-5.70971e-08 -0.000361904 0.000175259 -0.000709039 0.00298187 -0.00654946 0.00358971 -0.002935 -0.00016827 0.00190221 0.0066283 -0.00459998 -0.0066499 0.00337313 0.00266773 -0.00263083 -0.00150169 0.00318975 0.00269467 0.0109988 -0.0128587 -0.0187042 0.0140762 0.0229462 0.000858096 -0.0112386 0.0101151 0.0151288 0.00230883 0.0247224
internal_weight=220574 199205 164801 125316 39484.3 10619.8 37865.7 34404 114697 8809.65 4312.99 25594.4 15403.2 21369 20047.7 4496.66 10191.2 19395.6 18239.3 1156.35 652.11 457.253 1321.28 407.891 194.858 1618.53 913.385 556.17 357.215 395.606
internal_count=902377 814432 673561 511841 161720 44569 155183 140871 467272 35828 17644 105043 63386 87945 82493 18184 41657 79856 75132 4724 2637 1851 5452 1687 786 6537 3765 2320 1445 1637
is_linear=0
shrinkage=0.05


Tree=72
num_leaves=31
num_cat=0
split_feature=9 13 5 13 3 15 13 4 5 3 13 16 3 14 18 15 3 18 13 14 4 13 9 9 19 18 3 11 13 16
split_gain=105.279 158.501 132.549 127.936 143.115 121.145 118.608 115.154 113.109 110.763 109.113 102.13 99.4886 82.7177 74.0789 73.5582 70.6331 69.1639 69.0262 65.5932 60.9224 53.5388 59.3343 43.2492 40.6359 40.2519 34.2918 41.4588 28.547 25.1539
threshold=-0.33740435078092729 0.0018790945584628018 0.0026308959427935245 0.056033284771378596 0.03799951899951904 3.5000000000000004 -0.067773744759268603 0.008393988863357767 0.016170133281396267 -0.040435936148103972 -0.04068433324583192 -0.0039510436578530919 0.060483702729386642 22.500000000000004 1.8961892769245206 1.0000000180025095e-35 -0.018165557525936456 -1.0000000180025095e-35 0.032195286867970581 17.500000000000004 0.0031455503473105544 -0.14141431922022427 -1.141771412978289 -3.0813990775831095 0.87652469002659517 1.1188598732245636 -0.062373231789314525 -3.1048298532021907 0.0025823233511661496 -0.020345785835482907
decision_type=2 2 2 2 2 2 2 2 2 2 2 2 2 2 2 2 2 2 2 2 2 2 2 2 2 2 2 2 2 2
left_child=6 5 17 4 -4 7 8 10 13 26 -2 20 -5 15 -9 -1 24 28 -13 -19 -11 23 -23 -10 -7 -18 -8 -28 -3 -15
right_child=1 2 3 12 -6 16 9 14 21 11 -12 18 -14 29 -16 -17 25 19 -20 -21 -22 22 -24 -25 -26 -27 27 -29 -30 -31
leaf_value=-0.019183803991756468 -0.036414476605926081 -0.033053239793482868 -0.0010189711491216745 0.0053809327807883599 -0.01008029868275323 0.0081100815982157511 0.017214243989277813 -0.00027186853586730429 0.018756667975787844 -0.010906644318157003 -0.0081834795359446103 0.0024142689193077231 -0.0030537301714990469 0.0037537968927832156 -0.015112185146986404 -0.0056506018761973689 -0.00016100976261714499 0.0054813021567530823 0.011084592317433414 -0.0027425964004843123 -0.00040047577045955007 0.017474917674228711 -0.011744582313419403 -0.0067514299646599281 -0.016259601905054263 -0.0054572553541226039 -0.018934864868940537 0.0080395368817770835 0.023215091345165455 0.031563683860596596
leaf_weight=1198.1123445034027 351.63156768679619 23.447944417595863 48443.597181603312 12819.204722166061 4788.2588196545839 2755.6585366427898 1045.0315651595592 8598.2031989768147 202.02138838171959 1455.5988748818636 12848.72718758136 46186.27173820138 4807.0205533951521 159.65317784249783 932.06414876878262 6200.1652396172285 11536.407353043556 11939.208210036159 2415.5898530632257 3042.4866205751896 26511.037051871419 1063.7689804136753 207.6554884314537 936.47378590703011 182.38223958015442 5206.5704206302762 148.03756853938103 3771.9816777408123 582.73988203704357 165.70104436576366
leaf_count=4866 1517 95 197337 52590 19456 11171 4395 35825 825 5921 53103 188645 19445 644 3891 25239 47379 48422 10075 12305 108814 4302 842 3767 735 21590 602 15540 2366 673
internal_value=-5.90795e-08 -0.000921491 0.0003068 -0.000611501 -0.00183405 -0.00342507 0.00129521 -0.00591162 -0.00380641 0.00192927 -0.0089355 0.00145999 0.00308063 -0.00675713 -0.00172326 -0.00784223 -0.000553219 0.00448114 0.0028452 0.00381119 -0.000947298 0.00565046 0.0127026 -0.00222512 0.00659731 -0.00180799 0.00916634 0.00702086 0.0210386 0.0179172
internal_weight=220525 128858 86446 70858.1 53231.9 42411.6 91667.1 22730.6 10133.6 81533.5 13200.4 76568.5 17626.2 7723.63 9530.27 7398.28 19681 15587.9 48601.9 14981.7 27966.6 2409.92 1271.42 1138.5 2938.04 16743 4965.05 3920.02 606.188 325.354
internal_count=902377 527227 352016 288828 216793 175211 375150 94336 41158 333992 54620 313455 72035 31422 39716 30105 80875 63188 198720 60727 114735 9736 5144 4592 11906 68969 20537 16142 2461 1317
is_linear=0
shrinkage=0.05


Tree=73
num_leaves=31
num_cat=0
split_feature=1 15 13 12 9 9 12 11 13 3 9 13 5 15 12 5 14 3 3 14 15 13 2 13 14 3 13 11 3 13
split_gain=100.81 86.6801 116.707 181.984 110.359 86.4035 72.3752 70.9847 59.2313 93.5028 130.686 81.3157 75.6943 71.9864 66.0649 58.2181 54.7545 50.1035 41.7284 38.7285 38.5738 76.0746 36.15 35.6943 32.8909 35.2462 29.5172 29.0584 26.438 26.364
threshold=0.001498658987532653 3.5000000000000004 0.0065543233735660964 1.0000000180025095e-35 0.49234730113156072 1.3338342698756673 1.0000000180025095e-35 -0.46343370922798083 0.11081522371121745 0.051896895256718041 -0.79376835247634314 0.052987677202534396 0.0050104463108082932 1.0000000180025095e-35 -1.0000000180025095e-35 0.012480520359050886 20.500000000000004 -0.030296213569718452 0.001262206163569535 1.5000000000000002 5.5000000000000009 -0.0027248908727874883 0.00076851422667578728 0.046573361208992366 11.500000000000002 0.092099095757880348 -0.030226055043977348 -0.17763864085941802 -0.12038775307873127 0.15114400478283921
decision_type=2 2 2 2 2 2 2 2 2 2 2 2 2 2 2 2 2 2 2 2 2 2 2 2 2 2 2 2 2 2
left_child=1 2 3 4 -1 6 -4 17 9 11 13 14 -13 -11 -2 24 29 28 -5 -12 22 -22 -9 -7 25 -10 -19 -18 -3 -17
right_child=8 7 5 18 -6 23 -8 20 15 10 19 12 -14 -15 -16 16 27 26 -20 -21 21 -23 -24 -25 -26 -27 -28 -29 -30 -31
leaf_value=5.3472152750142713e-05 0.0015368235508172513 0.032590063938581555 0.0072685821359029183 -0.023097331624876434 -0.0066808290828464893 -0.0033972096600936781 -0.00013339166522226923 0.0036908449127444429 0.0098016325882112273 0.061027814272476638 -0.026740310068798869 0.013351162518757323 0.0010728342941259928 0.0079794176879179144 -0.0022973876702799853 -0.0064208393387038256 0.011441687169554089 -0.0021792731664073001 -0.0093164502421645926 -0.0098109660113470977 -0.0056525211990103887 0.0020004791197497421 -0.00013467061653814978 0.0026814186153851245 0.019845079637820832 -0.019506015160369081 0.0047531733575941525 -0.029265196015622726 0.01001279336097744 0.0074449472622218921
leaf_weight=37593.294790953398 13685.382932022214 135.986895814538 10247.200765997171 1029.2065034434199 7258.2394014298916 6304.5620509982109 4872.8461437821388 17402.976876586676 650.47217331826687 78.094844445586205 372.17588284611702 1670.9397345483303 5045.4392309039831 353.09679847955704 62735.980569414794 511.23654207587242 54.591994673013687 1767.6960445791483 1178.0756735801697 3660.0246429294348 5250.8986283689737 8509.9961470365524 9572.0993808954954 3914.6131527423859 757.12868295609951 121.79510234296322 11688.229113131762 222.60511070489883 2789.4694155156612 1040.615214779973
leaf_count=153321 56354 563 42574 4320 29975 25500 20013 71296 2658 319 1521 6897 20562 1434 256585 2081 222 7206 5008 14932 21381 34641 38996 16015 3149 489 47799 898 11447 4221
internal_value=-7.62869e-08 0.000895917 -0.000253002 -0.0017261 -0.00103633 0.00248277 0.00488309 0.00235221 -0.00127586 -0.00152569 -0.00857577 -0.00114719 0.00412751 0.0175872 -0.00161076 0.00524053 -0.000779203 0.00513181 -0.0157422 -0.0113736 0.00123443 -0.000919762 0.00233336 -0.0010687 0.0124397 0.00517949 0.00384246 -0.0212483 0.0110623 0.00287705
internal_weight=220475 129515 72398 47058.8 44851.5 25339.2 15120 57117.4 90959.6 87601.1 4463.39 83137.7 6716.38 431.192 76421.4 3358.44 1829.05 16381.4 2207.28 4032.2 40736 13760.9 26975.1 10219.2 1529.4 772.267 13455.9 277.197 2925.46 1551.85
internal_count=902377 530055 296726 192624 183296 104102 62587 233329 372322 358604 18206 340398 27459 1753 312939 13718 7422 67015 9328 16453 166314 56022 110292 41515 6296 3147 55005 1120 12010 6302
is_linear=0
shrinkage=0.05


Tree=74
num_leaves=31
num_cat=0
split_feature=17 13 9 14 14 14 14 13 9 14 14 13 3 14 9 9 19 2 19 5 14 19 14 5 19 19 8 5 5 9
split_gain=106.625 171.277 162.232 144.477 350.757 136.455 124.56 114.796 163.129 151.248 102.147 80.2468 82.2018 75.3276 72.102 59.3673 58.4772 64.0526 63.8327 57.5645 58.0897 52.3549 47.3671 38.8289 32.6352 29.4454 28.4915 21.7576 20.5294 20.2583
threshold=-0.039865382877194093 -0.034597127908593699 -1.3783587710526093 11.500000000000002 13.500000000000002 22.500000000000004 1.5000000000000002 0.021742797103567416 1.6381255330305811 11.500000000000002 3.5000000000000004 -0.12253817901829754 -0.081864109615992706 1.5000000000000002 -2.1183917854881638 -1.6247147686815533 0.10055909653639464 0.016760083592567646 -0.22841295831812389 0.023660688457875285 1.5000000000000002 -0.17610872394667185 13.500000000000002 0.002550541866267199 0.39593123543529885 0.3631133261097409 0.029408558612538795 0.026984370599121139 0.013740339812210145 -2.5209466019337845
decision_type=2 2 2 2 2 2 2 2 2 2 2 2 2 2 2 2 2 2 2 2 2 2 2 2 2 2 2 2 2 2
left_child=11 3 13 6 14 -6 15 8 -4 -9 -8 19 25 23 -5 -2 18 -18 -14 20 -1 -15 27 -3 -22 28 -24 -21 -13 -27
right_child=1 2 7 4 5 -7 10 9 -10 -11 -12 12 16 21 -16 -17 17 -19 -20 22 24 -23 26 -25 -26 29 -28 -29 -30 -31
leaf_value=-0.045197351344752633 -0.0018804024997306852 -0.0019014382038816538 -0.00075293569330732294 -0.0091518957400014214 -0.0066332880094575192 0.014091914537013106 0.012559798331254292 -0.0010122886670601127 -0.0096062771694449475 0.0043571120809688278 -0.00069754527458625861 -0.021795142142768301 0.016466082832822523 -0.027889215617824866 -0.034026413844344482 -0.019925706915213032 0.0060429722475182643 -0.0033837979425679586 -0.014144933338731647 -0.0033388540148093153 -0.020682867989422395 0.0043761611266015599 -0.0011698047418802942 0.020726205022391326 -0.0031755548825851058 0.036339437037019216 -0.040663382060535311 0.024800894819012709 0.017698859257065554 0.017240518133517832
leaf_weight=117.78696788847446 795.77373948693275 230.67898839712143 106861.09008978307 366.97002646327019 8222.9408644065261 879.1119481921196 1822.5662534534931 26462.925280362368 5469.3469576686621 26002.301086783409 7164.6742567270994 58.09874914586544 216.36900332570076 126.91418752074242 1413.2833335325122 1066.7993739619851 13214.268691956997 2086.5148297399282 799.94953046739101 90.5113914757967 381.89833430945873 13423.896905250847 235.45914036035538 1064.3920826017857 878.53752967715263 274.72825954854488 56.655156165361404 284.96152696013451 75.878222554922104 280.70955254137516
leaf_count=475 3236 953 435485 1501 33616 3569 7438 107330 23533 106987 29368 234 890 525 5972 4477 54224 8537 3279 365 1550 55849 950 4492 3557 1131 227 1161 312 1154
internal_value=-6.77565e-08 -0.000338321 0.000168864 -0.0045308 -0.0086015 -0.00463157 -0.000447909 -0.000282124 -0.001184 0.00164884 0.00199098 0.0035751 0.00470057 0.00517502 -0.0288989 -0.012216 0.00398604 0.00475748 -0.007628 -0.00578079 -0.011618 0.00407397 0.00627014 0.0166958 -0.00848008 0.0216122 -0.00882953 0.0180175 0.000572393 0.0266871
internal_weight=220426 201374 179642 21732.1 10882.3 9102.05 10849.8 164796 112330 52465.2 8987.24 19052.3 17006.5 14845.9 1780.25 1862.57 16317.1 15300.8 1016.32 2045.81 1378.22 13550.8 667.587 1295.07 1260.44 689.415 292.114 375.473 133.977 555.438
internal_count=902377 824331 735154 89177 44658 37185 44519 673335 459018 214317 36806 78046 69761 61819 7473 7713 66930 62761 4169 8285 5582 56374 2703 5445 5107 2831 1177 1526 546 2285
is_linear=0
shrinkage=0.05


Tree=75
num_leaves=31
num_cat=0
split_feature=17 13 4 18 13 9 13 4 13 17 13 13 9 14 19 17 9 14 5 14 14 5 15 14 12 14 9 9 15 19
split_gain=102.546 150.933 134.014 145.333 94.6952 104.4 110.415 93.1594 102.667 85.5349 136.461 129.657 113.075 100.626 76.8464 76.6336 75.1725 72.8156 71.3115 63.7888 88.3012 61.9776 57.1831 55.2182 54.7566 46.2377 46.0044 38.29 31.0177 30.6382
threshold=-0.0099123225091095595 -0.013615362394699902 0.0064895473436745567 1.1304774161044084 -0.044913770987241135 0.79254492052837378 -0.0092982441698593581 0.017537604292300019 -0.12253817901829754 0.048602036662721844 0.082783554866759604 0.036919961800240826 1.5712514802429511 21.500000000000004 0.3803998274658425 0.10219800772300099 -1.9921828679041178 1.5000000000000002 0.0072384933871805397 1.0000000180025095e-35 11.500000000000002 0.016913806602954756 5.5000000000000009 5.5000000000000009 -1.0000000180025095e-35 13.500000000000002 1.3338342698756673 -1.300372371320196 1.0000000180025095e-35 0.3631133261097409
decision_type=2 2 2 2 2 2 2 2 2 2 2 2 2 2 2 2 2 2 2 2 2 2 2 2 2 2 2 2 2 2
left_child=4 2 17 26 7 16 29 19 21 11 25 12 -3 -13 -8 -12 23 28 -5 -1 -21 -9 -19 -6 -18 -11 -4 -10 -2 -7
right_child=1 9 3 18 5 6 14 8 27 10 15 13 -14 -15 -16 -17 24 22 -20 20 -22 -23 -24 -25 -26 -27 -28 -29 -30 -31
leaf_value=-0.0224415169787975 -0.045396441282509858 0.0004192278884079222 0.002507137504907637 -0.011280029428106204 0.022701990118775835 0.009365614699807184 0.014491723030593368 -0.016748910425676479 0.012830339045362842 -0.010221069831584859 0.0081852139051483228 0.0056499633848569528 -0.0052683283804162602 -0.0078531096144112533 -0.0015733203184979231 -0.0026198985896458927 0.0073473132766688799 -0.0058176192573121364 -0.001830206848008852 0.0010318351295082258 -0.0078349487800585867 0.0015059342937326012 -0.01755673368681767 0.0074316510919864472 0.0023163395576257964 -0.0031549242710637217 -0.024149407699246828 0.0018257616069237742 -0.018627166662463546 -0.019873494634187795
leaf_weight=456.35468384623528 127.96804068237543 79222.330772146583 11295.651788935065 4083.5405928045511 783.71937806904316 98.791940614581108 820.72559097409248 738.37486028671265 2258.893226236105 5416.8368301689625 2934.4124747216702 16070.179196730256 9822.3708694130182 1509.2745352685452 8003.1599988043308 3722.8466095924377 6544.1981315463781 8210.7091846913099 3906.0828912556171 5653.362549200654 5578.5528460144997 1255.6749250292778 1187.3986044824123 2420.0820849016309 31163.519343003631 4043.0832638144493 164.21006991714239 1215.9621590971947 700.94275233894587 962.20929922163486
leaf_count=1871 538 322912 46207 16966 3259 415 3362 2992 9147 22093 12001 66147 40701 6095 32741 15086 26913 33897 16268 23033 22736 5075 4877 10102 127600 16525 924 4922 2924 4048
internal_value=-1.09831e-07 -0.000720288 -0.00392016 -0.0014837 0.00161523 0.00269999 -0.00191151 -0.00159637 0.00378987 5.33804e-05 -0.00334154 0.000566552 -0.000208157 0.00449066 -7.90815e-05 0.00214282 0.0038142 -0.00855376 -0.00666006 -0.00411657 -0.00337203 -0.00525364 -0.00730079 0.0111671 0.00318947 -0.00720106 0.00212517 0.00897949 -0.0227598 -0.017151
internal_weight=220371 152418 29676.5 19449.5 67953.6 50796.4 9884.89 17157.2 5468.91 122741 16117.2 106624 89044.7 17579.5 8823.89 6657.26 40911.5 10227 7989.62 11688.3 11231.9 1994.05 9398.11 3203.8 37707.7 9459.92 11459.9 3474.86 828.911 1061
internal_count=902377 624161 122601 80365 278216 208440 40566 69776 22136 501560 65705 435855 363613 72242 36103 27087 167874 42236 33234 47640 45769 8067 38774 13361 154513 38618 47131 14069 3462 4463
is_linear=0
shrinkage=0.05


Tree=76
num_leaves=31
num_cat=0
split_feature=0 17 13 4 9 18 13 13 12 10 13 13 4 11 5 13 9 5 9 19 10 13 8 19 17 7 8 19 17 15
split_gain=98.5442 70.7169 93.4474 101.054 100.091 64.6593 53.7513 53.7098 73.6569 61.7078 120.826 59.0764 57.7656 50.048 45.741 43.2215 42.9324 38.2088 37.6305 34.1034 33.3368 29.3886 27.7776 25.9571 25.1389 24.5857 23.7317 21.7877 21.1097 18.0087
threshold=-1.0000000180025095e-35 -0.040944366034512729 -0.037859382328843554 0.0095159354238641188 -1.918451784595923 0.80503837421280944 -0.070309706899936139 -0.077142940274329538 -1.0000000180025095e-35 49.752475247524799 0.002828038403063005 0.003344831227095391 0.014295610185645022 1.3515596627692983 0.016170133281396267 -0.12253817901829754 -1.6004944430349874 0.026984370599121139 -2.6003772628359245 0.3803998274658425 32.32301667399868 -0.0096337778452890137 -0.054007514830967558 0.35519410670702506 -0.030379391897974669 0.45291475181193513 0.011032443577687821 -0.22841295831812389 0.017525004034623707 2.5000000000000004
decision_type=2 2 2 2 2 2 2 2 2 2 2 2 2 2 2 2 2 2 2 2 2 2 2 2 2 2 2 2 2 2
left_child=1 15 3 16 21 -6 -5 14 11 13 -11 12 -9 -10 24 17 -3 22 23 26 -19 -4 -1 -17 27 -20 -16 -2 -13 -21
right_child=7 2 4 6 5 -7 -8 8 9 10 -12 28 -14 -15 19 18 -18 20 25 29 -22 -23 -24 -25 -26 -27 -28 -29 -30 -31
leaf_value=0.00095841852679890848 0.051324742009268266 -0.0051778227631490278 0.0082066258838675438 -0.0062213422985632587 0.002794569311895288 -0.00012525181016516656 0.0033126854745367724 0.00063854399774655117 0.00045767294593036822 -0.0064367020419498905 -0.0010402246614890868 0.018261308483306878 0.012478147278041307 -0.0097151598130072528 -0.0038519180182661726 -0.001202708429434593 -0.015721492068282033 0.035776547493259807 -0.00760832457427261 -0.0017397612037169795 -0.00070061794937321487 0.023990065527745796 -0.016429875423712461 0.019510071805406305 -0.017482987645965415 0.0057951259542861032 -0.034699233195519076 -0.0076321608600978521 -0.00054864598363790025 0.012250890665328987
leaf_weight=417.87675774097443 15.821626469492911 2022.7952483892441 2941.9844415336847 2268.6540292203426 28808.304347679019 55469.476566560566 4243.7435225993395 11230.068290680647 39714.461454994977 13937.445749893785 40551.092686355114 771.34564518928528 1134.2900991439819 1247.0105261653662 186.30798132717609 186.82683600485325 1847.0905681475997 99.517027705907822 358.8965470790863 430.11294664442539 169.01012553274632 327.78809025138617 509.98046207427979 794.49127973616123 891.39974640309811 7322.9787132441998 93.710628122091293 1640.2713027894497 184.91541843116283 494.39696174860001
leaf_count=1692 65 8249 12065 9251 117768 227373 17302 45966 162390 58239 164735 3487 4645 5087 754 759 7716 409 1468 1737 683 1567 2067 3256 3699 30109 382 6684 765 2008
internal_value=-1.38715e-07 0.0010803 0.000673931 -0.00381116 0.00120582 0.000872818 -8.58144e-06 -0.00103512 -0.000832238 -0.0013183 -0.00242057 0.00265071 0.00172469 0.000147976 -0.00691679 0.00511649 -0.0102103 -0.0037918 0.00634672 0.00111179 0.0128179 0.00978888 -0.00859875 0.0155667 -0.0107129 0.00516892 -0.0141752 -0.00706891 0.014624 0.00574197
internal_weight=220312 107789 97929.8 10382.3 87547.6 84277.8 6512.4 112523 108771 95450 54488.5 13320.6 12364.4 40961.5 3752.02 9859.58 3869.89 1196.38 8663.19 1204.53 268.527 3269.77 927.857 981.318 2547.49 7681.88 280.019 1656.09 956.261 924.51
internal_count=902377 441734 401291 42518 358773 345141 26553 460643 445314 390451 222974 54863 50611 167477 15329 40443 15965 4851 35592 4881 1092 13632 3759 4015 10448 31577 1136 6749 4252 3745
is_linear=0
shrinkage=0.05


Tree=77
num_leaves=31
num_cat=0
split_feature=17 13 5 19 13 3 14 13 14 17 19 13 18 13 11 13 17 14 14 14 15 11 17 5 15 13 3 17 19 17
split_gain=95.128 124.859 229.712 129.662 122.01 95.5036 104.546 90.4797 145.382 89.7444 85.8412 95.5464 77.7415 74.7146 73.1046 72.7787 91.3896 68.4557 55.6762 184.096 125.361 45.6041 44.7449 48.3159 41.3057 49.307 41.0759 34.8998 29.2346 23.9068
threshold=0.012011313421629534 -0.0017220108700879975 0.0030624681219525141 -1.0000000180025095e-35 0.063351810841041814 0.01879694334002369 22.500000000000004 -0.024928664112267959 11.500000000000002 0.07937145148804288 0.75952774489576902 0.11081522371121745 1.0562422163132723 0.025379891604820019 1.0135184598408149 0.15114400478283921 0.15237252525133174 21.500000000000004 13.500000000000002 11.500000000000002 5.5000000000000009 -0.79702335918184652 0.18043513354790788 0.014566853500636167 1.5000000000000002 -0.00099297576437884483 -0.045617188303918525 0.13465265497101039 -0.36180103624256182 -0.048548819515940193
decision_type=2 2 2 2 2 2 2 2 2 2 2 2 2 2 2 2 2 2 2 2 2 2 2 2 2 2 2 2 2 2
left_child=1 2 18 24 12 6 -5 8 -4 10 11 -6 21 -7 -9 27 -17 -12 19 -1 -20 28 23 -14 29 -26 -23 -11 -2 -3
right_child=4 3 7 5 9 13 -8 14 -10 15 17 -13 22 -15 -16 16 -18 -19 20 -21 -22 26 -24 -25 25 -27 -28 -29 -30 -31
leaf_value=-0.0044379149229236085 -0.038984071109431528 -0.048388740043709938 0.0023071385064766937 0.0031965199594022799 0.0077375252641501595 -0.0061419044390464599 -0.0076204214913343123 0.0035739597979936666 -0.0038129941728831957 -0.0033268011669346531 0.0020778426921671798 0.02857976758605852 -0.0054463342312585372 0.0012194909556385656 -0.0062961967146049017 0.019571813387183196 -0.0020718959103927133 -0.025853486805071341 0.001738068972868882 -0.019932312630339719 -0.012944518694356611 0.016517237498996595 -0.0373553042784368 0.0045027318960262274 -0.047101688746171627 0.017062191799231581 -0.0020538968573816322 -0.014482084786775701 0.0058081101983905419 0.041382329884659869
leaf_weight=12131.117915093899 36.923408702015877 7.6673415303230277 19232.09418515861 56585.312701456249 3342.7021166831255 5831.4033910781145 2325.5783208906651 27361.30092163384 19585.240518696606 2827.6390805244446 2287.7330293953419 658.14175267517567 21617.317584984004 8429.3737477958202 2014.1118970960379 746.74776914715767 1406.0672656744719 242.62952543795109 6199.4770367071033 2276.8606870099902 1899.1157718747854 303.08990085124969 106.59048763662577 1293.3042337298393 31.231096670031548 724.87170912325382 16896.786835707724 932.30786067247391 2713.937840744853 226.52675624191761
leaf_count=49426 151 31 78445 232723 13684 23769 9440 112219 79854 11453 9421 2767 88905 34263 8316 3075 5679 978 25287 9400 7722 1244 454 5379 127 2969 69363 3761 11139 933
internal_value=-1.39896e-07 0.000602261 -0.000641993 0.00212397 -0.0017924 0.00188075 0.00276951 0.000803599 -0.000780767 0.00256733 0.00660743 0.0111661 -0.00305502 -0.00179067 0.00289722 -0.00189535 0.00543567 -0.000600416 -0.005022 -0.00688646 -0.00170499 -0.000770629 -0.00503508 -0.00488471 0.020095 0.0144119 -0.00172664 -0.00609284 0.00520689 0.0384433
internal_weight=220273 164861 90699.3 74162 55411.9 73171.7 58910.9 68192.7 38817.3 12444 6531.21 4000.84 42968 14260.8 29375.4 5912.76 2152.82 2530.36 22506.6 14408 8098.59 19950.7 23017.2 22910.6 990.297 756.103 17199.9 3759.95 2750.86 234.194
internal_count=902377 674924 370669 304255 227453 300195 242163 278834 158299 50818 26850 16451 176635 58032 120535 23968 8754 10399 91835 58826 33009 81897 94738 94284 4060 3096 70607 15214 11290 964
is_linear=0
shrinkage=0.05


Tree=78
num_leaves=31
num_cat=0
split_feature=0 13 9 13 4 9 17 13 5 5 15 15 2 13 19 4 13 18 4 13 9 5 18 3 15 1 18 15 11 10
split_gain=93.1024 107.281 127.503 110.633 154.396 122.175 73.7044 69.5344 63.3457 55.6176 70.1886 58.4494 44.109 40.5291 39.9471 36.2818 26.213 22.0991 19.5836 20.9418 17.2446 16.173 15.241 15.0621 13.0096 10.7029 10.297 8.0564 7.31658 6.62559
threshold=-0.016021419622621044 -0.077142940274329538 -1.7575156978044089 -0.0065694062116044552 0.004240721985751904 1.3523826047702985 -0.097562248152198758 -0.0096337778452890137 0.012776777419246861 0.0071168566696252393 3.5000000000000004 5.5000000000000009 -0.032577127221961259 -0.095378020205205902 0.3803998274658425 0.0039788318947362273 -0.12253817901829754 1.3571546228115652 0.011381898193228194 -0.080687521199921661 -3.3065112064250908 0.016913806602954756 1.0076337131417605 -0.081864109615992706 3.5000000000000004 -0.04612090114610528 0.233462891561769 4.5000000000000009 0.95175513421807423 34.951456310679617
decision_type=2 2 2 2 2 2 2 2 2 2 2 2 2 2 2 2 2 2 2 2 2 2 2 2 2 2 2 2 2 2
left_child=12 6 7 4 -4 -5 13 8 -3 11 -11 -8 18 14 -2 -9 21 -15 22 20 -20 -14 26 -21 -23 28 -1 -27 -18 -24
right_child=1 2 3 5 -6 -7 9 15 -10 10 -12 -13 16 17 -16 -17 25 -19 19 23 -22 24 29 -25 -26 27 -28 -29 -30 -31
leaf_value=-0.0099453518776203148 -0.011195694665292185 0.0028883686221644589 -0.0083581553330076223 0.0015142817918615196 -0.0010462566559385151 -0.0017988664767954726 -0.01495043633913444 0.00240626100463314 0.020001605973367226 -0.01089201046150102 0.0014562782857862376 -0.05568598469770452 -0.043910434730406109 0.0091524629569434135 0.0070556645504201085 0.023699348184802984 0.014327862853920712 0.037209211174191591 0.022673857943136665 0.03510786616623407 0.0049847691899697309 -0.017948876506170882 -0.015825770645600649 0.017225010441555524 0.018249176218315077 0.0018864898070960142 0.027135567960358195 0.0095644879851202579 0.051642170182743696 0.04385092885694368
leaf_weight=28.317331865429878 495.35898005962372 14378.095621943474 8392.4227968901396 92650.14435261488 51662.816560424864 39769.058873400092 1067.4082027971745 283.96561479568481 561.87736365199089 2990.735830925405 1870.5292276144028 95.97669929265976 40.738244235515594 172.53141313791275 759.41821444034576 677.02735763788223 88.050833880901337 118.31329044699669 176.78303869068623 139.63529562950134 624.46772582828999 85.799250558018684 112.64992143213749 751.19541576504707 34.925775498151779 1700.2035424858332 55.250660955905914 427.5725744664669 15.440773844718931 4.8513966351747504
leaf_count=117 2014 58602 34256 378958 212306 162747 4457 1236 2312 12173 7611 398 166 701 3074 3317 367 480 727 604 2525 346 463 3161 142 7040 229 1764 64 20
internal_value=-1.25914e-07 -0.000144956 6.74626e-05 -0.000288031 -0.00206806 0.000519254 -0.00599188 0.00437056 0.00353198 -0.00849077 -0.00614061 -0.018311 0.00729718 0.00374849 -0.000149579 0.0174074 0.00278528 0.0205657 0.0129997 0.0147527 0.00888758 -0.0166692 -0.00175264 0.0200281 -0.00747677 0.00419309 0.0145706 0.00342937 0.0198951 -0.0133618
internal_weight=220232 215946 208375 192474 60055.2 132419 7570.27 15901 14940 6024.65 4861.27 1163.38 4285.88 1545.62 1254.78 960.993 2392.73 290.845 1893.15 1692.08 801.251 161.463 201.069 890.831 120.725 2231.27 83.568 2127.78 103.492 117.501
internal_count=902377 884642 853734 788267 246562 541705 30908 65467 60914 24639 19784 4855 17735 6269 5088 4553 9889 1181 7846 7017 3252 654 829 3765 488 9235 346 8804 431 483
is_linear=0
shrinkage=0.05


Tree=79
num_leaves=31
num_cat=0
split_feature=0 13 12 10 13 14 13 4 5 3 13 16 9 13 14 14 3 14 14 14 9 13 3 1 13 16 13 11 19 14
split_gain=90.1801 69.7146 95.7893 84.8269 126.016 95.3471 84.091 95.6969 60.5866 59.6592 72.9561 63.9523 63.2612 54.1297 57.5316 87.5589 55.6024 48.0855 67.9018 46.8373 43.8221 37.3558 37.0105 34.2962 29.1697 29.062 28.8205 27.8685 20.2743 18.9607
threshold=-0.002822201317027206 -0.059122171753703705 -1.0000000180025095e-35 49.752475247524799 0.00050611262051603056 15.500000000000002 -0.0027248908727874883 0.014295610185645022 0.016170133281396267 -0.022639141268953885 -0.011328999442674235 -0.010568300360058345 -1.2816440014125641 -0.084866374681587239 11.500000000000002 9.5000000000000018 -0.067119035353777765 1.5000000000000002 3.5000000000000004 1.0000000180025095e-35 -1.2816440014125641 -0.14141431922022427 -0.094714025598822124 -0.0039586458047327624 -0.12253817901829754 0.0075519816701141171 -0.037859382328843554 0.57133836824121764 0.40282621362728144 1.0000000180025095e-35
decision_type=2 2 2 2 2 2 2 2 2 2 2 2 2 2 2 2 2 2 2 2 2 2 2 2 2 2 2 2 2 2
left_child=9 8 6 5 -5 -4 7 -3 17 13 11 26 -13 14 15 -1 -15 24 -19 -8 29 28 -16 -22 -2 -23 -11 -18 -10 -12
right_child=1 2 3 4 -6 -7 19 -9 21 10 20 12 -14 16 22 -17 27 18 -20 -21 23 25 -24 -25 -26 -27 -28 -29 -30 -31
leaf_value=-0.00017278202851874768 -0.059590148414010717 0.00045016217969574791 -0.00077892855504311511 -0.0056750347846903377 -0.00080384794690832671 0.0032658340356015794 0.037945184641408891 0.016561079218534488 -0.02029139832279328 -0.016010156776149302 0.037201439742188945 0.0045624050282544563 -0.0038316132179812205 0.018363791127531552 0.0040693828146087735 0.033988192421447176 0.0061316211542049685 0.010394986926789713 -0.0073940865577551106 0.0091190821251654064 0.0039271416124438911 0.004678307396208818 -0.01497487516436315 0.00017603857821821563 -0.017481790747725653 0.02413758794058873 -0.0051569729752699387 -0.0036443333247086433 -0.00011578845513245556 0.010066144607477122
leaf_weight=1142.9096038490534 44.487523272633553 13832.385994583368 43586.930240556598 16998.2908051759 60645.750433236361 21886.053180664778 147.69886073470116 987.52005748450756 177.01136599481106 997.22466500103474 68.169871911406517 3752.2511337548494 5586.3268889412284 891.92830006033182 359.51621834933758 224.4073393791914 8541.8577622026205 592.00049762427807 5714.8546494245529 3068.4362291693687 11199.778644397855 743.17637035250664 878.51960876584053 13365.210319027305 544.59845490008593 258.64965254813433 1582.1609285771847 797.03660199046135 419.88193589448929 1156.7856887578964
leaf_count=4630 183 56462 178186 71079 246411 89668 650 4043 716 4076 316 15246 23247 3750 1458 912 35198 2413 23477 13091 46080 3014 3556 54618 2252 1073 6445 3294 1695 5138
internal_value=-1.13641e-07 -0.000552427 -0.000319719 -0.000752466 -0.00187028 0.000573139 0.00311415 0.00152371 -0.00496716 0.00185369 0.000851441 -0.00238382 -0.000458887 0.00479792 -0.00163624 0.0054338 0.00643643 -0.00700033 -0.00572429 0.0104429 0.00234651 0.00380277 -0.00944457 0.00188626 -0.0206618 0.00970227 -0.00935296 0.00529728 -0.00609896 0.0115762
internal_weight=220192 169648 161153 143117 77644 65473 18036 14819.9 8494.66 50544.1 37707.9 11918 9338.58 12836.2 2605.35 1367.32 10230.8 6895.94 6306.86 3216.14 25789.9 1598.72 1238.04 24565 589.086 1001.83 2579.39 9338.89 596.893 1224.96
internal_count=902377 694413 659590 585344 317490 267854 74246 60505 34823 207964 155166 49014 38493 52798 10556 5542 42242 28325 25890 13741 106152 6498 5014 100698 2435 4087 10521 38492 2411 5454
is_linear=0
shrinkage=0.05


Tree=80
num_leaves=31
num_cat=0
split_feature=17 16 2 13 5 13 9 13 4 13 14 14 9 3 16 5 15 14 13 4 17 4 14 11 13 4 13 2 4 8
split_gain=89.4855 129.141 108.403 88.8842 84.3191 77.8701 93.4195 83.1051 78.5284 77.5935 76.3855 73.9896 71.2724 63.1512 57.179 56.2111 54.7306 51.8664 52.5036 55.4951 50.3521 45.8299 42.2386 40.5276 46.5673 31.1968 31.0972 30.206 30.035 27.0945
threshold=-0.0099123225091095595 -0.0042131458612107422 -0.00048205019114538889 -0.01435437137147527 0.0055319173466016952 -0.037859382328843554 0.79254492052837378 -0.0092982441698593581 0.014456210991175869 -0.12253817901829754 15.500000000000002 18.500000000000004 0.59119822858702709 -0.040435936148103972 -0.011012661112967724 0.023660688457875285 4.5000000000000009 15.500000000000002 -0.048455457278874063 0.0020752737881382772 -0.033802063420511556 0.0040652689940517015 12.500000000000002 -0.33876996314916669 0.0011810836065168087 0.0074966519148236335 -0.023723260478632598 -0.022639595457468905 0.0039367911744315242 -0.10220607813344092
decision_type=2 2 2 2 2 2 2 2 2 2 2 2 2 2 2 2 2 2 2 2 2 2 2 2 2 2 2 2 2 2
left_child=5 17 10 4 -4 8 13 28 12 15 16 -5 20 -7 -9 -10 -3 23 25 -20 -1 -15 -11 24 -2 -19 -12 -25 -8 -14
right_child=1 2 3 11 -6 6 7 14 9 22 26 -13 29 21 -16 -17 -18 18 19 -21 -22 -23 -24 27 -26 -27 -28 -29 -30 -31
leaf_value=6.9024798325539622e-05 -0.0054499559832744682 -0.00082832066154763385 -0.010146131388928085 0.00037118376267763044 5.6333171831427706e-05 0.015167167334162271 -0.051837367803641204 0.0049621733317183917 -0.011093614073417397 0.0099457023192978944 2.5353277381924822e-05 -0.0036552926408489682 0.063771208299743129 -0.0012884320302365372 -0.0033216697350646057 0.0059751949536265064 0.0037911134712230649 -0.070668177564478116 -0.024650629732736316 0.00085886916069839801 -0.0063527119289491594 0.0040796737751227696 0.0016249155026486766 0.00029126417560495046 0.0021362570475033571 -0.011829980876271998 0.0060526026615497237 -0.0077277283626812692 -0.013284396474365795 -0.034256670922847128
leaf_weight=6316.2761176228523 4928.5959245711565 21052.350444577634 4921.55053627491 53603.316829174757 3441.1055877953768 1178.1499214619398 53.352653741836548 3373.5476870387793 1444.7129190415144 2929.3991687446833 2603.6122129410505 14494.444603040814 7.2796673178672782 4548.611361131072 5445.8350390791893 724.0939566642046 9220.2229035496712 23.285124003887177 218.11366400122643 9467.1500288099051 5907.309644818306 31584.247497491539 3181.7313705533743 1317.0251673609018 3431.1604128926992 693.23710861802101 12019.427931174636 10839.361861765385 951.0368078649044 222.37303590774536
leaf_count=25733 20120 86389 20723 218825 14617 5126 222 13832 5862 11884 10615 59052 30 18500 22271 2939 37624 98 878 38939 24195 129761 12895 5435 14161 2830 49430 44425 4016 950
internal_value=-1.09385e-07 -0.000673108 6.18514e-05 -0.00108325 -0.00594797 0.00150988 0.00263316 -0.00170492 -0.00104376 0.00273003 0.00201204 -0.000485842 -0.00355289 0.00377535 -0.000152974 -0.00539489 0.000578636 -0.0035579 -0.000681815 0.000284391 -0.00303442 0.00340391 0.00561352 -0.00501609 -0.00233629 -0.0137421 0.00497946 -0.00685895 -0.0153323 -0.0311493
internal_weight=220142 152274 121356 76460.4 8362.66 67868 47134.8 9823.77 20733.2 8279.94 44895.6 68097.8 12453.2 37311 8819.38 2168.81 30272.6 30917.9 10401.8 9685.26 12223.6 36132.9 6111.13 20516.1 8359.76 716.522 14623 12156.4 1004.39 229.653
internal_count=902377 624161 497275 313217 35340 278216 193728 40341 84488 33580 184058 277877 50908 153387 36103 8801 124013 126886 42745 39817 49928 148261 24779 84141 34281 2928 60045 49860 4238 980
is_linear=0
shrinkage=0.05


Tree=81
num_leaves=31
num_cat=0
split_feature=17 13 4 18 9 13 4 13 13 12 4 13 14 9 19 17 3 3 12 14 13 11 4 19 13 11 13 9 13 7
split_gain=85.0252 109.772 98.9082 94.4429 85.4518 143.546 155.833 126.662 117.147 107.125 89.466 110.672 86.7755 71.1998 58.5857 73.2767 54.5677 49.2928 48.2661 46.4322 42.9323 41.0085 40.5125 39.0516 39.0056 36.4219 35.2382 30.1864 30.0969 16.7926
threshold=0.0047800506484708691 0.039623923311291394 0.0072345685833326862 1.0491507826746351 0.89834453512965007 -0.0017220108700879975 0.0044059795065571625 -0.0092982441698593581 -0.024286901879996544 -1.0000000180025095e-35 0.0038459498862993256 0.024283491282427686 22.500000000000004 1.936248620267927 0.6590912395423103 0.089297339739333029 0.092099095757880348 0.03799951899951904 1.0000000180025095e-35 1.0000000180025095e-35 0.010456663783780075 0.15603223217497639 0.0035658714738661837 0.30302052678934271 0.015438621565674994 -0.70963237179219985 0.0059830007904381208 -0.43421147391501602 0.067859925677143176 0.50112110748221039
decision_type=2 2 2 2 2 2 2 2 2 2 2 2 2 2 2 2 2 2 2 2 2 2 2 2 2 2 2 2 2 2
left_child=4 3 27 17 5 6 18 19 -8 20 26 -12 -11 21 15 -4 -16 25 -1 -6 -7 -5 -21 -19 -15 -2 -9 29 -29 -3
right_child=1 2 14 13 7 9 8 10 -10 12 11 -13 -14 24 16 -17 -18 23 -20 22 -22 -23 -24 -25 -26 -27 -28 28 -30 -31
leaf_value=-0.0042541612527558668 0.0039671014959124463 0.050157693802682306 0.0062388400225543515 -0.0023702298695909736 -0.046923489473947269 0.01170587820974881 -0.00068068279207555385 7.6930477223483838e-06 0.0036022840509550985 0.0036674386427440644 -0.0059127653627300686 0.0015371250894785735 -0.0088826696357701806 -0.03554743738638437 -0.0016526670124089534 -0.002154243125051494 -0.017102996469484488 -0.038113541287120002 -0.024867894962188261 -0.046039991082928382 0.030991306075140859 -0.006486558101561863 -0.010800961294423433 -0.0078903013488293289 -0.012209569255330215 -0.0010171263043522714 0.0081069031911478722 0.006838508708903024 0.020903672779110219 0.0052897411626988003
leaf_weight=13917.520754367113 4499.067092910409 70.762319594621658 6258.2115891873837 13992.285734005272 104.1058192923665 1620.9982607364655 38399.77136091888 2303.3874708414078 27327.499590560794 35167.536055587232 10745.655184105039 9299.3191401958466 1433.4855331778526 210.09654094278812 8808.2045152485371 4449.4632720947266 611.12956228852272 130.43693485856056 289.88260400295258 85.805133372545242 351.08091196417809 10660.214674808085 1648.8247809633613 591.80984681844711 1211.0978681594133 19777.688344687223 3220.9162625819445 2434.0566783547401 450.7769923210144 29.5672857016325
leaf_count=56529 18448 298 25610 57632 465 6996 156621 9455 111638 144666 44190 37959 5813 1037 35995 18038 2476 549 1216 377 1707 43906 7168 2509 4968 81154 13036 9930 1867 124
internal_value=-1.22249e-07 -0.00137837 0.00148076 -0.00267222 0.00070059 0.00128249 7.36502e-05 -0.00181543 0.00110005 0.00378754 -0.000903934 -0.00245659 0.00317591 -0.00477755 0.000221075 0.00275118 -0.00265509 -0.000476384 -0.00467476 -0.0144906 0.0151392 -0.00415021 -0.0125441 -0.0133486 -0.0156596 -9.34289e-05 0.00472989 0.00997396 0.0090363 0.036935
internal_weight=220101 74184.9 23112.2 51072.7 145916 118508 79934.7 27408 65727.3 38573.1 25569.3 20045 36601 26073.7 20127 10707.7 9419.33 24999 14207.4 1838.74 1972.08 24652.5 1734.63 722.247 1421.19 24276.8 5524.3 2985.16 2884.83 100.33
internal_count=902377 304541 94338 210203 597836 485186 326004 112650 268259 159182 104640 82149 150479 107543 82119 43648 38471 102660 57745 8010 8703 101538 7545 3058 6005 99602 22491 12219 11797 422
is_linear=0
shrinkage=0.05


Tree=82
num_leaves=31
num_cat=0
split_feature=1 15 13 12 9 18 2 19 9 14 13 3 9 13 5 15 12 5 19 14 3 9 14 9 16 18 14 3 5 2
split_gain=84.2274 80.7123 100.073 160.053 86.9632 78.0762 59.8801 62.3813 57.3379 55.4356 49.9104 83.2361 116.987 65.5266 92.0057 64.8767 55.1259 49.9769 51.7283 46.0695 43.7561 38.9119 34.6433 33.656 33.9288 32.3273 29.1135 30.8437 28.8702 25.7749
threshold=0.001498658987532653 3.5000000000000004 0.011433451326715251 1.0000000180025095e-35 -2.6003772628359245 0.80503837421280944 0.00076851422667578728 0.32237315905898828 1.4653554562806692 3.5000000000000004 0.11081522371121745 0.051896895256718041 -0.79376835247634314 0.042466118205885424 0.0058353339241632484 1.0000000180025095e-35 -1.0000000180025095e-35 0.012480520359050886 0.62511271213002606 20.500000000000004 0.001262206163569535 0.71531022860617777 1.5000000000000002 -1.7878789727861188 -0.044914143835039104 0.20608766624130331 11.500000000000002 0.092099095757880348 0.0096951892895202358 -0.014974275102944299
decision_type=2 2 2 2 2 2 2 2 2 2 2 2 2 2 2 2 2 2 2 2 2 2 2 2 2 2 2 2 2 2
left_child=1 2 3 4 -1 29 7 21 -7 -9 11 13 15 16 -15 -13 -2 26 25 -20 -5 -3 -14 28 -25 -19 27 -12 -8 -4
right_child=10 6 5 20 -6 8 23 9 -10 -11 17 12 22 14 -16 -17 -18 18 19 -21 -22 -23 -24 24 -26 -27 -28 -29 -30 -31
leaf_value=0.006407287458274874 0.0012882368691678049 0.0050742798184914058 0.017372012799661034 -0.018102621892350283 -0.0013960601396147436 0.002880864893172623 0.0045720474963796597 0.0071378596542887741 -0.0036605082283802334 0.001311086954596721 0.0090142805780992555 0.057929538404877114 -0.025272967211335897 0.0077456506194175717 -0.0016141199166618922 0.0075745064757924904 -0.0022413936231864815 -0.037414453094403513 -0.0075849447167048271 -0.047903556837770506 -0.0065069064027761915 0.012675706553111545 -0.0092294188641702645 -0.03082508038242341 -0.00036068408523014678 0.0057641170808689903 0.018504936768479027 -0.018402132069859165 0.029605998853696882 0.0061294591154246233
leaf_weight=3886.9625372588634 13627.552961677313 6465.4683299660683 556.04160366952419 1603.614413946867 43835.886645659804 9357.0022139772773 386.22016118466854 4871.1393772512674 5218.2179228365421 25197.051840186119 648.68058921396732 78.136963412165642 370.62168228626251 4807.184389129281 5785.4627247005701 352.67280739545822 58761.045063108206 44.849388420581818 401.19647604227066 86.046006217598915 1651.2741407901049 2276.3126556128263 3652.5636429712176 91.873177647590637 17564.229462102056 1295.2039993405342 752.58917978405952 121.85605391860008 164.10164898633957 6131.3040790110826
leaf_count=15877 56255 26481 2391 6653 179671 38884 1583 19990 21200 103307 2658 319 1521 19728 23543 1434 240872 183 1638 348 6937 9318 14932 374 71604 5253 3149 489 672 25113
internal_value=-1.26141e-07 0.000819707 -0.000290293 -0.00149216 -0.000760488 0.00259122 0.00222609 0.00333591 0.000538924 0.00225504 -0.00116737 -0.00139686 -0.00805569 -0.00103945 0.00263356 0.0167075 -0.00157692 0.00482158 -0.000753721 -0.0147051 -0.0122199 0.00705365 -0.0107074 -0.000139672 -0.000519205 0.004319 0.0115103 0.00467853 0.012037 0.00706426
internal_weight=220042 129257 72240.3 50977.7 47722.8 21262.6 57016.4 38810 14575.2 30068.2 90785.7 87435.2 4454 82981.2 10592.6 430.81 72388.6 3350.42 1827.3 487.242 3254.89 8741.78 4023.19 18206.4 17656.1 1340.05 1523.13 770.537 550.322 6687.35
internal_count=902377 530055 296726 209138 195548 87588 233329 159096 60084 123297 372322 358604 18206 340398 43271 1753 297127 13718 7422 1986 13590 35799 16453 74233 71978 5436 6296 3147 2255 27504
is_linear=0
shrinkage=0.05


Tree=83
num_leaves=31
num_cat=0
split_feature=11 13 4 12 13 9 13 4 13 14 14 13 13 9 9 19 13 14 9 15 6 13 13 15 4 4 4 13 13 5
split_gain=81.4172 89.2646 116.431 99.0989 90.7032 83.3735 118.738 162.108 170.424 134.33 160.104 109.635 96.0194 82.7927 77.4914 75.7861 70.4136 59.8901 56.5611 55.1704 52.1322 50.6301 47.6263 45.8777 42.2112 39.8091 34.487 32.3544 30.9921 25.6398
threshold=0.63042171315406581 0.012502620026312196 0.0074966519148236335 -1.0000000180025095e-35 0.041482732249949923 1.3523826047702985 0.0038268753222271417 0.0076731741790910029 -0.05731644108187444 21.500000000000004 11.500000000000002 -0.034597127908593699 0.0065543233735660964 2.0023441403948157 -2.0317605814012136 -1.0000000180025095e-35 0.11081522371121745 21.500000000000004 1.8167580290817134 4.5000000000000009 2.8586672494383607 -0.011688971456945916 0.050199103534895324 5.5000000000000009 0.020823597525576967 0.0032026942410655281 0.0041538655400761753 0.017170972687939882 -0.017545675989803052 0.0033338255904558941
decision_type=2 2 2 2 2 2 2 2 2 2 2 2 2 2 2 2 2 2 2 2 2 2 2 2 2 2 2 2 2 2
left_child=5 3 20 21 18 6 7 11 -9 10 -8 -1 19 14 -5 22 -17 -6 -4 28 25 24 -14 -21 -2 -3 -15 -11 -7 -23
right_child=1 2 4 13 17 12 9 8 -10 27 -12 -13 15 26 -16 16 -18 -19 -20 23 -22 29 -24 -25 -26 -27 -28 -29 -30 -31
leaf_value=-0.0086478506131259392 -0.0026806988638444075 0.014543821886273534 -0.0050749819209049739 0.0096980561832996984 0.0017565199521005336 -0.036360941192598188 0.0010712823513473943 -0.002705992407922333 0.0039650351784167428 -0.0015573480642499793 0.0073452059519553614 -0.0011008526958231058 0.022977630463535164 -0.0116377184740371 -0.0057926370867208213 -0.0024492923743978344 0.0067446222126972127 -0.012686954766651585 -0.017622393665038726 0.010616789574280578 0.017440539668367613 0.0060630054677570239 -0.01975905240681998 -0.014529622180348973 0.02021055264653859 0.0024422107195725021 -0.044406571845661019 -0.010944474906227986 -0.01360993753091818 0.022644554374512009
leaf_weight=5327.6647185832262 1804.7107060700655 742.06775517761707 4358.9215359017253 845.95936235785484 8213.0688736513257 163.52664890140295 22326.147751674056 13178.569623470306 35000.937408417463 1920.0555388331413 18673.753370970488 49734.992064759135 479.78393030166626 140.0846578925848 17680.744114741683 20682.945747762918 2315.7188476026058 786.43929512798786 1131.2417728155851 447.44507117569447 721.5513561218977 491.12746785581112 75.441205888986588 305.02971632778645 226.68052218854427 8069.1767330318689 188.11185525357723 1758.7271590232849 1768.9485532492399 443.80111183226109
leaf_count=22133 7417 3014 17783 3479 33543 960 91327 53757 143617 7796 77813 202733 1949 586 72627 84157 9491 3167 4638 1972 2944 2012 304 1388 926 32810 933 7158 8080 1863
internal_value=-1.06903e-07 -0.00187487 0.000227938 -0.00418981 -0.00259549 0.000493384 0.000954137 2.22302e-05 0.0021403 0.00310756 0.00392879 -0.00183107 -0.0021041 -0.00552629 -0.00508531 -0.00108289 -0.00152356 0.000494349 -0.00766036 -0.0110627 0.00451949 0.00430528 0.0171708 0.000423222 -0.000126291 0.00346139 -0.0304198 -0.00604508 -0.0155351 0.0139341
internal_weight=220003 45843.7 24022.5 21821.2 14489.7 174160 147921 103242 48179.5 44678.7 40999.9 55062.7 26238.8 18854.9 18526.7 23553.9 22998.7 8999.51 5490.16 2684.95 9532.8 2966.32 555.225 752.475 2031.39 8811.24 328.197 3678.78 1932.48 934.929
internal_count=902377 187742 97899 89843 59131 714635 606334 422240 197374 184094 169140 224866 108301 77625 76106 95901 93648 36710 22421 12400 38768 12218 2253 3360 8343 35824 1519 14954 9040 3875
is_linear=0
shrinkage=0.05


Tree=84
num_leaves=31
num_cat=0
split_feature=17 13 14 14 9 14 14 13 13 14 12 9 19 2 13 4 15 13 15 13 13 17 17 10 19 9 4 8 15 4
split_gain=83.202 125.605 141.286 372.567 127.999 124.942 121.13 97.8784 95.5467 131.943 127.628 74.4549 70.9518 78.3202 70.5123 68.2653 64.3102 59.9811 55.5559 60.7226 50.4865 46.4488 45.8734 42.4758 42.0284 56.3153 36.0757 35.4059 32.775 62.2613
threshold=-0.039865382877194093 -0.031652459354726818 11.500000000000002 13.500000000000002 -1.1932761254922222 9.5000000000000018 22.500000000000004 -0.063069991292197966 0.021742797103567416 11.500000000000002 1.0000000180025095e-35 -1.9921828679041178 0.24610557370895833 0.016760083592567646 -0.0051442657798092531 0.0091581816526141672 4.5000000000000009 -0.061008915177177318 1.5000000000000002 -0.012833157803295468 -0.059122171753703705 -0.097562248152198758 -0.082278192341261144 32.598725144786371 -0.36180103624256182 -1.3377137363638403 0.028190608988344829 -0.001759774811474593 1.0000000180025095e-35 0.026740941516130937
decision_type=2 2 2 2 2 2 2 2 2 2 2 2 2 2 2 2 2 2 2 2 2 2 2 2 2 2 2 2 2 2
left_child=12 2 5 11 14 7 -5 -2 10 -10 -6 -4 18 17 15 -3 -16 21 19 22 -7 -14 -1 -19 25 -20 -21 -26 29 -15
right_child=1 4 3 6 8 20 -8 -9 9 -11 -12 -13 13 28 16 -17 -18 23 24 26 -22 -23 -24 -25 27 -27 -28 -29 -30 -31
leaf_value=-0.0094538834150906265 -0.0104905176664637 0.00065304311581113419 -0.0099811383269244498 -0.005332846572635816 -0.00054694812248036061 0.02460152524471524 0.012916528577647949 0.00078778581582821655 -0.001049395512997229 0.0039802404181360244 -0.0060066347268032429 -0.032414137995467572 0.0091627420134801612 -0.0020555169905802466 0.013498941436705009 0.0089613954177087864 0.00036193283851286578 0.014929019785653412 0.046424736333285116 0.022296017898547002 0.0067407181301594359 -0.00091427917022050332 -0.037921690260726698 0.0064256892645671573 0.0045551029387658317 -0.034711316151502622 -0.082840001201412591 -0.011268159205277675 -0.0071163148819040544 0.047568000509347584
leaf_weight=278.50904685258865 2562.460304453969 12033.136769354343 487.13247448205948 9467.8625335767865 92370.158168137074 549.82509049773216 1005.8777928352356 7717.280353397131 26338.631013900042 25823.688503354788 12107.141726739705 1536.6588126718998 1551.255903929472 272.17003265023232 3088.534441024065 3111.6824474334717 1333.9565116763115 1876.8608139082789 94.968882620334625 114.50163225829601 1411.0010956674814 4350.8464055359364 287.6870328783989 6751.4661852866411 810.3838672041893 27.602324828505516 8.785317122936247 627.098728120327 1864.5622103214264 82.330279886722565
leaf_count=1137 10535 48926 2003 38818 378001 2267 4089 31766 106930 106440 49615 6583 6298 1116 13850 12985 5728 7852 392 480 5795 17672 1167 27891 3337 114 38 2581 7634 337
internal_value=-1.42143e-07 -0.000299167 -0.00363545 -0.00737504 0.000169221 0.000182649 -0.00358021 -0.00202359 -0.000307074 0.0014406 -0.00117963 -0.0270144 0.00316253 0.0042823 0.00398205 0.00236009 0.00953642 0.00561844 -0.00517506 -0.0169945 0.011749 0.00173428 -0.0239185 0.00827536 4.86688e-05 0.0281534 0.0148041 -0.00234776 -0.00446674 0.00946921
internal_weight=219944 200945 24738.1 12497.5 176207 12240.6 10473.7 10279.7 156640 52162.3 104477 2023.79 18999 16749.5 19567.3 15144.8 4422.49 14530.4 2249.54 689.483 1960.83 5902.1 566.196 8628.33 1560.05 122.571 123.287 1437.48 2219.06 354.5
internal_count=902377 824331 101856 51493 722475 50363 42907 42301 640986 213370 427616 8586 78046 68800 81489 61911 19578 59713 9246 2822 8062 23970 2304 35743 6424 506 518 5918 9087 1453
is_linear=0
shrinkage=0.05


Tree=85
num_leaves=31
num_cat=0
split_feature=0 15 15 12 13 13 5 2 17 13 5 13 11 14 17 18 13 13 2 18 18 17 13 14 18 13 2 14 12 14
split_gain=82.3306 61.0603 57.9862 54.1651 108.944 66.5631 64.5723 53.2989 43.5524 82.8704 96.0012 56.6695 49.5953 48.8765 43.0368 42.6954 45.6344 41.5955 40.1105 38.8088 37.1325 34.948 37.2627 33.5264 29.9265 27.366 27.2912 26.0417 23.5657 25.9766
threshold=-1.0000000180025095e-35 3.5000000000000004 5.5000000000000009 1.0000000180025095e-35 0.0065543233735660964 -0.0027248908727874883 0.0030624681219525141 -0.0012722646310432959 0.048602036662721844 0.032971045786151183 0.0074921380619832724 0.075934210518895942 1.3153719568519329 22.500000000000004 0.011669046091953296 1.9482691232871514 -0.0012319126078266238 0.044464535041314319 0.00076851422667578728 1.2393845411642437 1.0263086227023115 0.13465265497101039 0.15114400478283921 20.500000000000004 0.233462891561769 0.082783554866759604 -0.022639595457468905 1.5000000000000002 -1.0000000180025095e-35 1.0000000180025095e-35
decision_type=2 2 2 2 2 2 2 2 2 2 2 2 2 2 2 2 2 2 2 2 2 2 2 2 2 2 2 2 2 2
left_child=1 3 18 5 27 6 -1 -7 9 12 13 28 14 -11 -2 16 -4 -6 20 -14 -3 23 -23 -13 -20 -12 -17 -5 -10 -30
right_child=8 2 15 4 17 7 -8 -9 11 10 25 21 19 -15 -16 26 -18 -19 24 -21 -22 22 -24 -25 -26 -27 -28 -29 29 -31
leaf_value=-0.0059025998168604332 -0.00045393622528339822 0.0072910643980067446 -0.0035762490436572428 -0.035076245585615083 -0.003466341434424472 0.0061039769550675603 5.8983062281128931e-05 0.00094361495332978378 0.0094802379167138809 0.0062603548267731839 -0.0059395475185587999 0.0053652639110491731 -0.003758849310365435 -0.011409060449952192 -0.003577327028301261 0.041459233200051376 0.001975731825438737 0.005792139664113633 -0.004199513967179584 -0.014699348726789938 0.0027905249758836755 -0.017918201649225744 -0.00073100981919150827 -0.010474621180895934 0.0024987435476351554 0.0035152342396165175 0.0088492773643243632 -0.013477635301563821 -0.025965114942786627 -0.0076125881855959761
leaf_weight=5582.4447515234351 71088.500660061836 9435.7208837121725 7079.5969318151474 154.4082785397768 4390.186268940568 7139.9589372724295 24374.555834904313 16724.634421512485 192.48923759162426 9621.3702818751335 3046.5300501734018 2490.3920232802629 3488.0182785615325 407.97302846610546 13054.010433197021 72.431311503052711 7755.8117642849684 1676.3505537956953 1990.5497855097055 1055.9803008139133 8911.877558298409 466.63414950668812 972.77613297104836 385.81123946607113 10275.687240697443 1022.0950304418802 561.82791072130203 1451.1839453056455 200.84336374700069 4820.6405379399657
leaf_count=22823 291113 38793 28904 667 17878 29997 99975 68383 811 39528 12495 10165 14308 1640 53878 303 31688 7000 8114 4353 36692 1877 3923 1564 42057 4240 2301 6159 847 19901
internal_value=-1.57936e-07 0.000988403 0.00236445 -4.28062e-05 -0.00397319 0.00051746 -0.00105195 0.00248752 -0.000947026 -0.000647226 0.00291365 -0.00418062 -0.00121328 0.0055416 -0.000938504 -0.000130596 -0.000673726 -0.000907969 0.00362523 -0.00630131 0.00510504 5.74727e-05 -0.00630283 0.00324052 0.00141176 -0.00356438 0.0125733 -0.0155548 -0.0076885 -0.00834663
internal_weight=219891 107577 46083.5 61493.7 7672.13 53821.6 29957 23864.6 112314 102784 14098 9529.59 88686.5 10029.3 84142.5 15469.7 14835.4 6066.54 30613.8 4544 18347.6 4315.61 1439.41 2876.2 12266.2 4068.63 634.259 1605.59 5213.97 5021.48
internal_count=902377 441734 188852 252882 31704 221178 122798 98380 460643 421555 57903 39088 363652 41168 344991 63196 60592 24878 125656 18661 75485 17529 5800 11729 50171 16735 2604 6826 21559 20748
is_linear=0
shrinkage=0.05


Tree=86
num_leaves=31
num_cat=0
split_feature=9 13 12 4 13 3 13 17 3 12 13 13 3 5 13 5 4 15 5 13 16 13 17 17 13 3 9 1 4 18
split_gain=80.7095 125.246 119.975 119.703 86.2792 84.8633 81.8955 76.581 76.1579 166.128 137.479 66.6128 65.808 62.6986 69.1816 61.8216 57.2893 55.8203 54.1096 58.8542 53.8279 49.8594 46.4013 43.2359 36.9939 32.0022 31.0997 28.5853 21.196 18.7392
threshold=-1.8191970676323865 -0.022647389793296387 -1.0000000180025095e-35 0.008447075431478596 -0.077142940274329538 0.001120654285731826 -0.044913770987241135 -0.033802063420511556 -0.0033202135928111494 1.0000000180025095e-35 -0.0019840225194532319 -0.037859382328843554 -0.052308458569086273 0.015032108175121094 -0.14141431922022427 0.0087366824725863806 0.0010517825401678857 3.5000000000000004 0.0030624681219525141 -0.0096337778452890137 -0.030852175869518935 -0.0054237941324277719 -0.044392032547185316 -0.10972319070745955 -0.17912607172223297 -0.00017865125341204322 -0.33740435078092729 -0.031937065222575493 0.0026143452051435598 1.293712431159902
decision_type=2 2 2 2 2 2 2 2 2 2 2 2 2 2 2 2 2 2 2 2 2 2 2 2 2 2 2 2 2 2
left_child=6 3 5 7 15 16 13 26 9 -4 -10 -9 -6 14 27 -5 -3 24 25 23 -19 -7 -16 -20 -15 28 -2 -1 -8 -27
right_child=1 2 8 4 12 21 18 11 10 -11 -12 -13 -14 17 22 -17 -18 20 19 -21 -22 -23 -24 -25 -26 29 -28 -29 -30 -31
leaf_value=-0.00050724340152492192 0.0067085915754730684 -0.028208425909357984 0.0030076975325473532 -0.020954703819975926 0.010894008713415351 0.0065601183040490361 -0.016751199505892347 -0.015404934577964253 -0.0048682114670221075 -0.0051109911811751145 -6.667714302186891e-05 -0.0063119343763643632 -0.00034460476287212998 -0.010172765305460322 0.0039326565326826962 -0.004585486038979048 0.0022154565357334079 0.0081806314205133835 0.065553345460496404 0.0269226360685723 0.038742480409927366 0.017220223423934436 -0.0035444111928295691 0.0072921505020752805 0.0083182976371541165 0.013271711540681514 -0.0088224706336141514 -0.033026056647094078 -0.00040020559285985853 0.069609388556034782
leaf_weight=93.985312387347221 1251.0178706049919 157.97808480262756 36693.420218601823 737.38803467899561 1418.9832634776831 3485.2908201962709 222.59354256093502 2774.8561772629619 17774.864898249507 7607.3625931292772 92427.614580899477 7346.5538807064295 15873.686870627105 391.79714842140675 3331.0880232751369 2648.5214781761169 7533.8843021392822 337.48115588724613 32.004729360342026 419.39142566174269 251.40139609575272 1600.6487000584602 5502.4565693736076 6334.3005706816912 873.598268404603 231.25498314201832 434.19496341794729 240.53113310039043 1808.6390968263149 15.766523867845534
leaf_count=381 5114 637 150900 3081 5778 14174 919 11765 74084 31328 376695 30387 65229 1580 13514 10830 31108 1389 140 2167 1026 6859 22409 26105 3538 944 1797 994 7440 65
internal_value=-1.51452e-07 -0.000303929 0.000247781 -0.00314493 -0.000851521 0.00490398 0.00302104 -0.0071617 -0.000137298 0.00161355 -0.00084113 -0.00880484 0.000577601 0.000125881 -0.00157006 -0.0081504 0.0015906 0.00851108 0.00654173 0.00878021 0.0212279 0.00991507 -0.000724844 0.00758504 0.00259302 -0.000125486 0.00270701 -0.0238896 -0.00219204 0.0168675
internal_weight=219853 199766 167281 32485.2 20678.6 12777.8 20086.3 11806.6 154503 44300.8 110202 10121.4 17292.7 11022.3 9168.06 3385.91 7691.86 1854.28 9063.95 6785.7 588.883 5085.94 8833.54 6366.31 1265.4 2278.25 1685.21 334.516 2031.23 247.022
internal_count=902377 819766 685785 133981 84918 52778 82611 49063 633007 182228 450779 42152 71007 44831 37298 13911 31745 7533 37780 28412 2415 21033 35923 26245 5118 9368 6911 1375 8359 1009
is_linear=0
shrinkage=0.05


Tree=87
num_leaves=31
num_cat=0
split_feature=17 13 5 13 4 13 13 12 17 6 19 13 18 13 17 14 5 14 14 14 17 5 3 19 3 18 16 19 13 13
split_gain=77.4452 99.5296 132.924 99.4016 93.9598 101.127 99.1275 87.1655 78.1332 76.8358 73.4612 80.9462 65.2917 63.5847 64.1653 63.0005 58.7783 56.7884 52.3196 47.1652 40.4852 46.9332 35.7642 37.894 32.7266 30.6207 30.2109 30.0355 29.8828 24.2111
threshold=0.013452146839900871 0.027092901571398546 0.0090219151747406232 0.063351810841041814 0.016193637415483419 -0.12253817901829754 -0.080687521199921661 1.0000000180025095e-35 0.07937145148804288 2.1860669627034546 0.75952774489576902 0.11081522371121745 1.0562422163132723 0.13392791933450457 0.15237252525133174 22.500000000000004 0.016913806602954756 22.500000000000004 21.500000000000004 12.500000000000002 0.15237252525133174 0.015573348427794884 0.043675947585623993 0.41798027129100351 0.040681830766916456 2.3508849655888819 0.016996830158186486 -0.36180103624256182 0.079146373272089079 0.05455676137477939
decision_type=2 2 2 2 2 2 2 2 2 2 2 2 2 2 2 2 2 2 2 2 2 2 2 2 2 2 2 2 2 2
left_child=1 4 9 12 6 16 17 -8 10 15 11 -5 22 25 -15 -3 -6 -1 -12 -7 21 -14 27 -24 28 -10 -26 -2 -4 -11
right_child=3 2 24 8 5 19 7 -9 13 29 18 -13 20 14 -16 -17 -18 -19 -20 -21 -22 -23 23 -25 26 -27 -28 -29 -30 -31
leaf_value=-0.011464922943821974 -0.018504468158488614 0.0054516929933593481 -0.0050477636324329648 0.0071319604956748845 -0.014915115465850346 0.010829521000312434 0.00030810695496741953 -0.0043026247373211179 -0.0076439575622774319 0.013793120256737533 0.0016826435382628032 0.026480941560346329 -0.0050526453038907595 0.012876619827733748 -0.0027854460759662949 -0.01158233216653862 0.0015782747244649745 0.023582272357450161 -0.023000718668998901 0.0035578999286334425 -0.026790518161968542 0.006347185167758649 -0.024358159326495363 -0.0032627273213272283 -0.020883944056512182 0.017090038084723255 -0.0041544150092883928 4.6488929062095485e-05 0.012017137403319512 0.030079733240949997
leaf_weight=2518.1932209432125 220.9858266711235 13718.306952416897 1316.6333715096116 3295.2388196438551 896.00287921726704 4092.8267584741116 124213.66358096898 11172.483014717698 3088.6878428012133 905.81850381940603 2234.6309579610825 646.5939277857542 20370.333134964108 1125.5752634853125 1560.6912279874086 565.17538531124592 1360.2256743907928 121.14309883117676 237.49873985350132 4899.4005542472005 206.5533560141921 944.73939032107592 313.00107937306166 665.50233402103186 567.72629594802856 130.41482664644718 514.34092888236046 17268.734303675592 318.620814666152 305.02976409345865
leaf_count=10420 899 56716 5592 13515 3660 16792 509063 45734 12497 3741 9212 2745 83984 4634 6306 2278 5512 493 956 20141 883 3934 1303 2762 2310 531 2098 71012 1363 1291
internal_value=-1.44392e-07 0.000524372 0.00401396 -0.00167956 9.8636e-05 0.00449286 -0.000259474 -7.23849e-05 0.00224742 0.00580285 0.00606823 0.0103058 -0.00288931 -0.00190244 0.00377713 0.00477768 -0.00497165 -0.00985629 -0.000688699 0.00686759 -0.00476085 -0.00454738 -0.000708347 -0.0100107 -0.00618635 -0.00664191 -0.0129319 -0.000187906 -0.00172276 0.0178959
internal_weight=219795 167486 18211.7 52309.2 149274 11248.5 138025 135386 12319.3 15494.3 6413.96 3941.83 39989.8 5905.37 2686.27 14283.5 2256.23 2639.34 2472.13 8992.23 21521.6 21315.1 18468.2 978.503 2717.32 3219.1 1082.07 17489.7 1635.25 1210.85
internal_count=902377 687204 75389 215173 611815 46105 565710 554797 50396 64026 26428 16260 164777 23968 10940 58994 9172 10913 10168 36933 88801 87918 75976 4065 11363 13028 4408 71911 6955 5032
is_linear=0
shrinkage=0.05


Tree=88
num_leaves=31
num_cat=0
split_feature=1 15 9 16 5 11 11 9 17 16 19 17 15 3 15 18 3 11 17 19 19 15 14 5 17 11 19 15 2 19
split_gain=79.0122 71.0996 67.5607 67.4374 59.0723 58.6554 47.1709 44.9069 42.8025 68.6045 48.0027 46.005 53.5638 40.8779 40.6814 39.4827 36.8454 36.7132 36.2344 33.5404 33.0736 35.3381 29.6014 28.5227 27.5093 25.6903 24.1031 22.6459 22.182 20.035
threshold=0.001498658987532653 3.5000000000000004 -2.6003772628359245 -0.00012184271391890709 0.0031369125831831927 -0.46343370922798083 -0.73806279090099292 0.71531022860617777 0.030954439405248949 1.0000000180025095e-35 0.75952774489576902 -0.0014910083177534503 4.5000000000000009 -0.030296213569718452 2.5000000000000004 2.265476543987575 -0.012837450546615557 -2.7239003046760977 0.13465265497101039 0.92407935859283452 -0.36180103624256182 5.5000000000000009 1.5000000000000002 0.0059558467548586009 0.23528694097927952 2.7072711220287413 0.69602368681047033 5.5000000000000009 0.0057916529109944834 1.0000000180025095e-35
decision_type=2 2 2 2 2 2 2 2 2 2 2 2 2 2 2 2 2 2 2 2 2 2 2 2 2 2 2 2 2 2
left_child=1 2 6 4 -4 13 16 -5 9 11 15 17 -13 18 26 25 -1 -2 -3 -16 27 -22 -12 -24 -17 -10 -11 -7 -15 -8
right_child=8 5 3 7 -6 20 29 -9 10 14 22 12 -14 28 19 24 -18 -19 -20 -21 21 -23 23 -25 -26 -27 -28 -29 -30 -31
leaf_value=0.0024942365343166789 -0.018469331867905597 0.010665292905583565 -0.0060657998882927416 0.0024679975405255336 -0.0010692724029615166 0.0089427025781226542 0.024895663609690512 -0.0012804330522226096 -0.002259880867309457 0.0006606780920471693 -0.023921004902164113 -0.0021638941316336475 -0.0080574581828914797 0.0041739758205578325 -0.00025732103436938963 0.014293462794026919 -0.028865071915070758 -0.00022227549154827257 -0.038184542761673768 -0.023445690055004773 0.0020581395358843842 -0.0010666157023014355 -0.0010919529312473075 -0.010696556632950972 -0.023806699723441863 -0.017925351325642221 0.0048386445234134623 0.045724226828297104 -0.0024846981903430057 0.0099005238884747309
leaf_weight=1968.6435095518827 279.14234967529774 2870.565885476768 7556.390618942678 20260.003845885396 27239.970252990723 113.60652799904346 259.98285847902298 13193.292917393148 10825.815420687199 5963.9395625293255 288.5556380674243 14089.26734559238 5307.6059687286615 12022.097244426608 19264.598915807903 520.48361320793629 98.347169280052185 22106.272438392043 38.469449833035469 157.21632952988148 26788.203305140138 13662.676750674844 1209.2531642317772 2142.5850772634149 52.121079549193382 268.19515676796436 8196.4512998908758 66.251755341887474 1395.9669191837311 1555.6342924535275
leaf_count=8033 1136 11852 30923 83289 112277 464 1070 54352 44556 24585 1182 57876 21656 49288 79120 2150 401 90569 158 643 109828 55753 4972 8772 210 1099 33796 269 5717 6381
internal_value=-1.15926e-07 0.00079445 -0.000248273 -0.000613248 -0.00215432 0.00211497 0.00616738 0.000989694 -0.00113135 -0.000641761 -0.00354185 -0.00199421 -0.00377656 0.00464613 0.00104093 -0.00197777 0.00100216 -0.000449813 0.0100193 -0.000445027 0.00109785 0.00100272 -0.00855437 -0.00723147 0.0108254 -0.00263859 0.00307901 0.0224914 0.00348123 0.0120477
internal_weight=219762 129090 72132.3 68249.7 34796.4 56957.8 3882.61 33453.3 90671.5 75364.5 15307 41782.3 19396.9 16327.1 33582.2 11666.6 2066.99 22385.4 2909.04 19421.8 40630.7 40450.9 3640.39 3351.84 572.605 11094 14160.4 179.858 13418.1 1815.62
internal_count=902377 530055 296726 280841 143200 233329 15885 137641 372322 309381 62941 171237 79532 67015 138144 48015 8434 91705 12010 79763 166314 165581 14926 13744 2360 45655 58381 733 55005 7451
is_linear=0
shrinkage=0.05


Tree=89
num_leaves=31
num_cat=0
split_feature=1 17 16 18 2 19 13 13 19 15 11 13 14 14 14 12 15 3 11 13 11 3 19 13 3 5 14 14 18 14
split_gain=71.3122 68.1742 101.179 55.5487 68.3395 54.9856 72.7302 46.3639 44.2393 73.1547 40.1965 47.9645 81.9598 95.017 77.8917 67.811 53.7313 38.8304 38.5421 37.6646 44.0731 40.8107 35.9787 32.1676 55.8832 50.2303 70.359 54.4883 35.2378 32.7615
threshold=0.001498658987532653 -0.045675891527710392 -0.0046339452528692529 1.234723467133102 -0.00038716430686830389 0.8640392314398242 -0.037859382328843554 0.018917804575654843 0.24610557370895833 1.5000000000000002 0.61847572493595615 -0.022647389793296387 11.500000000000002 13.500000000000002 1.5000000000000002 -1.0000000180025095e-35 4.5000000000000009 0.0068234762881156383 -0.63347832987441499 -0.084866374681587239 0.0076285170834705573 -0.094714025598822124 -0.36180103624256182 0.05455676137477939 0.035607953627434193 0.012776777419246861 18.500000000000004 11.500000000000002 1.0909871477693169 1.5000000000000002
decision_type=2 2 2 2 2 2 2 2 2 2 2 2 2 2 2 2 2 2 2 2 2 2 2 2 2 2 2 2 2 2
left_child=1 8 5 4 -4 6 -3 -5 9 18 11 12 14 -14 -2 17 -17 -13 -1 21 -21 -10 -11 24 28 27 -27 -25 -12 -26
right_child=10 2 3 7 -6 -7 -8 -9 19 22 23 15 13 -15 -16 16 -18 -19 -20 20 -22 -23 -24 25 29 26 -28 -29 -30 -31
leaf_value=-0.037461382487951493 -0.010665929299247073 -0.0068380323495880972 0.0036904332285762221 -0.0028643316824968597 0.00033181973179203069 0.0042743765098707774 -0.0011306317858147453 0.0023463399080329689 0.011280594613555441 0.038670434692142465 -0.00074177550532906686 0.003526651050169824 -0.02000917711600976 -0.0043345239356505907 0.0028871966098782866 0.00060375780522308386 -0.0031101490547833241 0.015103405175457574 -0.0070943124163936402 0.011971267738585182 0.0031660787145147266 -0.0027898324200152373 0.0014111515348729493 -0.002881011647254089 -0.02946432757069839 -0.00087517162494425845 -0.027742097868796556 0.0095069663377132449 -0.0058381755648697457 -0.0090258334288432166
leaf_weight=192.03259447216988 1275.9877707064152 6897.1862050443888 33663.644805900753 11648.361412905157 27533.542377628386 3583.153110563755 29269.360109813511 6738.7964133769274 710.54649779200554 70.376060724258423 8619.9237906634808 5563.7134697586298 1156.225609652698 5901.9275119379163 6266.1122630089521 34438.070047736168 13578.755766451359 832.74756583571434 229.20219245553017 3427.4608618691564 2427.7751274332404 1875.9204778075218 816.45610848069191 1676.3009883314371 213.41756240278482 925.56198646128178 330.76633225381374 1886.7325552999973 5592.0976107493043 2411.766286611557
leaf_count=783 5333 28141 138311 47947 112524 14746 120628 27615 2901 291 35370 23000 4930 24243 25760 141298 55431 3459 941 14207 10042 7610 3368 6788 889 3752 1336 7768 23025 9940
internal_value=-1.07894e-07 0.000754775 0.000426333 0.00145527 0.00217934 -0.00163373 -0.00221907 -0.000954648 0.0047748 -0.00378132 -0.00107481 -0.00048507 -0.00302976 -0.00690225 0.000594251 0.000197726 -0.000446504 0.00503381 -0.0209381 0.0061006 0.00832034 0.00107555 0.00436792 -0.00295414 -0.00398511 0.000647696 -0.0079487 0.00367879 -0.00274709 -0.0106874
internal_weight=219754 129084 119334 79584.3 61197.2 39749.7 36166.5 18387.2 9749.77 1308.07 90670.1 69013.5 14600.3 7058.15 7542.1 54413.3 48016.8 6396.46 421.235 8441.7 5855.24 2586.47 886.832 21656.6 16837.2 4819.36 1256.33 3563.03 14212 2625.18
internal_count=902377 530055 489912 326397 250835 163515 148769 75562 40143 5383 372322 283454 60266 29173 31093 223188 196729 26459 1724 34760 24249 10511 3659 88868 69224 19644 5088 14556 58395 10829
is_linear=0
shrinkage=0.05


Tree=90
num_leaves=31
num_cat=0
split_feature=9 13 13 14 14 14 14 12 13 11 13 3 13 5 18 17 12 14 13 19 14 18 14 14 14 14 4 18 18 10
split_gain=70.5222 123.083 116.142 189.238 179.363 285.303 145.25 128.624 82.0625 81.6231 79.6668 72.6201 71.8384 154.495 88.0476 76.1151 63.389 42.4354 40.151 38.2121 38.0961 34.8159 27.5924 26.6932 55.9295 43.9178 22.6713 8.4882 9.7035 8.64729
threshold=1.6848796967387787 0.0097812986270943165 0.02125398975760551 21.500000000000004 11.500000000000002 13.500000000000002 5.5000000000000009 1.0000000180025095e-35 -0.0051442657798092531 0.63042171315406581 -0.05731644108187444 -0.0017393949720037603 0.11081522371121745 0.0082994022264483245 -1.0000000180025095e-35 0.10219800772300099 -1.0000000180025095e-35 9.5000000000000018 0.15114400478283921 0.74963607032552437 17.500000000000004 -0.36361369332752863 1.5000000000000002 11.500000000000002 9.5000000000000018 13.500000000000002 0.019368741955743733 0.40525636304094764 0.69670428853010369 57.673467265951082
decision_type=2 2 2 2 2 2 2 2 2 2 2 2 2 2 2 2 2 2 2 2 2 2 2 2 2 2 2 2 2 2
left_child=2 22 7 4 6 -6 -4 9 20 10 -1 -10 13 14 -3 19 -11 -15 -17 -14 -9 -5 27 24 -24 -25 -23 29 -29 -2
right_child=1 12 3 21 5 -7 -8 8 11 16 -12 -13 15 17 -16 18 -18 -19 -20 -21 -22 26 23 25 -26 -27 -28 28 -30 -31
leaf_value=-0.0028643947525431482 -0.025084882611728667 0.018133302986661 0.0054981879554990218 -0.086057321302683912 0.022772398597117053 0.0047708421340222863 -0.0039573407691856138 -0.02213524450486884 -0.009151950526154572 0.0041597611876748554 0.001134499796833292 -0.00068703410620118727 0.021175775259788324 -0.017326407431584406 -0.0012423564476583249 -0.0095161785444371205 -0.0036581401290128068 -0.0071701204127109543 0.0043795745121753644 0.0017306652871445071 -0.0014106420937039371 -0.0077839083600252162 -0.01220442862476135 -0.040772773244144613 0.034106752416200918 -0.013290751135127522 -0.023592503052978567 0.0088296072096097807 -0.034906834223932343 -0.070780053477600038
leaf_weight=14020.744785122573 15.967591613531111 606.59224499762058 7984.9185875058174 14.850175350904463 2776.9263885691762 10613.313561491668 8265.923169746995 954.70830227434635 3983.0795959085226 2997.8816466331482 111516.30975736678 6962.764927431941 835.32506439089775 1677.6379691660404 17556.03325329721 774.25552496314049 19190.08991535008 2657.9713348001242 1582.0370991975069 362.20056863129139 288.82494929432869 2390.1024711430073 422.953348942101 190.20267566293478 77.074625238776207 616.78274319320917 250.56889660656452 14.687627404928206 92.863269403576851 29.44593234360218
leaf_count=57454 74 2459 32752 60 11942 44272 33659 4286 16173 12392 457408 28288 3499 6798 71473 3132 78552 10821 6418 1509 1250 9687 2012 980 358 2963 1021 74 474 137
internal_value=-1.16192e-07 -0.0023678 0.000338781 0.00307368 0.00421925 0.00850408 0.000688673 -0.000213564 -0.00515012 0.00019377 0.000687879 -0.00376733 -0.0015761 -0.00261962 -0.000595252 0.00503014 -0.00260184 -0.0111 -0.000186439 0.0152945 -0.0173217 -0.00971329 -0.016495 -0.0141435 -0.00506599 -0.0197681 -0.00928396 -0.0365876 -0.028934 -0.0547134
internal_weight=219723 27512 192211 32296.6 29641.1 13390.2 16250.8 159914 12189.4 147725 125537 10945.8 26052.1 22498.2 18162.6 3553.82 22188 4335.61 2356.29 1197.53 1243.53 2655.52 1459.98 1307.01 500.028 806.985 2640.67 152.964 107.551 45.4135
internal_count=902377 113181 789196 133393 122625 56214 66411 655803 49997 605806 514862 44461 106109 91551 73932 14558 90944 17619 9550 5008 5536 10768 7072 6313 2370 3943 10708 759 548 211
is_linear=0
shrinkage=0.05


Tree=91
num_leaves=31
num_cat=0
split_feature=0 17 11 7 0 18 11 18 11 2 5 11 18 15 5 18 17 6 2 18 11 10 1 8 11 10 10 15 18 9
split_gain=73.3493 71.7268 57.4632 55.3921 50.6814 49.2005 41.0732 37.9022 41.2115 37.6695 35.4115 33.4918 32.824 30.6968 21.8219 20.445 19.6751 19.6198 19.9714 19.9641 18.542 14.0453 14.3597 12.8856 11.4951 9.06615 8.7516 8.37843 8.24056 7.65479
threshold=-0.016021419622621044 0.020905010104312231 1.3515596627692983 0.51088927971527831 -0.0004154006861030734 -0.36361369332752863 -2.4781233808418541 2.265476543987575 -1.3233341307483524 -0.032577127221961259 0.0056785308978829756 -0.33049443126960776 1.161745890656493 3.5000000000000004 0.020016767235743454 3.1391708528306146 0.23528694097927952 2.6584057022211911 -0.087448809515416878 1.076919291191939 -1.5324553160268453 50.036429993364258 -0.01281732579921324 0.017297399964718092 0.73506272533317507 17.37361138585435 51.690751963280455 4.5000000000000009 1.0875181398517857 -1.7297973680128851
decision_type=2 2 2 2 2 2 2 2 2 2 2 2 2 2 2 2 2 2 2 2 2 2 2 2 2 2 2 2 2 2
left_child=9 2 4 5 13 -4 -6 10 15 17 11 -3 -12 -2 -5 -9 -10 19 25 -1 -21 23 26 27 -20 -19 -23 -11 -25 -24
right_child=1 7 3 14 6 -7 -8 8 16 21 12 -13 -14 -15 -16 -17 -18 18 24 20 -22 22 29 28 -26 -27 -28 -29 -30 -31
leaf_value=0.024969572760206768 0.00063348868124954894 0.0037929622974072681 0.034251581967606207 0.0045352681842419978 -0.0089193356492898324 -0.0055025549216906663 -0.00012052551878387488 0.0027741032351876215 0.0097184560962316965 -5.2054301144399104e-05 -0.0016131325473643006 -0.0018174531111996414 -0.0053946595366204967 0.0027137912581587601 -0.069675031313196883 -0.065747516398587308 -0.018461319580688824 0.037163702822872784 0.0014852808803389001 -0.015631445483276243 0.01323092092958777 0.032965521179109968 0.027509568694009091 -0.00012079593231630499 -0.062516758846925286 0.0083243634240398254 0.011220512950785784 0.012004043779891447 -0.014419142396309093 0.00076665075254392704
leaf_weight=381.2605557590723 42014.094896048307 3552.4440724179149 78.573406755924225 1979.155744895339 1345.5854648500681 8220.9504493623972 92677.426565773785 17.496940687298775 1149.6719776019454 770.23715008795261 10990.340665087104 10589.032369084656 12008.665963478386 30683.599282927811 9.9559550732374174 28.812146157026291 65.468727380037308 59.930808320641518 521.18157152831554 59.797263145446777 801.5467755869031 53.345218032598495 28.024247393012047 174.46799165010452 7.1113482713699332 49.977150529623032 348.91621728241444 177.27608801424503 238.54868891835213 592.25599176436663
leaf_count=1602 172901 14639 323 8090 5494 33687 380142 73 4744 3201 45291 43484 49436 125918 40 116 264 253 2171 247 3333 223 115 727 29 211 1447 740 987 2449
internal_value=-1.12877e-07 -0.000128655 0.000296312 -0.00333014 0.000520107 -0.00512619 -0.000246447 -0.00208749 0.00643593 0.00649384 -0.00237698 -0.000408075 -0.00358761 0.00151152 0.00416383 -0.039858 0.0082002 0.0117839 0.0046581 0.0154437 0.0112272 0.00231875 0.00674648 -0.00100902 0.00062375 0.0240499 0.0141042 0.0022036 -0.00837918 0.0019749
internal_weight=219675 215411 177009 10288.6 166721 8299.52 94023 38401.9 1261.45 4263.88 37140.5 14141.5 22999 72697.7 1989.11 46.3091 1215.14 1880.81 638.201 1242.6 861.344 2383.07 1022.54 1360.53 528.293 109.908 402.261 947.513 413.017 620.28
internal_count=902377 884642 726595 42140 684455 34010 385636 158047 5197 17735 152850 58123 94727 298819 8130 189 5008 7846 2664 5182 3580 9889 4234 5655 2200 464 1670 3941 1714 2564
is_linear=0
shrinkage=0.05


Tree=92
num_leaves=31
num_cat=0
split_feature=9 13 5 12 15 15 9 3 18 2 4 13 4 5 4 13 11 17 13 15 13 4 18 9 5 4 15 17 13 4
split_gain=68.9819 118.389 108.861 107.614 96.8559 181.431 106.559 84.0599 77.0529 77.562 70.5592 69.1661 73.3423 69.9324 57.0528 56.1354 53.3198 52.6634 51.3644 51.3089 50.1894 44.8971 41.7588 38.2027 34.3668 28.4684 27.0274 27.0035 25.5747 19.2913
threshold=-1.7575156978044089 -0.014720254974997014 0.0084610191797850464 -1.0000000180025095e-35 4.5000000000000009 5.5000000000000009 0.50863310098175063 0.0015522950370614466 -1.0000000180025095e-35 -0.006082386770193903 0.0072345685833326862 -0.067773744759268603 0.017846019990539117 0.015573348427794884 0.0010517825401678857 -0.11041276874418558 0.48845139272778576 -0.097562248152198758 -0.0096337778452890137 1.0000000180025095e-35 -0.17912607172223297 0.0061729671777816285 -0.36361369332752863 -3.6830639866115287 0.0048168505652030928 0.0018467478703194601 2.5000000000000004 -0.015253683238750202 -0.0054237941324277719 0.035686965009044898
decision_type=2 2 2 2 2 2 2 2 2 2 2 2 2 2 2 2 2 2 2 2 2 2 2 2 2 2 2 2 2 2
left_child=11 2 4 7 6 -6 -2 14 10 -10 -5 13 18 19 -3 17 -17 -4 21 24 23 -13 -21 -15 -1 -20 -22 -14 -9 -29
right_child=1 3 15 8 5 -7 -8 28 9 -11 -12 12 27 20 -16 16 -18 -19 25 22 26 -23 -24 -25 -26 -27 -28 29 -30 -31
leaf_value=0.021056264399397569 -0.0043230811265112358 -0.027545036983732375 0.0058643619484599827 0.012539586583391519 0.0076544081240392144 -0.0064744431972051019 -0.014326107207342523 0.0080777157296482282 0.0021661596695480671 -0.00073056949640934758 -0.0081652823869780636 -0.0013415702208983164 0.027704801462123393 0.035192199136794555 0.0028497471225851249 0.0049708885883807145 -0.0042039562044799235 -0.017958932985184178 -0.031656597645639016 0.048309757821579487 0.0062139474758439034 0.0049314975902049196 -0.0025492990221784549 -0.0094096569499419608 -0.01744549326496685 0.016789922033711331 0.021728036299778507 0.0026582491226370326 0.016921687042697139 0.073732568679610727
leaf_weight=62.004411339759827 22064.777545556426 158.45613577961922 362.93816235661507 2115.3060127347708 4483.285019621253 4607.032676897943 3027.6775693818927 1876.257084056735 29127.569179467857 111828.52798268199 510.85355184972286 4102.5991446077824 452.15750750899315 53.156056344509125 6016.3333221375942 7579.3237997666001 2001.7806656584144 642.88964105397463 31.380227521061897 40.762346148490906 611.64362253248692 9359.4562249779701 4089.3108824193478 495.88248190283775 888.24518245458603 900.43015860766172 518.89147679507732 200.82076334953308 1448.5295153707266 10.023722216486929
leaf_count=267 90465 639 1476 8638 18492 18942 13203 7608 120648 456908 2094 16641 1956 222 24938 31178 8335 2642 133 167 2475 38366 16698 2004 3618 4364 2127 845 6244 44
internal_value=-9.8621e-08 -0.000294323 -0.00255598 0.000367111 -0.00392811 0.000493814 -0.00553005 0.00552107 2.61192e-05 -0.000131981 0.00851197 0.00266816 0.00455452 -0.00153348 0.00206976 0.00187433 0.00305399 -0.00936265 0.00380558 -0.00445758 0.00731127 0.00301976 -0.00204734 -0.00509146 -0.0149332 0.0151584 0.0133346 0.0208142 0.0119308 0.00603718
internal_weight=219668 197852 44769.7 153082 34182.8 9090.32 25092.5 9499.58 143582 140956 2626.16 21816.8 15056.9 6759.9 6174.79 10586.9 9581.1 1005.83 14393.9 5080.32 1679.57 13462.1 4130.07 549.039 950.25 931.81 1130.54 663.002 3324.79 210.844
internal_count=902377 812450 184733 627717 141102 37434 103668 39429 588288 577556 10732 89927 62349 27578 25577 43631 39513 4118 59504 20750 6828 55007 16865 2226 3885 4497 4602 2845 13852 889
is_linear=0
shrinkage=0.05


Tree=93
num_leaves=31
num_cat=0
split_feature=17 16 10 14 5 15 11 14 9 19 9 16 5 16 19 3 19 15 19 14 3 19 11 3 15 14 17 2 11 19
split_gain=67.544 124.355 80.1395 73.821 47.6237 47.0585 45.7079 43.7925 66.9957 45.4484 43.5868 61.3418 62.928 60.1978 59.1792 51.1066 65.1986 45.753 39.3146 39.1656 39.1393 39.1194 38.4476 35.8383 35.7788 29.8706 28.47 27.661 25.2453 24.9491
threshold=-0.014643241931215132 -0.0046339452528692529 49.43181818181813 15.500000000000002 0.0014290996516033983 5.5000000000000009 1.6366440998405782 18.500000000000004 -0.85566071893949325 0.89256087550348029 0.86761578902223002 -0.014415893123547406 0.0056381118560191934 -0.0099326255714123884 0.77035691256146721 -0.027755866623941802 0.37084316581691795 1.0000000180025095e-35 0.3803998274658425 15.500000000000002 0.069039845960584559 -0.36180103624256182 -0.34726910580641052 -0.0017393949720037603 3.5000000000000004 8.5000000000000018 -0.082278192341261144 -0.087448809515416878 -3.1048298532021907 -0.11042227385400437
decision_type=2 2 2 2 2 2 2 2 2 2 2 2 2 2 2 2 2 2 2 2 2 2 2 2 2 2 2 2 2 2
left_child=10 3 6 22 5 -5 19 8 -4 -9 13 12 23 15 24 16 -1 -16 -13 -3 -20 -6 25 -12 -15 -2 -14 -24 -17 -8
right_child=1 2 7 4 21 -7 29 9 -10 -11 11 18 26 14 17 28 -18 -19 20 -21 -22 -23 27 -25 -26 -27 -28 -29 -30 -31
leaf_value=-0.0061172399065356356 0.00021038208233183921 0.0011070262669534269 0.0041180919755389334 -0.0043168216309817601 -0.047220134474446424 -0.044063505885520715 0.040063685906594204 -0.0024390238452127052 -0.00073653206412253815 -0.015626970289405705 -0.0031020148722570909 0.0086320337295220356 -0.027293037527573741 0.0002100759201269565 0.017777678761308553 -0.032460399880906286 0.0042480767813480313 0.006044034287079704 -0.0065612594303250784 0.0042328276426669628 -0.047595584693816438 0.00074561741405646648 0.035317440886824501 0.015797308591799054 0.0050166224410484062 -0.0054295865805818787 -0.0019191177643762903 -0.0066011780565296222 -0.0017348846696529218 -0.0082086764841065116
leaf_weight=1787.6649292260408 5192.3962923064828 30670.978097267449 8117.1530757844448 201.73833905160427 42.664267286658287 118.04335425794125 27.322292238473892 16757.795546121895 57097.514468796551 679.78802269697189 329.85184472799301 436.59087036550045 125.09897771477699 9575.8611223623157 952.58180864155293 67.211664170026779 10023.586504712701 6498.2444854229689 4025.0392958968878 14884.512287355959 58.962214931845665 11599.279939047992 39.468057066202164 1047.1619122922421 6499.5607520788908 4285.0200139135122 950.44314143806696 13680.488978862762 12531.487256020308 1316.7017812430859
leaf_count=7341 21281 125855 33327 817 177 476 112 68626 234712 2776 1360 1804 515 39358 3911 275 41231 26709 16607 61213 241 47788 164 4319 26672 17661 3921 56197 51541 5390
internal_value=-9.0431e-08 -0.000506369 0.000209343 -0.00314357 4.69615e-05 -0.0189888 0.00186022 -0.000727417 -0.000132286 -0.00295314 0.00151859 -0.00217494 0.00419187 0.00205587 0.0038607 0.000316387 0.00267926 0.00754417 -0.00562913 0.00212833 -0.00715369 0.000569837 -0.00478877 0.0112701 0.00215344 -0.00233961 -0.00487042 -0.00648059 -0.0018988 -0.00722736
internal_weight=219620 164711 129552 35159.1 11961.7 319.782 46899.5 82652.3 65214.7 17437.6 54909.3 6973.15 2452.56 47936.2 23526.2 24410 11811.3 7450.83 4520.59 45555.5 4084 11641.9 23197.4 1377.01 16075.4 9477.42 1075.54 13720 12598.7 1344.02
internal_count=902377 676572 532011 144561 49258 1293 192570 339441 268039 71402 225805 28767 10115 197038 96650 100388 48572 30620 18652 187068 16848 47965 95303 5679 66030 38942 4436 56361 51816 5502
is_linear=0
shrinkage=0.05


Tree=94
num_leaves=31
num_cat=0
split_feature=1 13 17 16 9 15 14 5 19 2 19 11 17 19 14 9 14 14 7 8 14 13 11 9 2 13 13 13 17 7
split_gain=64.4714 93.0625 91.4454 91.7032 89.9453 79.6504 77.648 71.7118 51.5195 52.2165 51.034 50.3405 49.1438 44.9056 38.9303 32.0031 21.2404 29.48 26.3673 29.4568 27.0005 19.273 18.7873 18.0382 16.7787 16.45 14.0856 13.8157 12.3284 12.0383
threshold=-0.04612090114610528 -0.10179255162960969 -0.039865382877194093 -0.0040870374708405479 -0.71843011630968323 3.5000000000000004 15.500000000000002 0.023660688457875285 0.10055909653639464 0.017189315441728751 -0.22841295831812389 -0.38132302588659123 -0.072710332081253035 0.3803998274658425 22.500000000000004 -1.4178677351439013 12.500000000000002 6.5000000000000009 0.47841199076398222 -0.049785104519842693 18.500000000000004 -0.030226055043977348 -0.87535693877578102 -2.9228685649240109 -0.087448809515416878 -0.14141431922022427 0.10281953895104591 -0.14141431922022427 -0.10972319070745955 0.45291475181193513
decision_type=2 2 2 2 2 2 2 2 2 2 2 2 2 2 2 2 2 2 2 2 2 2 2 2 2 2 2 2 2 2
left_child=16 5 8 6 -5 12 -4 11 10 -10 -3 -7 13 -2 -14 -9 17 22 24 20 -20 -21 29 -19 27 -26 -24 -18 -25 -1
right_child=1 2 3 4 -6 7 -8 15 9 -11 -12 -13 14 -15 -16 -17 18 23 19 21 -22 -23 26 28 25 -27 -28 -29 -30 -31
leaf_value=-0.050799296911170057 -0.019367369784827695 0.014306580981429307 -0.0032301118400226815 0.0026654109527085175 -0.00026322113190308953 0.0080979638083830442 0.00060120857163569949 0.03562231481832321 0.0056849183068742159 -0.0031293947487028451 -0.013135634603253444 -0.013591568423731135 -0.02180383114783023 0.0015270659260648719 0.026201937091427686 -0.0013875220818731324 0.011489856771599766 0.047504985709733639 -0.00055529641810490122 -0.016670794950397343 0.037474861310256784 0.0052212325727933762 0.011927456605265587 -0.0050135093943509332 -0.039008909544582665 0.016282448241493688 0.048312537861813054 0.062728380862147048 0.024774473779845235 -0.0009921702619468504
leaf_weight=12.952334925532339 395.79123851656914 216.02254551649094 37955.859067209065 34887.457590773702 105495.4696964398 478.61402000486851 20295.560018643737 193.72662830352783 12605.040324307978 1938.6583425998688 785.30708768963814 606.55246549844742 1220.3493970930576 734.07222691178322 43.74577197432518 83.625875353813171 21.403915151953697 78.590799435973167 113.09576107561588 266.42333006858826 79.465476475656033 161.46355815976858 262.95204873383045 40.834734812378883 14.900673523545263 138.37953658401966 29.592575326561928 34.139603093266487 232.52404727786779 191.49291607737541
leaf_count=53 1619 891 155887 143466 433028 1953 83538 798 52005 7962 3231 2485 5019 2978 177 342 88 327 472 1088 333 703 1088 168 60 585 123 148 966 796
internal_value=-8.39725e-08 -7.52605e-05 6.15736e-05 -0.000227448 0.000464592 -0.007877 -0.00189523 0.00177374 0.00375469 0.00450998 -0.00721537 -0.00402537 -0.0133697 -0.00579226 -0.0201425 0.0244633 0.00976249 0.015322 0.00407111 -0.00110129 0.0151389 -0.00840982 0.0074812 0.0263941 0.0194391 0.0109075 0.015608 0.0429834 0.0203247 -0.00414763
internal_weight=219614 217936 214179 198634 140383 3756.48 58251.4 1362.52 15545 14543.7 1001.33 1085.17 2393.96 1129.86 1264.1 277.353 1678.21 848.939 829.272 620.448 192.561 427.887 496.99 351.95 208.824 153.28 292.545 55.5435 273.359 204.445
internal_count=902377 895379 880008 815919 576494 15371 239425 5578 64089 59967 4122 4438 9793 4597 5196 1140 6998 3521 3477 2596 805 1791 2060 1461 881 645 1211 236 1134 849
is_linear=0
shrinkage=0.05


Tree=95
num_leaves=31
num_cat=0
split_feature=0 13 4 4 15 19 13 9 19 4 13 14 12 13 2 13 12 13 13 9 13 15 14 13 8 18 9 14 4 4
split_gain=66.2919 56.389 127.003 110.358 129.389 98.7135 101.992 84.1343 78.4528 86.821 83.1554 52.8472 48.4672 47.9664 42.4157 46.0668 40.36 73.5809 40.7435 34.7327 31.308 23.2115 28.8403 18.4355 26.3513 15.7393 15.404 15.381 13.5825 12.3499
threshold=-0.002822201317027206 -0.0027248908727874883 0.0049310634251676939 0.0087134706153577188 4.5000000000000009 -1.0000000180025095e-35 0.027092901571398546 0.30561374346181042 0.79154666265769524 0.0074513495700498375 -0.031652459354726818 21.500000000000004 1.0000000180025095e-35 0.096878304094967019 -0.069762225669792108 -0.17912607172223297 1.0000000180025095e-35 0.0074337164989931601 -0.0090001092050511194 0.97463467230361578 -0.00099297576437884483 3.5000000000000004 3.5000000000000004 -0.12253817901829754 -0.091325756957574986 1.1080315112108752 -3.0813990775831095 22.500000000000004 0.018929902717505828 0.025481027133875876
decision_type=2 2 2 2 2 2 2 2 2 2 2 2 2 2 2 2 2 2 2 2 2 2 2 2 2 2 2 2 2 2
left_child=14 2 11 5 7 20 -7 -5 10 -10 -4 12 -2 -6 23 21 18 -18 -17 -13 -3 27 -23 24 25 -1 -25 -16 -26 -28
right_child=1 3 8 4 13 6 -8 -9 9 -11 -12 19 -14 -15 15 16 17 -19 -20 -21 -22 22 -24 26 28 -27 29 -29 -30 -31
leaf_value=0.054630423425985931 -0.0055210111522965904 -0.014142610319589272 -0.004237840983389171 0.0041275096316563059 -0.010306113579293135 4.5322085475615949e-05 0.0047766493805820529 -0.0024085576869676932 -0.0021410106481057722 0.0058963377283673558 0.00050525898895028242 0.0020431311633822757 -0.024650994062992961 0.0017926479206266579 -0.03285889182486372 0.00055148629165296937 -0.012882365517940149 0.00046803179593373683 0.0036456217980772362 0.034918338605947535 0.014031363842587179 -0.065668547308909822 0.019741117962239985 0.033103620754720446 -0.06566004324642849 0.013312260467763792 0.0046389489624612508 0.031980997237073296 -0.0014531391323896938 0.021025559407665151
leaf_weight=31.612429559230804 16676.203050225973 104.18791842460632 15888.321021400392 6934.510920509696 5478.5872482806444 51530.118301406503 14622.634679630399 16978.368974357843 5394.1197801753879 8910.1114148125052 22086.097121521831 1402.4006962478161 337.80673883110285 963.2436607927084 171.63687957823277 21968.878093123436 1288.072843387723 5193.3050197958946 20630.9959211573 85.224124357104301 1840.130959302187 11.983116403222082 56.418919757008553 123.96488389372826 8.4485363215208036 85.080688267946243 218.8063488304615 9.6610193848609907 328.61137433350086 242.31716205179691
leaf_count=130 68190 428 65390 28908 22472 210544 59907 69507 22235 36673 91188 5692 1473 3934 698 90105 5466 21428 85601 365 7507 48 230 527 34 348 926 39 1342 1042
internal_value=-7.51342e-08 -0.000474018 -0.00155044 0.000299856 -0.00220748 0.00141752 0.00109115 -0.000513159 -0.000290459 0.00286546 -0.00147923 -0.00511066 -0.00590083 -0.00849699 0.00159227 0.00138172 0.0014907 -0.00218515 0.00204997 0.00392651 0.0125216 -0.0200399 0.00477849 0.0115907 0.00402723 0.0245054 0.0174565 -0.0294037 -0.00306251 0.01325
internal_weight=219602 169232 70780.3 98451.8 30354.7 68097.1 66152.8 23912.9 52278.6 14304.2 37974.4 18501.6 17014 6441.83 50369.8 49331 49081.3 6481.38 42599.9 1487.62 1944.32 249.7 68.402 1038.84 453.753 116.693 585.088 181.298 337.06 461.124
internal_count=902377 694413 291206 403207 124821 278386 270451 98415 215486 58908 156578 75720 69663 26406 207964 203615 202600 26894 175706 6057 7935 1015 278 4349 1854 478 2495 737 1376 1968
is_linear=0
shrinkage=0.05


Tree=96
num_leaves=31
num_cat=0
split_feature=17 16 2 18 14 14 14 11 19 15 5 4 14 18 12 11 19 19 15 4 17 14 19 18 4 4 18 14 15 3
split_gain=61.8674 100.595 82.9914 65.2862 59.2777 61.1888 42.4865 40.9026 42.1238 67.2227 54.3848 58.0032 47.8781 39.174 37.0434 42.788 37.1179 34.3018 34.105 46.2793 32.5421 28.8738 28.3839 26.7767 26.3579 49.3674 34.3408 25.8655 13.3456 5.6977
threshold=-0.0099123225091095595 -0.0024268546789494301 -0.00048205019114538889 0.89019248762912639 18.500000000000004 2.5000000000000004 15.500000000000002 1.3153719568519329 0.76121190122333171 1.5000000000000002 0.0011638227925402928 0.0086022256169707347 7.5000000000000009 -0.36361369332752863 1.0000000180025095e-35 0.39246403792969803 0.54418313869783819 0.12695803671786857 2.5000000000000004 0.0020752737881382772 -0.00043257229232074307 15.500000000000002 0.84257369550953043 0.75984330741152062 0.0074513495700498375 0.0065711469983214107 0.31001726999836215 9.5000000000000018 3.5000000000000004 0.018357591194337778
decision_type=2 2 2 2 2 2 2 2 2 2 2 2 2 2 2 2 2 2 2 2 2 2 2 2 2 2 2 2 2 2
left_child=7 6 3 21 5 -4 14 8 9 17 28 -12 -11 27 15 -2 -16 -1 23 -20 -5 -3 -6 -8 25 -15 -26 -9 -10 -29
right_child=1 2 4 20 22 -7 18 13 10 12 11 -13 -14 24 16 -17 -18 -19 19 -21 -22 -23 -24 -25 26 -27 -28 29 -30 -31
leaf_value=-0.012767531137758387 -0.0019482571774494387 0.0025490039021823928 -0.0038084473502881773 0.0035555442630278351 -0.0027406478017603579 0.00062734364334852976 0.0043167199563968238 0.079041359162685454 -0.015240247881263597 0.0048557953603580173 0.00065404717548504885 0.0057613909424277902 0.00052440778547290759 -0.0045969217541319838 -0.00053510623773570225 -0.0076127852053038767 -0.010826946120403382 -0.0016846773574532806 -0.016705946895080197 0.002483032379126583 -0.0013477771399891729 0.0063792199407729224 -0.0090756524296832335 -0.0053643871769317036 -0.044407256059383789 0.020542127678262422 -0.0077527587643235092 0.017010386699423143 0.060023289330387891 -0.044436481898080242
leaf_weight=737.76692070066929 16603.343872800469 14956.387462876737 9272.0600944086909 4427.0734300464392 13511.906146340072 48133.571754314005 866.30332987010479 23.044939026236534 6.646037906408309 9589.8525836318731 11361.239090204239 10885.190650977194 19061.328406967223 972.86926187574863 1192.9140143021941 4171.3176423460245 3298.3621686995029 13003.803626269102 328.24872650206089 7347.7652345299721 14359.015962585807 7332.6728300824761 2034.3565956577659 4069.2011599466205 66.48813234269619 244.33910870552063 1641.110554009676 13.887337267398836 51.769632369279861 5.1796997636556616
leaf_count=3023 68238 61390 38142 18188 55325 197805 3567 95 27 39383 46608 44900 78445 3974 4914 17107 13540 53460 1325 30210 59089 30187 8329 16805 271 1005 6736 57 211 21
internal_value=-7.83212e-08 -0.000560236 0.000181344 0.00197902 -0.000830826 -8.91178e-05 -0.00279271 0.00125746 0.00152071 0.000595281 0.00327959 0.00315307 0.00197417 -0.00448313 -0.00397581 -0.00308563 -0.00809336 -0.0022797 -0.000422483 0.00166246 -0.000192275 0.00380907 -0.00356964 -0.00366511 -0.00517253 0.000449423 -0.00917996 0.0433977 0.0514604 0.000317896
internal_weight=219569 151905 114027 41075.1 72951.9 57405.6 37877.5 67664.5 64697.6 42392.8 22304.8 22246.4 28651.2 2966.92 25265.9 20774.7 4491.28 13741.6 12611.5 7676.01 18786.1 22289.1 15546.3 4935.5 2924.81 1217.21 1707.6 42.112 58.4157 19.067
internal_count=902377 624161 468455 168854 299601 235947 155706 278216 266057 174311 91746 91508 117828 12159 103799 85345 18454 56483 51907 31535 77277 91577 63654 20372 11986 4979 7007 173 238 78
is_linear=0
shrinkage=0.05


Tree=97
num_leaves=31
num_cat=0
split_feature=13 17 14 17 13 4 12 9 14 5 5 14 14 19 13 17 9 17 14 19 15 18 18 17 5 4 4 5 9 7
split_gain=65.368 123.705 87.343 90.5716 71.7865 118.82 113.658 91.2562 87.3388 75.8046 75.4582 69.4401 129.315 78.5586 52.7393 66.3858 46.3814 41.9456 40.048 27.0307 24.5258 20.7344 34.9404 29.201 14.8511 13.3032 13.2452 14.1304 12.8896 8.44444
threshold=0.070266078077758656 0.045430660028886745 22.500000000000004 0.075360471180775893 0.013534745958751372 0.0043656905856978541 1.0000000180025095e-35 1.2635145839153974 11.500000000000002 0.0014290996516033983 0.0082168581387156627 11.500000000000002 13.500000000000002 0.78618453063511329 0.13392791933450457 0.15237252525133174 1.9055199106255092 0.13465265497101039 1.0000000180025095e-35 0.75952774489576902 1.0000000180025095e-35 0.37921359936323279 0.72358689808672083 0.10219800772300099 0.0066735013067257343 0.020275111914369624 0.010871234008952247 0.0095746243645948911 3.4198384177273113 0.51956313034235335
decision_type=2 2 2 2 2 2 2 2 2 2 2 2 2 2 2 2 2 2 2 2 2 2 2 2 2 2 2 2 2 2
left_child=1 4 3 11 6 8 7 -1 -6 -8 -7 13 -13 -2 17 -16 21 -5 24 26 -20 23 -23 -3 -18 28 29 -28 -21 -4
right_child=2 16 19 14 5 10 9 -9 -10 -11 -12 12 -14 -15 15 -17 18 -19 20 25 -22 22 -24 -25 -26 -27 27 -29 -30 -31
leaf_value=0.0001556959585623512 0.0084314974951266511 -0.0090770502790030305 -0.020662180616071307 -0.0019013194825656195 0.0032380663712509757 0.0015999969373539141 0.0063525705086029324 -0.0058100792690227174 0.015009350599311695 -0.0076261949549339932 -0.0043387069901886033 0.035009540218698856 0.0088472792905034386 -0.0074676980766491445 0.014040201780636648 -0.0021009067106948546 -0.019589180152276488 -0.016539404423634326 -0.021256217895326099 -0.032187116137847027 -0.0077301854979459133 0.0075057644289744973 -0.0039415493427849045 -0.049766015334402933 -0.05342105973297441 -0.070130954812627919 0.013137940728014032 -0.010600772824679966 0.027833258699866404 -0.069313397075213265
leaf_weight=130180.86542774737 2475.9998315870762 590.84090759605169 80.436632722616196 2383.7785113304853 3918.5487048923969 37489.408700488508 1104.5349223986268 6742.1389628350735 2635.7146967798471 7952.585617415607 6239.0522016957402 576.17283033579588 2620.5121520236135 1132.2017227709293 1115.4753031283617 1485.1165012866259 59.506000049412251 615.82167214155197 392.32729344069958 120.91573685407639 2299.0755983144045 748.15779539197683 6114.3448908254504 47.650601238012314 71.308586739003658 21.572244673967361 84.694016814231873 241.25479036569595 9.6596488058567029 10.031481921672819
leaf_count=533105 10161 2423 323 9663 15898 153817 4478 29335 10853 32842 25877 2516 11019 4628 4609 6004 245 2489 1609 485 9480 3139 25405 195 299 87 342 972 39 40
internal_value=-6.94304e-08 -0.00021627 0.0034426 0.0043209 6.4339e-05 0.00169367 -0.000496883 -0.000138061 0.00797174 -0.00592146 0.00075268 0.00819667 0.0135628 0.00344256 -0.000388601 0.00482252 -0.00555115 -0.00490654 -0.011015 -0.0157204 -0.00970188 -0.0034954 -0.00269355 -0.0121137 -0.0380313 -0.0337564 -0.0091305 -0.00443254 -0.027747 -0.0260568
internal_weight=219560 206586 12973.6 12405.1 196263 50282.7 145980 136923 6554.26 9057.12 43728.5 6804.89 3196.68 3608.2 5600.19 2600.59 10323.2 2999.6 2822.22 568.565 2691.4 7500.99 6862.5 638.492 130.815 152.148 416.417 325.949 130.575 90.4681
internal_count=902377 849000 53377 51089 806205 206445 599760 562440 26751 37320 179694 28324 13535 14789 22765 10613 42795 12152 11633 2288 11089 31162 28544 2618 544 611 1677 1314 524 363
is_linear=0
shrinkage=0.05


Tree=98
num_leaves=31
num_cat=0
split_feature=0 3 13 13 9 4 18 16 11 17 12 3 13 10 13 1 4 9 4 15 10 13 18 3 16 4 15 19 19 16
split_gain=62.3893 49.2183 60.3849 56.1499 68.2454 55.3453 53.9984 41.4969 40.9673 40.9254 35.9646 64.72 47.8032 42.3689 93.3731 40.4829 38.0862 31.1738 27.3092 25.9817 38.0402 29.2368 24.6098 24.2754 21.4517 20.6718 18.9936 35.7875 16.7459 11.9124
threshold=-1.0000000180025095e-35 -0.058424794389902827 -0.084866374681587239 -0.037859382328843554 -1.9921828679041178 0.0060173337435942198 0.80503837421280944 -0.0099326255714123884 -2.4781233808418541 -0.023208378565340911 -1.0000000180025095e-35 0.001262206163569535 -0.009984007553458572 53.681427188300709 -0.0068507250080809814 -0.0021010713825430623 0.0010517825401678857 -2.9228685649240109 0.0043656905856978541 1.0000000180025095e-35 33.156028368794246 -0.019727996379731102 1.464109078801082 -0.081864109615992706 0.0050656920870781339 0.035686965009044898 5.5000000000000009 0.80994055763731254 0.44248350194693908 0.0036949062647725355
decision_type=2 2 2 2 2 2 2 2 2 2 2 2 2 2 2 2 2 2 2 2 2 2 2 2 2 2 2 2 2 2
left_child=1 2 17 5 18 9 -6 -7 19 -3 11 16 -13 15 -15 -12 -10 23 -5 20 29 24 -19 -1 -21 -23 28 -28 -4 -2
right_child=8 3 26 4 6 7 -8 -9 10 -11 13 12 -14 14 -16 -17 -18 22 -20 21 -22 25 -24 -25 -26 -27 27 -29 -30 -31
leaf_value=0.015803973893688903 0.019553420529261706 -0.0004034621813155709 0.0026761961092653819 -0.00044539184244183396 0.0025658590416396173 -0.0043593927347604098 -5.009489883510335e-05 0.0015255199426885012 -0.029635847564106796 -0.020266282470059585 0.001767634592430933 0.0031698947039608184 0.013891007056187871 -0.0086707123564286285 -0.0013814417882186097 -0.001158810246605973 -0.00074004845572846081 -0.0094648832574028112 0.011028852239056844 -0.017364244101738386 -0.014597231672860962 -0.0020222375505095278 0.0049609121679907537 -0.0063234528870798031 -0.050437057967125477 -0.10232980842301001 0.041683934505957781 -0.019471485280951859 0.014320195211849258 0.081575432233330539
leaf_weight=437.82235154509544 122.65717248618603 407.93282321095467 409.04961889982224 665.37886121869087 30018.270632117987 5971.0617104172707 57540.994264863431 6011.2349432781339 115.63976258039474 711.88700801879168 18942.631791949272 4226.3053502440453 1378.96567684412 4911.6805724650621 41629.060530431569 31418.679637871683 8218.156476393342 809.73174127936363 2350.1394413933158 551.36837811768055 131.61397628486156 423.52326229214668 465.66284067928791 172.89776530861855 53.815085142850876 5.1993735730648032 123.67123188078403 29.659310802817345 1259.6075692102313 8.2634400278329831
leaf_count=1809 500 1686 1717 2730 123175 24299 236755 24787 467 3024 77989 17439 5828 21143 170065 128476 33938 3275 9948 2241 539 1743 1887 699 220 21 524 125 5294 34
internal_value=-4.27153e-08 0.000861326 0.00652146 0.000658886 0.00110144 -0.00240052 0.000846742 -0.00140707 -0.000824906 -0.0130306 -0.000721549 0.00165314 0.00580742 -0.00106314 -0.00215072 -5.80731e-05 -0.00114101 0.000250313 0.00849704 -0.00966155 0.00438518 -0.0132284 -0.00419784 0.00953959 -0.0203052 -0.00323873 0.0130133 0.0298544 0.0114658 0.0234681
internal_weight=219523 107385 3708.1 103677 90574.8 13102.1 87559.3 11982.3 112138 1119.82 110841 13939.1 5605.27 96902.1 46540.7 50361.3 8333.8 1886.11 3015.52 1296.44 262.535 1033.91 1275.39 610.72 605.183 428.723 1821.99 153.331 1668.66 130.921
internal_count=902377 441734 15330 426404 372608 53796 359930 49086 460643 4710 455345 57672 23267 397673 191208 206465 34405 7670 12678 5298 1073 4225 5162 2508 2461 1764 7660 649 7011 534
is_linear=0
shrinkage=0.05


Tree=99
num_leaves=31
num_cat=0
split_feature=13 9 5 18 5 17 18 9 14 13 14 12 13 17 13 15 16 13 9 15 5 19 17 11 18 8 14 13 7 16
split_gain=61.1389 130.724 107.414 95.6454 94.9809 72.2865 72.4388 67.5576 87.7412 62.5472 124.264 71.6177 54.3217 68.3022 54.0723 53.6315 51.5509 49.9963 85.1719 57.4359 52.3111 51.3341 48.1168 47.0114 44.5222 34.2583 32.2756 26.6071 24.4003 19.722
threshold=0.039623923311291394 1.6848796967387787 0.0078366822732767894 -1.0000000180025095e-35 0.0074921380619832724 1.0000000180025095e-35 1.0491507826746351 -0.019209541917219679 11.500000000000002 -0.022647389793296387 11.500000000000002 -1.0000000180025095e-35 0.10281953895104591 0.068443476263228123 0.0091790115076376706 1.0000000180025095e-35 0.00089936172338533915 0.12086604516016321 2.1091455870917275 4.5000000000000009 0.010248870221057122 0.80873253920711152 0.09546506475397333 0.30545208726743495 2.265476543987575 0.08907755068234674 17.500000000000004 0.031524543115821986 0.49829370243497062 0.02757868633569838
decision_type=2 2 2 2 2 2 2 2 2 2 2 2 2 2 2 2 2 2 2 2 2 2 2 2 2 2 2 2 2 2
left_child=1 5 3 27 7 9 15 8 16 10 -1 -11 13 -9 -5 -7 -2 18 19 -6 22 -22 -19 -8 -20 -14 -10 -3 -4 -30
right_child=4 2 28 14 17 6 23 12 26 11 -12 -13 25 -15 -16 -17 -18 20 24 -21 21 -23 -24 -25 -26 -27 -28 -29 29 -31
leaf_value=0.0018622478836350449 -0.010874446868603737 0.025878048509582932 -0.02787528717812527 -0.015211269707717601 0.0025594432907825732 0.0062316432361616486 -0.0017333625444106765 0.0040750959090567872 0.036549366808596939 0.0056966210011381718 -0.0036695329601279811 0.00098526519018804991 0.023017303360385172 -0.0082512494076302564 -0.0037372473892655724 -0.00043589073525759198 0.014594646451057444 0.029670627613497903 -0.010265419025339704 -0.0076527777751243869 0.0032734551231531623 -0.019560241900085241 0.0036987806948137083 -0.0059021038973277005 0.028689272145984258 -0.0011111084327594491 0.015369354105998946 -0.0032845545949225607 -0.021742211424542683 0.0019404100720042659
leaf_weight=20472.859982594848 356.13890431821346 329.15882170200348 593.05544815957546 1164.7082311883569 6183.9227695092559 3416.9470371305943 19897.987008243799 12417.874586507678 410.22124043852091 9147.4375619739294 20138.155055902898 68240.625626772642 561.02789781987667 1235.6744568198919 8671.4065921008587 25701.969961315393 449.3608206063509 346.92283402383327 3141.6202637404203 1771.19044226408 2911.5986939668655 268.87703934311867 366.97166147828102 10244.935545034707 75.102927044034004 199.39787024259567 320.3261212259531 102.59150698781013 199.90697129070759 156.90851024538279
leaf_count=83784 1496 1353 2618 5655 25538 14029 81986 51019 1831 37929 82503 279960 2362 4976 35375 105434 1851 1472 12725 7274 11938 1105 1499 42190 306 830 1360 416 854 709
internal_value=-4.17819e-08 -0.000338558 -0.005573 -0.00408487 0.00205705 -7.30359e-06 -0.00143207 0.0047462 0.0147144 0.000708247 -0.000880847 0.00154216 0.00368392 0.00295954 -0.0050959 0.000346508 0.00333389 -0.000789852 -0.00249042 0.000285712 0.00408858 0.0013431 0.01632 -0.00315023 -0.00935592 0.0166904 0.0272625 0.0189485 -0.0216593 -0.0113279
internal_weight=219495 188479 11217.7 10267.9 31016.2 177261 59261.8 15950 1536.05 117999 40611 77388.1 14414 13653.5 9836.11 29118.9 805.5 15066.2 11171.8 7955.11 3894.37 3180.48 713.894 30142.9 3216.72 760.426 730.547 431.75 949.871 356.815
internal_count=902377 774795 46980 42799 127582 727815 243639 65725 6538 484176 166287 317889 59187 55995 41030 119463 3347 61857 45843 32812 16014 13043 2971 124176 13031 3192 3191 1769 4181 1563
is_linear=0
shrinkage=0.05


Tree=100
num_leaves=31
num_cat=0
split_feature=0 16 10 15 14 14 14 14 15 3 4 3 2 18 5 16 18 4 2 9 4 19 6 6 10 11 18 19 18 4
split_gain=60.4493 55.271 84.948 55.3396 70.0394 50.1149 57.8685 48.5435 43.1865 69.6523 44.6502 40.8247 37.4911 34.2407 28.0724 28.888 27.1844 24.1869 22.4413 19.2337 16.9304 21.524 15.9495 14.0827 12.8395 12.559 10.4546 9.74271 22.6372 5.23919
threshold=-0.0064681558860084079 -0.0046339452528692529 53.681427188300709 2.5000000000000004 20.500000000000004 16.500000000000004 8.5000000000000018 4.5000000000000009 3.5000000000000004 -0.016980096720649981 0.0038925247714237748 -0.067119035353777765 -0.087448809515416878 1.0041178309811805 0.0014290996516033983 -0.02142756532268186 1.0737044497205057 0.0034160348220776712 -0.011467889908257032 -3.6830639866115287 0.021405368746602517 0.46996731987539969 2.9809537720103005 0.32987052194469996 56.07075809046934 0.53950920138325975 1.1421652815661274 0.44248350194693908 1.0110538245007754 0.025481027133875876
decision_type=2 2 2 2 2 2 2 2 2 2 2 2 2 2 2 2 2 2 2 2 2 2 2 2 2 2 2 2 2 2
left_child=12 5 8 4 -4 6 13 -5 10 -10 -3 -8 19 -2 17 -16 18 -7 22 27 25 -22 -14 -21 -20 -18 -25 28 -1 -29
right_child=1 2 3 7 -6 14 11 -9 9 -11 -12 -13 16 -15 15 -17 20 -19 24 23 21 -23 -24 26 -26 -27 -28 29 -30 -31
leaf_value=0.045426309911203319 0.0016441613801602901 -0.0036163091339347451 0.0016930857316676249 -0.0052470736759901403 -0.0054730668090153941 -0.015236662170973594 0.0079199156689921182 -0.0011568968218508499 0.011218933033602781 0.0022969029536783056 0.0012087187979101517 -0.0048645043678963128 0.0086427564514494262 -0.0023833491657102366 -0.0022515391120599415 0.0021463205330400142 0.00069081365463653311 0.055060304058079358 -0.00026081962888353414 -0.069942877024838174 -0.0028576318154918236 0.0077630098371788449 0.00095898271368888104 0.024501853422538484 0.0052179296284055512 -0.0037590359647938568 0.0071529683389236895 0.026508963388157919 -0.059968729888355346 0.057119387485166519
leaf_weight=14.836288079619409 8999.1569294929504 5727.9869153499603 26233.185319893062 9219.9820486456156 3919.0305174440145 364.90603698790073 645.40942458808422 34022.903607085347 2380.6141269505024 26966.40505695343 29428.079117946327 19233.791113235056 3243.9760802313685 12759.894416488707 5220.7316050976515 13112.212561182678 7893.3031561747193 12.660786941647528 2688.423505589366 5.2281204462051383 681.0009780600667 1592.8591327518225 852.939329020679 127.13351672142744 1775.6699322164059 1984.2494548782706 273.96245336532593 20.49345937371254 7.7592599689960471 43.972417950630188
leaf_count=62 36851 23408 108277 37759 16038 1478 2644 139557 9774 110428 121225 79279 13527 52320 21481 53861 32706 52 11125 21 2825 6587 3553 539 7333 8209 1144 88 32 194
internal_value=-2.70056e-08 -0.000271433 0.000280861 -0.000882525 0.000761666 -0.00153344 -0.0024993 -0.00202898 0.00160463 0.00302065 0.000422576 -0.00444944 0.00253727 -0.000717642 0.00061599 0.000893928 0.00221279 -0.0128794 0.00437086 0.0161589 0.00069237 0.00458222 0.00704307 0.0115892 0.00191845 -0.000203093 0.012652 0.037486 0.00923389 0.0473884
internal_weight=219453 198247 137898 73395.1 30152.2 60348.8 41638.3 43242.9 64503.1 29347 35156.1 19879.2 21205.8 21759.1 18710.5 18332.9 20712.4 377.567 8561.01 493.386 12151.4 2273.86 4096.92 406.324 4464.09 9877.55 401.096 87.0614 22.5955 64.4659
internal_count=902377 814432 566466 301631 124315 247966 171094 177316 264835 120202 144633 81923 87945 89171 76872 75342 85865 1530 35538 2080 50327 9412 17080 1704 18458 40915 1683 376 94 282
is_linear=0
shrinkage=0.05


Tree=101
num_leaves=31
num_cat=0
split_feature=13 3 14 4 12 13 13 4 2 4 14 14 12 4 5 14 14 19 5 3 19 19 14 15 16 2 5 3 5 2
split_gain=57.3223 99.4171 77.9495 79.9077 76.1681 101.942 94.3859 135.297 121.538 89.6864 58.3045 46.5518 42.5462 41.7048 40.3658 38.4881 72.1577 65.5523 33.2403 32.5105 26.174 24.1878 21.1707 27.895 13.9097 12.2864 12.0269 16.4238 11.6046 11.4026
threshold=0.070266078077758656 0.035607953627434193 22.500000000000004 0.011741483198457364 1.0000000180025095e-35 0.0040762848439994679 -0.0090001092050511194 0.0041113019054684159 -0.0036635773807314749 0.0088215280288037271 1.5000000000000002 11.500000000000002 -1.0000000180025095e-35 0.051278765813054371 0.012194816013134265 11.500000000000002 12.500000000000002 0.78618453063511329 0.020016767235743454 0.06426917482395457 0.66949025927025696 0.75952774489576902 11.500000000000002 4.5000000000000009 0.08266771111384115 0.0011633682626318589 0.010248870221057122 0.049392647835405985 0.023660688457875285 0.037020682476472062
decision_type=2 2 2 2 2 2 2 2 2 2 2 2 2 2 2 2 2 2 2 2 2 2 2 2 2 2 2 2 2 2
left_child=1 4 3 15 6 10 7 -1 -8 -7 -6 13 22 -5 -13 17 -17 -2 19 -14 -20 24 23 -3 25 -4 27 -23 -26 -24
right_child=2 12 21 11 5 9 8 -9 -10 -11 -12 14 18 -15 -16 16 -18 -19 20 -21 -22 26 29 -25 28 -27 -28 -29 -30 -31
leaf_value=-0.007470585979982021 0.011851323273734551 0.010085459399706159 0.0034419231974684144 -0.0029570120278766959 -0.028631277469798367 0.0013368988119261353 0.0047377798742589388 -0.00024734388312495979 0.00048873507301011793 -0.0066689720785187943 -0.0078534409574261537 0.0097447152474337811 -0.0049303124962833504 0.028607006979629441 0.00012393471902625433 0.046662036296396418 0.012468173511484364 -0.0067820366857922242 -0.0017220558608968411 -0.012864735277913092 0.023054918276824543 -0.036630347176499344 0.015051662560732971 -0.032158955408844746 0.018837759751632689 -0.01917566618852775 -0.050105317505920122 0.0066593635185746118 -0.020969778039132633 0.04165744867462956
leaf_weight=7153.7436639815569 1552.5067652016878 156.51259687542915 79.794209763407707 4265.6999602913857 369.12122717499733 11876.060964435339 21541.764274261892 69125.537151895463 76933.433231629431 4958.9651235938072 3957.5556810647249 2265.8264133632183 8172.3675822243094 107.28238494694233 2101.4348986372352 176.25855228304863 1237.6409548223019 678.19340819120407 280.9791407212615 1533.2274926155806 171.73783747106791 60.912624046206474 151.40218015015125 52.08102585375309 69.0556450933218 242.59188379347324 56.987262353301048 34.218245893716812 24.912740901112556 54.863723441958427
leaf_count=29268 6352 648 324 17343 1595 48463 90131 284042 314856 20355 16753 9457 33576 437 8717 784 5229 2770 1191 6344 708 244 629 214 279 974 229 138 100 227
internal_value=-1.40291e-08 -0.000202415 0.00322647 0.00405746 5.24552e-05 -0.00278063 0.000395525 -0.000924765 0.00141823 -0.00102133 -0.00962606 0.00146398 -0.00492505 -0.00218265 0.0051154 0.010277 0.0167308 0.00618628 -0.00556602 -0.00618374 0.00767707 -0.0148776 0.0107698 -0.000461999 -0.00864354 -0.0135776 -0.0319406 -0.0210592 0.00828405 0.0221284
internal_weight=219443 206489 12953.3 12384.8 195916 21161.7 174754 76279.3 98475.2 16835 4326.68 8740.24 10573.2 4372.98 4367.26 3644.6 1413.9 2230.7 10158.3 9705.6 452.717 568.473 414.86 208.594 416.354 322.386 152.118 95.1309 93.9684 206.266
internal_count=902377 849000 53377 51089 805463 87166 718297 313310 404987 68818 18348 35954 43537 17780 18174 15135 6013 9122 41819 39920 1899 2288 1718 862 1677 1298 611 382 379 856
is_linear=0
shrinkage=0.05


Tree=102
num_leaves=31
num_cat=0
split_feature=13 5 17 4 13 13 14 3 14 14 14 18 14 5 17 13 14 5 14 11 3 5 12 13 17 13 5 17 13 2
split_gain=56.4194 107.213 96.8601 83.2624 94.4527 90.902 89.8339 88.1319 68.8882 172.344 147.124 66.8028 54.519 53.5514 55.7736 55.433 51.0565 43.5192 43.2785 39.0409 37.6972 33.1544 41.8085 24.6869 23.7157 28.896 24.4988 23.0593 21.0951 16.5983
threshold=0.034558853275611263 0.0044527741839392862 0.017985886178865932 0.017846019990539117 -0.049719712456009472 -0.12253817901829754 1.5000000000000002 -0.040435936148103972 11.500000000000002 13.500000000000002 9.5000000000000018 2.1373867890188616 17.500000000000004 0.0083771392763084557 0.041390118447153797 0.082783554866759604 1.0000000180025095e-35 0.016170133281396267 1.5000000000000002 1.8369086765900804 0.024344642112747009 0.0023254931443332221 1.0000000180025095e-35 0.036919961800240826 0.23528694097927952 0.15114400478283921 0.033515602337055313 0.053784005252250751 0.073186086520385732 0.0016687352177150452
decision_type=2 2 2 2 2 2 2 2 2 2 2 2 2 2 2 2 2 2 2 2 2 2 2 2 2 2 2 2 2 2
left_child=2 8 3 4 6 17 -1 -6 10 28 18 13 -11 14 -3 -15 20 -5 -2 -7 29 27 -23 -12 25 -13 -26 -18 -10 -4
right_child=1 11 16 5 7 19 -8 -9 9 12 23 24 -14 15 -16 -17 21 -19 -20 -21 -22 22 -24 -25 26 -27 -28 -29 -30 -31
leaf_value=-0.018258590305001713 0.020914350890914445 0.0040064708398188896 -0.0038637166455927786 -0.014476891892937386 0.0090810174500496523 0.0080501264849906252 -0.0030599025374311974 -9.5913043336359916e-06 0.031564153962078283 0.015126113019811635 0.0081417958706594754 0.010033988478357471 -5.6227272765609472e-05 -0.0057741437690510917 -0.0024200758154367566 0.00088837124115445816 0.0058558756637306962 0.00070583929099149499 0.0050876089582774448 -0.018921746183272657 -0.03722700115071359 -0.0025489410653535922 -0.0089615358774407291 -0.019945797618209537 -0.027131776866084922 0.031516392447119908 0.037014992275623111 -0.015066380560335563 0.061805996158921295 -0.018820130486038721
leaf_weight=1059.7517610490322 520.27985855937004 10421.387602448463 424.5797076150775 702.45848841965199 2719.1925800964236 6772.1819821745157 11771.858719468117 136722.01590388268 664.69536799937487 1032.7413244098425 88.42125292122364 1055.5045879632235 1383.3524353206158 6315.2140206247568 4993.8979409784079 6174.3527829796076 1449.6682059764862 1438.4922608435154 2544.1131406575441 136.87634563446045 158.44726386666298 16353.453215770423 3009.5383564829826 678.79014423489571 70.069795936346054 183.79261361062527 18.899167418479919 144.85447035729885 63.141680404543877 329.43468621373177
leaf_count=4387 2149 43030 1766 2889 11387 27923 48373 560976 2901 4351 357 4348 5702 25953 20294 25362 5916 5854 10376 562 701 68199 12453 2742 282 762 77 591 296 1418
internal_value=-1.89814e-09 0.00180348 -0.000356467 6.68491e-05 -0.000210074 0.00472628 -0.00431515 0.000167681 0.00737324 0.0128586 0.00287234 0.00047444 0.00643335 -4.70335e-05 0.00192454 -0.00248046 -0.00347903 -0.0042757 0.00777471 0.00751578 -0.015057 -0.00297494 -0.00354563 -0.0167087 0.0114298 0.0132199 -0.0135054 0.00395519 0.0341877 -0.0103983
internal_weight=219401 36208.7 183193 161323 152273 9050.01 12831.6 139441 6975.54 3143.93 3831.6 29233.1 2416.09 27904.9 15415.3 12489.6 21870 2140.95 3064.39 6909.06 912.462 20957.5 19363 767.211 1328.27 1239.3 88.969 1594.52 727.837 754.014
internal_count=902377 148982 753395 662351 625123 37228 52760 572363 28874 13250 15624 120108 10053 114639 63324 51315 91044 8743 12525 28485 3885 87159 80652 3099 5469 5110 359 6507 3197 3184
is_linear=0
shrinkage=0.05


Tree=103
num_leaves=31
num_cat=0
split_feature=1 15 14 5 19 15 14 3 8 4 11 19 17 16 19 17 7 17 19 15 5 3 10 0 15 19 17 14 5 4
split_gain=57.1944 59.7595 52.0843 67.795 58.373 49.1837 77.9265 44.4565 43.2848 42.0943 43.4113 38.8739 35.8559 47.8205 34.774 33.999 36.2651 33.9211 33.2052 30.9809 42.9518 41.5475 28.2167 27.5965 24.1849 34.8966 24.0732 18.8474 21.2377 20.9555
threshold=-0.00062749184751303966 3.5000000000000004 14.500000000000002 0.0046278199021114897 0.8640392314398242 5.5000000000000009 4.5000000000000009 -0.02101716149088417 -0.044884881632486648 0.0082417582417582524 -0.155964911146181 -0.36180103624256182 0.048602036662721844 1.0000000180025095e-35 0.68410124509439008 -0.010929958889236422 0.48679327161842861 0.042730287765831272 0.6590912395423103 1.0000000180025095e-35 0.0015577570271606723 0.069039845960584559 27.707399970144504 0.00047589471107678532 1.0000000180025095e-35 0.62025282888630351 0.15237252525133174 3.5000000000000004 0.0057183970419179102 0.0060567845612771384
decision_type=2 2 2 2 2 2 2 2 2 2 2 2 2 2 2 2 2 2 2 2 2 2 2 2 2 2 2 2 2 2
left_child=1 2 3 8 -5 9 7 -7 -1 17 -11 -4 13 15 -8 16 -2 -3 24 20 -15 -21 -13 -17 25 -14 -26 29 -29 -20
right_child=12 5 11 4 -6 6 14 -9 -10 10 -12 22 18 19 -16 23 -18 -19 27 21 -22 -23 -24 -25 26 -27 -28 28 -30 -31
leaf_value=-0.0080129062390713549 -0.0021888107744602284 0.0049360580394019861 -0.034368577626486034 -3.0278694703887441e-05 0.010328060439877169 0.022362986799898579 0.000777906957256149 0.004697533920595927 -0.0021547245752626784 0.0047156646929866972 -0.0014113345214618262 0.0062493300947720756 -0.012504614294444267 -0.02551841854340238 -0.0048554992556173876 -0.0008513616115521013 0.0019733376025422192 0.020447355600717799 0.060175882719468138 0.00043713650871845763 0.0044492934108836405 -0.010415526632156821 0.0011744466566520006 -0.0034961643119731144 0.0012346730645079809 0.018027959104948903 -0.0067679502220100475 0.002524185805046869 -0.0078260381364257739 -0.016692907325101956
leaf_weight=4134.4914866685867 9083.7033730074763 15121.865717090666 73.934243083000183 17504.076003931463 1474.6891345977783 416.84520834684372 5566.17373919487 2445.6985501125455 13285.197096571326 5221.9289428442717 6476.5979462787509 3233.4346417412162 816.31326259672642 121.82382962107658 5394.0513206124306 18481.428482726216 12347.398326545954 360.87414941191673 9.0037001967430097 41538.650184780359 6456.7066867351532 901.01548343151808 17912.596955411136 21150.130832158029 4869.5326310917735 105.70029491186142 1164.4649204239249 618.42556835711002 2495.8271909281611 580.68666203320026
leaf_count=16987 37245 62126 307 72283 6085 1739 22808 10023 54667 21669 26743 13394 3355 499 22070 75662 50687 1479 37 170991 26589 3702 73957 86791 20123 435 4738 2542 10262 2382
internal_value=3.21016e-08 0.000893346 -0.000144943 -0.00129276 0.000774586 0.00235234 -7.59755e-05 0.00726999 -0.00354514 0.00358723 0.0013236 0.0018239 -0.000729637 -0.000461507 -0.00199456 -0.00139522 0.000209186 0.0052976 -0.0034985 0.000701628 0.00389434 0.000206729 0.00195045 -0.00226281 -0.00146217 -0.00900434 -0.000309705 -0.00732273 -0.0057707 -0.0155192
internal_weight=219363 98622.5 57618.4 36398.5 18978.8 41004 13822.8 2862.54 17419.7 27181.3 11698.5 21220 120741 110081 10960.2 61062.7 21431.1 15482.7 10660 49018.2 6578.53 42439.7 21146 39631.6 6956.01 922.014 6034 3703.94 3114.25 589.69
internal_count=902377 406337 237680 150022 78368 168657 56640 11762 71654 112017 48412 87658 496040 452166 44878 250385 87932 63605 43874 201781 27088 174693 87351 162453 28651 3790 24861 15223 12804 2419
is_linear=0
shrinkage=0.05


Tree=104
num_leaves=31
num_cat=0
split_feature=13 3 9 13 4 12 4 15 17 13 13 10 9 10 17 18 19 18 4 2 17 18 3 0 6 19 9 7 18 6
split_gain=55.465 93.4884 70.7055 95.0216 121.098 93.1566 65.5 77.8172 49.6128 48.9954 48.2404 43.7783 41.6177 36.6382 36.2213 37.3468 33.5474 33.2746 32.1822 30.6558 28.9777 51.2082 25.2382 23.3381 18.4358 17.8697 17.0644 15.6701 14.1308 4.16184
threshold=-0.077142940274329538 -0.052308458569086273 -1.918451784595923 -0.0065694062116044552 0.004240721985751904 -1.0000000180025095e-35 0.014792309736356847 3.5000000000000004 -0.044392032547185316 -0.0096337778452890137 -0.12253817901829754 34.710224784327977 -1.6247147686815533 35.188743859151884 -0.033053269114871379 1.8736736514794228 0.71154639955292975 1.0525162554986662 0.0023362380122212696 0.0022185708424292687 -0.068848911994032855 -0.13450098754285666 -0.015141793917618438 -0.00079476955018692441 0.39177412954619684 0.86082715908178031 -1.918451784595923 0.48101656930882203 1.1654093634463798 0.45923591084281074
decision_type=2 2 2 2 2 2 2 2 2 2 2 2 2 2 2 2 2 2 2 2 2 2 2 2 2 2 2 2 2 2
left_child=6 20 9 4 -4 -5 14 8 10 11 -8 -3 13 -9 15 17 -10 -1 -11 -14 25 29 26 -23 -17 27 -16 -2 -24 -22
right_child=1 2 3 5 -6 -7 7 12 16 18 -12 -13 19 -15 22 24 -18 -19 -20 -21 21 23 28 -25 -26 -27 -28 -29 -30 -31
leaf_value=0.002860606839550312 0.032797684438110201 0.0001007100146768226 -0.0072580068377750941 0.0069434415270762497 -0.00092165889078902957 0.00027866100757296443 -0.0075182929252325635 0.0058968330528266933 -0.0052922333138921557 -0.021140883959933719 0.0065433511245009306 0.0065185620365059323 0.0048501160270638102 0.023634863704158373 -0.0058144263401730782 0.052737792714586666 -0.020307742760847763 -0.013322478490650359 0.022560583239529457 -0.015473377007153122 -0.044800122420760646 0.010425763872550691 -0.019872808376854297 0.0020810631956625848 0.0089301448516717324 -0.06979075735356359 -0.022364504490290305 0.012816590091534222 -0.039642914686701086 -0.099863876875050425
leaf_weight=459.23788101971149 178.85786195844412 5596.4973770081997 8771.5996476635337 5467.6017440110445 53725.828289784491 127647.96022514999 1266.8297182619572 760.78146609663963 795.39230147004128 46.158356949687004 1176.2408445328474 5059.2749765217304 575.72650859504938 471.55649325251579 424.43609349429607 28.879126489162445 698.77238275110722 1030.1442234665155 482.3850858733058 273.78383940458298 4.9777992218732861 1944.0830714553595 216.32458104193211 1472.5354948490858 142.61713327467442 5.393682822585105 246.03607003390789 217.38305164128542 155.24779352545738 11.047350376844404
leaf_count=1908 761 22886 35941 23216 221630 523546 5172 3112 3291 198 4758 20667 2339 1926 1764 120 2844 4237 2410 1131 20 8186 939 6074 593 23 1037 927 677 44
internal_value=3.54911e-08 0.000161826 1.83907e-05 -0.000202679 -0.00181097 0.000552411 -0.00390712 -0.00100354 -0.00513755 0.00388489 -0.000748173 0.00314785 0.00681479 0.0126843 -0.010373 -0.00578836 -0.0123145 -0.00833257 0.0187441 -0.00169983 0.00789785 0.00641102 -0.0176804 0.00682926 0.0163071 0.0206053 -0.0118876 0.0218358 -0.028133 -0.0827597
internal_weight=219354 210632 206797 195613 62497.4 133116 8722.01 6019.08 3937.24 11184.3 2443.07 10655.8 2081.85 1232.34 2702.92 1660.88 1494.16 1489.38 528.543 849.51 3834.28 3432.64 1042.04 3416.62 171.496 401.635 670.472 396.241 371.572 16.0251
internal_count=902377 866529 850494 804333 257571 546762 35848 24573 16065 46161 9930 43553 8508 5038 11275 6858 6135 6145 2608 3470 16035 14324 4417 14260 713 1711 2801 1688 1616 64
is_linear=0
shrinkage=0.05


Tree=105
num_leaves=31
num_cat=0
split_feature=0 16 9 17 10 12 14 3 15 14 19 14 4 3 4 2 14 4 10 1 19 15 2 9 3 16 7 9 0 14
split_gain=54.0261 53.1965 84.9978 84.6742 67.6116 60.251 46.2218 43.1881 48.4131 41.6934 39.5815 39.1712 36.5072 33.1405 31.4852 27.9559 22.2659 18.2616 15.8535 12.9976 10.4189 10.3393 15.7448 8.80689 14.1175 9.76757 8.10003 7.2566 5.32521 16.4458
threshold=-0.016021419622621044 -0.0040870374708405479 -0.71843011630968323 -0.027362859358239285 51.855133488200131 -1.0000000180025095e-35 15.500000000000002 0.043675947585623993 1.0000000180025095e-35 15.500000000000002 0.77619502540988139 8.5000000000000018 0.0020752737881382772 0.039289272954106898 0.0092744385858688824 -0.028703841721266606 10.500000000000002 0.012132673469934791 50.036429993364258 -0.01281732579921324 0.34715849811914679 3.5000000000000004 -0.004181743735963527 -3.6830639866115287 -0.12038775307873127 -1.0000000180025095e-35 0.51555646926436516 -1.8191970676323865 -0.017717856077023916 16.500000000000004
decision_type=2 2 2 2 2 2 2 2 2 2 2 2 2 2 2 2 2 2 2 2 2 2 2 2 2 2 2 2 2 2
left_child=15 3 7 13 9 -6 11 10 -9 -4 -3 -5 -8 16 -15 17 -2 28 21 20 -20 22 -17 24 -19 -25 -23 -21 -1 -30
right_child=1 2 4 6 5 -7 12 8 -10 -11 -12 -13 -14 14 -16 18 -18 23 19 27 -22 26 -24 25 -26 -27 -28 -29 29 -31
leaf_value=-0.0040359226278891686 0.003456645621857905 0.0010884698230374905 0.00029699170916638857 -0.0019042479794384741 0.0039923898071943823 -0.0016481482204130417 -0.016290240432734311 0.039458984796538116 0.0081912407099993065 0.0038759036068325482 0.00461003523273838 -0.0053960655006983207 6.2448209728568885e-05 0.019727570262700583 -0.020165340118973973 -0.001859730256793252 0.00020000495016409228 0.044246965448879828 -0.0026629358495999281 0.029858770769289989 0.01750100776748701 0.0028462856621365414 -0.018955800487598248 0.0088459987735812293 0.010909141956775784 0.018645359048613926 0.041884461116043797 0.00063728681386758361 0.024912885149613775 -0.035274341126387887
leaf_weight=270.2728968039155 9395.7425500974059 25020.624798648059 26205.2920704633 17851.954094901681 5119.2904929965734 62967.63052393496 348.36054794490337 146.41845268011093 801.2748981565237 11803.074184350669 11715.290763393044 14600.400216780603 16846.883248403668 59.142402619123459 302.11930991709232 592.65239094942808 11891.071408048272 52.795864373445511 80.72026365250349 22.03462840616703 310.46276442706585 382.37839204072952 174.27741932868958 1287.4203673824668 79.68495611846447 316.88134757429361 13.7659974694252 593.29166911542416 51.942075043916702 14.523192495107649
leaf_count=1123 38629 103045 107560 73190 21261 258890 1407 599 3279 48377 48232 60185 69417 242 1235 2465 49094 232 336 91 1293 1598 725 5412 335 1333 59 2457 216 60
internal_value=3.09683e-08 -0.000110195 0.000443539 -0.00122689 -0.000280988 -0.00122405 -0.00236471 0.00248339 0.0130221 0.00140838 0.00221152 -0.00347523 -0.000268843 0.00138259 -0.0136344 0.00558715 0.00163745 0.00973859 0.00161952 0.00621403 0.0133402 -0.00235652 -0.00574465 0.0118047 0.0241948 0.0107816 0.00420286 0.0016837 -0.000917834 0.0117615
internal_weight=219318 215075 143779 71295.7 106095 68086.9 49647.6 37683.6 947.693 38008.4 36735.9 32452.4 17195.2 21648.1 361.262 4243.1 21286.8 2073.52 2169.58 1006.51 391.183 1163.07 766.93 1736.78 132.481 1604.3 396.144 615.326 336.738 66.4653
internal_count=902377 884642 591243 293399 436088 280151 204199 155155 3878 155937 151277 133375 70824 89200 1477 17735 87723 8711 9024 4177 1629 4847 3190 7312 567 6745 1657 2548 1399 276
is_linear=0
shrinkage=0.05


Tree=106
num_leaves=31
num_cat=0
split_feature=13 4 12 2 14 14 13 5 14 14 14 6 14 5 13 15 14 3 14 14 14 14 13 13 18 13 13 6 19 4
split_gain=57.2338 108.664 100.491 92.9072 76.243 82.0288 76.0601 72.2752 72.394 70.2988 152.698 69.9976 61.4855 60.9783 83.8172 60.6216 102.511 60.3936 57.6284 68.0205 63.5711 51.4856 48.7965 48.4558 47.7664 46.7374 40.3784 32.0611 25.1454 19.282
threshold=0.020753416001427331 0.0063702929042701783 1.0000000180025095e-35 0.0053618605144494244 11.500000000000002 18.500000000000004 0.052987677202534396 0.0014290996516033983 16.500000000000004 1.5000000000000002 7.5000000000000009 0.92549857625524901 19.500000000000004 0.012194816013134265 -0.041640949684828114 4.5000000000000009 4.5000000000000009 -0.0034854353212139806 11.500000000000002 9.5000000000000018 13.500000000000002 21.500000000000004 -0.011328999442674235 0.0051884706432369096 1.1421652815661274 -0.12253817901829754 -0.049719712456009472 0.38093519024144989 0.55855402715737756 0.0028627287521283255
decision_type=2 2 2 2 2 2 2 2 2 2 2 2 2 2 2 2 2 2 2 2 2 2 2 2 2 2 2 2 2 2
left_child=2 11 3 13 15 6 -6 23 22 26 -11 21 -7 14 -1 17 -17 -3 19 -13 -20 24 -9 28 -2 -15 -5 -10 -4 -25
right_child=1 4 7 9 5 12 -8 8 27 10 -12 18 -14 25 -16 16 -18 -19 20 -21 -22 -23 -24 29 -26 -27 -28 -29 -30 -31
leaf_value=-0.0029379006227257965 0.0012782034300343418 0.006453233274989559 0.0045475116686698406 -0.02557219838913068 0.0015435334736085423 -0.0089820729176313101 0.0092682154214664345 -0.024191720519931424 0.0090098768689271091 0.0037457200534183627 -0.0035751251401514119 0.0092510143401746923 0.00079188942527796578 -0.001551392653029304 0.00094454004956606079 0.0014600577415821543 -0.013030888581087793 -0.0018290653251044533 0.026989398913222502 -0.0091408565074847549 0.0095962685211119156 -0.0099926920883569859 -0.0075391490999166854 0.020896189942591067 0.011559934425625147 0.0083378792263043913 -0.0072838875339675023 -0.0025682398254897386 -0.015820764000909704 -0.015329506795216094
leaf_weight=16456.839673750103 4670.437470048666 2637.421069920063 479.66827392578125 334.80127261579037 7550.6860916689038 2040.5461931675673 5513.5940055772662 466.43043106794357 817.9638607352972 9828.4812329486012 25873.631368033588 2367.063071899116 7609.3686293885112 1661.7106702029705 89530.885379724205 2146.1011420190334 2829.5443671345711 13302.962040647864 823.52352304011583 638.28138975799084 1450.9168003052473 764.42478302121162 7737.5589406937361 488.10447257757187 1489.9900996237993 4251.5586817637086 3063.4458845928311 2222.6209090128541 221.4982293844223 39.72264589369297
leaf_count=67524 19109 10960 1948 1424 31328 8405 23220 2230 3349 40582 107477 9641 31226 6791 367311 8776 11490 54008 3553 2576 5984 3085 31687 1982 6112 17559 12851 9128 900 161
internal_value=3.74904e-08 0.00138214 -0.00047202 -0.000115722 0.000215521 0.00222123 0.00480363 -0.00478526 -0.00604352 -0.00221384 -0.00155976 0.00555267 -0.00127489 0.000617403 0.000341709 -0.00196262 -0.00678064 -0.000458715 0.00988925 0.00534491 0.0158939 0.0022463 -0.00848592 0.00672715 0.00376499 0.00555886 -0.00908568 0.000546451 -0.00188682 0.01817
internal_weight=219310 55834.9 163475 151001 43630.2 22714.2 13064.3 12473.6 11244.6 39100.4 35702.1 12204.6 9649.91 111901 105988 20916 4975.65 15940.4 5279.78 3005.34 2274.44 6924.85 8203.99 1228.99 6160.43 5913.27 3398.25 3040.58 701.167 527.827
internal_count=902377 229473 672904 621519 179413 94179 54548 51385 46394 162334 148059 50060 39631 459185 434835 85234 20266 64968 21754 12217 9537 28306 33917 4991 25221 24350 14275 12477 2848 2143
is_linear=0
shrinkage=0.05


Tree=107
num_leaves=31
num_cat=0
split_feature=13 9 18 17 3 19 13 4 4 19 15 5 15 13 13 17 6 19 5 5 17 9 18 6 13 5 13 1 17 7
split_gain=52.9257 114.797 97.5678 71.7812 93.2894 70.1379 68.425 138.527 123.607 123.863 87.7399 64.9064 63.4006 61.1156 58.5272 63.215 53.7194 51.6795 50.0176 37.4158 36.6869 40.9653 39.2889 27.1319 31.0066 25.2535 24.9706 23.7692 20.8669 18.0895
threshold=0.052987677202534396 1.7619115304602044 -1.0000000180025095e-35 0.068443476263228123 0.069039845960584559 0.78618453063511329 0.0035971223021583625 0.0038005948752578762 0.0066101459647701531 0.77619502540988139 4.5000000000000009 0.010877189724242771 3.5000000000000004 0.0097812986270943165 0.13392791933450457 0.15237252525133174 0.54847137995564266 0.21912988213614135 0.0076220242617583353 0.0025230845980726592 0.13465265497101039 2.4926677103386496 2.3508849655888819 0.54473533226295401 0.082783554866759604 0.015032108175121094 0.23571593618884482 -0.0064382314593485748 0.034649522118003991 0.5016361786963085
decision_type=2 2 2 2 2 2 2 2 2 2 2 2 2 2 2 2 2 2 2 2 2 2 2 2 2 2 2 2 2 2
left_child=1 6 18 4 5 17 8 16 12 -10 -9 13 -1 -4 20 26 -8 -2 28 -7 22 -22 -5 -6 -25 -17 -16 -20 -3 -13
right_child=3 2 11 14 23 19 7 10 9 -11 -12 29 -14 -15 15 25 -18 -19 27 -21 21 -23 -24 24 -26 -27 -28 -29 -30 -31
leaf_value=-0.0042454843015577474 0.00038308702248027464 0.030792445496465995 -0.016646980687859938 -0.0038683182467266642 -0.02046671916310271 0.043592026076793654 0.00022663892622365613 0.0016232444451982119 -0.00065111621869875917 0.0040021189551004248 -0.0028068039440365764 -0.029588816683818769 -0.0007730839608476079 -0.0038287286248561295 0.010621329113510847 -0.01269282963095178 0.0086222079003407306 0.010665300828579839 0.045876104439440915 -0.00016589895827706934 -0.0085964197614419539 -0.036157445255488689 0.023094968445687949 -0.014759654447202137 0.0030446223477853473 0.0015125796457920457 0.037002684676355188 -0.072172207530194002 0.0099735484801739167 -0.0064723942595568034
leaf_weight=25419.959062196314 1505.5882613658905 243.66881889104843 1011.4151592925191 3840.8170499205589 321.19906768202782 49.511223003268242 2498.5554574280977 39438.172411292791 46224.190706647933 20707.968162968755 15597.137526854873 348.6183507964015 27223.45236504823 11537.273227587342 1142.144083455205 433.28191085159779 8024.9536456763744 6488.7854302302003 5.2951842248439815 3668.7975268959999 593.80332596600056 174.42704698443413 140.02830830216408 398.20645001530647 633.67753684520721 1125.7244040369987 97.340906962752342 21.900629356503487 237.84140087664127 111.76106601953506
leaf_count=104615 6319 1003 4990 15585 1305 211 10138 162413 190797 85356 63943 1504 111323 47008 4735 1747 32683 27029 22 15252 2409 705 574 1604 2607 4559 406 90 966 479
internal_value=4.80607e-08 -0.000250186 -0.00469834 0.00241157 0.00465409 0.00609009 7.46007e-05 0.00137279 -0.00063715 0.000788536 0.000367758 -0.00553834 -0.0024498 -0.00486187 -0.00147052 0.0042652 0.00662888 0.00872884 0.0167829 0.000416761 -0.00485041 -0.0148542 -0.00291987 -0.00777629 -0.00382609 -0.00243541 0.0126931 -0.0491875 0.020509 -0.0239771
internal_weight=219265 198652 13517.8 20613.3 13065.8 11712.7 185134 65558.8 119576 66932.2 55035.3 13009.1 52643.4 12548.7 7547.57 2798.49 10523.5 7994.37 508.706 3718.31 4749.08 768.23 3980.85 1353.08 1031.88 1559.01 1239.48 27.1958 481.51 460.379
internal_count=902377 817330 56062 85047 54327 48811 761268 269177 492091 276153 226356 53981 215938 51998 30720 11447 42821 33348 2081 15463 19273 3114 16159 5516 4211 6306 5141 112 1969 1983
is_linear=0
shrinkage=0.05


Tree=108
num_leaves=31
num_cat=0
split_feature=13 9 14 14 14 17 14 13 4 19 9 18 14 17 13 4 10 14 14 4 4 13 4 13 18 0 18 14 16 8
split_gain=53.3461 85.0357 68.6679 81.9117 108.852 73.4476 68.5642 62.3743 128.312 134.938 90.899 85.2983 78.9141 62.2019 49.5047 43.736 41.2643 40.936 36.4446 35.4306 33.6625 28.1724 37.6559 21.2224 24.458 19.6138 16.7203 15.1397 13.2112 9.66219
threshold=-0.077142940274329538 -2.1183917854881638 1.5000000000000002 11.500000000000002 9.5000000000000018 -0.060047069084524445 22.500000000000004 -0.0065694062116044552 0.008393988863357767 0.78063572353390953 -1.1932761254922222 -1.0000000180025095e-35 1.5000000000000002 -0.065489182863931336 -0.010317921763010938 0.01368981148229763 49.100843806282889 2.5000000000000004 1.5000000000000002 0.051278765813054371 0.0023362380122212696 -0.14141431922022427 0.019368741955743733 -0.07329325294484261 1.3669087287277508 0.0067114093959731455 1.6396521717968675 4.5000000000000009 -0.025256916458539332 -0.022818718700129723
decision_type=2 2 2 2 2 2 2 2 2 2 2 2 2 2 2 2 2 2 2 2 2 2 2 2 2 2 2 2 2 2
left_child=2 13 19 4 5 -4 15 8 12 -10 18 -12 -3 23 17 -5 -6 -15 -9 21 -16 29 -23 24 -2 -8 -21 -25 -28 -1
right_child=1 7 3 6 16 -7 25 10 9 -11 11 -13 -14 14 20 -17 -18 -19 -20 26 -22 22 -24 27 -26 -27 28 -29 -30 -31
leaf_value=-0.03103999906304877 -0.02605421477354692 -0.010810987253785979 0.0073433073824652091 -0.019204940722615506 0.027161547834569429 -0.0083289357414083123 0.018907143107247268 0.019796784251192349 -0.00094240601210696237 0.0065493775600107889 0.0095973948393706914 0.00012596932875583457 -0.0025326805579401358 0.012191150993575595 -0.02491210911307528 -0.0063859452126209804 -0.0002721062196357294 0.0017879434741027774 0.0056240985692569308 0.062669394052954727 0.029128967261097066 -0.026284841581836922 -0.0002486225281671676 0.044738268980227508 0.039201486916003635 -0.010063956358576926 0.019510826462647526 0.021389299494415523 -0.072507745817115388 -0.060760979265915498
leaf_weight=62.513704493641853 43.606075569987297 3138.1438019871712 1358.4844368547201 856.05335811525583 544.72501906752586 1662.3947880417109 299.08444526791573 500.17710368335247 21300.312711626291 8373.0597729086876 2422.8145116716623 126019.25036852807 34834.490510642529 1089.416422098875 32.153419464826584 2987.3448717221618 183.16117422282696 7163.4353873580694 4870.5903937071562 18.300944149494171 277.64599410444498 373.89515615999699 220.93139433860779 86.830449767410755 21.4086724370718 72.603476166725159 16.444430574774746 346.3691584020853 5.1135120987892142 48.609052017331123
leaf_count=257 177 13040 5548 3633 2236 6836 1217 2276 88055 34481 9909 516459 143273 4475 136 12233 760 29303 21630 77 1395 1559 909 372 87 293 69 1461 21 200
internal_value=4.58282e-08 0.000158691 -0.00383453 -0.00247591 0.0029011 -0.00128115 -0.00725805 -5.44252e-05 -0.00129182 0.00117158 0.00057111 0.00030463 -0.00321682 0.0048971 0.00389781 -0.00924116 0.0202583 0.00316122 0.00694399 -0.0183421 0.0235202 -0.0209316 -0.0166144 0.0220716 -0.0045662 0.0132481 0.0275217 0.0260694 -0.00231584 -0.044041
internal_weight=219229 210520 8709.66 7963.85 3748.77 3020.88 4215.09 201459 67646 29673.4 133813 128442 37972.6 9060.87 8562.65 3843.4 727.886 8252.85 5370.77 745.808 309.799 705.949 594.827 498.214 65.0147 371.688 39.8589 433.2 21.5579 111.123
internal_count=902377 866529 35848 32756 15380 12384 17376 829123 278849 122536 550274 526368 156313 37406 35309 15866 2996 33778 23906 3092 1531 2925 2468 2097 264 1510 167 1833 90 457
is_linear=0
shrinkage=0.05


Tree=109
num_leaves=31
num_cat=0
split_feature=1 15 13 9 4 9 12 14 11 3 11 13 5 17 15 3 14 15 7 4 13 13 7 9 13 13 3 16 9 2
split_gain=52.0446 55.5127 74.8261 93.1912 94.2646 53.4836 57.2135 48.1837 44.7652 36.0612 33.96 34.0032 57.7588 54.1671 43.1428 34.9605 33.8695 31.7946 29.6246 28.0944 49.8858 44.1072 26.6107 25.34 19.8725 19.4224 18.4756 26.2329 17.1913 12.8196
threshold=0.001498658987532653 3.5000000000000004 0.0038268753222271417 0.49234730113156072 0.0024861556022230647 1.2806335503468507 1.0000000180025095e-35 18.500000000000004 -0.46343370922798083 -0.0028359124689981137 -2.7239003046760977 0.082783554866759604 0.0055675431540981122 0.032747728661232552 1.0000000180025095e-35 0.10912186581183438 18.500000000000004 1.0000000180025095e-35 0.50537864731979065 0.01039439156019697 -0.011328999442674235 0.01285818409455586 0.53329321073187674 2.1091455870917275 0.10281953895104591 -0.014720254974997014 -0.0097799835013546704 -0.0068281365907504879 -1.3184853441807229 0.0096133755997196441
decision_type=2 2 2 2 2 2 2 2 2 2 2 2 2 2 2 2 2 2 2 2 2 2 2 2 2 2 2 2 2 2
left_child=1 2 3 4 -1 6 -4 -5 9 18 17 13 16 14 -12 -14 -13 26 -3 21 -21 -10 -7 -15 25 -19 27 -2 -11 -28
right_child=10 8 5 7 -6 22 -8 -9 19 28 11 12 15 23 -16 -17 -18 24 -20 20 -22 -23 -24 -25 -26 -27 29 -29 -30 -31
leaf_value=-0.015382793117353572 -0.0022723162149450226 0.0065359812911953315 0.0054955967124346488 -0.008959017408147708 -0.00012460039141420996 -0.0012575362485594873 -0.00088639897345755149 0.0011299529028413477 0.00053915665321794908 0.011320170111881467 0.002226623217287324 0.026016687758761647 0.0033122860576995407 -0.0030616862786440905 -0.0011488375898554464 -0.0068882038728841181 -0.011470634698013085 -0.026017515201055354 -0.0021205864175079764 0.0026326987009212869 -0.0050858812727659977 0.0048388862390393791 0.017616982658083615 -0.0088065035354927389 -0.11328238591090896 -0.0026510418515648948 -0.06774875845197656 0.050801595852463771 -0.00010533276914099728 0.012720654164634965
leaf_weight=1041.3780800104141 59.636718735098839 9860.3220021501184 11562.095804147422 5566.124098867178 36173.468078166246 10853.179300516844 5043.6839814335108 1502.9999691173434 24154.911591812968 352.5899675488472 11140.612161383033 377.82253222167492 4478.1786917001009 7190.1000701859593 62989.379212252796 1033.9335644543171 71.685215443372726 282.63603258132935 1098.4271666556597 3784.3798042088747 4684.7406806200743 7920.0414778441191 190.01233758032322 2618.6099469810724 5.6251868009567252 129.76098898053169 11.783641114830973 38.192741870880127 4969.219860509038 8.5338256210088712
leaf_count=4238 245 40703 48393 23514 148466 44323 20767 6250 98711 1457 45798 1617 18403 29903 259136 4181 300 1150 4527 15563 19446 32594 775 10791 23 534 48 158 20328 35
internal_value=4.29793e-08 0.00064574 -0.00027701 -0.00155124 -0.000551568 0.00176387 0.00355719 -0.00681395 0.00181383 0.00402846 -0.000919259 -0.000844433 0.00280435 -0.00110358 -0.000641557 0.00139893 0.0200384 -0.0134654 0.00566831 0.000924539 -0.00163688 0.00160086 -0.000932776 -0.00459537 -0.0199385 -0.0186652 0.00943713 0.0184478 0.00065165 -0.0339497
internal_weight=219194 128758 71932.9 44284 37214.8 27649 16605.8 7069.12 56824.6 16280.6 90436.5 89900.3 5961.62 83938.7 74130 5512.11 449.508 536.169 10958.7 40544.1 8469.12 32075 11043.2 9808.71 418.022 412.397 118.147 97.8295 5321.81 20.3175
internal_count=902377 530055 296726 182468 152704 114258 69160 29764 233329 67015 372322 370129 24501 345628 304934 22584 1917 2193 45230 166314 35009 131305 45098 40694 1707 1684 486 403 21785 83
is_linear=0
shrinkage=0.05


Tree=110
num_leaves=31
num_cat=0
split_feature=0 15 9 18 15 19 3 19 4 18 4 1 12 3 5 1 10 16 15 18 17 14 19 3 15 17 18 19 5 9
split_gain=50.6071 43.8555 50.1691 57.6789 42.6522 44.0022 43.8507 39.9464 44.7882 43.1719 31.4489 31.4875 29.5075 64.6739 41.7687 29.2094 31.3784 32.9104 28.9931 31.032 26.314 24.6739 26.9207 22.2756 19.8313 19.7781 17.8957 16.3949 16.3126 15.7401
threshold=-1.0000000180025095e-35 3.5000000000000004 0.82271414467052861 -1.0000000180025095e-35 5.5000000000000009 -0.36180103624256182 -0.023209345138601952 0.86581804795377093 0.0058952469408551375 1.1080315112108752 0.0033654345149978881 -0.0037624429536677324 -1.0000000180025095e-35 -0.0014440259696344435 0.00081531623728872172 0.0013613798057774409 53.681427188300709 -0.0010373752517044974 4.5000000000000009 1.3571546228115652 0.015791809090085377 20.500000000000004 0.6780399514826464 0.06426917482395457 2.5000000000000004 0.030131464168354719 -0.55057143442766243 0.74442080852429038 0.010877189724242771 1.1300271001055042
decision_type=2 2 2 2 2 2 2 2 2 2 2 2 2 2 2 2 2 2 2 2 2 2 2 2 2 2 2 2 2 2
left_child=1 2 7 20 10 -6 -7 9 -9 -1 25 -12 13 21 29 16 17 -14 23 -20 -4 22 -2 -17 -18 -3 -23 -5 -16 -15
right_child=12 4 3 27 5 6 -8 8 -10 -11 11 -13 15 14 28 18 24 -19 19 -21 -22 26 -24 -25 -26 -27 -28 -29 -30 -31
leaf_value=0.0017439277087783625 -0.0045085194178265302 0.0062654312531156501 0.033874601467603301 -0.0016507790366029195 0.043425113030293422 0.0070583424474491164 -0.0013227701686028244 -0.0024140889518468539 0.0092495029441212514 -0.0016224889255841046 0.0044037704163935589 0.00087439333008539934 -0.00066312175581831041 -0.023406102413472275 0.0044351094134928186 -0.00083019858949524698 0.0002318658050570637 0.0025880663078404345 -0.0050684979098830282 0.00047427382604333849 0.0074065980709226431 0.08783687863544952 0.0024883186483979245 -0.0058463748708558498 -0.003666519502971833 0.025176788771279931 -0.0096481162319566605 -0.0048568486777541406 0.013400125580728001 0.066374195316776213
leaf_weight=23011.213440902531 2657.4950318485498 4416.9862813651562 135.80291977524757 11622.535400189459 57.590992838144302 1762.8557891473174 13607.970514006913 1186.9466950595379 2684.8610357195139 16248.505986168981 10885.791345864534 15065.316680759192 18043.346830911934 156.45291532576084 6839.1923359185457 35906.893842659891 5390.8215762525797 13689.127796866 10907.698484107852 3285.9110863506794 304.36140812933445 4.728796809911727 2848.0877295210958 2358.5887986123562 8262.1631720289588 142.72178354859352 1056.9637282639742 6070.0857228636742 548.07674349844456 5.0390983521938315
leaf_count=94785 11014 18030 565 48137 235 7289 55672 4879 11101 67081 45152 61888 74187 635 28390 147976 22177 56259 44662 13494 1246 20 11797 9666 33729 586 4336 25088 2280 21
internal_value=4.98681e-08 0.00077651 -9.92106e-05 -0.00230594 0.00194437 -0.000198107 -0.000361554 0.000828515 0.0056739 0.000350661 0.00302775 0.00235487 -0.000743419 0.00139364 0.00455033 -0.00105173 -0.000122947 0.000739414 -0.00185528 -0.00378531 0.0155727 -0.00223483 -0.000888992 -0.00113938 -0.00212726 0.00685737 -0.00921392 -0.00275074 0.00510024 -0.0206047
internal_weight=219164 107204 61264.3 18132.8 45939.2 15428.4 15370.8 43131.5 3871.81 39259.7 30510.8 25951.1 111961 14116 7548.76 97844.6 45385.5 31732.5 52459.1 14193.6 440.164 6567.28 5505.58 38265.5 13653 4559.71 1061.69 17692.6 7387.27 161.492
internal_count=902377 441734 252882 75036 188852 63196 62961 177846 15980 161866 125656 107040 460643 58493 31326 402150 186352 130446 215798 58156 1811 27167 22811 157642 55906 18616 4356 73225 30670 656
is_linear=0
shrinkage=0.05


Tree=111
num_leaves=31
num_cat=0
split_feature=13 14 14 14 9 14 14 3 14 9 15 18 12 9 3 14 13 14 9 9 3 14 15 5 9 5 1 5 5 13
split_gain=53.9712 155.718 364.418 173.115 137.105 124.502 138.533 103.166 89.8982 89.5845 83.4074 82.7527 72.0996 67.7807 67.2514 62.9893 61.6377 92.6544 89.3177 61.2776 56.2187 45.1474 35.27 32.6034 29.99 25.5684 24.9894 22.9175 18.2375 17.4736
threshold=-0.021111854475268085 11.500000000000002 13.500000000000002 1.5000000000000002 -1.8191970676323865 3.5000000000000004 9.5000000000000018 -0.011360910894399221 22.500000000000004 -1.3783587710526093 1.5000000000000002 -0.13450098754285666 -1.0000000180025095e-35 -1.5520436728040756 -0.07358404238887227 1.5000000000000002 0.020753416001427331 11.500000000000002 1.7619115304602044 1.2635145839153974 0.001262206163569535 11.500000000000002 2.5000000000000004 0.0011638227925402928 -0.96372430262621156 0.003876857676796719 0.0025032417238791686 0.002578381374078073 0.0038514787073885156 -0.017545675989803052
decision_type=2 2 2 2 2 2 2 2 2 2 2 2 2 2 2 2 2 2 2 2 2 2 2 2 2 2 2 2 2 2
left_child=1 3 4 7 22 24 -7 10 19 11 -1 28 20 -9 -6 27 18 -18 -14 -4 23 -17 -3 -11 -5 -22 -10 -13 -2 -30
right_child=9 2 8 5 14 6 -8 13 26 12 -12 15 16 -15 -16 21 17 -19 -20 -21 25 -23 -24 -25 -26 -27 -28 -29 29 -31
leaf_value=-0.014750337856532387 -0.058124417900212381 -0.011038292527461861 -0.002404179750304841 0.007797081467866571 0.026163999237280362 -0.0013516388371118174 0.0090568239214985514 -0.00034314977167397293 0.01136489134482805 -0.012594248932303896 0.0041848175376299956 0.0034150474516441657 -0.00060979190461773883 -0.023818140967900928 -0.024507043261976742 0.00017770178924822659 -0.00084093565647916108 0.0032496298034992935 -0.0086082037359646365 -0.040458435725069797 0.0053877410066148308 0.0076308405655128786 0.0060446259738791532 0.0021572514195338597 0.016590231099041428 0.01340679870857314 -0.00054504214796783745 0.023415340410431033 -0.069719710093441481 -0.0087092738272694648
leaf_weight=850.86086355894804 49.930299758911133 686.16060900688171 19531.271138235927 2942.41930565238 66.983048558235168 12783.293796874583 4262.8884706497192 413.45623980462551 1585.9611814171076 398.36312256753445 1837.6153075844049 184.4258076697588 88320.901123538613 1199.8023757785559 2921.932829529047 3529.5641155317426 27942.7030480057 27435.140532016754 3633.9678958058357 106.36383882164955 2391.9713483899832 4788.3964157551527 539.88642159104347 6270.6149494796991 1446.3137736618519 1700.8307938277721 609.76544041931629 641.22058898210526 14.289021641016005 65.679338589310646
leaf_count=3498 202 2833 80056 11971 277 52556 17517 1696 6452 1616 7564 773 360978 5202 12542 14927 113742 113699 15947 595 9851 21006 2232 25862 5989 7094 2488 2867 58 287
internal_value=4.93951e-08 -0.00141058 -0.00413593 0.00134778 -0.0175959 0.00318484 0.0012513 -0.007806 -0.00153747 0.000436508 -0.00180786 0.00521275 0.000156343 -0.0178018 -0.0233715 0.00577572 -0.00013224 0.0011856 -0.000925881 -0.00261029 0.00410715 0.00446825 -0.00351588 0.00127609 0.0106949 0.00872019 0.00805744 0.0189478 -0.0344146 -0.0196108
internal_weight=219153 51785 26048.3 25736.7 4214.96 21434.9 17046.2 4301.73 21833.4 167368 2688.48 9273.51 158094 1613.26 2988.92 9143.61 147333 55377.8 91954.9 19637.6 10761.8 8317.96 1226.05 6668.98 4388.73 4092.8 2195.73 825.646 129.899 79.9684
internal_count=902377 213468 107475 105993 17884 88033 70073 17960 89591 688909 11062 40120 648789 6898 12819 39573 604366 227441 376925 80651 44423 35933 5065 27478 17960 16945 8940 3640 547 345
is_linear=0
shrinkage=0.05


Tree=112
num_leaves=31
num_cat=0
split_feature=13 3 11 17 16 1 17 5 13 2 14 13 13 10 17 16 17 17 16 11 13 2 14 19 14 14 16 5 3 14
split_gain=50.1808 81.3897 60.8301 62.6894 69.1381 57.2042 58.3996 53.0798 50.2035 46.3689 38.486 36.2147 34.7521 27.3596 26.5992 27.2853 25.3898 22.3852 21.7838 21.7784 21.1803 19.3787 17.9292 16.7358 26.8469 15.8053 14.4837 13.0681 12.0651 10.5291
threshold=-0.10179255162960969 -0.081864109615992706 -2.7239003046760977 -0.044392032547185316 -0.0040870374708405479 -0.022747356236397561 -0.072710332081253035 0.018807529424379198 -0.14141431922022427 0.016760083592567646 7.5000000000000009 -0.012833157803295468 -0.17912607172223297 31.751824817518202 0.023135634069704373 -0.023166845211588235 0.0017458782007083176 -0.027927620779130465 0.0052264789138537502 -1.7774282407047197 -0.035368721728187384 -0.069762225669792108 1.5000000000000002 0.3803998274658425 11.500000000000002 17.500000000000004 -0.0026685945033471099 0.0116996039356179 -0.12038775307873127 5.5000000000000009
decision_type=2 2 2 2 2 2 2 2 2 2 2 2 2 2 2 2 2 2 2 2 2 2 2 2 2 2 2 2 2 2
left_child=5 17 11 9 -5 14 12 8 -8 -4 -9 13 22 -3 15 21 -13 23 -14 -17 26 -1 -7 24 -2 -25 -19 -22 -16 -30
right_child=1 2 3 4 -6 6 7 10 -10 -11 -12 16 18 -15 28 19 -18 20 -20 -21 27 -23 -24 25 -26 -27 -28 -29 29 -31
leaf_value=0.0071248291067769857 -0.020364635237116631 -0.0078095232932100982 0.0047983481844451892 -0.0015318809475935483 0.00050379110472456134 -0.055350364998228929 -0.044522005725813045 0.019287948358088513 -0.016559028559563344 -0.004098326420723354 -0.011866866116962894 0.012133031601782045 0.00041980954398068932 -0.023324846069651684 0.0095372056828919895 -0.025853918416199492 -0.014116894388942806 -0.006239607554802103 0.022342627727756997 0.019375544638445819 -0.0085501917792008015 -0.0069033558906697896 -0.011896214065499924 0.031776802844587906 0.030475437006637657 0.011394265175336791 0.023055361465592374 0.0254822173924674 -0.067989542842618919 -0.022462899343882979
leaf_weight=492.80770021677017 56.378589570522308 690.73760414123535 10631.203366823494 59335.972961358726 140413.86063658446 25.662367478013039 190.80357351154089 156.18920129537582 1011.0447560250759 1698.5749344453216 271.32850194722414 267.67831017076969 841.49685689806938 482.69493137300014 18.776381090283394 28.813064157962799 140.45268905162811 264.50392425060272 130.94591048359871 348.85065639019012 34.279785163700581 491.93129126727581 316.50543496012688 299.91383585333824 48.13911360502243 139.27889329195023 50.200034916400909 159.24680775403976 18.308553352952003 41.456678047776222
leaf_count=2031 235 2816 43995 244435 577998 105 803 643 4198 6996 1110 1126 3442 1973 77 119 580 1080 541 1428 151 1996 1290 1272 203 591 206 688 75 174
internal_value=-1.77828e-08 0.000108118 3.98125e-05 0.000112668 -0.000100908 -0.00529504 -0.00929043 -0.015616 -0.0209984 0.00357272 -0.000484775 -0.00972969 -0.00145039 -0.0141918 0.0028679 0.00449899 0.00309948 0.0139818 0.00337186 0.0159249 0.00643771 0.000116979 -0.0151552 0.0210336 0.00305146 0.025313 -0.00156662 0.019454 -0.0254254 -0.0364096
internal_weight=219098 214713 213661 212080 199750 4384.92 2943.98 1629.37 1201.85 12329.8 427.518 1581.56 1314.61 1173.43 1440.94 1362.4 408.131 1051.94 972.443 377.664 508.231 984.739 342.168 543.71 104.518 439.193 314.704 193.527 78.5416 59.7652
internal_count=902377 884345 879919 873424 822433 18032 12132 6754 5001 50991 1753 6495 5378 4789 5900 5574 1706 4426 3983 1547 2125 4027 1395 2301 438 1863 1286 839 326 249
is_linear=0
shrinkage=0.05


Tree=113
num_leaves=31
num_cat=0
split_feature=0 16 10 12 15 11 18 4 9 11 9 18 9 14 14 14 16 15 5 5 1 5 2 15 3 11 1 16 14 14
split_gain=47.8794 47.5408 62.2597 48.723 46.7545 35.1118 48.876 33.1476 32.3887 31.8461 32.3934 31.2746 35.5003 30.5375 36.1961 25.6275 25.5356 24.1705 25.4247 23.8298 23.4466 22.73 22.0127 18.0103 17.739 22.6339 17.7327 15.9619 12.3992 25.5953
threshold=-0.002822201317027206 -0.0046339452528692529 50.877192982456016 -1.0000000180025095e-35 2.5000000000000004 1.6366440998405782 1.1801858960136142 0.01255675975831416 -2.6003772628359245 -3.1048298532021907 -2.7982300559947606 1.176435626561011 0.74600854051381627 16.500000000000004 8.5000000000000018 6.5000000000000009 -0.010783975803314081 4.5000000000000009 0.0056785308978829756 0.0014290996516033983 -0.0045994317094446005 0.015573348427794884 -0.027620077083500113 5.5000000000000009 -0.094714025598822124 -0.73806279090099292 0.01764673653340976 -0.015080579612313237 14.500000000000002 9.5000000000000018
decision_type=2 2 2 2 2 2 2 2 2 2 2 2 2 2 2 2 2 2 2 2 2 2 2 2 2 2 2 2 2 2
left_child=8 9 5 7 -5 15 -7 -4 24 10 16 12 22 14 -11 -3 -2 21 -19 -15 -14 -13 -10 -12 28 26 -26 -27 29 -1
right_child=1 2 3 4 -6 6 -8 -9 11 13 23 17 20 19 -16 -17 -18 18 -20 -21 -22 -23 -24 -25 25 27 -28 -29 -30 -31
leaf_value=0.012584075448779743 -0.0017332709797726891 0.0036451318917786659 0.0013581595683413521 0.00035113060384255588 -0.0024186120011295549 -0.00036044543653938774 -0.021946353817054291 0.010097867161844055 0.0082997959785626879 -0.00088546415862402134 -0.020143896530389182 -0.0020556851182705108 0.0026908174161971768 -0.01232168251398265 -0.0041801207965501972 0.0010301623829922205 0.076225241346852129 0.0063831780877301571 -0.00070129613740175492 0.00054863450927320108 -0.0024724034787775451 0.0043106184681595289 0.0028273163337380535 -0.056055914229510208 0.00040122727531923235 0.004208428770110538 -0.086017514382954241 0.015824003661700236 0.004718599483520069 0.045953882237681973
leaf_weight=202.90282480418682 90.054527908563614 13381.982778213918 9410.1015944331884 25680.157482907176 37465.355694845319 907.84278559684753 368.75537499040365 1226.3081387430429 2081.2327749654651 17543.541887424886 217.22422870993614 13857.587877422571 3708.3168695792556 368.47397263348103 15884.616245038807 31247.335839696229 11.891122743487356 2346.6852449774742 2751.1081304624677 15021.745985172689 5401.4004186317325 1559.8765587732196 15696.12583502382 41.598358988761902 1183.1264518275857 622.21327939629555 5.9660106599330893 563.72434166818857 162.8576075732708 80.167523689568043
leaf_count=853 368 54832 38988 105945 153592 3718 1509 5097 8721 71946 891 57426 15412 1494 65549 128509 49 9660 11379 61757 22331 6480 64884 169 4873 2568 24 2328 681 344
internal_value=-2.47508e-08 -0.000403125 0.000134644 -0.00076487 -0.00129221 0.00158038 -0.0065957 0.00236579 0.00135533 -0.0017119 -0.0165127 0.00104558 0.00216742 -0.00160252 -0.00245104 0.00181425 0.00735995 -0.0004247 0.00255992 0.000240492 -0.000370597 -0.00141157 0.00346799 -0.0259157 0.00656027 0.00484223 -3.23598e-05 0.00972978 0.0157106 0.0220346
internal_weight=219090 168867 119688 73781.9 63145.5 45905.9 1276.6 10636.4 50223.3 49179.1 360.768 47402.3 26887.1 48818.4 33428.2 44629.3 101.946 20515.3 5097.79 15390.2 9109.72 15417.5 17777.4 258.823 2820.96 2375.03 1189.09 1185.94 445.928 283.07
internal_count=902377 694413 492190 303622 259537 188568 5227 44085 207964 202223 1477 196293 111348 200746 137495 183341 417 84945 21039 63251 37743 63906 73605 1060 11671 9793 4897 4896 1878 1197
is_linear=0
shrinkage=0.05


Tree=114
num_leaves=31
num_cat=0
split_feature=13 14 14 14 9 14 14 3 14 9 13 19 3 9 17 19 13 12 14 13 5 11 9 17 14 17 5 5 5 1
split_gain=51.1017 146.857 321.104 156.128 132.32 119.361 122.401 87.1019 78.332 75.0593 73.6246 70.6165 62.9243 61.8868 61.2936 88.8457 92.443 67.393 60.8397 56.9561 87.9093 79.9087 53.5941 50.035 45.1328 44.691 30.9975 27.0269 23.6449 20.7334
threshold=-0.022647389793296387 11.500000000000002 13.500000000000002 1.5000000000000002 -1.8492853943547025 3.5000000000000004 5.5000000000000009 -0.012530099948153848 22.500000000000004 -1.3783587710526093 -0.061008915177177318 -0.11042227385400437 -0.07358404238887227 -1.5520436728040756 -0.0012650273861571912 0.3631133261097409 -0.00026451694608692339 -1.0000000180025095e-35 1.5000000000000002 0.0077395001831074292 0.0044527741839392862 1.5309234001016929 1.2466018608107046 0.0026457297254101069 11.500000000000002 -0.0040882760463989412 0.020016767235743454 0.002578381374078073 0.0028107215943296762 0.0025032417238791686
decision_type=2 2 2 2 2 2 2 2 2 2 2 2 2 2 2 2 2 2 2 2 2 2 2 2 2 2 2 2 2 2
left_child=1 3 4 7 26 23 -7 10 22 11 -1 25 -6 -9 15 16 -11 -17 27 21 -21 -16 -4 -5 -20 28 -3 -13 -2 -10
right_child=9 2 8 5 12 6 -8 13 29 14 -12 18 -14 -15 19 17 -18 -19 24 20 -22 -23 -24 -25 -26 -27 -28 -29 -30 -31
leaf_value=-0.012819547934623532 -0.04912977795911791 -0.0052206205010855711 -0.0024867555274082145 0.0085032966119921467 0.024613794260573085 -0.0063658538033839335 0.00367453579732768 -0.00042425632633906902 0.010611233972017081 2.9353736058478706e-05 0.004805036352024528 0.0012045206876680203 -0.024340963604308735 -0.022867360956662891 -0.0016097213921956182 0.0063408869122572459 0.01373238946886029 0.00024593002199362957 -0.00017518252855179149 0.0026061189629891786 -0.0011558980589398131 -0.013800562289376747 -0.039090750565530033 0.024622599940756135 0.0069907549362578786 -0.059412662072466982 0.028009344090333906 0.02229195744262313 0.0057404141126732935 -0.00051165803419160095
leaf_weight=951.45763586461544 25.710843503475189 1090.4577256441116 18520.641865536571 3626.5617903470993 67.269268095493317 4045.2618933096528 12160.106806866825 419.55399937927723 1509.8550010025501 2159.0254799425602 1570.8430502489209 194.7243489921093 2710.2170843705535 1146.669887535274 39168.847028270364 5046.49374525249 2862.6987302899361 44779.846782833338 3837.0215283557773 26045.388327524066 38457.605760291219 1391.9800653159618 100.54293655604124 555.10577756166458 5141.6981859430671 65.875181019306183 75.006256774067879 691.64689986407757 83.067299693822861 579.86582408845425
leaf_count=3925 103 4511 75922 14791 279 16622 49979 1721 6142 8786 6455 815 11711 4999 161468 20869 11840 183499 16179 106440 157696 5850 569 2309 22497 273 311 3093 357 2366
internal_value=-1.78378e-08 -0.00142031 -0.00414407 0.0013233 -0.017222 0.00311164 0.00116821 -0.00759409 -0.00165429 0.000410558 -0.00184328 0.00460417 -0.0231553 -0.0168554 0.00014727 0.0015021 0.00784095 0.000863237 0.00516213 -0.000560009 0.000363151 -0.00202809 -0.00268439 0.0106431 0.00392842 -0.0269113 -0.00308203 0.0176593 -0.00722873 0.0075248
internal_weight=219081 49129.4 24653.9 24475.6 3942.95 20387 16205.4 4088.52 20710.9 169952 2522.3 10039.7 2777.49 1566.22 159912 54848.1 5021.72 49826.3 9865.09 105064 64503 40560.8 18621.2 4181.67 8978.72 174.653 1165.46 886.371 108.778 2089.72
internal_count=902377 202612 101811 100801 16812 83701 66601 17100 84999 699765 10380 43317 11990 6720 656448 224994 20626 204368 42584 431454 264136 167318 76491 17100 38676 733 4822 3908 460 8508
is_linear=0
shrinkage=0.05


Tree=115
num_leaves=31
num_cat=0
split_feature=13 9 5 4 13 14 14 12 13 13 4 10 5 13 14 14 14 9 5 7 4 15 14 9 14 9 14 9 9 15
split_gain=51.2192 98.6451 91.2145 79.2092 61.2746 56.5672 65.9583 56.0564 74.6552 67.4643 116.299 84.809 56.0403 54.8026 45.0669 105.859 97.1666 56.9132 41.0438 40.1278 34.1637 33.5767 30.9359 29.2469 28.6922 26.1728 24.5973 24.1711 23.0013 21.38
threshold=0.042466118205885424 1.6848796967387787 0.0044527741839392862 0.0044487849948094405 0.0091790115076376706 22.500000000000004 11.500000000000002 1.0000000180025095e-35 -0.0051442657798092531 -0.013232733449721311 0.0092744385858688824 46.759428214635157 0.012776777419246861 0.018917804575654843 11.500000000000002 13.500000000000002 9.5000000000000018 -0.019209541917219679 0.0014290996516033983 0.50561240147478081 0.0020752737881382772 4.5000000000000009 22.500000000000004 1.6848796967387787 1.5000000000000002 1.8167580290817134 6.5000000000000009 2.1480688232766978 1.3147645378843913 1.5000000000000002
decision_type=2 2 2 2 2 2 2 2 2 2 2 2 2 2 2 2 2 2 2 2 2 2 2 2 2 2 2 2 2 2
left_child=1 7 14 4 26 6 21 9 22 10 -1 -11 -8 24 16 23 27 -17 -10 -15 -6 -4 -9 -16 -5 -7 -3 -2 -18 -27
right_child=2 3 5 13 20 25 12 8 18 11 -12 -13 -14 19 15 17 28 -19 -20 -21 -22 -23 -24 -25 -26 29 -28 -29 -30 -31
leaf_value=-0.0029722439915994881 0.013276441035152051 -0.029839462269533629 0.00024860596928311183 -0.030869119205649321 0.032445080026028195 -0.018355129826835462 0.0060702504978000713 -0.016295968544101633 0.0070240359344816514 0.0032665354359819807 0.0011829486261385183 8.8037475954748132e-05 -0.0023560131887423986 -0.0074475339889933049 0.04853219663259703 0.038524554512709037 -0.032637367113878886 0.0045998776980946598 -0.0025489263054733814 0.00064657801725642174 0.0043821359657336585 -0.0059635696923987895 0.024145584538767591 0.022412795848030576 -0.011851845017686918 -0.01592337782537066 -0.0060430786097375707 0.00048888508424135629 -0.0086571696554364995 0.0043874392404629828
leaf_weight=34090.935434885323 1282.4368071854115 156.87027841061354 9224.9058102071285 219.48202882707119 113.67741824686527 524.71956561505795 8539.235713109374 1168.7168141007423 1213.249714627862 31551.188282579184 33277.364408627152 62674.793618410826 2566.1713874042034 4570.6317902356386 231.16780162602663 137.43144758045673 140.65026246011257 1231.0110485255718 14518.401702031493 2302.7048020809889 2359.4681417346001 2846.2905088812113 49.281596183776855 199.81297370791435 2058.8989040330052 201.24669134616852 352.86715350300074 519.12804767489433 345.96370023488998 363.76590116322041
leaf_count=140445 5293 696 37573 1058 460 2119 35664 5330 4935 130979 136969 256282 10667 18590 1080 603 571 5154 59392 9365 9564 11576 206 869 9581 809 1575 2109 1395 1468
internal_value=-7.32022e-08 -0.000294914 0.00198271 -0.00465723 0.00241862 0.000818783 0.00134225 1.56697e-06 -0.00273397 0.000288498 -0.000919738 0.00115234 0.00412316 -0.0069635 0.00889248 0.0148128 0.00423676 0.0080069 -0.00181064 -0.00473585 0.00567204 -0.00121617 -0.0146597 0.0364226 -0.0136838 -0.0103143 -0.0133663 0.00959166 -0.0155884 -0.00284689
internal_weight=219032 190679 28353.9 12134.6 2982.88 24266.3 23176.6 178544 16949.6 161594 67368.3 94226 11105.4 9151.72 4087.6 1799.42 2288.18 1368.44 15731.7 6873.34 2473.15 12071.2 1218 430.981 2278.38 1089.73 509.737 1801.56 486.614 565.013
internal_count=902377 785427 116950 50889 12295 99876 95480 734538 69863 664675 277414 387261 46331 38594 17074 7706 9368 5757 64327 27955 10024 49149 5536 1949 10639 4396 2271 7402 1966 2277
is_linear=0
shrinkage=0.05


Tree=116
num_leaves=31
num_cat=0
split_feature=13 9 5 14 19 17 12 13 4 11 13 4 14 13 6 5 19 8 11 13 9 10 15 15 17 19 13 5 15 9
split_gain=50.059 70.941 56.3256 67.4646 59.6414 55.561 54.0045 74.1598 135.973 120.354 61.4826 60.9996 45.5023 43.2377 42.505 38.017 35.9075 44.463 32.578 30.5679 28.9807 26.7619 31.566 25.4575 25.4089 23.0478 19.2763 17.5665 16.2801 15.2498
threshold=-0.077142940274329538 -2.1183917854881638 0.016170133281396267 1.5000000000000002 -0.11042227385400437 -0.065489182863931336 -1.0000000180025095e-35 0.0077395001831074292 0.0028627287521283255 1.3908352594256612 0.0059830007904381208 0.016193637415483419 11.500000000000002 -0.044913770987241135 0.19293571947417709 0.0030624681219525141 0.3803998274658425 0.0077020442949220684 -1.584059394720448 -0.11041276874418558 0.82271414467052861 19.584572473517941 2.5000000000000004 5.5000000000000009 -0.065489182863931336 -0.11042227385400437 -0.07329325294484261 0.015573348427794884 1.5000000000000002 0.39305879424211049
decision_type=2 2 2 2 2 2 2 2 2 2 2 2 2 2 2 2 2 2 2 2 2 2 2 2 2 2 2 2 2 2
left_child=2 5 3 14 24 26 10 9 -9 -8 11 -3 -6 18 -1 -15 17 25 -7 -16 -12 23 -23 -18 -5 -4 27 -2 -28 -19
right_child=1 6 16 4 12 13 7 8 -10 -11 20 -13 -14 15 19 -17 21 29 -20 -21 -22 22 -24 -25 -26 -27 28 -29 -30 -31
leaf_value=0.084505668915078172 -0.012090834121023089 0.0010085836180001831 -0.080372973133459036 0.068088600377441771 -0.00048676025376181016 -0.0095653010578593961 -0.00094004661041614368 0.010733499755585213 0.00034813174648085077 -0.010485608060461782 0.018986976480721066 0.012424864457502609 -0.009516311047385824 -0.00090631249653052583 -0.045732336920495699 0.0091750340369978877 0.034277346918275713 -0.022287494995679526 0.0019040249000245686 -0.018063679906200933 0.00097324418428078102 -0.002758655189269787 0.010598756150539353 -0.045800331816245078 -0.042872928898009921 0.0027236924997708399 0.013851194554659333 0.086121148950980664 0.033381996328301751 -0.063875994487242016
leaf_weight=8.9560067206621152 60.012793704867363 18917.757680267096 8.5121044516563398 38.263708755373955 2692.9151817709208 791.48928061127663 91327.120453551412 3277.798780426383 81947.303166843951 3426.0431585609913 785.54206174612045 1247.2276144474745 2895.2722770124674 1256.1490432396531 135.61236487329006 3659.4495957940817 120.94400158524513 168.58684141933918 2843.3163195103407 378.24278625845909 311.93765023350716 830.97443540394306 945.61458609998226 10.812342405319212 5.9632134586572638 423.91661767661572 194.20289728045464 4.9267628490924826 236.79949084669352 25.357835084199905
leaf_count=38 243 77955 34 159 11057 3219 376621 13342 336665 14329 3734 5146 12026 5164 569 15359 516 688 11567 1583 1331 3379 3883 45 25 1734 814 21 1019 112
internal_value=-6.14797e-08 0.000153617 -0.00371892 -0.00630212 -0.0047073 0.00448507 -4.10938e-05 -0.000322623 0.000747558 -0.00128519 0.00234194 0.00171469 -0.00516502 0.00354136 -0.0234836 0.00659881 0.00255403 -0.00783344 -0.000593454 -0.0253658 0.0138669 0.00596349 0.00435102 0.0277059 0.0531274 0.00108798 0.0207554 -0.0046398 0.0245817 -0.0277251
internal_weight=218977 210287 8689.94 6155.23 5632.41 9046.35 201241 179978 85225.1 94753.2 21262.5 20165 5588.19 8550.4 522.811 4915.6 2534.72 626.373 3634.81 513.855 1097.48 1908.35 1776.59 131.756 44.2269 432.429 495.942 64.9396 431.002 193.945
internal_count=902377 866529 35848 25457 23267 37406 829123 740957 350007 390950 88166 83101 23083 35309 2190 20523 10391 2568 14786 2152 5065 7823 7262 561 184 1768 2097 264 1833 800
is_linear=0
shrinkage=0.05


Tree=117
num_leaves=31
num_cat=0
split_feature=13 17 17 19 13 3 14 9 4 5 4 19 3 19 13 9 13 17 5 7 14 4 18 9 19 9 18 13 18 19
split_gain=49.1027 92.859 74.7956 78.3177 58.2164 87.569 102.428 70.0463 163.319 70.1703 49.4011 47.7386 46.4903 45.0103 46.0829 41.8154 41.5487 57.1236 37.128 34.2079 30.3425 44.1935 33.9674 30.2464 28.0024 59.7628 36.2395 26.4816 23.5391 15.2821
threshold=0.082783554866759604 0.053784005252250751 0.10219800772300099 0.74963607032552437 0.034558853275611263 0.029828536529075803 11.500000000000002 0.95934300958622565 0.0040652689940517015 0.0116996039356179 0.007062389600168608 0.80994055763731254 0.069039845960584559 0.21912988213614135 0.12086604516016321 2.1480688232766978 0.15114400478283921 0.15237252525133174 0.012480520359050886 0.50471029950193913 5.5000000000000009 0.0039788318947362273 2.7906115442712909 2.4926677103386496 0.35519410670702506 -0.77952405149965365 0.87466923780137684 0.23571593618884482 1.080152287325389 0.89688957436407801
decision_type=2 2 2 2 2 2 2 2 2 2 2 2 2 2 2 2 2 2 2 2 2 2 2 2 2 2 2 2 2 2
left_child=1 4 3 13 7 6 -6 9 -9 -1 29 16 -7 19 -15 24 23 -18 -12 -2 21 -17 -22 -4 25 -3 -26 28 -13 -5
right_child=2 15 11 10 5 12 -8 8 -10 -11 18 27 -14 14 -16 20 17 -19 -20 -21 22 -23 -24 -25 26 -27 -28 -29 -30 -31
leaf_value=-5.1338416657079277e-05 -0.015594892237886102 -0.065068982849502507 -0.0021668080981817549 0.052704823429629344 0.00075077672685408493 -0.00079545735502232595 0.0091516149811158715 0.0039333892671455139 -0.0042501470660164069 0.0044032713683879341 0.0016672733727804746 0.019856481601319073 -0.014985503245998037 0.010045968056650496 0.023629757202343688 0.055613458829583434 0.018370109210064354 -0.0011623223310575684 -0.014393901554612674 0.0097484656076592159 -0.0087481711445170258 -0.025340874903619443 0.079148451986385052 -0.016621537262186774 0.0079367399451886721 -0.0078362019091426909 -0.0035169742183443009 0.027707054221943802 -0.050178095203212571 -0.0067649111759184649
leaf_weight=136347.72528965771 246.50075073540211 47.279259666800499 1168.5191302895546 55.136277824640274 7672.7511609643698 6363.2129601836205 6883.5828341394663 8008.5661344379187 25538.181891046464 9453.3812340274453 1531.2146638035774 13.738355264067648 634.79392743110657 2276.057514578104 860.38347898423672 17.477916494011879 513.68876703083515 1379.6776150912046 470.34924033284187 289.55381213128567 1392.8093919306993 475.66540188342333 11.078946709632872 524.27967618405819 814.54094848036766 1293.5919543430209 4538.8590734377503 15.944055363535879 94.706098407506943 13.434948682785032
leaf_count=559918 1043 193 4747 246 31426 25862 29244 32845 106735 39006 6363 56 2571 9434 3675 71 2135 5583 1939 1218 5722 1963 46 2115 3408 5394 18912 65 385 57
internal_value=-5.44992e-08 -0.000159113 0.00352487 0.00709993 5.85746e-05 0.00251374 0.00472347 -0.000236492 -0.0022965 0.000237487 -0.000677321 -0.00200806 -0.00208265 0.0114839 0.0137723 -0.0052496 -0.000951825 0.00413702 -0.00210696 -0.00190549 -0.0118023 -0.0224717 -0.00805452 -0.00664361 -0.00339268 -0.00985424 -0.00177425 -0.0324597 -0.0413057 0.0410531
internal_weight=218947 209493 9453.18 5742.63 200902 21554.3 14556.3 179348 33546.7 145801 2070.14 3710.55 6998.01 3672.5 3136.44 8591.3 3586.17 1893.37 2001.56 536.055 1897.03 493.143 1403.89 1692.8 6694.27 1340.87 5353.4 124.389 108.444 68.5712
internal_count=902377 863316 39061 23975 827607 89103 60670 738504 139580 598924 8605 15086 28433 15370 13109 35709 14580 7718 8302 2261 7802 2034 5768 6862 27907 5587 22320 506 441 303
is_linear=0
shrinkage=0.05


Tree=118
num_leaves=31
num_cat=0
split_feature=17 11 9 19 19 15 15 19 4 19 14 14 9 19 7 12 6 19 1 4 9 2 4 15 4 6 7 15 11 7
split_gain=47.0252 36.0135 35.6494 58.7156 47.7972 66.2732 42.863 49.327 39.7596 38.9825 60.7894 37.4111 32.5815 39.2305 34.5388 34.2479 40.8032 40.6961 31.7608 41.1701 31.1881 30.4099 30.3361 27.0666 23.0977 17.7715 17.5114 12.9134 13.1229 12.4914
threshold=-0.0099123225091095595 0.49799444030569795 0.86761578902223002 0.37084316581691795 0.76444295595575762 4.5000000000000009 1.0000000180025095e-35 0.80486501192066706 0.0036641786282145959 0.8362537462271924 19.500000000000004 3.5000000000000004 1.6148907854767387 0.69602368681047033 0.52144842621864818 1.0000000180025095e-35 0.35705869055282108 0.53697514252815415 -0.022747356236397561 0.0091040055849968844 -0.7637558809574353 0.023355598578980067 0.015351018508670029 4.5000000000000009 0.025481027133875876 1.4430825702652308 0.49405335871707912 5.5000000000000009 1.2807808572206196 0.47679379014921353
decision_type=2 2 2 2 2 2 2 2 2 2 2 2 2 2 2 2 2 2 2 2 2 2 2 2 2 2 2 2 2 2
left_child=2 12 4 24 5 8 7 -6 -1 10 -5 -7 15 14 -14 16 -2 -17 27 21 -8 -20 -11 -21 25 -4 -15 28 -3 -26
right_child=1 18 3 9 6 11 20 -9 -10 22 -12 -13 13 26 -16 17 -18 -19 19 23 -22 -23 -24 -25 29 -27 -28 -29 -30 -31
leaf_value=-0.0092610193790438698 -0.0033013161581093584 0.0018593054509580165 0.0091677269435256076 -0.0036936908691813739 -0.00012619441554865215 0.011333515161223544 0.0043115698091514615 0.013770544459220924 -0.00023708955160724787 -0.0094370097476713898 0.008914756187034972 0.002800343762421192 -0.0011049815837445374 -0.0018007286778211843 0.01050406240652263 0.001814626778489556 0.00098700884961854516 -0.0045203385305209688 -0.00120544045214627 -0.0029374750042080815 -0.0001280959131740826 0.0055050571467441609 -0.048356300164542607 -0.0082124702006812125 -0.10071282641201902 0.02825235820354028 -0.0077620237143559206 0.027307822681478373 0.017117665322869555 -0.015274028075182364
leaf_weight=1275.7971731871367 5975.6464176923037 508.2634260430932 627.4126006513834 5738.9898796230555 952.70229791104794 1536.7041147351265 10209.638907067478 1936.5318453609943 28238.373536430299 1267.5412934496999 1147.0394975990057 7825.0217212513089 8499.3511094078422 1924.7866219803691 692.93426600843668 3923.577560774982 77331.224037110806 7164.1374169886112 25316.610881142318 11527.29244286567 6457.8666339665651 1808.9128831699491 52.128280878067017 3081.9901499375701 4.8261709809303275 151.4219943434 3422.2264251634479 79.849581204354763 194.96769392490387 37.665456846356392
leaf_count=5212 24444 2127 2594 23759 3928 6337 42269 7988 116512 5228 4745 32163 35222 8000 2873 16256 318526 29618 103954 47660 26455 7461 216 12676 20 633 14202 333 809 157
internal_value=-2.12127e-08 -0.000489108 0.00109801 -0.00182634 0.00154978 0.00053552 0.00356599 0.0091882 -0.000627163 -0.00310211 -0.00159344 0.00420104 -7.41565e-06 -0.00221073 -0.000229867 0.000331953 0.000679405 -0.0022786 -0.00172324 -0.00191043 0.00259141 -0.000757939 -0.0109744 -0.00405029 0.0109197 0.0128782 -0.00561611 0.00825321 0.00608962 -0.0249781
internal_weight=218911 151452 67459.7 9027.03 58432.6 38875.9 19556.7 2889.23 29514.2 8205.7 6886.03 9361.73 108934 14539.3 9192.29 94394.6 83306.9 11087.7 42517.9 41734.8 16667.5 27125.5 1319.67 14609.3 821.326 778.835 5347.01 783.081 703.231 42.4916
internal_count=902377 624161 278216 37352 240864 160224 80640 11916 121724 33948 28504 38500 449141 60297 38095 388844 342970 45874 175020 171751 68724 111415 5444 60336 3404 3227 22202 3269 2936 177
is_linear=0
shrinkage=0.05


Tree=119
num_leaves=31
num_cat=0
split_feature=0 15 9 18 5 7 15 14 18 18 18 16 9 17 9 15 8 1 17 15 7 15 9 18 14 15 5 6 7 7
split_gain=44.5904 38.5989 38.3853 33.2045 46.2846 35.5458 28.1332 36.7324 35.9675 29.2816 28.9765 26.3602 35.9372 29.2313 25.8686 30.241 26.5687 25.3537 23.5805 22.2668 42.0157 32.6653 21.4913 20.8918 18.936 18.1983 37.6291 29.3019 13.0997 17.6134
threshold=-0.0004154006861030734 3.5000000000000004 -2.6003772628359245 1.1080315112108752 0.0046278199021114897 0.48612911311729196 5.5000000000000009 4.5000000000000009 1.2673948805908359 1.9482691232871514 1.0909871477693169 -0.0036904982027533557 -0.27045267428280306 0.12100102777413975 -3.3065112064250908 1.0000000180025095e-35 0.067994559535713817 -0.0037624429536677324 -0.015599575948984199 2.5000000000000004 0.52506894393668979 3.5000000000000004 1.3523826047702985 0.233462891561769 15.500000000000002 1.5000000000000002 0.013740339812210145 0.92032176014734524 0.47007872133096545 0.49749789866313271
decision_type=2 2 2 2 2 2 2 2 2 2 2 2 2 2 2 2 2 2 2 2 2 2 2 2 2 2 2 2 2 2
left_child=1 2 25 4 -4 -5 10 8 -8 -9 17 13 14 18 15 -13 -16 -3 23 20 -14 -21 -12 -2 -20 26 -1 -27 -15 -30
right_child=11 6 3 5 -6 -7 7 9 -10 -11 22 12 19 28 16 -17 -18 -19 24 21 -22 -23 -24 -25 -26 27 -28 -29 29 -31
leaf_value=-0.00032167256058639393 -0.0070208837450108355 0.0071402240553877011 -0.00099427234535230126 -0.0046067858040151535 0.0029072822466525258 -0.00039820145962618351 0.0016045695728099535 -0.0017782484736567181 0.014135854966142253 0.010973055750229672 0.00023919584882644846 0.020577654322626811 -0.00016997154724711838 -0.049383544822012154 0.0020292299286755041 -0.031143693789387267 -0.0019299887016272247 0.0028456349847748334 -0.0038725393326754726 -0.0046832715134044424 0.010262513568424411 -0.00088117537250202282 0.0063859644604238389 0.00018677368641302819 -0.00068549774402899529 0.00041875741749602578 0.022003760315644338 0.017262404340960345 -0.004974371928193712 -0.034125624030294087
leaf_weight=1515.3124909326434 1071.174326300621 5347.7096559479833 17290.931053467095 7530.3882430270314 13565.081781178713 15032.698208600283 1979.323910318315 10224.944270588458 805.69560843706131 470.95775634050369 10360.44894169271 36.946632266044617 21119.699465297163 29.856913045048714 24786.019545704126 120.22602011263371 5111.0841880589724 9616.9733332693577 13321.588165976107 7342.8799051046371 1011.3231723085046 24490.429731167853 1648.2633817493916 16366.650099679828 7168.7986317500472 422.41396942734718 215.59351612627506 664.20692699402571 162.76188151538372 76.017135515809059
leaf_count=6229 4395 22245 71247 31165 56249 62247 8131 41925 3335 1941 42796 150 87411 122 101890 488 20943 39483 54777 30321 4177 100617 6810 67415 29497 1729 895 2764 672 311
internal_value=-1.78262e-08 0.000802273 -4.50271e-05 -0.000345032 0.000720949 -0.00180281 0.00198013 0.000115015 0.00522982 -0.00121679 0.00291228 -0.000634751 -0.000139635 -0.00172382 0.00124602 -0.0189855 0.00135238 0.00438033 -0.00160741 -0.000911344 0.000306763 -0.00175819 0.00108287 -0.00025598 -0.00275752 0.00564294 0.00245908 0.0107146 -0.0181592 -0.0142549
internal_weight=218906 96690.9 56236.6 53419.1 30856 22563.1 40454.3 13480.9 2785.02 10695.9 26973.4 122215 84018.6 38196.8 30054.3 157.173 29897.1 14964.7 37928.2 53964.3 22131 31833.3 12008.7 17437.8 20490.4 2817.53 1730.91 1086.62 268.636 238.779
internal_count=902377 399191 232525 220908 127496 93412 166666 55332 11466 43866 111334 503186 345997 157189 123471 638 122833 61728 156084 222526 91588 130938 49606 71810 84274 11617 7124 4493 1105 983
is_linear=0
shrinkage=0.05


Tree=120
num_leaves=31
num_cat=0
split_feature=13 14 14 14 14 14 3 14 4 1 12 3 13 12 3 15 4 4 4 13 3 19 0 2 15 14 19 15 8 19
split_gain=52.1975 117.036 190.042 117.334 96.4732 93.7849 83.8076 77.8469 59.3798 59.1328 61.9609 59.1358 122.238 109.396 57.9306 57.5217 55.5123 49.376 46.2491 41.8047 38.1551 36.712 24.2956 23.5771 18.6009 18.0087 15.3889 23.5103 13.6436 12.8864
threshold=-0.033867254247974758 11.500000000000002 13.500000000000002 1.5000000000000002 3.5000000000000004 10.500000000000002 -0.094714025598822124 22.500000000000004 0.0061729671777816285 -0.023988483414592362 -1.0000000180025095e-35 -0.0033202135928111494 -0.0019840225194532319 1.0000000180025095e-35 0.001262206163569535 1.0000000180025095e-35 0.0095159354238641188 0.0098352913687407926 0.0010517825401678857 -0.0054237941324277719 0.0015522950370614466 0.56290900525306076 0.0046690473819251963 -0.045722614415220512 5.5000000000000009 15.500000000000002 0.8801982728774429 3.5000000000000004 0.087738164905276209 0.80002229733646291
decision_type=2 2 2 2 2 2 2 2 2 2 2 2 2 2 2 2 2 2 2 2 2 2 2 2 2 2 2 2 2 2
left_child=1 3 6 15 21 -6 24 8 -4 23 14 13 -13 -12 18 17 -8 -1 -11 -16 -17 -5 -9 25 -3 28 -25 -28 -2 -27
right_child=9 2 7 4 5 -7 16 22 -10 10 11 12 -14 -15 19 20 -18 -19 -20 -21 -22 -23 -24 26 -26 29 27 -29 -30 -31
leaf_value=-0.04841715456810812 0.011257279167731605 0.034917938009238807 -0.018611185240991417 0.0029985510964254778 -0.00085474346227997443 0.012954421947696701 -0.027838973763759323 0.011545336735682202 -0.002937655262798843 -0.025583737423555131 0.002170503958189531 -0.0042371638432905003 4.4112954342498616e-05 -0.0043871339355881353 0.0045859890308368118 -0.0028032132763336926 -0.01274892061675223 -0.011825922687855121 0.001158561822470807 0.014041162956544426 -0.020780252359601101 0.01501921013053596 -0.0060654504526908718 0.0058362226648519186 -0.038566637290290355 0.034723924826123728 0.0036011223157197273 -0.04081928843540291 -0.045005913789870053 0.0050480281534693028
leaf_weight=150.99092209339142 386.5406486093998 89.906525358557701 636.28750069439411 940.79238978028297 9803.2251703292131 1405.8494484722614 1031.2990572080016 1182.9597903192043 12016.573044449091 164.42351785302162 46654.970036908984 20403.766004011035 91169.83384796977 7363.6154253259301 5051.1778805106878 2091.515004992485 1490.0073301494122 236.75353298336267 9675.1360882595181 1521.0605549067259 343.65722165256739 1955.2511085122824 234.69892004132271 2538.3406155854464 9.5238011032342893 158.89173104614019 86.631774388253689 45.396423071622849 11.084033235907553 47.522717490792274
leaf_count=643 1702 380 2668 3849 40289 5770 4552 4818 49329 665 192596 85734 372851 30429 20640 8682 6289 993 40048 6658 1518 7987 952 10744 39 728 367 191 47 219
internal_value=-9.9979e-09 -0.00181257 -0.00478351 0.00111681 0.00297907 0.000877211 -0.0171457 -0.00248097 -0.00372585 0.000328884 0.000209073 -8.13607e-05 -0.000738816 0.00127659 0.0031395 -0.00818821 -0.0189213 -0.0260749 0.000711686 0.00677427 -0.00534018 0.0111142 0.0086298 0.00698845 0.0278793 0.0159092 0.00497057 -0.0116723 0.00968891 0.0278917
internal_weight=218898 33619.3 16691.3 16928 14105.1 11209.1 2620.74 14070.5 12652.9 185278 182004 165592 111574 54018.6 16411.8 2822.92 2521.31 387.744 9839.56 6572.24 2435.17 2896.04 1417.66 3274.41 99.4303 604.039 2670.37 132.028 397.625 206.414
internal_count=902377 138758 69027 69731 57895 46059 11260 57767 51997 763619 749621 681610 458585 223025 68011 11836 10841 1636 40713 27298 10200 11836 5770 13998 419 2696 11302 558 1749 947
is_linear=0
shrinkage=0.05


Tree=121
num_leaves=31
num_cat=0
split_feature=13 3 11 17 13 2 17 14 13 16 14 13 4 16 10 8 18 18 17 18 8 14 14 13 6 2 0 18 14 16
split_gain=50.9782 68.6373 54.1662 54.748 85.8379 49.7266 42.0289 37.4569 36.4417 35.1364 32.9432 31.8349 28.1442 26.7012 24.5605 23.8154 30.2229 26.6135 23.5929 20.1493 25.6616 21.8947 17.9071 33.2895 23.1521 17.1615 16.3083 12.372 12.1062 10.1911
threshold=-0.10179255162960969 -0.081864109615992706 -2.7239003046760977 -0.014643241931215132 -0.013232733449721311 -0.029912488924379473 -0.072710332081253035 8.5000000000000018 -0.17912607172223297 -0.029732668008030091 22.500000000000004 -0.012833157803295468 0.026740941516130937 -0.0031804283592613554 31.751824817518202 -0.038766455319319874 0.233462891561769 1.0978320978026526 0.13465265497101039 1.7080171354120208 0.011032443577687821 5.5000000000000009 5.5000000000000009 -0.17912607172223297 0.61719360991840111 -0.087448809515416878 0.0020812178781350892 1.1730783051166098 21.500000000000004 -0.034658707962219752
decision_type=2 2 2 2 2 2 2 2 2 2 2 2 2 2 2 2 2 2 2 2 2 2 2 2 2 2 2 2 2 2
left_child=5 19 11 7 -5 13 8 -4 29 -10 12 14 -8 15 -3 17 -17 -1 -13 25 -21 -22 24 -24 -15 27 -12 -2 -27 -7
right_child=1 2 3 4 -6 6 10 -9 9 -11 26 18 -14 22 -16 16 -18 -19 -20 20 21 -23 23 -25 -26 28 -28 -29 -30 -31
leaf_value=0.01553345006837417 0.041055005916838395 -0.0073234448381123644 0.0033534769199444234 -0.0025958999704915517 0.00025398764378641774 -0.011330581323312215 -0.022859543069956221 0.00051399921520748704 -0.0082301148909720723 0.013737643241974063 0.052242093392479476 0.0046925013016784149 -0.0061693218144406523 0.058814301664108441 -0.02204142117715166 -0.050883597581565354 -0.0064630761115467422 -0.0020539956528206624 -0.076033457745279587 0.033318719612828972 0.089160101512187534 -0.028449874401429959 -0.017168509443978738 0.032971490549604167 -0.01702941827421928 0.0083845915492790201 -0.010461241368549614 0.0094959881453105799 -0.013542690360529448 -0.032900752587934103
leaf_weight=294.34333552420139 66.49685662984848 689.98004861176014 18433.693078823388 33241.823536351323 128785.76898200065 133.62843789160252 873.66585148870945 31395.404174521565 362.58336751163006 365.51961053907871 25.308829560875893 398.13188498467207 355.30396738648415 11.837939679622648 481.09159480035305 40.4024977684021 733.09302887320518 798.94055104255676 9.2615238726139051 191.01719529181719 4.5464722216129294 30.533292569220066 41.868915945291519 158.12951531261206 67.076935142278671 625.30491196364164 17.56769648194313 58.266537375748158 69.993764385581017 92.777740597724915
leaf_count=1209 298 2816 75920 138288 529430 544 3676 129786 1479 1510 103 1668 1472 49 1973 165 3001 3271 38 820 19 128 171 650 277 2616 71 255 290 384
internal_value=-4.55754e-08 0.000108906 4.62848e-05 0.000115039 -0.0003307 -0.00534492 -0.0105798 0.00156443 -0.00264981 0.00279806 -0.0165312 -0.00918166 -0.0180343 8.67713e-05 -0.0133698 -0.00206919 -0.00878332 0.00268105 0.00285731 0.0128847 0.0261001 -0.0132072 0.0145167 0.0224749 -0.00565218 0.00924119 0.0265508 0.0263164 0.00617723 -0.0201697
internal_weight=218853 214481 213435 211857 162028 4372.05 2226.36 49829.1 954.509 728.103 1271.85 1578.47 1228.97 2145.69 1171.07 1866.78 773.496 1093.28 407.393 1046.16 226.097 35.0798 278.913 199.998 78.9149 820.062 42.8765 124.763 695.299 226.406
internal_count=902377 884345 879919 873424 667718 18032 9239 205706 3917 2989 5322 6495 5148 8793 4789 7646 3166 4480 1706 4426 967 147 1147 821 326 3459 174 553 2906 928
is_linear=0
shrinkage=0.05


Tree=122
num_leaves=31
num_cat=0
split_feature=16 2 17 12 19 9 15 17 19 1 7 19 15 4 9 15 3 15 3 7 17 3 2 4 8 3 7 5 9 19
split_gain=41.6605 77.0087 67.7678 43.81 38.7146 38.8716 38.6062 65.9682 47.9634 45.7084 42.0513 40.3077 32.4917 42.1536 32.1864 30.1175 54.9227 33.1895 29.6029 28.9732 28.9388 27.5878 24.3061 28.9139 20.5098 25.7949 24.0036 18.5948 20.7594 17.4412
threshold=-0.0040870374708405479 -0.00048205019114538889 -0.024657200443126134 1.0000000180025095e-35 0.88437396738780827 1.4069726731600509 2.5000000000000004 0.024959142662278947 0.058479582048460536 0.00037522661256894635 0.53069078295205052 0.3631133261097409 3.5000000000000004 0.04083685116503219 -0.037968623960288779 3.5000000000000004 -0.018595730660950546 2.5000000000000004 0.039289272954106898 0.53069078295205052 0.18043513354790788 0.047364647566618741 -0.014261733784637019 0.0091040055849968844 -0.003530889494116193 -0.0031546898542137987 0.51670688604730952 0.0014290996516033983 -0.99469511740544236 -1.0000000180025095e-35
decision_type=2 2 2 2 2 2 2 2 2 2 2 2 2 2 2 2 2 2 2 2 2 2 2 2 2 2 2 2 2 2
left_child=2 3 18 15 12 21 7 10 9 -8 -3 -10 13 -4 -14 17 -17 -2 24 -7 -9 -6 -20 -24 25 -1 -26 29 -29 -5
right_child=1 6 4 27 5 19 8 20 11 -11 -12 -13 14 -15 -16 16 -18 -19 22 -21 -22 -23 23 -25 26 -27 -28 28 -30 -31
leaf_value=0.0018659124918150448 0.0026971390790331545 0.0017140294157746698 -0.0037103721921557297 0.043949345813322264 0.0059309263431675157 -0.016784649272500052 5.6715415951845743e-05 -0.0022992374899761117 0.0042976716271857316 -0.0068877718251782313 0.014484103806580757 -0.001012127561989164 -0.0028935973191664211 0.024314562835908361 0.0012088481392734569 0.012066228025663629 0.0033116545821805579 -0.0015142146219759239 0.040741019754844357 0.082525489240993191 -0.015418234643790718 -0.057486145873995392 0.016399272876027257 -0.021422180414120917 -0.00079762152029342931 0.008948708569468904 0.011704655105614437 -0.010043296773244989 -0.00061691764477169277 0.0056252065621819483
leaf_weight=12925.52857029438 17837.347595840693 27661.079823747277 26121.462989345193 31.102836087346077 2555.8902869522572 272.5526008233428 3741.1149218603969 8250.9517250061035 3928.3680601641536 6462.8433453068137 660.04489059746265 39637.141503326595 9630.8594473302364 134.87194593250751 9494.4641134664416 2018.4349165707827 15935.977735683322 6341.7023075073957 20.365967810153961 7.5476570427417746 442.92379274219275 17.265092641115189 60.203501880168915 314.56746637821198 10221.31694432348 1427.4400210231543 398.90147183835506 616.78192299604416 11012.982538454235 652.36238950490952
leaf_count=53504 73622 114281 107832 128 10549 1127 15279 34183 16138 26488 2719 163099 39683 566 39034 8350 65508 26138 85 31 1803 70 247 1288 42220 5911 1648 2562 45622 2662
internal_value=-5.33791e-08 0.000491073 -0.000969126 0.0019778 -0.00206939 0.00357993 -0.000400568 0.000842147 -0.00125606 -0.00434169 0.00201165 -0.000533335 -0.00242458 -0.00356642 -0.000857003 0.00274453 0.00429584 0.00159258 0.0011229 -0.0141086 -0.00296761 0.00550542 -0.0124557 -0.0153465 0.00133775 0.00257031 -0.000328029 -0.00064581 -0.00111684 0.00736924
internal_weight=218834 145231 73603.2 54446.7 48234.9 2853.26 90784.5 37015 53769.5 10204 28321.1 43565.5 45381.7 26256.3 19125.3 42133.5 17954.4 24179 25368.3 280.1 8693.88 2573.16 395.137 374.771 24973.2 14353 10620.2 12313.2 11629.8 683.465
internal_count=902377 598582 303795 224592 198892 11777 373990 152986 221004 41767 117000 179237 187115 108398 78717 173618 73858 99760 104903 1158 35986 10619 1620 1535 103283 59415 43868 50974 48184 2790
is_linear=0
shrinkage=0.05


Tree=123
num_leaves=31
num_cat=0
split_feature=13 9 5 18 14 14 4 14 5 13 3 4 14 19 14 13 13 19 9 19 15 13 6 10 17 4 16 1 19 9
split_gain=50.3785 80.3988 75.4969 67.981 64.4065 66.7945 85.4751 93.5419 59.1552 58.3214 120.956 104.767 104.252 100.605 57.5585 54.9343 51.4996 42.8105 30.3518 24.6309 22.9511 19.7324 20.6608 19.0966 13.7926 12.3219 11.6715 9.69669 6.31928 4.70758
threshold=0.063351810841041814 1.8167580290817134 0.0098296040919794072 -1.0000000180025095e-35 22.500000000000004 11.500000000000002 0.016193637415483419 13.500000000000002 0.0054221986735846894 0.0035971223021583625 0.028267639493302469 0.0066101459647701531 1.0000000180025095e-35 0.77619502540988139 9.5000000000000018 -0.034597127908593699 0.0097812986270943165 0.78352290050687723 -0.7637558809574353 0.76899544770153461 4.5000000000000009 0.020753416001427331 0.16505008919392036 76.05633802816881 -0.025724525952396268 0.020275111914369624 0.08266771111384115 0.018295526366787777 0.79853143061579057 2.3785815578895133
decision_type=2 2 2 2 2 2 2 2 2 2 2 2 2 2 2 2 2 2 2 2 2 2 2 2 2 2 2 2 2 2
left_child=1 9 3 8 5 14 7 -7 -3 11 12 15 -11 -13 17 -1 -5 -2 -8 24 -12 28 -23 -16 -6 27 -26 -21 -4 -27
right_child=4 2 21 16 19 6 18 -9 -10 10 20 13 -14 -15 23 -17 -18 -19 -20 25 -22 22 -24 -25 26 29 -28 -29 -30 -31
leaf_value=-0.0082021179781019051 0.0044029526962536406 0.022229225569166601 -0.049223905714642149 -0.015867148993209651 0.056412060049576954 0.027961957105604229 0.028906549156454339 0.0081782157792194103 -0.0256151192674135 0.011993325139059974 -0.0033689950542363785 -0.00058987796420671159 0.0015161567109640249 0.0036073996740779916 -0.011873188459255776 -0.0018340611136112865 -0.0028052088704603249 -0.0052031253241227628 -0.00023825071020944111 -0.016341446299092153 -0.01011583926596131 -0.072225309801053031 -0.014896393989679993 0.0042724820245781496 -0.011507253071655028 -0.075909652295239743 0.007884568162116249 -0.045468892112631817 -0.00030037235681190536 -0.020390566602248698
leaf_weight=3638.4079633131623 5101.6418412327766 430.84161607921124 61.744656853377819 804.050004132092 8.5303731262683851 736.32227198034525 92.183379828929901 3168.8525359034538 76.002650201320648 2472.6194185093045 5716.5615997165442 46141.791505113244 59713.656879380345 20672.820524223149 1105.7592231184244 48943.344748988748 12275.02715203166 1501.1127096712589 2886.9540252238512 118.87871293723583 1617.0594289600849 16.053000539541245 748.47227413952351 219.49385249614716 396.66676518321037 16.949674665927891 96.464414030313492 37.613928645849228 7.390460565686225 4.9283254295587531
leaf_count=15392 20850 1764 353 4042 35 3263 428 13291 311 10327 23251 190998 245845 85414 4478 200741 50092 6132 11998 478 6581 65 3093 890 1599 69 390 151 36 20
internal_value=-4.61763e-08 -0.000209454 -0.00380816 -0.00291195 0.00274841 0.00343918 0.00704231 0.0119084 0.0150548 6.52277e-05 0.00121653 -0.000605133 0.00193274 0.000708784 0.000310381 -0.0022747 -0.00360821 0.00221905 0.000663576 -0.0122976 -0.00485667 -0.0184134 -0.0161001 -0.00919908 -0.00662349 -0.028256 -0.0077139 -0.0233424 -0.043994 -0.0634032
internal_weight=218828 203336 14419.6 13585.9 15492.4 14812.3 6884.31 3905.17 506.844 188916 69519.9 119396 62186.3 66814.6 7928.01 52581.8 13079.1 6602.75 2979.14 680.032 7333.62 833.66 764.525 1325.25 501.662 178.371 493.131 156.493 69.1351 21.878
internal_count=902377 838305 59756 56209 64072 61330 28980 16554 2075 778549 286004 492545 256172 276412 32350 216133 54134 26982 12426 2742 29832 3547 3158 5368 2024 718 1989 629 389 89
is_linear=0
shrinkage=0.05


Tree=124
num_leaves=31
num_cat=0
split_feature=13 3 5 11 9 13 15 2 14 15 10 5 15 14 11 9 19 11 14 14 13 14 13 0 8 6 9 19 10 9
split_gain=50.4413 66.6637 51.5267 48.5464 59.3669 63.4794 47.5211 47.6703 43.2325 43.1641 42.2768 36.5825 34.4096 50.228 33.302 32.1633 31.2171 28.5154 26.3216 26.4697 23.6559 23.0128 23.1311 20.5668 16.9679 16.3861 14.6055 13.8731 8.92093 8.6895
threshold=-0.077142940274329538 -0.052308458569086273 0.0071168566696252393 -2.7239003046760977 -1.918451784595923 -0.021111854475268085 3.5000000000000004 -0.00341004702973513 21.500000000000004 5.5000000000000009 36.5820426677653 0.023660688457875285 5.5000000000000009 1.5000000000000002 -0.62176750422739946 -1.4178677351439013 -1.0000000180025095e-35 0.022399374695273772 22.500000000000004 19.500000000000004 -0.027182442257363267 22.500000000000004 -0.065337035676673191 -0.00082934315314475693 0.020698980385168101 0.42703697195408502 0.91292403389968413 0.76444295595575762 21.253332544001776 -0.45096984328814566
decision_type=2 2 2 2 2 2 2 2 2 2 2 2 2 2 2 2 2 2 2 2 2 2 2 2 2 2 2 2 2 2
left_child=2 21 9 12 10 -6 7 14 -9 18 -5 17 20 -14 -4 -13 -11 -8 19 -1 -3 23 29 26 -25 -24 -2 -20 -18 -23
right_child=1 3 6 4 5 -7 11 8 -10 16 -12 15 13 -15 -16 -17 28 -19 27 -21 -22 22 25 24 -26 -27 -28 -29 -30 -31
leaf_value=-0.008947785302843991 0.012067733789640774 -0.014207740922466362 -0.0082755297676142918 0.0010289146420154321 -0.002189245354809426 0.00028644200368015262 0.0045910519672285321 -0.016237286091613498 0.016537927415562075 0.053192532313829088 0.0073932265602424359 0.026600002762816356 0.061507803250585129 -0.035440370651793507 0.0018051946326777448 -0.0031690049257154513 -0.022697768199829077 -0.0074147627815394704 0.0092866734303018207 -0.0334894955969086 0.00058760010880687255 0.010093585676360997 0.00528140522851849 0.0011958677397962635 0.016122167602823406 -0.031175696010729961 -0.0044712454963268993 0.07430318986887692 -0.059518838291779244 0.065619913868301516
leaf_weight=1012.1906319856644 1903.0141348019242 493.62770971655846 1336.4268717169762 6167.3334398269653 30763.089089229703 163556.6857695058 1523.9423257634044 1165.2565165385604 110.12263512611389 7.6827446073293677 4523.1101381182671 278.03326770663261 14.381474182009695 188.09734852612019 2117.1331519186497 134.68951027840376 21.014245122671127 732.21193435788155 23.939391359686852 123.24808801710606 596.79226639866829 39.027074798941612 44.383121952414513 1349.5051891505718 221.67363004386425 100.86794357001781 143.55666479468346 12.483081310987471 75.730752229690552 8.5982139408588392
leaf_count=4319 8105 2017 5464 25593 127573 673330 6241 4854 455 32 18676 1170 60 767 8670 556 87 3002 98 523 2478 160 183 5601 915 424 612 51 326 35
internal_value=-4.2142e-08 0.000154212 -0.00373656 3.31709e-05 9.40811e-05 -0.000105488 -0.0021359 -0.00514644 -0.0134073 -0.0130145 0.00372165 0.00319841 -0.00962514 -0.0285544 -0.00209575 0.0168851 -0.0438171 0.000694687 -0.0102696 -0.0116117 -0.00611018 0.00670724 -0.0101209 0.00760442 0.00330178 -0.0200358 0.0109076 0.0315698 -0.0515208 0.0201182
internal_weight=218788 210114 8674.11 206303 205010 194320 7397.82 4728.94 1275.38 1276.29 10690.4 2668.88 1292.9 202.479 3453.56 412.723 104.428 2256.15 1171.86 1135.44 1090.42 3810.63 192.876 3617.75 1571.18 145.251 2046.57 36.4225 96.745 47.6253
internal_count=902377 866529 35848 850494 845172 800903 30412 19443 5309 5436 44269 10969 5322 827 14134 1726 445 9243 4991 4842 4495 16035 802 15233 6516 607 8717 149 413 195
is_linear=0
shrinkage=0.05


Tree=125
num_leaves=31
num_cat=0
split_feature=13 4 9 4 18 14 14 14 14 12 11 13 13 15 16 14 13 9 14 19 12 6 4 17 17 9 13 16 11 15
split_gain=47.0181 112.41 87.6458 79.3757 76.7433 76.7152 95.4669 112.09 108.73 67.3254 66.179 77.7509 63.1458 62.1876 56.5724 52.3695 52.7819 47.1808 46.5644 52.968 46.1076 26.9906 26.3345 24.197 24.1782 29.2401 26.1757 21.5391 19.3874 9.08078
threshold=0.027092901571398546 0.0076267612120858117 1.5927154240783239 0.0046926215179406297 2.1373867890188616 21.500000000000004 11.500000000000002 13.500000000000002 9.5000000000000018 1.0000000180025095e-35 0.63042171315406581 -0.05731644108187444 0.0030948348226607085 4.5000000000000009 0.023353048536139568 16.500000000000004 -0.0054237941324277719 2.1480688232766978 1.5000000000000002 -1.0000000180025095e-35 -1.0000000180025095e-35 0.37517013252198794 0.0027429738288706393 -0.057754508854385482 0.23528694097927952 0.8078802345181838 0.23571593618884482 -0.032055464526428205 -1.7774282407047197 1.0000000180025095e-35
decision_type=2 2 2 2 2 2 2 2 2 2 2 2 2 2 2 2 2 2 2 2 2 2 2 2 2 2 2 2 2 2
left_child=2 5 9 12 13 6 8 -8 -2 10 11 -1 29 17 -15 16 -11 -3 27 -20 -12 -17 -14 -7 26 -26 -6 -5 -25 -4
right_child=1 4 3 18 24 23 7 -9 -10 15 20 -13 22 14 -16 21 -18 -19 19 -21 -22 -23 -24 28 25 -27 -28 -29 -30 -31
leaf_value=-0.0029004930542129138 0.0059463888793558212 0.0019201575669965357 -0.047346919277827089 0.055089834384687779 0.011234775904000816 0.081731204434560417 0.025329647350180173 0.0074792072653844244 -0.0094682383337751502 -0.01737527690370087 0.0035235112275923048 0.001057317296879837 0.011580138512737759 -0.0088640706529603697 0.00049401081027373246 0.0092941492568372822 -0.004258178060412017 -0.0029116624308315564 0.020557194772195395 -0.0086392330129682841 -0.0031231900122036843 -0.00079632842219197497 0.00024505885482351881 0.055410723500091033 0.030854461032266967 -0.031907773378418457 0.047568692496485904 -0.025608987345223152 -0.0085662843224984433 -0.020558186375272361
leaf_weight=13923.136273473501 6121.9246550947428 17071.081207916141 38.611461088061333 8.41968274861574 1344.1302034035325 7.5869140177965155 1204.2594517469406 3260.5331990718842 1406.8904258608818 837.2967713996768 2993.598218396306 114103.36177381128 656.82056997716427 3880.1143759042025 2766.4589127898216 882.52733911573887 9124.2421909719706 7175.9917690455914 160.75996955484152 4610.8505584895611 20317.144703708589 2660.8109599500895 2330.5574693828821 11.972011759877203 25.95673967897892 65.101781532168388 51.46754178404808 460.9027955904603 1087.4153335243464 175.06541813910007
leaf_count=57445 24997 70745 199 38 5568 31 5289 13576 5678 3882 12441 469557 2675 16004 11287 3610 37216 29293 669 20353 83350 10919 9537 49 106 262 215 2097 4391 898
internal_value=-5.24366e-08 0.00143075 -0.000375586 -0.00534457 -0.000150368 0.00533874 0.00650115 0.0122939 0.0030659 -0.000121112 0.000180743 0.000626898 0.000859103 -0.000684343 -0.00496902 -0.00350373 -0.00536071 0.000490166 -0.00913365 -0.00765558 -0.00226961 0.00171687 0.00273725 -0.00725549 0.010946 -0.014017 0.0125747 -0.0241612 -0.00786959 -0.0253989
internal_weight=218765 45480.9 173284 8441.99 32380.3 13100.6 11993.6 4464.79 7528.82 164842 151337 128026 3201.05 30893.6 6646.57 13504.9 9961.54 24247.1 5240.93 4771.61 23310.7 3543.34 2987.38 1106.97 1486.66 91.0585 1395.6 469.322 1099.39 213.677
internal_count=902377 187491 714886 36466 133480 54011 49540 18865 30675 678420 622793 527002 13309 127329 27291 55627 41098 100038 23157 21022 95791 14529 12212 4471 6151 368 5783 2135 4440 1097
is_linear=0
shrinkage=0.05


Tree=126
num_leaves=31
num_cat=0
split_feature=13 17 14 17 13 4 4 13 5 13 13 5 15 13 14 17 13 11 13 14 7 4 14 16 8 5 11 16 1 10
split_gain=45.3598 77.7818 60.6691 64.6456 53.1475 90.7936 75.3753 85.6731 70.2819 65.2873 45.205 57.8968 51.2748 44.627 36.1902 32.3515 25.3513 49.9221 37.3381 29.4949 34.8318 34.2117 25.2979 19.2984 15.5709 13.8377 16.0105 10.7134 9.45893 12.4134
threshold=0.070266078077758656 0.045430660028886745 22.500000000000004 0.13465265497101039 0.013534745958751372 0.0028627287521283255 0.016193637415483419 -0.12253817901829754 0.0082168581387156627 -0.049719712456009472 0.12086604516016321 0.010397914435676356 4.5000000000000009 0.15114400478283921 13.500000000000002 -0.040944366034512729 -0.0048743948545247875 -1.44307060001325 -0.0051442657798092531 13.500000000000002 0.45821072568582721 0.0078555450029234985 4.5000000000000009 0.08266771111384115 0.059450235321798682 0.012194816013134265 -0.52255435224392899 0.023353048536139568 0.041109931278860208 75.532853214918575
decision_type=2 2 2 2 2 2 2 2 2 2 2 2 2 2 2 2 2 2 2 2 2 2 2 2 2 2 2 2 2 2
left_child=1 4 3 10 6 15 9 -8 -7 -1 12 -12 -2 14 -5 -6 17 24 -19 21 -21 -18 -15 25 -3 27 -27 -4 29 -25
right_child=2 16 23 13 5 8 7 -9 -10 -11 11 -13 -14 22 -16 -17 19 18 -20 20 -22 -23 -24 28 -26 26 -28 -29 -30 -31
leaf_value=-0.004314646475406257 0.0056876993997073671 -0.044700733587494948 -0.019797821460161791 -0.021569763874386326 -0.045826842677490605 0.0018112652570171188 -0.005304525162105749 0.0053938114972492644 -0.0038790436879196249 -0.00043737401893683358 0.022023413656239051 0.0052008071611731616 -0.004315695564632841 0.012691093016637095 -0.00050585350336876259 0.014923060905076849 -0.00049967071781594895 0.0027861177173117216 0.080856630277830632 0.026841093761686353 -0.0029470784138305953 -0.010337806140294319 -0.0023188213949529844 0.00062956290496728217 0.0063150004736380371 0.013057249556186857 -0.038026905656536963 -0.0017986908088043563 -0.021829290206819337 0.042788896207329584
leaf_weight=11923.035511955619 6189.2467555627227 73.441391244530678 190.6203885525465 501.96594050526619 22.267188891768456 42492.850191675127 2315.448806270957 9756.5454369187355 6220.8017163425684 121449.71029321104 842.81616942584515 1300.8904497101903 1615.3267434686422 369.53022992610931 343.43028196692467 1385.9930379986763 1154.2887028157711 1477.565967977047 15.475448489189146 100.84693622589111 3650.5211823359132 3769.1280921697617 1167.982086494565 50.716519951820374 18.78226101398468 17.732863903045654 113.58043874800205 145.98982965946198 22.282675966620445 26.626433596014977
leaf_count=49361 25719 302 766 2029 93 174767 9532 40373 25888 500494 3598 5462 6647 1493 1394 5697 4705 6680 69 418 15001 15540 4747 205 80 72 458 589 90 108
internal_value=-5.20229e-08 -0.000180303 0.00287624 0.0036119 4.23276e-05 0.00144643 -0.000441542 0.00334183 0.0010846 -0.000783988 0.00538371 0.0118148 0.00361728 -0.00378513 -0.0130128 0.0139625 -0.00442387 0.00139011 0.00359532 -0.00548634 -0.00214629 -0.00803127 0.00128871 -0.0131076 -0.0343109 -0.0173619 -0.0311284 -0.0119915 0.00687403 0.0151435
internal_weight=218725 205827 12898.7 12331.2 195567 50121.9 145445 12072 48713.7 133373 9948.28 2143.71 7804.57 2382.91 845.396 1408.26 10260 1585.27 1493.04 8674.78 3751.37 4923.42 1537.51 567.549 92.2237 467.924 131.313 336.61 99.6256 77.343
internal_count=902377 849000 53377 51089 806205 206445 599760 49905 200655 549855 41426 9060 32366 9663 3423 5790 42795 7131 6749 35664 15419 20245 6240 2288 382 1885 530 1355 403 313
is_linear=0
shrinkage=0.05


Tree=127
num_leaves=31
num_cat=0
split_feature=17 18 19 1 19 5 5 11 18 11 18 19 5 4 4 11 3 18 14 11 14 18 14 17 2 2 2 11 3 10
split_gain=41.9325 53.1824 67.803 65.4516 50.5173 47.0443 48.8911 42.4008 59.0239 33.8512 34.9539 33.1318 55.0168 40.0474 32.6017 29.5653 41.4196 27.6898 27.0477 39.5753 35.2122 25.565 25.2224 24.949 23.6906 24.6104 22.7928 14.1809 10.2452 9.36493
threshold=-0.0094320607549716034 0.89019248762912639 0.81118247708578861 -1.0000000180025095e-35 0.41798027129100351 0.0044815967063397593 0.012776777419246861 -1.2905937016551836 1.1928799357587956 1.3908352594256612 -0.36361369332752863 0.76121190122333171 0.0011638227925402928 0.0086022256169707347 0.0073626325355953181 0.61847572493595615 -0.012837450546615557 0.72358689808672083 7.5000000000000009 -3.1048298532021907 15.500000000000002 0.76673310449775034 9.5000000000000018 0.15237252525133174 0.044707996654243194 -0.00096559789421241094 -0.0012722646310432959 -0.42618198160332138 0.033480085317404547 61.083743842364683
decision_type=2 2 2 2 2 2 2 2 2 2 2 2 2 2 2 2 2 2 2 2 2 2 2 2 2 2 2 2 2 2
left_child=9 2 3 21 7 17 -7 8 -3 11 22 18 27 -14 -9 23 -17 -4 19 -1 -20 -2 -11 -6 25 -12 -5 -13 -26 -24
right_child=1 4 5 26 15 6 -8 14 -10 10 24 12 13 -15 -16 16 -18 -19 20 -21 -22 -23 29 -25 28 -27 -28 -29 -30 -31
leaf_value=-0.029834981786189225 0.0024987084586540666 0.012748509935652241 0.013503126100520534 0.0011060007376014825 -0.00094154711774179954 0.016800560796102447 -0.04313797011992429 0.014000043922571226 -0.032586395993431438 0.077646134103683706 -0.010344728992515494 0.016863830374280402 0.00062975542044868473 0.0048112737281895829 0.0029666456905131297 -0.012670484324950666 -0.002729633979888851 0.0017062022352122349 -0.0022118475065203242 0.0024134578032033137 0.0012823729718789436 -0.0016512964326789515 0.030586916280185252 -0.010473054870882188 0.003094290665077735 2.1889760900179832e-05 -0.0021107426727003538 0.065971459360702395 -0.029360482366871127 -0.040953390028394106
leaf_weight=95.774960651993752 24405.689821980894 120.37910362333059 587.61435712873936 7039.506927728653 59570.724447697401 1129.1966446265578 35.07869079709053 842.8148920238018 177.89831490814686 22.03516697883606 939.5490397810936 22.589821726083755 11879.702731996775 11053.783994987607 3256.1325258165598 1112.6213009506464 17999.400118656456 3240.6634931117296 14356.452051214874 14270.073175244033 14483.953638225794 4376.4306567460299 10.183094665408136 694.5503960326314 29.600280225276947 1465.5304733067751 25293.560397192836 42.096341103315353 136.22543649375439 8.3055427372455579
leaf_count=396 100656 497 2409 28872 246126 4659 144 3467 732 91 3870 92 48909 45829 13547 4587 74243 13324 59406 58806 59757 18059 42 2839 124 6023 104105 173 559 34
internal_value=-3.87411e-08 -0.000469168 0.000591083 0.000133411 -0.00130583 0.00619358 0.0149947 0.00391084 -0.0142901 0.00102173 -0.0045619 0.00124198 0.0027751 0.00264522 0.0052353 -0.00159481 -0.00330835 0.00351695 0.000425918 0.00219846 -0.000457013 0.00186768 0.0415133 -0.0010514 -0.00528816 -0.00402785 -0.0014104 0.048822 -0.0235672 -0.00155072
internal_weight=218698 149882 66107.7 61115.2 83774.5 4992.55 1164.28 4397.22 298.277 68815.9 2611.43 66204.4 22998.2 22933.5 4098.95 79377.3 19112 3828.28 43206.3 14365.8 28840.4 28782.1 40.5238 60265.3 2570.91 2405.08 32333.1 64.6862 165.826 18.4886
internal_count=902377 618266 272228 251692 346038 20536 4803 18243 1229 284111 10743 273368 95003 94738 17014 327795 78830 15733 178365 59202 119163 118715 167 248965 10576 9893 132977 265 683 76
is_linear=0
shrinkage=0.05


Tree=128
num_leaves=31
num_cat=0
split_feature=13 9 18 14 14 14 17 14 17 13 19 9 19 13 17 13 17 14 14 19 17 17 6 9 15 15 9 14 17 13
split_gain=44.3725 77.8155 72.3754 68.374 106.968 69.0544 65.5904 56.3438 49.7089 82.5277 96.3298 62.3524 47.1744 46.3127 51.2462 43.5679 44.475 39.9653 41.2377 39.7141 39.7008 38.3684 36.7128 23.9921 22.1633 20.4655 20.078 17.2279 15.9452 15.9057
threshold=0.052987677202534396 1.8167580290817134 -1.0000000180025095e-35 11.500000000000002 21.500000000000004 12.500000000000002 0.053784005252250751 1.5000000000000002 -0.044392032547185316 -0.031652459354726818 0.79296303579489347 -1.918451784595923 0.75952774489576902 -0.17912607172223297 -0.1648207366107364 0.0054482735952591241 0.034649522118003991 10.500000000000002 3.5000000000000004 0.8591522252912781 0.060300616874991726 0.07937145148804288 0.29003550126040761 -3.6830639866115287 1.0000000180025095e-35 2.5000000000000004 3.1908535147393375 11.500000000000002 0.011669046091953296 0.0049236068678724107
decision_type=2 2 2 2 2 2 2 2 2 2 2 2 2 2 2 2 2 2 2 2 2 2 2 2 2 2 2 2 2 2
left_child=1 8 22 7 5 6 -5 19 13 10 -10 -11 24 23 -15 27 -17 18 -9 20 -2 -7 -3 -1 -6 -21 -14 -4 -19 -24
right_child=3 2 15 4 12 21 -8 17 9 11 -12 -13 26 14 -16 16 -18 28 -20 25 -22 -23 29 -25 -26 -27 -28 -29 -30 -31
leaf_value=0.024427211956473099 0.016443357780594421 -0.020157884011607792 -0.008307195385010846 0.034173727210490161 -0.016251518791706186 0.008484500347807301 0.0043940001605601974 -0.0077618466918608492 -0.0048537182278353243 0.0062796048923200731 0.0017337450488682665 6.7968264861282914e-05 -0.021403083834558134 0.020710171122982693 0.0028729842203416415 -0.0026114718878307644 -0.01013970921240743 -0.02484111883853668 0.00084539410986375456 0.0034372289859097844 0.0007098811386700907 0.00074357443442110206 -0.03980807603114684 -0.012150196874705624 0.0022154022252093681 -0.033892412977511978 0.014027513032214023 -0.029280116015005034 -0.0087378431837172761 0.022241239884129849
leaf_weight=48.079108506441116 939.18694086372852 63.812504172325134 162.86636143922806 448.05645554512739 192.39035435020924 5185.3992255553603 314.81727004051208 1807.4144559800625 17929.140060357749 4159.4287079200149 8037.4912319257855 140697.76334155351 486.07196378707886 414.59154064953327 14003.002745367587 8783.5832919329405 2526.0837751179934 199.29846024513245 6048.3465537875891 66.204107820987701 699.62921689450741 2315.6131840497255 10.603859923779963 663.6732843965292 1044.8714634180069 82.431290715932846 43.569796115159988 245.52890448272228 672.23708795011044 397.08321908116341
leaf_count=208 3897 259 944 2050 778 22087 1316 7353 74446 17675 33204 578651 1968 1724 57954 35951 10488 810 24681 272 2846 9525 53 2717 4237 337 176 1431 2714 1625
internal_value=-3.23423e-08 -0.000229374 -0.00409947 0.00221176 0.00516493 0.00755243 0.0218844 -0.000605486 2.43172e-05 -0.000218971 -0.00281469 0.000246329 -0.00600151 0.00277126 0.00338591 -0.0048723 -0.00429295 -0.00226191 -0.00113492 0.00748205 0.00972656 0.00609482 0.0151075 -0.00967938 -0.000656146 -0.0172653 -0.0184885 -0.0209162 -0.0124203 0.0206273
internal_weight=218688 198143 12189.6 20545.5 10030.8 8263.89 762.874 10514.7 185953 170824 25966.6 144857 1766.9 15129.3 14417.6 11718.1 11309.7 8727.3 7855.76 1787.45 1638.82 7501.01 471.5 711.752 1237.26 148.635 529.642 408.395 871.536 407.687
internal_count=902377 817330 50751 85047 42137 34978 3366 42910 766579 703976 107650 596326 7159 62603 59678 48814 46439 35558 32034 7352 6743 31612 1937 2925 5015 609 2144 2375 3524 1678
is_linear=0
shrinkage=0.05


Tree=129
num_leaves=31
num_cat=0
split_feature=13 4 12 2 18 14 14 14 14 3 14 14 15 9 14 14 17 13 19 4 13 15 17 7 13 14 11 15 19 4
split_gain=42.5961 83.9239 75.7983 66.2008 63.9223 59.8868 84.5621 85.3615 77.9662 59.4006 58.2228 124.553 55.7106 64.821 55.0235 45.9904 45.9733 59.8026 43.7299 37.9623 30.3091 26.9398 42.0774 32.4543 26.9198 16.2521 19.1577 13.9641 13.9695 12.2184
threshold=0.020753416001427331 0.0057428810737635205 1.0000000180025095e-35 0.0053618605144494244 2.1373867890188616 22.500000000000004 11.500000000000002 8.5000000000000018 14.500000000000002 -0.011084528136298176 1.5000000000000002 7.5000000000000009 4.5000000000000009 -1.1252878462462048 13.500000000000002 1.5000000000000002 -0.044392032547185316 -0.031652459354726818 0.24610557370895833 0.0026143452051435598 -0.049719712456009472 1.5000000000000002 0.23528694097927952 0.48364844176400207 -0.0022345615872457754 1.5000000000000002 -0.050346693902074566 1.5000000000000002 0.55099822756883643 0.009579348883746076
decision_type=2 2 2 2 2 2 2 2 2 2 2 2 2 2 2 2 2 2 2 2 2 2 2 2 2 2 2 2 2 2
left_child=2 5 3 16 12 6 7 -2 -8 25 20 -12 13 -3 19 -14 18 -18 -1 -11 -5 22 -6 -23 -16 29 -27 28 -7 -4
right_child=1 4 9 10 21 27 8 -9 -10 14 11 -13 15 -15 24 -17 17 -19 -20 -21 -22 23 -24 -25 -26 26 -28 -29 -30 -31
leaf_value=-0.0045306194172959873 0.0067871813839837638 0.021201807828095973 -0.025337184227269677 -0.022583105439641142 0.019824321244379089 -0.0098166694268297505 0.023011642029027481 -0.0070081885483944638 0.0067898156028244035 0.0023821047670049117 0.0035165468533313545 -0.0031026182881946154 0.0074972200908292709 0.00069119847781638462 -0.0080419413693652506 -0.0043737220634755564 -0.0022083074601768936 0.00080760070650514346 0.0048544188906855905 -0.0075255440806305503 -0.006594937114682585 0.026012757545248223 -0.05532280039414951 0.0015181797903021446 0.0028117051887320593 -0.0080367837080592541 -0.024218585103591456 -0.0074665862673442794 -0.044891150207293638 -0.067861721888482052
leaf_weight=1429.8960761278868 3809.6311301514506 389.55325703322887 53.327360332012177 328.41616993397474 640.79548489302397 53.823215290904045 1207.8199366852641 1589.0638772398233 1915.2637348026037 1151.4173584207892 9812.5476208999753 25776.282063297927 896.12604415416718 34557.403215274215 674.21876388788223 9113.5147288441658 20681.617739580572 80089.61827532202 9406.3343628942966 6031.0164427831769 3043.155243486166 157.07368624210358 19.185657382011414 972.40268284082413 3742.4065803438425 435.40032978355885 315.40509770065546 272.32336357235909 60.072565287351608 24.722901806235313
leaf_count=5901 15556 1900 221 1424 2655 217 5223 6430 7910 4694 40582 107477 3696 142349 2971 37435 85344 329062 38878 25072 12851 662 77 4024 15220 1797 1306 1098 241 104
internal_value=-1.3823e-08 0.0011943 -0.000407807 -9.80337e-05 0.000346722 0.00564212 0.00651488 0.00272662 0.0130634 -0.00416081 -0.00187251 -0.00127758 -2.21607e-05 0.00091983 -0.00323676 -0.00331096 0.000521408 0.000188636 0.00361602 -0.00593725 -0.0081523 0.00961416 0.0176398 0.00492458 0.00115484 -0.017092 -0.0148346 -0.0136151 -0.0283162 -0.0388071
internal_weight=218650 55654.1 162996 150568 46746.1 8908 8521.78 5398.7 3123.08 12427.9 38960.4 35588.8 44956.6 34947 11599.1 10009.6 111607 100771 10836.2 7182.43 3371.57 1789.46 659.981 1129.48 4416.63 828.856 750.805 386.219 113.896 78.0503
internal_count=902377 229473 672904 621519 192798 36675 35119 21986 13133 51385 162334 148059 185380 144249 47957 41131 459185 414406 44779 29766 14275 7418 2732 4686 18191 3428 3103 1556 458 325
is_linear=0
shrinkage=0.05


Tree=130
num_leaves=31
num_cat=0
split_feature=13 3 5 17 13 4 4 14 13 5 2 16 13 18 3 14 17 13 19 10 6 4 18 8 14 7 4 18 17 18
split_gain=43.2637 58.7751 47.7072 42.067 69.1336 120.961 100.973 40.4572 43.7953 49.4554 42.068 56.3439 37.8454 61.4877 40.4776 37.1223 32.2332 21.9181 24.6567 20.4737 20.2301 19.9681 18.5476 24.4077 20.3413 17.7418 16.4794 17.0601 13.6156 12.1196
threshold=-0.10179255162960969 -0.081864109615992706 0.023660688457875285 -0.0094320607549716034 -0.00099297576437884483 0.0069399372064714035 0.004240721985751904 5.5000000000000009 -0.17912607172223297 0.018807529424379198 -0.024866543142564253 -0.0039510436578530919 -0.041640949684828114 0.37921359936323279 -0.030296213569718452 13.500000000000002 -0.072710332081253035 -0.14141431922022427 0.83194455593955285 54.691012371123627 0.4968236624932959 0.035686965009044898 1.7206718693178205 0.011032443577687821 5.5000000000000009 0.48510762993117401 0.032420569924664945 1.1730783051166098 -0.030379391897974669 0.37921359936323279
decision_type=2 2 2 2 2 2 2 2 2 2 2 2 2 2 2 2 2 2 2 2 2 2 2 2 2 2 2 2 2 2
left_child=2 22 7 12 5 -5 -6 8 29 -10 11 -9 13 -3 -14 20 -12 18 -17 -19 25 -22 26 -24 -25 -4 28 -28 -2 -1
right_child=1 3 15 4 6 -7 -8 10 9 -11 16 -13 14 -15 -16 17 -18 19 -20 -21 21 -23 23 24 -26 -27 27 -29 -30 -31
leaf_value=0.012411036314132477 0.011819489253043713 -0.014828476396538122 0.053209790858749176 -0.0040134472093603475 0.0034933783107675958 0.00076749058278003616 -0.00046530855380347346 -0.0026835667414183279 -0.018497361339901101 0.016759218434579743 -0.001124093580866045 0.026372112496600843 0.0070358379074662641 -0.00037001853412551786 0.0013757246464822586 -0.0052394509636063923 -0.017803566166909899 0.024326524934033547 -0.038188302116391015 -0.022743060454958174 -0.017539022415868969 0.012836443924675875 0.03218462872797373 0.085775268507461602 -0.028443101358156992 0.014597926529506906 0.038572020696374318 0.0066856060733482513 -0.0026071373814023045 -0.053641454963322593
leaf_weight=7.5222161114215842 342.91138946264982 777.37665291130543 52.872785627841949 29362.972020037472 20529.664725482464 24079.450553432107 74791.553485006094 1116.1238710135221 644.48053836077452 117.61830206215382 476.99218912422657 196.17593584954739 3387.8867232427001 13596.119337625802 46685.989390663803 231.41375575959682 737.50242815166712 87.822436153888702 75.241223111748695 31.348845273256302 63.562735095620155 363.59101574867964 183.36977402865887 4.4787691682577124 30.063226751983166 68.030232831835747 83.21807886660099 84.584693267941475 312.67816087603569 90.447996765375137
leaf_count=32 1456 3206 222 121386 83758 100697 307952 4560 2667 483 1970 806 14523 55786 192611 945 3119 365 305 129 262 1515 794 19 126 280 361 359 1311 372
internal_value=1.81069e-09 0.00010035 -0.00493033 4.24758e-05 -0.000419788 -0.00185931 0.000387288 -0.0077347 -0.0171014 -0.013056 -0.00454646 0.00165997 0.00110952 -0.00115199 0.00175868 0.00482241 -0.0112527 -0.00625224 -0.0133238 0.0119445 0.0134271 0.00831641 0.0119504 0.0249218 -0.0136334 0.0314835 0.00851749 0.022499 0.00493883 -0.0485699
internal_weight=218613 214252 4360.75 213211 148764 53442.4 95321.2 3386.86 860.069 762.099 2526.79 1312.3 64447.4 14373.5 50073.9 973.883 1214.49 425.826 306.655 119.171 548.057 427.154 1041.3 217.912 34.542 120.903 823.392 167.803 655.59 97.9702
internal_count=902377 884345 18032 879919 613793 222083 391710 14009 3554 3150 10455 5366 266126 58992 207134 4023 5089 1744 1250 494 2279 1777 4426 939 145 502 3487 720 2767 404
is_linear=0
shrinkage=0.05


Tree=131
num_leaves=31
num_cat=0
split_feature=0 16 10 12 13 13 17 13 4 14 8 13 14 13 17 12 15 6 5 14 14 14 4 14 2 17 2 17 13 14
split_gain=41.0145 42.9883 53.3453 41.6749 55.0238 44.3381 39.7797 58.0863 43.382 38.0646 27.8684 35.2712 34.7497 27.6982 46.5805 30.4974 28.5934 26.8519 26.4226 24.5391 22.1781 62.7565 34.3507 20.9408 19.6486 19.3671 15.19 13.6461 28.8587 12.0854
threshold=-0.002822201317027206 -0.0046339452528692529 50.877192982456016 -1.0000000180025095e-35 0.0082808857341397663 -0.0054237941324277719 -0.031725629470626397 -0.031652459354726818 0.010037235497750143 15.500000000000002 -0.0064473177081081001 -0.053975181033966806 8.5000000000000018 0.039623923311291394 0.0090764642061710882 1.0000000180025095e-35 3.5000000000000004 1.2540367530472383 0.0030872175840197715 13.500000000000002 6.5000000000000009 13.500000000000002 0.0069399372064714035 7.5000000000000009 -0.013246565590463331 0.09546506475397333 -0.013585359061994538 0.057977626837805225 0.13392791933450457 21.500000000000004
decision_type=2 2 2 2 2 2 2 2 2 2 2 2 2 2 2 2 2 2 2 2 2 2 2 2 2 2 2 2 2 2
left_child=13 6 20 5 -5 -4 10 8 -8 -9 11 -2 -12 14 16 24 18 27 -1 -17 22 -22 -3 -18 -16 26 -19 29 -29 -15
right_child=1 2 3 4 -6 -7 7 9 -10 -11 12 -13 -14 17 15 19 23 25 -20 -21 21 -23 -24 -25 -26 -27 -28 28 -30 -31
leaf_value=-0.0044961928411708894 -0.0010123669902282835 0.001266468048256504 0.00056815712777045406 -0.0031297308772009857 -6.1574568751231485e-05 0.0085904677732813513 -0.011417557495742059 -0.0028444040076728901 -0.0030183960127969593 0.00083675054016578302 0.0035112133663507427 0.006556561212102411 -0.0044831121651365312 0.0050313903464619105 0.0028573107379920122 -0.012837172321552199 0.0065910264748005685 0.022237780848579539 0.0011352339386257197 -0.00068251215438916587 -0.001795418150339562 0.0026742321970925527 0.0064587995818065139 0.0021458846921119288 -0.0026617095375966199 -0.0010932406554560522 0.0090328052414463764 -0.0045459266320532479 0.007603792552221292 -0.0052708135847917732
leaf_weight=2356.3928271308541 2768.6052637845278 8746.8237327188253 8449.2483922988176 23035.890012383461 39964.385465323925 2163.3200579583645 2827.7978821992874 19893.183214813471 3368.9325195401907 10854.160702645779 2126.2715176716447 3466.2003736272454 3768.66254491359 3222.4418335333467 2315.0664527565241 1105.3944590389729 3851.9763892441988 253.82233359664679 17949.657725982368 665.11007437109947 13750.163448862731 18312.091242700815 5009.647780790925 8487.1804068535566 5315.3530975803733 414.04185479879379 1533.767777018249 1596.4432926774025 704.39715184271336 312.25515259802341
leaf_count=9747 11313 35822 34813 96257 163280 9272 11770 81739 13852 44764 8764 14442 15579 13542 9601 4605 15950 1144 74422 2764 56669 75437 20640 35190 22181 1700 6414 6517 2916 1271
internal_value=-3.01313e-10 -0.000373392 0.00013853 -0.000695157 -0.00118344 0.00220347 -0.00161926 -0.00243496 -0.00685124 -0.00154491 0.000865144 0.00319553 -0.0015996 0.00125628 0.000742187 -0.00235904 0.00163526 0.00394571 0.000481741 -0.00827114 0.00147794 0.000757386 0.00315734 0.00353355 -0.000987241 0.00865087 0.0109078 0.00217055 -0.000826317 0.00412129
internal_weight=218589 168505 119432 73612.8 63000.3 10612.6 49073.8 36944.1 6196.73 30747.3 12129.7 6234.81 5894.93 50083.3 42046.1 9400.92 32645.2 8037.17 20306.1 1770.5 45818.7 32062.3 13756.5 12339.2 7630.42 2201.63 1787.59 5835.54 2300.84 3534.7
internal_count=902377 694413 492190 303622 259537 44085 202223 152125 25622 126503 50098 25755 24343 207964 174460 39151 135309 33504 84169 7369 188568 132106 56462 51140 31782 9258 7558 24246 9433 14813
is_linear=0
shrinkage=0.05


Tree=132
num_leaves=31
num_cat=0
split_feature=13 9 17 17 13 4 15 4 9 15 18 13 14 5 14 13 10 15 4 8 4 5 15 15 14 4 9 13 15 19
split_gain=40.6798 56.8769 50.014 47.6052 44.9293 111.659 106.097 84.7383 65.8014 106.906 70.4656 42.5978 40.9555 50.5538 48.3999 40.7662 36.0251 31.7544 29.3789 26.3023 37.0929 25.1154 50.2508 36.7697 24.3539 24.233 18.6585 20.3771 14.389 13.2128
threshold=-0.077142940274329538 -2.1183917854881638 -0.097562248152198758 -0.065489182863931336 -0.0065694062116044552 0.0038925247714237748 5.5000000000000009 0.017846019990539117 -1.0266238260487681 4.5000000000000009 -1.0000000180025095e-35 -0.17912607172223297 22.500000000000004 0.020016767235743454 1.5000000000000002 -0.010317921763010938 36.5820426677653 3.5000000000000004 0.0023362380122212696 -0.048780733591424097 0.035686965009044898 0.026984370599121139 2.5000000000000004 5.5000000000000009 11.500000000000002 0.04083685116503219 -2.6919908133646548 -0.07329325294484261 4.5000000000000009 0.32237315905898828
decision_type=2 2 2 2 2 2 2 2 2 2 2 2 2 2 2 2 2 2 2 2 2 2 2 2 2 2 2 2 2 2
left_child=2 3 11 26 5 6 -3 -7 9 -6 -10 21 13 14 -4 16 -5 -15 -17 20 -13 23 -23 -1 -21 28 29 -28 -14 -2
right_child=1 4 12 15 8 7 -8 -9 10 -11 -12 19 25 17 -16 18 -18 -19 -20 24 -22 22 -24 -25 -26 -27 27 -29 -30 -31
leaf_value=-0.013861019617788446 0.013516730928249402 -0.0041086748142524186 -0.023010106897148601 0.00026440569460939089 0.008413930066898093 -0.00089026411717543904 -0.019849059576683838 0.0066075694495447233 0.0087666462942426748 -0.0031101947705176654 3.016739627957524e-05 0.011657346169149718 0.021976515163568536 -0.0030863145548919602 -0.0065162136821288429 -0.023894150729335005 0.0074116020176908928 0.016384920279385772 0.026590421834472446 0.011514846302869107 0.048714396961490922 -0.01490909461601232 0.02923268434914433 -0.099081250855837549 -0.0051141253216664666 -0.051097966545421529 -0.020508596881140241 0.017268678421002697 -0.0092009170908944182 0.045350315253793461
leaf_weight=291.76608307659626 49.935530960559845 5820.7096786350012 487.41024966537952 5667.3469494581223 6084.003819398582 56264.877794735134 1311.845083579421 4038.8237961158156 2352.548712477088 3007.1675750091672 122003.90783584118 407.98941235244274 220.25352853536606 500.30512358993292 5084.4257410764694 32.265985250473022 2559.2623715549707 360.10352432727814 269.64459183067083 447.29650908708572 80.922829449176788 154.77480943500996 110.50749483704567 13.231426030397413 433.63444897532463 13.854153141379355 40.37862491607666 307.81943769752979 44.481397315859795 93.872215449810028
leaf_count=1200 207 23931 2064 23302 26824 232700 5345 16873 9645 12801 501004 1671 895 2057 21123 136 10476 1507 1395 1832 338 631 461 53 1778 57 163 1320 181 407
internal_value=3.9355e-09 0.000138488 -0.00336014 0.00402253 -3.59216e-05 -0.00108781 -0.0070037 -0.000388099 0.00049564 0.00460199 0.000195442 0.00371048 -0.00540427 -0.00621718 -0.00795906 0.0031501 0.00248787 0.00506291 0.021195 0.0084908 0.0177909 -0.00777212 0.00347885 -0.0175581 0.00332931 0.0133645 0.0191454 0.0128879 0.016738 0.0342965
internal_weight=218555 209904 8650.96 9020.53 200884 67436.3 7132.55 60303.7 133448 9091.17 124356 1940.12 6710.83 6432.24 5571.84 8528.52 8226.61 860.409 301.911 1369.84 488.912 570.28 265.282 304.998 880.931 278.589 492.006 348.198 264.735 143.808
internal_count=902377 866529 35848 37406 829123 278849 29276 249573 550274 39625 510649 7964 27884 26751 23187 35309 33778 3564 1531 5619 2009 2345 1092 1253 3610 1133 2097 1483 1076 614
is_linear=0
shrinkage=0.05


Tree=133
num_leaves=31
num_cat=0
split_feature=13 17 17 19 13 5 9 9 4 17 4 19 19 13 9 13 17 17 5 7 19 9 18 9 13 2 18 17 19 15
split_gain=39.5582 70.8795 59.3814 66.1995 46.1184 75.4297 67.1742 56.7482 134.643 59.6255 43.6498 42.182 42.0677 39.5853 36.5555 35.7867 49.0951 35.5414 32.7429 30.9349 28.6553 53.9709 32.1129 27.6006 24.1487 23.0501 21.6706 20.9251 14.0094 11.5035
threshold=0.082783554866759604 0.053784005252250751 0.10219800772300099 0.74963607032552437 0.034558853275611263 0.0082994022264483245 -0.87087234929938329 0.95934300958622565 0.0040652689940517015 0.019376211099559396 0.007062389600168608 0.80994055763731254 0.21912988213614135 0.11081522371121745 2.1480688232766978 0.15114400478283921 0.15237252525133174 -0.050058541175978792 0.012480520359050886 0.50471029950193913 0.35519410670702506 -0.77952405149965365 0.87466923780137684 2.4926677103386496 0.23571593618884482 -0.016643671138733548 1.1304774161044084 0.089297339739333029 0.89688957436407801 1.0000000180025095e-35
decision_type=2 2 2 2 2 2 2 2 2 2 2 2 2 2 2 2 2 2 2 2 2 2 2 2 2 2 2 2 2 2
left_child=1 4 3 12 7 6 -6 9 -9 -1 28 15 19 -14 20 23 -17 -7 -12 -2 21 -3 -22 -4 26 -16 -13 -27 -5 -26
right_child=2 14 11 10 5 17 -8 8 -10 -11 18 24 13 -15 25 16 -18 -19 -20 -21 22 -23 -24 -25 29 27 -28 -29 -30 -31
leaf_value=0.00047728718621203804 -0.015574541562198788 -0.061876089905457211 -0.0017721306149642479 0.050291795772446246 0.026476654467766925 -0.021399248273836088 0.0032986436110840527 0.0035880236926049466 -0.00384831103428818 -0.0036429523580681386 0.0014280595241241755 -0.0026818504669792777 0.0083198238399108913 0.01999223575054665 -0.059813692200842775 0.017196955778053868 -0.0009445200155255327 -0.0024886266952088842 -0.013661073480538641 0.0085718569498253704 0.0079298438607060037 -0.0074814316720101769 -0.0028632763950401478 -0.015586963692128751 0.05603355737459062 -0.0069249037522885375 -0.052601696501976561 -0.018904786631435209 -0.0068808826409453754 -0.035664841837716635
leaf_weight=136173.42430864275 246.10413527488708 47.272736728191376 1167.6011908352375 53.689643755555153 318.52007269114256 264.50659668445587 16821.100984632969 7998.0171752050519 25476.415826529264 9385.8806180655956 1527.0949341058731 30.056843444705009 1967.2208383604884 1151.5497847422957 23.627386257052422 511.1738740503788 1379.0183053463697 4096.5365875735879 470.23052850365639 287.710325345397 812.90188989788294 1290.5472963228822 4527.7419443503022 523.72006838023663 10.888769775629042 1368.2023201733828 78.571527659893036 496.87770345062017 13.386197268962858 4.986385002732276
leaf_count=560299 1043 193 4747 246 1457 1143 69554 32845 106735 38625 6363 122 8152 4957 95 2135 5583 16949 1939 1218 3408 5394 18912 2115 45 5625 319 2082 57 20
internal_value=2.19794e-08 -0.000142786 0.00316902 0.00636475 4.74861e-05 0.00223552 0.00372938 -0.000215281 -0.00207155 0.000211608 -0.000792012 -0.00176079 0.0104097 0.0126297 -0.00459655 -0.000766219 0.00396157 -0.0036356 -0.00212438 -0.00256034 -0.00285967 -0.0094035 -0.00122045 -0.00604991 -0.0303711 -0.0107382 -0.0387892 -0.0101165 0.038882 0.0272311
internal_weight=218525 209102 9423 5716.99 200534 21500.7 17139.6 179034 33474.4 145559 2064.4 3706.02 3652.59 3118.77 8567.17 3581.51 1890.19 4361.04 1997.33 533.814 6678.46 1337.82 5340.64 1691.32 124.504 1888.71 108.628 1865.08 67.0758 15.8752
internal_count=902377 863316 39061 23975 827607 89103 71011 738504 139580 598924 8605 15086 15370 13109 35709 14580 7718 18092 8302 2261 27907 5587 22320 6862 506 7802 441 7707 303 65
is_linear=0
shrinkage=0.05


Tree=134
num_leaves=29
num_cat=0
split_feature=13 2 8 5 11 9 16 13 5 14 19 18 13 14 1 18 16 3 14 7 19 18 19 18 9 1 19 2
split_gain=39.1946 47.4064 38.6287 37.6737 36.9281 42.5321 70.5195 58.6573 31.3399 30.4645 27.3476 24.6666 23.834 22.4745 22.3901 21.8769 20.111 17.8935 16.289 15.9664 15.8347 15.2597 21.784 11.0318 10.5064 9.78085 9.21513 7.74995
threshold=-0.14141431922022427 -0.087448809515416878 -0.066598384444458411 0.010397914435676356 -2.7239003046760977 -1.7575156978044089 0.021324877239455201 -0.021111854475268085 0.023660688457875285 13.500000000000002 0.80363957616705783 2.011369609931474 -0.012833157803295468 1.5000000000000002 -0.029298887390897251 1.464109078801082 0.0044296693804634088 -0.042022194162271979 11.500000000000002 0.51406055515220139 0.68216293478212076 0.89762145411297956 0.20175720494550961 1.4018139061151502 -2.6003772628359245 0.041109931278860208 0.80486501192066706 -0.0027971855305798372
decision_type=2 2 2 2 2 2 2 2 2 2 2 2 2 2 2 2 2 2 2 2 2 2 2 2 2 2 2 2
left_child=2 19 3 14 11 6 -6 -7 13 10 -10 12 -3 24 26 -11 20 -13 -15 21 -5 22 -2 -18 -4 -23 -1 -16
right_child=1 4 8 16 5 7 -8 -9 9 15 -12 17 -14 18 27 -17 23 -19 -20 -21 -22 25 -24 -25 -26 -27 -28 -29
leaf_value=-0.021397361741445117 0.0041344190838231596 -0.0098396964010074358 -0.082446387251906797 0.015408206249209584 0.0019447480694561325 -0.0020846808913404348 0.02664493659995253 0.000248592239987381 -0.001213796335803983 -0.031737318912187167 0.034188675844384252 0.0026162832546592577 0.0041771545827290393 -0.0082730715403667669 -0.075260979522261073 -0.0016818340708247574 0.071909233341556231 -0.068539975870625464 -0.024424730476709223 -0.070294594376592648 -0.0031320364475889992 0.013447065101666955 0.050403596449672718 -0.0027465803538588686 -0.03518716861622001 -0.042499069689947051 0.064327848802064561 -0.004991698414012596
leaf_weight=7.5644391775131208 39.92060387134552 1237.1909380704165 17.447083339095116 213.24560450017452 19089.308968745172 32269.154338590801 293.40864104032516 162975.25144596398 223.35267674922943 119.31880398094654 72.177790388464928 12.976903066039084 401.75758802890778 294.39578737318516 25.627159342169762 122.91515429317951 18.107156366109852 27.681072548031807 332.29033567756414 5.2366047203540793 250.38667848706245 314.91818066686392 70.123591095209122 6.8091550916433325 36.0811687707901 8.0109894424676877 5.3535667657852173 4.6332052499055889
leaf_count=31 171 5077 73 879 79329 134205 1221 671540 924 486 304 54 1686 1212 108 502 76 113 1398 22 1031 1368 310 28 154 33 22 20
internal_value=5.06852e-08 6.02194e-05 -0.00745335 0.00379058 2.69365e-05 8.47295e-05 0.00231865 -0.000137041 -0.0123621 -0.00334166 0.0074326 -0.00735809 -0.00640373 -0.0194934 -0.0409772 -0.0164865 0.0077472 -0.0458289 -0.0168372 0.0164891 0.00539547 0.0175387 0.0336186 0.0515072 -0.0505909 0.0120592 0.0141295 -0.064502
internal_weight=218495 216745 1749.71 531.727 216307 214627 19382.7 195244 1217.98 537.764 295.53 1679.61 1638.95 680.214 43.1784 242.234 488.549 40.658 626.686 438.21 463.632 432.973 110.044 24.9163 53.5283 322.929 12.918 30.2604
internal_count=902377 895129 7248 2195 893225 886295 80550 805745 5053 2216 1228 6930 6763 2837 181 988 2014 167 2610 1904 1910 1882 481 104 227 1401 53 128
is_linear=0
shrinkage=0.05


Tree=135
num_leaves=31
num_cat=0
split_feature=1 18 12 3 5 12 5 2 5 3 19 8 4 11 10 14 14 18 3 9 11 4 4 19 5 14 15 6 14 3
split_gain=37.9051 53.6705 35.3282 54.65 40.4932 35.1892 34.4017 31.8108 31.8233 30.7698 29.4916 28.1947 26.1255 25.8437 46.9958 25.4388 25.3761 25.335 28.3303 46.2502 23.9867 23.9181 23.108 20.7446 20.1336 19.3225 18.7137 17.829 16.4351 16.2769
threshold=-0.0019496500616799082 1.0737044497205057 -1.0000000180025095e-35 -0.0014440259696344435 0.00081531623728872172 1.0000000180025095e-35 0.015573348427794884 0.0030118270378989291 0.012194816013134265 -0.0064484926648396548 0.77333009267161956 0.047720359553752825 0.0074966519148236335 -1.5324553160268453 17.37361138585435 10.500000000000002 19.500000000000004 2.1373867890188616 0.06426917482395457 -0.74905555294269666 -3.1048298532021907 0.015552072199502626 0.013285987056400302 0.53697514252815415 0.0018792267866958412 14.500000000000002 1.0000000180025095e-35 1.2438547396115267 8.5000000000000018 -0.037659783634610026
decision_type=2 2 2 2 2 2 2 2 2 2 2 2 2 2 2 2 2 2 2 2 2 2 2 2 2 2 2 2 2 2
left_child=1 5 3 11 25 7 10 8 -1 -7 26 28 -12 14 -8 -11 -13 18 20 -20 -4 -6 -15 24 -19 -5 -3 -9 -2 -25
right_child=2 6 17 4 21 9 13 27 -10 15 12 16 -14 22 -16 -17 -18 23 19 -21 -22 -23 -24 29 -26 -27 -28 -29 -30 -31
leaf_value=0.0030955164674468629 0.0031320573676454858 -0.0055198486075333647 -0.014094936407270071 -0.0074283070085739526 0.0037323109877338044 -0.0082521137881589289 0.040714702757574772 -0.001319251638312393 0.010984704826734523 -0.0029723304763138768 -0.001879284924434278 -0.0036859617635915036 0.0023931239941358891 -0.075093086011804588 -0.016472550228625892 0.0037643596339250584 -0.017499753871703053 0.049909706570232512 0.015930983272134693 -0.0062692128187665109 -0.0007486904942762343 0.013031562040943735 0.0072523539785285243 0.017657646684539893 0.0082018004435769377 -0.038715548883272111 -0.0014326754624336318 0.0061478389747395279 -0.0018409065848254771 -0.0014308507323033115
leaf_weight=27089.693678356707 2695.2376149818301 3313.1601696312428 337.68998476862907 177.83498413860798 9438.2647396922112 1257.5026672258973 41.654465220868587 5967.2124892324209 1341.5697297826409 2797.6011328920722 5689.6118375808001 1483.6757284253836 9641.8157480359077 8.5518785119056684 261.19964046776295 2807.7716580331326 428.47158817946911 29.751772001385689 249.31030930578709 3977.9152741655707 110514.69056232274 746.12777765095234 2262.6417014077306 122.02507546544075 1054.1426981389523 68.300757586956024 18103.856811083853 923.0597836971283 4331.4713690057397 1317.0494359284639
leaf_count=112151 11182 13720 1383 723 39285 5239 187 24551 5643 11537 23461 6143 40056 35 1092 11734 1763 123 1020 16352 454978 3120 9440 506 4375 278 75031 3833 17993 5443
internal_value=3.98724e-08 0.000853794 -0.000507997 0.00147064 0.00392928 0.00209255 -0.000475118 0.0027291 0.00346778 -0.00118361 -0.000866525 -0.00139829 0.0008076 0.00511281 -0.00860703 0.000402126 -0.00678134 -0.000833882 -0.000942545 -0.00495991 -0.000789347 0.00441359 0.00694229 0.0041225 0.00934664 -0.0161103 -0.00206495 -0.000318918 6.65752e-05 0.000187742
internal_weight=218479 81506.9 136972 19369.4 10430.5 42184.4 39322.5 35321.5 28431.3 6862.88 36748.4 8938.86 15331.4 2574.05 302.854 5605.37 1912.15 117603 115080 4227.23 110852 10184.4 2271.19 2522.97 1083.89 246.136 21417 6890.27 7026.71 1439.07
internal_count=902377 337710 564667 80487 43406 174688 163022 146178 117794 28510 152268 37081 63517 10754 1279 23271 7906 484180 473733 17372 456361 42405 9475 10447 4498 1001 88751 28384 29175 5949
is_linear=0
shrinkage=0.05


Tree=136
num_leaves=31
num_cat=0
split_feature=13 9 13 5 14 12 10 4 11 5 15 8 9 14 13 18 5 11 4 14 5 11 2 18 8 11 14 4 1 18
split_gain=39.1431 45.3043 49.6561 104.63 80.8307 60.6105 53.3882 49.4122 48.6295 43.5661 46.6425 56.7713 44.3528 39.4876 33.0758 31.5744 41.4671 28.4246 25.765 25.3508 24.3927 34.6588 31.7236 22.6133 27.9515 21.2526 21.0305 20.6668 10.4001 8.7769
threshold=-0.10179255162960969 -2.1183917854881638 -0.021111854475268085 0.0074255594136077669 1.5000000000000002 -1.0000000180025095e-35 46.581391362612955 0.0010517825401678857 -2.7239003046760977 0.0095746243645948911 3.5000000000000004 -0.032271514776119871 -0.074101828097344266 9.5000000000000018 -0.010317921763010938 1.9482691232871514 0.0051087811657036528 -0.79702335918184652 0.0023362380122212696 19.500000000000004 0.023660688457875285 -0.0074471840559189959 -0.060119194529092305 0.50033361622066164 -0.10691544974403687 -0.45382239019823339 22.500000000000004 0.0088215280288037271 0.012394491593830327 1.1304774161044084
decision_type=2 2 2 2 2 2 2 2 2 2 2 2 2 2 2 2 2 2 2 2 2 2 2 2 2 2 2 2 2 2
left_child=9 14 3 4 -3 7 -7 -4 -5 19 11 13 -13 -11 15 17 -17 -2 25 23 21 -12 -22 24 -1 -16 -21 -25 -20 -28
right_child=1 2 5 8 -6 6 -8 -9 -10 10 20 12 -14 -15 18 16 -18 -19 28 26 22 -23 -24 27 -26 -27 29 -29 -30 -31
leaf_value=-0.076018826568517911 -0.00055332484063714464 -0.013233542048992759 -0.022552187382971184 -0.01973676109163414 -0.0027393392056467539 0.0013173120601825217 -0.00064660343200454936 0.0040541863608144343 0.0024514502442022777 -0.009308168337435906 0.0084330391507447516 -0.011612015999544471 -0.048949342434314758 0.0089971987000295444 -0.068730533350779957 -0.033609724001334433 0.030292854808673442 0.0047490890690059032 0.025518751851284702 -0.048651059209419797 -0.0017935579258230893 -0.012776149960752096 0.029003954673028687 0.013004676891833765 0.02318641612865148 0.0129244481117224 -0.038862766431579848 -0.01791210415616409 -0.059338571664769503 0.028755831326429639
leaf_weight=7.8792643398046485 4565.4131608456373 1992.6795626655221 177.04288201034069 251.97337074577808 23177.170222744346 52791.876428969204 100450.05081407726 12163.206919521093 12367.321667052805 515.84769357740879 559.75554348528385 1049.6089258342981 86.059406451880932 686.91289336979389 14.153688639402388 29.356372147798538 187.73960397392511 5662.0789569616318 271.3839967250824 86.896230086684227 138.39007280766964 293.68300462514162 211.26323863118887 59.84680512547493 71.819501399993896 18.235475435853004 7.1701828241348293 558.40131141245365 3.6594392061233512 14.511416628956793
leaf_count=32 18748 8445 718 1034 96143 218519 413119 50656 51150 2117 2300 4325 377 2826 59 120 795 23308 1432 367 596 1203 882 263 307 77 29 2349 22 59
internal_value=4.53361e-08 9.54161e-05 -7.18114e-05 -0.00170725 -0.00357016 0.000301429 2.99659e-05 0.00367247 0.00200841 -0.00469657 -0.00230815 -0.00642394 -0.0144414 0.00114628 0.00325848 0.00278269 0.0216518 0.00238216 0.0194226 -0.0151843 0.00569164 0.00113459 0.0168145 -0.011688 0.0133787 -0.0227578 -0.0376592 -0.0149193 0.0243897 0.00639412
internal_weight=218471 214123 203371 37789.1 25169.8 165582 153242 12340.2 12619.3 4348.05 3541.52 2338.43 1135.67 1202.76 10752 10444.6 217.096 10227.5 307.433 806.525 1203.09 853.439 349.653 697.947 79.6988 32.3892 108.578 618.248 275.043 21.6816
internal_count=902377 884345 839784 156772 104588 683012 631638 51374 52184 18032 14626 9645 4702 4943 44561 42971 915 42056 1590 3406 4981 3503 1478 2951 339 136 455 2612 1454 88
is_linear=0
shrinkage=0.05


Tree=137
num_leaves=31
num_cat=0
split_feature=13 17 4 13 4 14 4 13 14 15 17 19 14 14 14 14 10 5 18 17 1 5 11 3 15 2 8 18 10 2
split_gain=37.8802 64.6966 51.5117 50.2632 75.8962 79.0811 69.5116 63.4096 62.7494 58.9113 41.9194 38.5451 37.2679 57.49 86.1309 48.1939 36.7951 31.6062 28.7061 39.5196 36.5454 28.6286 28.4715 28.3251 25.6653 18.079 15.2485 16.5915 10.1361 9.70621
threshold=0.063351810841041814 0.023135634069704373 0.01413543841913914 0.013534745958751372 0.0091581816526141672 1.0000000180025095e-35 0.012672196919982002 -0.055526977827386352 11.500000000000002 4.5000000000000009 0.18043513354790788 0.63900002567856118 22.500000000000004 11.500000000000002 13.500000000000002 1.5000000000000002 81.855964448742412 0.0023539612542933771 0.20608766624130331 0.089297339739333029 0.0070675312047545633 0.020016767235743454 -0.56641831890845773 0.092099095757880348 3.5000000000000004 -0.00096559789421241094 0.05631041357616786 0.65537404473968908 59.920419157501662 0.00086164171901670372
decision_type=2 2 2 2 2 2 2 2 2 2 2 2 2 2 2 2 2 2 2 2 2 2 2 2 2 2 2 2 2 2
left_child=1 3 12 6 5 -5 7 -1 -8 -6 17 18 13 15 -15 -2 22 24 20 -20 -4 -19 -13 -18 -3 -14 27 -12 -28 -27
right_child=2 10 11 4 9 -7 8 -9 -10 -11 26 16 25 14 -16 -17 23 21 19 -21 -22 -23 -24 -25 -26 29 28 -29 -30 -31
leaf_value=-0.0058762329332506108 0.01434157503475585 -0.0052996984605232032 0.0036486206788312187 0.01576512220939446 -5.272831684281132e-05 0.0025517209743555246 0.0054425442533287648 -0.00049980697364084069 -6.6195999189894831e-05 -0.009533585956505955 -0.065460617903654067 -0.019968131167706234 0.01544603570432756 0.028147717118243171 0.0071035961795383245 -1.9166182423555996e-06 -0.0020496653946964938 -0.0030568401338736508 0.0093354529832909601 -0.00025604956597119428 -0.030395833777818571 0.0088482344411653993 -0.0017937224665854987 -0.038495314464063873 0.010595567730041285 -0.070757355456744747 -0.078351579246240782 -0.012698256351024496 -0.022968721494246336 -0.014062765218842642
leaf_weight=5765.4450029954314 699.81907458603382 370.50147117674351 166.44225064665079 1182.0009405985475 8718.8087984547019 26961.092278145254 9242.425821274519 112393.36314392835 11730.578571230173 2017.6589537411928 17.243765570223331 238.1099769026041 55.953576490283012 608.82141850888729 2414.6278248280287 3589.0624319314957 86.205832481384277 23130.291479349136 1648.1844725608826 3082.3811816573143 149.75060926377773 516.25208522379398 2268.4893129989505 139.7126562744379 807.28401823341846 7.7528728097677222 21.591533914208412 109.6061227992177 13.381710976362227 287.5075950473547
leaf_count=24137 2890 1522 703 4925 36352 110893 38194 462908 48600 8375 73 995 227 2767 10198 14667 351 96181 6949 12572 616 2190 9383 566 3308 31 100 479 68 1157
internal_value=3.00111e-08 -0.000181575 0.00238725 0.000152844 0.00174221 0.00310668 -0.000291294 -0.000762144 0.00236141 -0.00183443 -0.00256411 -0.000478943 0.00529672 0.00606087 0.0113412 0.00233852 -0.00526204 -0.00239876 0.00211082 0.00308574 -0.012475 -0.00279693 -0.00352017 -0.0245884 0.00559532 -0.0106131 -0.0279298 -0.0198707 -0.0571606 -0.0155514
internal_weight=218440 202998 15442.8 178011 38879.6 28143.1 139132 118159 20973 10736.5 24986.2 7779.28 7663.54 7312.33 3023.45 4288.88 2732.52 24824.3 5046.76 4730.57 316.193 23646.5 2506.6 225.918 1177.79 351.214 161.823 126.85 34.9732 295.26
internal_count=902377 838305 64072 734384 160545 115818 573839 487045 86794 44727 103921 32135 31937 30522 12965 17557 11295 103201 20840 19521 1319 98371 10378 917 4830 1415 720 552 168 1188
is_linear=0
shrinkage=0.05


Tree=138
num_leaves=31
num_cat=0
split_feature=16 2 14 14 13 9 13 14 13 14 4 9 13 18 14 14 3 10 18 18 11 13 4 13 14 14 18 8 14 18
split_gain=38.3475 65.2849 61.1564 49.1511 44.7208 42.8273 59.3034 53.6561 45.372 81.9298 73.3688 42.0979 56.5771 64.3013 47.4563 46.7164 46.6814 40.5402 32.5139 49.7474 31.0004 30.6174 41.682 29.9242 62.2325 43.7952 26.3997 25.2691 24.9793 20.1516
threshold=-0.0040870374708405479 -0.0013734486189759807 15.500000000000002 6.5000000000000009 -0.070309706899936139 -0.77952405149965365 0.032195286867970581 15.500000000000002 0.0082808857341397663 1.5000000000000002 0.0026804143001858296 -2.6003772628359245 -0.043756749328868798 0.37921359936323279 15.500000000000002 8.5000000000000018 -0.022080635368614206 22.615231789794908 0.13576030293004618 -0.13450098754285666 1.4326809026473024 -0.061008915177177318 0.012672196919982002 -0.024286901879996544 17.500000000000004 17.500000000000004 0.43278382840157298 -0.0070311955726469148 12.500000000000002 0.06940075803978725
decision_type=2 2 2 2 2 2 2 2 2 2 2 2 2 2 2 2 2 2 2 2 2 2 2 2 2 2 2 2 2 2
left_child=11 2 3 4 -2 6 7 -3 9 -7 -10 18 13 27 15 -14 -15 -16 19 -1 -5 28 -23 24 -4 -25 -8 -13 -20 -21
right_child=1 5 23 20 -6 8 26 -9 10 -11 -12 12 14 16 17 -17 -18 -19 21 29 -22 22 -24 25 -26 -27 -28 -29 -30 -31
leaf_value=0.038934200923874146 -0.011615791239351154 0.0032199414238465343 -0.010525806523414588 -0.00052407472787678632 0.0034224338826646336 -0.010828939156696776 -0.013331922796681467 -0.0027298317308094532 0.010398788942977324 -0.0015120036538200543 -0.00020517296363298257 -0.012319416076977917 -1.0070990840780074e-05 -0.0014480813409361467 0.011763839899259174 -0.0035850352101058584 -0.0084323041882753674 0.00091370168876982985 0.0056644295333319883 -0.017517753431523994 -0.010088966925585899 0.0059929075689747584 0.025588449402262736 0.010891111638248937 0.0044428823284327875 0.003972510176788578 0.023062173427149581 -0.032996280001702648 -0.0045323098274473459 -0.058522502564007789
leaf_weight=31.566094279289246 512.28563801944256 12479.423610568047 941.41022261977196 17400.97647780925 14140.137414969504 2577.0173984691501 56.194387674331665 5441.6044265180826 1691.7171390205622 27965.884598910809 45622.283139139414 415.50191812217236 20224.164221227169 8332.1779133677483 901.89960872381926 16671.242559932172 3356.1508909836411 18939.982583202422 1318.2974439561367 93.447295650839806 890.47522887587547 1457.6498353555799 333.45940230041742 3055.4666174575686 2646.0456997305155 9098.5371712744236 439.84541539102793 229.30739908665419 1103.2663530707359 44.104063257575035
leaf_count=130 2125 51367 3864 72101 58229 10991 248 22359 6888 116840 186647 1720 83426 34070 3797 69142 14064 78475 5448 385 3678 6008 1460 12824 10819 37687 1915 955 4535 180
internal_value=5.33395e-08 0.00047166 0.0019638 0.000738823 0.00289666 -0.000282907 0.00188537 0.00141333 -0.000795813 -0.00229811 0.000173973 -0.000930672 -0.00123216 -0.00430148 -0.000564979 -0.00162542 -0.00345351 0.00140689 0.00382179 -0.0176745 -0.000989718 0.00468475 0.0096411 0.00452743 0.000514841 0.00571182 0.0189392 -0.0196725 0.00101879 -0.0306654
internal_weight=218412 144959 48685.3 32943.9 14652.4 96274 18417.1 17921 77856.9 30542.9 47314 73452.2 69070.4 12333.1 56737.3 36895.4 11688.3 19841.9 4381.79 169.117 18291.5 4212.67 1791.11 15741.5 3587.46 12154 496.04 644.809 2421.56 137.551
internal_count=902377 598582 201327 136133 60354 397255 75889 73726 321366 127831 193535 303795 285649 50809 234840 152568 48134 82272 18146 695 75779 17451 7468 65194 14683 50511 2163 2675 9983 565
is_linear=0
shrinkage=0.05


Tree=139
num_leaves=30
num_cat=0
split_feature=0 18 2 17 16 11 5 4 19 8 11 3 9 16 17 5 17 9 9 16 18 4 9 10 8 9 18 6 2
split_gain=36.5352 27.4217 33.3846 32.6876 34.0759 28.5485 26.3775 25.7206 37.7566 27.5371 25.0411 25.7136 65.7781 34.4029 30.3419 25.7468 24.2227 23.1577 20.9688 18.4015 18.0136 16.9334 24.7986 17.1755 16.8691 16.918 14.4611 13.3598 1.49504
threshold=-0.0004154006861030734 0.89019248762912639 -0.0043177898896770142 -0.010929958889236422 0.010259706510584944 1.0352445194919875 0.015573348427794884 0.006213356094757894 0.43748324650330073 0.031800920592440517 -2.4781233808418541 0.039289272954106898 -0.77952405149965365 0.0035597190051624987 -0.028514933267719141 0.00039255976572267554 -0.015928559261184524 -0.8398531788576673 0.79254492052837378 0.036476983159744687 1.5064769642371123 0.0018467478703194601 0.7619827742199361 70.835478584624809 0.11627038764178844 -0.60715483219583188 0.95320258746381681 0.12102185220788945 0.008379121463516161
decision_type=2 2 2 2 2 2 2 2 2 2 2 2 2 2 2 2 2 2 2 2 2 2 2 2 2 2 2 2 2
left_child=1 2 7 5 6 18 -5 9 -9 -1 19 13 20 16 -14 -15 -12 -6 -3 24 -13 22 -4 -23 27 -26 -7 -2 -21
right_child=10 3 21 4 17 26 -8 8 -10 -11 11 12 14 15 -16 -17 -18 -19 -20 28 -22 23 -24 -25 25 -27 -28 -29 -30
leaf_value=-0.0003288324871295795 0.028078976514689546 0.0025622525451985453 0.0027161134966347277 -0.0019842738903594367 0.0085226931698002117 0.010003767762665263 0.0084522326447338102 0.0025740203161959607 0.0095362238492585783 0.008805592520004563 0.000614544655350973 0.017310777074281757 -0.016370117762861201 -0.021218185085550963 -0.0034262429269212541 0.0011605283732224348 -0.0013832205019392667 0.00080632952591797556 -0.0031435041849437553 -0.053362298079821208 -0.00047894502660203258 -0.00019746198816852852 0.021065017834856568 0.004222410296901272 -0.066616148620969623 -0.0084895101616516127 -0.0063516596143409106 -0.0063114401193582817 -0.088747646023995513
leaf_weight=4824.2321812435985 28.850966468453407 19088.365912102163 835.95583774149418 26783.343134082854 1085.0148555785418 148.95898532867432 619.43225573003292 4462.9919671714306 3454.7181768640876 995.3037079423666 20633.767328135669 477.54842108488083 478.36591193825006 129.03220482170582 8453.4012824222445 32803.641613215208 57333.210730135441 9361.3859410509467 1758.5753629431129 7.16713799536228 202.69935087859631 18842.23216175288 236.15954566001892 2488.2794119119644 23.032780930399895 27.421242505311966 1457.98524595052 1333.4028412997723 5.1155688762664795
leaf_count=19973 119 79224 3403 110731 4497 613 2609 18676 14414 4117 85236 1959 1972 521 34917 135851 236026 38785 7297 29 835 77616 966 10249 94 113 6021 5493 21
internal_value=5.486e-08 0.000727251 0.00181633 7.45627e-05 -0.00082206 0.00158595 -0.00174836 0.00375699 0.00561182 0.00123341 -0.000575104 -0.000497189 -0.00297801 -0.000282168 -0.00411949 0.00107285 -0.000854517 0.00160779 0.00208093 -0.00716439 0.0120098 0.000626318 0.00675791 0.000318132 -0.00663459 -0.0350249 -0.00483556 -0.00558309 -0.0680998
internal_weight=218380 96442.9 36139.9 60303.1 37849.2 22453.9 27402.8 13737.2 7917.71 5819.54 121937 120512 9612.01 110900 8931.77 32932.7 77967 10446.4 20846.9 1424.99 680.248 22402.6 1072.12 21330.5 1412.71 50.454 1606.94 1362.25 12.2827
internal_count=902377 399191 149414 249777 156622 93155 113340 57180 33090 24090 503186 497317 39683 457634 36889 136372 321262 43282 86521 5869 2794 92234 4369 87865 5819 207 6634 5612 50
is_linear=0
shrinkage=0.05


Tree=140
num_leaves=31
num_cat=0
split_feature=13 17 5 17 19 13 3 9 18 15 17 15 9 19 18 9 16 18 19 18 17 7 17 5 17 17 18 1 7 5
split_gain=37.937 65.9994 60.5353 57.9928 52.3937 52.0629 59.6973 56.053 55.1744 49.8979 45.7471 41.8128 43.5413 40.405 34.6985 33.8851 48.6053 35.4518 31.4995 31.1679 33.6091 28.6771 27.9436 33.9048 22.294 21.4985 22.264 20.7141 19.8534 16.0375
threshold=0.11081522371121745 0.068443476263228123 0.010553796409583529 0.09546506475397333 0.62511271213002606 0.035345090142432485 0.06426917482395457 1.6848796967387787 -1.0000000180025095e-35 4.5000000000000009 0.0037971979055971832 1.0000000180025095e-35 2.0023441403948157 0.86581804795377093 2.1373867890188616 2.1480688232766978 0.017938065671130658 3.1391708528306146 0.89256087550348029 0.20608766624130331 0.23528694097927952 0.47841199076398222 0.18043513354790788 0.018807529424379198 -0.039865382877194093 0.15237252525133174 2.265476543987575 0.0091180917186096683 0.44313096789402873 0.0060788159629109875
decision_type=2 2 2 2 2 2 2 2 2 2 2 2 2 2 2 2 2 2 2 2 2 2 2 2 2 2 2 2 2 2
left_child=1 5 3 13 19 7 9 10 -9 -7 -1 14 -13 21 -6 22 -17 -18 -8 27 -21 -2 23 -3 -15 26 -5 -4 -24 -27
right_child=2 15 4 25 11 6 18 8 -10 -11 -12 12 -14 24 -16 16 17 -19 -20 20 -22 -23 28 -25 -26 29 -28 -29 -30 -31
leaf_value=0.00044303932714778434 0.053678795370017823 -0.0033557999401842274 -0.0012844635849485735 0.0036581123500247525 0.0058992625875171553 0.0040272654639556078 -0.0092917276389287776 0.015284816284489614 -0.0048277068332058881 -0.0014698116338743546 -0.0014199652801737659 -0.024345227052902818 -0.0016397675341812256 0.085443861212135944 0.078924849392618179 -0.030894469624626282 -0.0082063720746331451 0.065980463893813512 0.020638751662779002 0.00915857114633911 -0.0044019656979779566 0.021026184051532906 0.1107001637468724 0.010673154500607653 -0.014973652528370962 -0.065606181159604968 0.05039611459518846 -0.046146617555737027 -0.021271044388201227 -0.0099140144771585476
leaf_weight=127764.09917832166 73.715394735336304 4018.3364418298006 54.58575613796711 491.34490802884102 145.91251935064793 18432.280464492738 1421.3452817648649 354.7153730019927 8814.1285270750523 5319.5840232521296 44403.690266124904 443.20390456914902 403.26006588339806 5.8602110892534247 18.307769045233727 255.64204004406929 1655.3067108690739 16.261847972869873 93.700736567378044 1755.8879684582353 617.65113940834999 765.69108593463898 2.8856388181447974 482.37596348673105 97.280223935842514 14.163861796259878 26.87378254532814 48.673992201685905 229.50462653487921 147.99861842393875
leaf_count=526500 327 16726 229 2026 611 76638 5778 1464 37426 21986 183269 1835 1649 25 76 1036 6809 67 383 7276 2503 3326 14 2032 412 57 115 199 985 598
internal_value=5.31178e-08 -0.000101963 0.00425732 0.0122346 0.00054505 5.5965e-05 0.0021823 -0.000240312 -0.00404961 0.00279611 -3.74471e-05 -0.00904876 -0.0135282 0.0202649 0.0140404 -0.00500091 -0.0105899 -0.00748465 -0.00744062 0.00445991 0.0056298 0.0238937 -0.00272519 -0.00185221 -0.00926815 0.00111001 0.00608185 -0.0224313 -0.0196323 -0.0147784
internal_weight=218374 213264 5110.41 1622.93 3487.48 206604 25266.9 181337 9168.84 23751.9 172168 1010.68 846.464 942.547 164.22 6660.31 1927.21 1671.57 1515.05 2476.8 2373.54 839.406 4733.1 4500.71 103.14 680.381 518.219 103.26 232.39 162.162
internal_count=902377 881113 21264 6886 14378 853444 104785 748659 38890 98624 709769 4171 3484 4090 687 27669 7912 6876 6161 10207 9779 3653 19757 18758 437 2796 2141 428 999 655
is_linear=0
shrinkage=0.05


Tree=141
num_leaves=30
num_cat=0
split_feature=13 17 8 13 14 4 9 1 9 16 14 8 15 7 17 15 14 2 7 14 6 7 17 1 15 14 8 13 4
split_gain=37.572 51.2275 53.9811 49.1818 49.4008 50.7052 46.3259 48.7717 42.4642 36.7767 35.169 33.486 31.372 28.5805 30.3902 27.2161 44.6254 42.3493 29.9878 25.5686 25.5037 20.8427 18.0811 17.897 17.1303 16.0893 15.1105 5.0846 4.57126
threshold=-0.14141431922022427 -0.088607505074445744 -0.048780733591424097 -0.067773744759268603 22.500000000000004 0.011381898193228194 -1.918451784595923 -0.022747356236397561 -0.60715483219583188 -0.0044938512303838709 1.5000000000000002 -0.066598384444458411 1.5000000000000002 0.52839600181299839 -0.097562248152198758 3.5000000000000004 2.5000000000000004 -0.02135894946088612 0.50128997069856973 11.500000000000002 0.54067511118034306 0.51123479918439563 -0.017923334398218912 -0.039562356845008632 5.5000000000000009 18.500000000000004 -0.022818718700129723 -0.17912607172223297 0.013285987056400302
decision_type=2 2 2 2 2 2 2 2 2 2 2 2 2 2 2 2 2 2 2 2 2 2 2 2 2 2 2 2 2
left_child=11 2 13 4 5 -3 10 -8 9 -4 -5 21 -10 14 -2 17 18 26 -17 -19 -18 23 -6 25 -25 -1 -13 -23 -15
right_child=1 3 8 6 22 -7 7 -9 12 -11 -12 15 -14 28 -16 16 20 19 -20 -21 -22 27 -24 24 -26 -27 -28 -29 -30
leaf_value=0.0062281572455262831 0.024569560462388913 -0.012013480173028938 0.002716629631473096 0.012396148047915844 0.0073374135132963647 -0.0024455933520044779 0.0050809239711800281 -0.00018061545979492055 0.011089207668974341 0.02182452257579803 0.0023902427202173501 0.0018998005675770044 -0.014687631824358414 -0.025875378985892306 0.0014056970930710619 -0.05736584861069665 0.028449936886860702 -0.016580813138685101 0.051041612875232213 -0.044322868558370754 -0.0025931166081948993 0.094798506817025549 0.032551547105263368 -0.0035631280821888968 -0.084336480717584858 0.041891055170933521 -0.01609503386486489 0.031502215167339379 -0.092607159332085187
leaf_weight=138.5673526674509 589.46966570615768 1809.7184675335884 1027.2700881659985 960.59558884054422 246.73679733276367 5896.3104900121689 4508.8404413536191 190066.06273067743 157.06721749901772 333.59258015453815 10236.543179236352 221.59416970610619 475.03175415098667 4.4810177236795408 186.36175043880939 48.388405621051788 87.699312970042229 160.79979805648327 7.3478854894638053 171.7854782640934 269.42472556978464 7.0158205181360245 99.884465381503105 331.82158724963665 6.6964706629514685 40.978935718536377 246.35623548924923 5.792208865284918 6.0060320794582367
leaf_count=579 2467 7733 4274 4055 1003 24326 18995 784439 652 1385 42611 911 1963 20 775 203 368 672 31 733 1121 29 407 1367 27 169 1014 24 24
internal_value=7.61291e-08 5.89335e-05 0.00680345 -2.87314e-05 -0.00386198 -0.00469256 0.000121278 -5.8691e-05 0.00242647 0.00740061 0.00324864 -0.00730885 -0.00828247 0.0178971 0.0190054 -0.0118912 -0.00146394 -0.0172689 -0.0430742 -0.03091 0.00503016 0.00316488 0.0146033 0.00160712 -0.00516096 0.0143677 -0.00757372 0.0661739 -0.0640933
internal_weight=218348 216604 2779.28 213825 8052.65 7706.03 205772 194575 1992.96 1360.86 11197.1 1744.27 632.099 786.318 775.831 1213.4 412.86 800.536 55.7363 332.585 357.124 530.872 346.621 518.064 338.518 179.546 467.95 12.808 10.487
internal_count=902377 895129 11560 883569 33469 32059 850100 803434 8274 5659 46666 7248 2615 3286 3242 5053 1723 3330 234 1405 1489 2195 1410 2142 1394 748 1925 53 44
is_linear=0
shrinkage=0.05


Tree=142
num_leaves=31
num_cat=0
split_feature=16 2 17 13 4 19 14 15 13 5 3 18 19 14 15 13 14 13 18 14 17 5 15 3 8 19 13 14 14 19
split_gain=36.309 56.941 51.0279 74.068 84.5249 65.1965 50.2359 50.6324 68.3293 52.3578 46.4213 62.2975 50.3834 39.0457 44.5522 66.6922 45.3764 37.8595 49.7974 36.7501 35.0805 31.7972 33.9017 31.2408 29.2603 28.4126 24.8028 62.5537 47.3329 23.8449
threshold=-0.0040870374708405479 -0.00048205019114538889 -0.027362859358239285 -0.031652459354726818 0.0068588223281171104 0.87826988278149598 15.500000000000002 4.5000000000000009 -0.015884007901303784 0.0034826427535717469 -0.0058598242829569483 0.6293154804018638 -0.36180103624256182 18.500000000000004 2.5000000000000004 -0.013979511386193298 3.5000000000000004 -0.10179255162960969 1.9788583189220856 11.500000000000002 -0.0032096639737818062 0.026984370599121139 2.5000000000000004 -0.081864109615992706 0.0071464876207513036 0.84434402558535726 -0.024286901879996544 22.500000000000004 17.500000000000004 0.37084316581691795
decision_type=2 2 2 2 2 2 2 2 2 2 2 2 2 2 2 2 2 2 2 2 2 2 2 2 2 2 2 2 2 2
left_child=2 6 17 4 19 -6 7 9 -9 -2 12 -12 -5 14 15 -3 -16 21 23 -4 -15 29 -23 -19 -20 -22 27 -8 -28 -1
right_child=1 13 3 10 5 -7 26 8 -10 -11 11 -13 -14 20 16 -17 -18 18 24 -21 25 22 -24 -25 -26 -27 28 -29 -30 -31
leaf_value=-0.016767622574925641 -0.0033618986462786524 -0.0036324106112720685 -0.010682236044716029 -0.03423051988880927 -0.0054078430963707428 0.010412569726282718 -0.0019959740505501593 0.011447441467313621 0.0015725171814467622 0.0012600283036640482 0.0041170450864892625 -0.0041761660767465391 0.00065425314503334095 0.0016178181361482824 -0.0039365607566924305 0.0027979550998496125 4.4943935958781093e-05 0.014089028389069792 0.017363350260602817 -0.027902172439340452 -0.0026804832434141664 -0.0046329510465021361 0.021901705214191439 0.00089040149839348889 -0.00040604914337534102 -0.0094159923055362957 0.010055360918823782 0.018299215060564016 0.0032481449654566232 -0.0042436525954254612
leaf_weight=479.66332052648067 9935.8530301600695 4834.4797402024269 746.87103864550591 103.94804719090462 6996.8407948985696 718.05372042953968 3302.3464533165097 2187.3698247373104 8796.7447959035635 15985.650322660804 2681.4309083819389 14562.2537079826 24209.648534066975 4335.482276327908 9104.3999447822571 24298.329893305898 33440.194996841252 459.46793741732836 782.134117141366 529.50227695703506 12778.730433396995 269.63027085363865 217.45603328943253 18506.83184992522 329.17571599781513 1784.3266488015652 3395.4466307163239 428.99146743118763 10300.5600271523 1830.2539769262075
leaf_count=1990 40998 20494 3135 432 28873 2950 13537 9034 36095 66311 10985 60003 100196 17803 37487 100405 137875 1978 3287 2271 52582 1104 927 76769 1372 7344 14247 1746 42624 7523
internal_value=6.11326e-08 0.000459035 -0.000905775 -0.00179248 -0.00590724 -0.00393538 0.00173874 0.000693983 0.003539 -0.000511581 -0.000902219 -0.00288655 0.00050511 -0.00030861 0.000224446 0.00173086 -0.000807085 0.00105368 0.0018129 -0.0178259 -0.00233036 -0.00439624 0.00721325 0.00121014 0.0121 -0.00350575 0.0039512 0.000337361 0.00493576 -0.0068443
internal_weight=218332 144909 73423.2 50548.5 8991.27 7714.89 54333 36905.6 10984.1 25921.5 41557.3 17243.7 24313.6 90575.9 71677.4 29132.8 42544.6 22874.6 20077.6 1276.37 18898.5 2797 487.086 18966.3 1111.31 14563.1 17427.3 3731.34 13696 2309.92
internal_count=902377 598582 303795 208845 37229 31823 224592 152438 45129 107309 171616 70988 100628 373990 296261 120899 175362 94950 83406 5406 77729 11544 2031 78747 4659 59926 72154 15283 56871 9513
is_linear=0
shrinkage=0.05


Tree=143
num_leaves=31
num_cat=0
split_feature=13 9 10 14 4 13 3 14 12 3 19 17 19 13 19 4 19 19 19 13 13 17 8 17 4 19 13 0 18 19
split_gain=34.6144 64.1692 54.5646 72.3188 63.8974 52.0569 99.3255 109.356 76.8306 54.2402 52.8041 50.5818 56.5579 49.5979 39.062 38.8326 37.3924 36.2386 34.8635 34.046 32.2393 43.6293 29.1314 27.9041 26.3021 25.6682 21.4745 20.7338 19.7384 12.9453
threshold=0.082783554866759604 1.8167580290817134 70.835478584624809 13.500000000000002 0.0091581816526141672 0.0077395001831074292 0.023228286429835213 1.0000000180025095e-35 1.0000000180025095e-35 -0.00043305038605123686 0.79154666265769524 0.10219800772300099 0.74963607032552437 0.012502620026312196 0.67358775624368328 0.007062389600168608 0.21912988213614135 0.80994055763731254 0.82912432824994642 0.12086604516016321 0.15114400478283921 0.15237252525133174 0.024176585471246754 -0.050058541175978792 0.017240427096849097 0.68598122941938378 0.23571593618884482 -0.0037181961881246335 1.080152287325389 0.90184473137452881
decision_type=2 2 2 2 2 2 2 2 2 2 2 2 2 2 2 2 2 2 2 2 2 2 2 2 2 2 2 2 2 2
left_child=1 5 3 14 13 8 7 -7 10 -10 -1 12 16 -4 -3 29 24 20 -5 -18 25 -22 -17 -6 -2 -13 28 -8 -19 -14
right_child=11 2 4 18 23 6 27 -9 9 -11 -12 17 15 -15 -16 22 19 26 -20 -21 21 -23 -24 -25 -26 -27 -28 -29 -30 -31
leaf_value=-0.0007736076214637542 0.0042005737987992195 -0.0050249835609002588 -0.013891096627458053 0.001348196545996636 -0.044078570947811924 0.01407475372324879 0.001618112672787437 0.0018497640880994007 -0.011672981247978302 -0.0020934538294429396 0.0015475382926655567 -0.0081116083342208031 0.047841365724979851 0.0060115964925122455 -0.012842208382414767 0.0058557292648770548 0.008576112851334524 0.020100725645343216 -0.011446654297269593 0.020346573195747793 0.016339377020293189 -0.00078784020293437302 -0.0066202477016216593 -0.0053911897046355212 -0.020807476007892615 0.0099109583110729964 0.026318378082436956 -0.0039386145551701538 -0.044081539063750341 -0.0084381454583610706
leaf_weight=92256.350037299097 388.94208347797394 3511.4856891036034 341.48568093031645 3970.3533434718847 47.648013964295387 1903.7853456437588 2060.4338317662477 46756.55447524786 2436.1056304126978 3755.7737737894058 33362.781904056668 1461.4924159795046 53.315105050802231 3755.9055437594652 2932.6913820803165 748.90929871797562 2260.3788558915257 13.70492400228977 614.85194361209869 843.65456880629063 509.17500528693199 1378.4821521788836 1246.9842863678932 2137.2106803581119 144.09245575219393 228.44209067523479 15.836107537150381 9061.782900005579 95.121689409017563 12.640139579772947
leaf_count=380913 1655 14573 1617 16505 196 8019 8424 193345 10242 15860 137730 5932 249 15375 12125 3141 9434 56 2557 3675 2135 5583 5161 8909 606 930 65 36926 385 54
internal_value=4.78827e-08 -0.000133514 -0.00304879 -0.00516734 0.000670622 0.000129899 0.00135369 0.00232805 -0.000425148 -0.00586238 -0.000157142 0.00296794 0.005924 0.00435286 -0.00858254 -0.000691577 0.00967437 -0.00158235 -0.000367526 0.0117752 -0.000658934 0.00383204 -0.00193895 -0.0062349 -0.00255972 -0.00567535 -0.0280826 -0.00290921 -0.0359988 0.0370556
internal_weight=218306 208905 17311.6 11029.4 6282.25 191594 59782.6 48660.3 131811 6191.88 125619 9401.17 5698.92 4097.39 6444.18 2061.85 3637.07 3702.25 4585.21 3104.03 3577.59 1887.66 1995.89 2184.86 533.035 1689.93 124.663 11122.2 108.827 65.9552
internal_count=902377 863316 71857 45760 26097 791459 246714 201364 544745 26102 518643 39061 23975 16992 26698 8605 15370 15086 19062 13109 14580 7718 8302 9105 2261 6862 506 45350 441 303
is_linear=0
shrinkage=0.05


Tree=144
num_leaves=29
num_cat=0
split_feature=13 3 12 3 13 14 14 14 5 14 2 13 14 6 10 5 16 5 19 13 14 16 3 10 5 1 4 2
split_gain=33.7555 49.8229 45.6163 57.7121 49.1859 44.2609 51.2099 93.8129 47.5778 43.6268 70.8501 52.6762 40.2182 38.4332 36.4873 28.8388 28.5682 26.9908 37.0783 26.4067 21.1934 30.3598 17.2473 16.1476 18.5434 16.9567 13.5247 11.0972
threshold=-0.077142940274329538 -0.062373231789314525 -1.0000000180025095e-35 0.0066298045713312223 0.0040762848439994679 1.5000000000000002 11.500000000000002 9.5000000000000018 0.026984370599121139 15.500000000000002 -0.0026798219687139131 -0.0048743948545247875 22.500000000000004 0.16505008919392036 54.691012371123627 0.010713502632448524 -0.015080579612313237 0.015573348427794884 0.46996731987539969 -0.11041276874418558 22.500000000000004 -0.011939848960352771 -0.058424794389902827 24.4274809160305 0.014122381981560557 -0.059175134128661981 0.014295610185645022 -0.042813909603368609
decision_type=2 2 2 2 2 2 2 2 2 2 2 2 2 2 2 2 2 2 2 2 2 2 2 2 2 2 2 2
left_child=5 20 3 4 -3 13 7 8 -7 11 -11 -4 16 -1 -9 -5 -8 19 -19 -15 23 26 -14 25 -25 -2 -22 -23
right_child=1 2 9 15 -6 6 12 14 -10 10 -12 -13 22 17 -16 -17 -18 18 -20 -21 21 27 -24 24 -26 -27 -28 -29
leaf_value=0.09255215283788841 0.041940682325737999 0.00012834464136809415 -0.0022064965843924854 0.0058571095908818852 0.010658743845900204 -0.0036179199066222038 -0.011039172773467441 0.023307781131359603 0.018206803867764923 0.0029420897433699235 -0.0004978681265481816 -1.655789226034623e-05 -0.0019805924584298464 -0.042338335915665493 -0.0073697326642677757 0.019031944820898792 -0.0022571075710156583 -0.02800562358973446 0.013889781885644145 -0.015853526401171721 0.041534014377495189 -0.11977615281158767 0.019685117589861693 -0.00028065957276524083 0.012452923277882534 0.012963151634142535 -0.012080003421309641 -0.038163825296173563
leaf_weight=8.2351100593805295 54.738992005586624 15695.129166245461 41111.775487087667 4186.1477398946881 1193.1973680853844 2724.6791938766837 2188.5694726780057 609.38000138103962 274.9118524864316 24943.654056116939 37428.972405493259 82688.958234637976 167.1762757152319 126.3507676422596 115.25900842994452 461.11602512001991 1605.2727409601212 84.269410684704781 141.47023242712021 368.89805261790752 14.548786640167235 7.8011570870876339 203.88730274140835 618.85969328135252 531.42541640996933 649.57292634993792 61.426774859428406 8.9368912577629072
leaf_count=35 258 64628 170603 17463 5499 11228 9046 2515 1156 103591 154137 340316 682 547 481 1943 6820 351 594 1565 61 33 828 2613 2307 2782 258 37
internal_value=6.32915e-08 0.00012613 5.14983e-05 0.00223012 0.00087234 -0.00306671 -0.00197732 0.00228274 -0.00161769 -0.000200514 0.000877817 -0.000743793 -0.00578665 -0.0148523 0.0184283 0.00716436 -0.00732325 -0.0160791 -0.00174992 -0.0226105 0.00808663 -0.0152429 0.00992401 0.00925291 0.00560219 0.0152153 -0.0018133 -0.0762012
internal_weight=218275 209656 207709 21535.6 16888.3 8618.36 7889.14 3724.23 2999.59 186173 62372.6 123801 4164.91 729.224 724.639 4647.26 3793.84 720.988 225.74 495.249 1947.31 92.7136 371.064 1854.6 1150.29 704.312 75.9756 16.738
internal_count=902377 866529 858180 89533 70127 35848 32756 15380 12384 768647 257728 510919 17376 3092 2996 19406 15866 3057 945 2112 8349 389 1510 7960 4920 3040 319 70
is_linear=0
shrinkage=0.05


Tree=145
num_leaves=31
num_cat=0
split_feature=13 6 12 14 14 14 14 3 9 3 14 5 13 5 14 13 13 14 9 15 13 6 19 9 13 3 12 6 19 14
split_gain=32.8243 70.1921 67.2315 57.5395 71.7002 95.7038 72.8212 54.9255 52.0801 51.0238 49.3292 77.8259 61.1942 48.6372 46.232 46.0964 33.8517 33.2854 31.3358 37.4579 26.3283 25.8487 23.0456 20.0855 20.8493 17.5178 16.3512 15.2682 14.2497 12.7552
threshold=0.02125398975760551 1.6877262470627057 1.0000000180025095e-35 22.500000000000004 11.500000000000002 12.500000000000002 5.5000000000000009 -0.011084528136298176 1.6381255330305811 0.03799951899951904 7.5000000000000009 0.0046278199021114897 -0.033867254247974758 0.0017460001913077504 13.500000000000002 0.0065543233735660964 -0.0054237941324277719 1.5000000000000002 1.7089859756620036 1.5000000000000002 0.048988148804608896 0.38093519024144989 -0.22841295831812389 -0.59253260770691285 0.082783554866759604 0.069039845960584559 1.0000000180025095e-35 0.5638554413961977 0.33066342531201814 1.5000000000000002
decision_type=2 2 2 2 2 2 2 2 2 2 2 2 2 2 2 2 2 2 2 2 2 2 2 2 2 2 2 2 2 2
left_child=2 3 8 4 6 -6 -2 27 10 23 11 -1 -12 15 16 -10 -9 -15 22 -20 28 -16 -5 26 -25 -22 -3 -4 -11 -29
right_child=1 9 7 18 5 -7 -8 14 13 20 12 -13 -14 17 21 -17 -18 -19 19 -21 25 -23 -24 24 -26 -27 -28 29 -30 -31
leaf_value=-0.00038203142076774369 0.001580637637823959 0.02572604087146509 -0.0062522329801355725 -0.11063976683133724 0.014350394082050175 0.0018756627578400569 -0.0039094678421318571 -0.016492337538042683 -0.016596115528087305 -0.028059967201633326 -0.0028588834499022413 0.0036434168305004067 0.00013161228302543173 -0.021705359795399008 0.0088510986154113798 0.016109812710385564 -0.0043865693009957534 -0.0058343755235452889 -0.014316452536060745 0.0068732878579608791 0.006949147260849233 -0.00082437085344735114 -0.012260201263667586 0.0065314730552132666 0.018532812126480804 -0.0029401145414159461 -0.0028588161990632977 -0.044397235054936396 -0.0064128590015970419 -0.018409214769203475
leaf_weight=27067.816480860114 12251.045836016536 264.47591868042946 265.28273445367813 5.9811994880437842 1672.003534771502 19108.057906843722 11913.639981716871 632.46543544530869 142.35426691174507 89.799886703491211 22108.693537943065 21579.518667526543 75609.579298228025 363.3265385478735 852.95222882181406 442.99274903535843 6642.240884795785 3640.8047192916274 321.43049739301205 593.93852338194847 988.14371563494205 3619.7786222249269 1251.4714846909046 4473.3962621688843 393.73933276534081 818.93326357007027 61.699497565627098 51.863010302186012 495.52785710990429 526.84700506180525
leaf_count=110997 50215 1224 1093 24 7274 79653 48499 3037 653 366 91657 89352 311619 1707 3498 1798 27162 16445 1298 2407 4074 14943 5070 18534 1706 3347 272 218 2046 2189
internal_value=6.2276e-08 0.0010603 -0.000354569 0.00034166 0.000725839 0.0028794 -0.00112609 -0.00386469 -6.17837e-05 0.00552406 0.00010267 0.00140362 -0.000544985 -0.00530648 -0.00297954 0.00815585 -0.00543905 -0.00727448 -0.00760508 -0.000567459 -0.000517694 0.00102075 -0.0127282 0.00830732 0.00750235 0.00246752 0.0203189 -0.016185 -0.00973392 -0.0207382
internal_weight=218250 54703.3 163547 47117.6 44944.7 20780.1 24164.7 12591.4 150955 7585.72 146366 48647.3 97718.3 4589.48 11747.4 585.347 7274.71 4004.13 2172.82 915.369 2392.4 4472.73 1257.45 5193.31 4867.14 1807.08 326.175 843.993 585.328 578.71
internal_count=902377 226009 676368 194440 185641 86927 98714 52140 624228 31569 603625 200349 403276 20603 48640 2451 30199 18152 8799 3705 9833 18441 5094 21736 20240 7421 1496 3500 2412 2407
is_linear=0
shrinkage=0.05


Tree=146
num_leaves=31
num_cat=0
split_feature=16 9 13 4 17 13 4 19 13 10 14 14 12 3 18 19 15 12 3 9 13 18 8 3 10 5 15 13 15 5
split_gain=32.0317 56.1844 50.6067 63.9529 48.8009 62.3215 91.472 54.2706 47.7782 54.6855 47.9976 78.8971 46.9983 52.1143 43.7237 75.3951 39.7777 39.7117 38.0396 33.8968 31.6589 42.366 34.1395 30.4404 30.0803 28.2271 30.1217 27.857 22.0807 18.917
threshold=-0.0040870374708405479 -0.71843011630968323 0.029485572947194564 0.0069813000538339704 -0.024657200443126134 -0.031652459354726818 0.0068588223281171104 0.87826988278149598 -0.020678407359971725 51.855133488200131 1.0000000180025095e-35 7.5000000000000009 1.0000000180025095e-35 -0.011360910894399221 -0.13450098754285666 -0.36180103624256182 4.5000000000000009 -1.0000000180025095e-35 0.043675947585623993 2.0371975576089723 -0.10179255162960969 2.011369609931474 0.0093443917606664938 -0.062373231789314525 56.592739450332836 0.026984370599121139 2.5000000000000004 0.033742152217435047 5.5000000000000009 0.0074255594136077669
decision_type=2 2 2 2 2 2 2 2 2 2 2 2 2 2 2 2 2 2 2 2 2 2 2 2 2 2 2 2 2 2
left_child=4 2 14 -4 20 6 24 -8 10 19 29 -12 13 -7 15 -2 -5 -11 -16 -10 25 23 -23 -22 -6 28 -27 -14 -1 -3
right_child=1 8 3 16 5 12 7 -9 9 17 11 -13 27 -15 18 -17 -18 -19 -20 -21 21 22 -24 -25 -26 26 -28 -29 -30 -31
leaf_value=-0.0050053103564084147 0.013723362672886291 -0.032388785728976396 0.040752465403575605 0.013607873647476544 -0.021375336977365048 0.0020143674856327193 -0.005034175595204738 0.010071904165157596 0.0020668449965980887 0.00451567740739645 0.0046490582328719884 -0.0068449492787960378 -0.0073900380534148106 -0.0019574834420631481 0.0016949815120507628 -0.033435608221299623 -0.010040204665109683 -0.0010101322101374697 0.012666686685041027 -0.0060083300675735788 0.0081870546859475844 0.016977251119353772 -0.0025186637907796028 0.00056771059682655532 0.006297502454144864 -0.0043184608332374847 0.020640504346252503 -0.00051782980848695602 -0.023992528978421902 -0.0063583906065066489
leaf_weight=2172.9579215347767 136.44367431104183 201.70284930616617 171.05417732894421 685.67476531863213 1049.8275773376226 14643.932046681643 6326.2116701379418 656.2445125579834 32863.584197297692 3431.6201810240746 2180.1690591275692 4736.7602375261486 4077.3963009566069 18940.480850175023 35799.501862943172 223.71473759412766 240.08764842152596 61901.275658763945 807.82861565053463 1353.0605214983225 1403.026963122189 760.64635807275772 318.60187266767025 19954.31745634228 108.33418539166451 269.68637748062611 219.08498966693878 2310.095197468996 164.72686491906643 106.7276277244091
leaf_count=8972 567 924 781 3016 4467 60755 26144 2695 134992 14155 9275 20519 16815 77915 147927 920 1022 255118 3308 5558 5944 3205 1330 82735 469 1105 940 9632 672 500
internal_value=5.5184e-08 0.000431227 0.00208057 0.0126648 -0.000851054 -0.00178543 -0.005773 -0.00361443 -0.000156748 0.000128197 -0.00408266 -0.00322212 -0.000973328 -0.000225623 0.00176654 -0.0155697 0.00747497 -0.000719888 0.0019371 0.00174752 0.000928432 0.00155666 0.0112219 0.00106825 -0.0187868 -0.00405849 0.00686905 -0.00490464 -0.00634326 -0.0233814
internal_weight=218215 144839 38064.3 1096.82 73375.6 48112.5 8140.62 6982.46 106775 99549.5 7225.36 6916.93 39971.9 33584.4 36967.5 360.158 925.762 65332.9 36607.3 34216.6 25263 22436.6 1079.25 21357.3 1158.16 2826.46 488.771 6387.49 2337.68 308.43
internal_count=902377 598582 157541 4819 303795 198892 33775 28839 441041 409823 31218 29794 165117 138670 152722 1487 4038 269273 151235 140550 104903 93214 4535 88679 4936 11689 2045 26447 9644 1424
is_linear=0
shrinkage=0.05


Tree=147
num_leaves=31
num_cat=0
split_feature=0 11 1 9 16 3 7 17 9 10 16 17 11 18 8 6 7 18 16 9 4 19 3 10 11 19 10 16 3 6
split_gain=33.0003 26.9539 27.1517 24.4797 33.5254 43.334 24.2001 28.5999 25.4988 24.0188 23.3349 44.7736 23.4892 22.3672 18.9181 18.777 17.1854 16.893 16.8264 19.5235 16.8261 17.7212 16.5226 16.4109 18.4968 17.4389 13.9598 6.23688 5.52132 3.58484
threshold=0.00028407503391558736 -2.4781233808418541 0.0013613798057774409 -2.6003772628359245 -0.0091222170061657209 -0.017370015708623284 0.50471029950193913 -0.014953832081843253 -0.79376835247634314 17.37361138585435 0.0035597190051624987 -0.0014910083177534503 -0.47299013885449515 1.176435626561011 0.12679315962427368 0.28104982431849729 0.47454525575253287 1.6672416296616592 -0.00012184271391890709 -0.32061336568272641 0.051278765813054371 0.71154639955292975 -0.0049128778964531708 13.975131294408408 -2.2857451231014205 0.8801982728774429 48.106060606060616 -0.0099326255714123884 -0.0034854353212139806 0.7065685622709309
decision_type=2 2 2 2 2 2 2 2 2 2 2 2 2 2 2 2 2 2 2 2 2 2 2 2 2 2 2 2 2 2
left_child=3 14 18 16 6 13 8 -8 -5 -7 11 -4 -12 -6 15 26 20 -17 22 -20 21 -1 -3 25 -25 -18 -2 -16 -29 -22
right_child=1 2 10 4 5 9 7 -9 -10 -11 12 -13 -14 -15 27 17 23 -19 19 -21 29 -23 -24 24 -26 -27 -28 28 -30 -31
leaf_value=0.015268683137412285 0.0298953290463101 0.00042895454926781905 -0.0002771902543779572 -0.0025446826267771271 0.0067069240852205801 -0.013523153406931197 -0.00060400230189183919 -0.010579688523691601 0.00082626119231257516 0.00065069049531043524 0.0032114413406280763 -0.0039466195899208328 -0.00082405446983533975 6.3592370934904033e-05 -0.00075782966543137169 -0.0075596767453936821 0.0091905304028492025 -0.032010777941277456 0.0032770556977899882 0.00019843483175122878 0.086389524805709869 0.0026170009004904517 -0.0024751891280239318 -0.011157022039869029 0.002486616736274443 0.049066150830686842 -0.0054648277697070449 -0.089776650985965656 -0.038408850605473582 0.040557612795151958
leaf_weight=544.81949595361948 55.810942962765694 13537.566516399384 16389.107894212008 9711.1459699422121 4619.4025382101536 300.02684062719345 1475.2754325643182 1400.6122031211853 13283.482345104218 79108.703191652894 4377.046717658639 16870.395687244833 20467.342266280204 1745.865766890347 5.1130847334861782 947.17154304683208 309.25491831451654 76.332790657877922 8237.7159794121981 13737.813779585063 6.5654006898403194 562.59042029827833 7673.8104162067175 277.87179087102413 2343.2796516120434 30.086044058203697 55.836900681257248 9.7903950065374428 11.233442172408099 12.184805572032927
leaf_count=2269 229 55992 67619 40603 19182 1234 6112 5793 54958 326683 18171 69681 85006 7244 21 3908 1295 316 34025 56677 29 2332 31618 1149 9730 128 231 41 46 55
internal_value=4.23633e-08 -0.000653514 -0.000566677 0.000578609 0.000439482 0.000915324 -0.00113818 -0.00546235 -0.000597364 0.000597138 -0.00127244 -0.00213845 -0.000113087 0.00488479 -0.00822769 -0.00725932 0.00437947 -0.00938324 0.000382856 0.00135248 0.00963659 0.00884133 -0.000621701 0.00237969 0.00104024 0.0127259 0.0122111 -0.0502847 -0.0623298 0.0566057
internal_weight=218183 102452 101291 115731 111645 85774 25870.5 2875.89 22994.6 79408.7 58103.9 33259.5 24844.4 6365.27 1161.29 1135.15 4086.65 1023.5 43186.9 21975.5 1126.16 1107.41 21211.4 2960.49 2621.15 339.341 111.648 26.1369 21.0238 18.7502
internal_count=902377 423581 418789 478796 461809 354343 107466 11905 95561 327917 240477 137300 103177 26426 4792 4684 16987 4224 178312 90702 4685 4601 87610 12302 10879 1423 460 108 87 84
is_linear=0
shrinkage=0.05


Tree=148
num_leaves=31
num_cat=0
split_feature=11 18 7 19 18 7 12 0 19 19 4 11 5 18 14 11 7 11 15 19 3 11 14 4 17 15 7 5 17 15
split_gain=30.9169 53.2818 72.8681 75.438 49.4673 38.4459 33.3407 40.6331 34.0163 39.9402 27.8553 27.6404 25.297 27.4136 26.3756 24.8339 23.8019 23.3899 23.1488 49.5651 29.7113 39.3721 25.8439 25.8307 25.1882 21.882 27.1634 25.1497 21.6517 21.0979
threshold=0.63042171315406581 1.1304774161044084 0.48999881952503271 0.31328233378406084 1.1730783051166098 0.46848437539080068 1.0000000180025095e-35 -0.0004154006861030734 0.54418313869783819 0.77170230825708408 0.0091040055849968844 0.1636921361412956 0.0012804025762561558 1.2541444516818709 5.5000000000000009 -2.7239003046760977 0.49735079132026566 1.6366440998405782 5.5000000000000009 -0.22841295831812389 0.012589622075731556 2.3012351926869394 3.5000000000000004 0.010106854991850584 -0.00063757214230386594 3.5000000000000004 0.48249002397875068 0.0046278199021114897 0.11040084620526237 1.0000000180025095e-35
decision_type=2 2 2 2 2 2 2 2 2 2 2 2 2 2 2 2 2 2 2 2 2 2 2 2 2 2 2 2 2 2
left_child=6 18 3 17 16 -5 7 25 12 11 -6 -10 14 -14 -8 29 -4 -3 20 24 21 -2 -22 -21 -20 27 -27 -1 -11 -9
right_child=1 2 4 5 10 -7 8 15 9 28 -12 -13 13 -15 -16 -17 -18 -19 19 23 22 -23 -24 -25 -26 26 -28 -29 -30 -31
leaf_value=-0.00071307484369735402 0.0019068619139828468 0.068046328251499588 -0.00028740685937842322 -0.018098907900987213 0.0030449403542220812 -0.0066380191857201096 -0.0076706056431955398 0.0068154090926085282 -0.0082202754104686079 6.0289595848266315e-05 -0.0021741125536607112 -0.0010219615286110454 -0.0012140375897557053 0.0087433717274899032 0.017203442485608147 -7.4383805467142863e-05 -0.016376361627269874 0.0043712377896288537 -0.0069353672196819901 -0.002619150857902936 -0.0062336788251151128 0.016528190623955979 3.5522278388395354e-05 -0.014415865273393298 0.046912635362329216 0.0048858162605763143 0.0014962196747477028 0.0018482276425862817 -0.04651409069059205 -0.012158830922959541
leaf_weight=17221.727200314403 12062.664251051843 42.226285606622696 337.75862823426723 848.22694844007492 4552.5246469080448 5328.0208918750286 140.5645427852869 183.21312589943409 4382.8987209573388 5333.11292950809 5831.4094118326902 1916.8248167261481 4772.7068857550621 808.27555514872074 440.71736009418964 87642.630316171795 719.70888078212738 21.902967214584351 31.015266314148903 3236.698958940804 1994.1775626465678 478.69233386218548 9358.7567310556769 541.70087083429098 72.437756821513176 8597.2094295173883 18913.518968425691 21610.703579068184 25.071156203746796 731.20129345357418
leaf_count=71197 49815 178 1396 3511 18811 22074 571 758 18182 22150 24142 7940 19866 3388 1805 361968 2956 91 126 13243 8210 1982 38666 2246 295 35652 78132 89903 102 3021
internal_value=4.4008e-08 -0.00116015 -0.00330564 -0.00765185 -0.000935136 -0.00821202 0.000305392 0.000541014 -0.00174273 -0.00333097 0.000114025 -0.00603004 0.00126195 0.000228062 0.0111884 -0.000159909 -0.0112375 0.0462985 0.000205637 -0.00337554 0.000787432 0.00246494 -0.00106568 -0.00431042 0.030769 0.00147663 0.00255548 0.00071232 -0.000157634 -0.00835713
internal_weight=218178 45457.9 17681.8 6240.38 11441.4 6176.25 172720 154900 17820.2 11657.9 10383.9 6299.72 6162.26 5580.98 581.282 88557 1057.47 64.1293 27776.1 3881.85 23894.3 12541.4 11352.9 3778.4 103.453 66343.2 27510.7 38832.4 5358.18 914.414
internal_count=902377 187742 73159 25854 47305 25585 714635 640631 74004 48374 42953 26122 25630 23254 2376 365747 4352 269 114583 15910 98673 51797 46876 15489 421 274884 113784 161100 22252 3779
is_linear=0
shrinkage=0.05


Tree=149
num_leaves=31
num_cat=0
split_feature=13 4 11 18 17 18 9 9 4 5 14 14 15 15 15 10 14 18 5 8 5 9 14 5 11 15 17 7 7 15
split_gain=33.5284 73.5479 70.9149 67.594 57.2818 54.2953 52.2607 49.6138 101.62 53.8712 47.1013 63.8467 44.4783 56.1017 41.4181 40.6842 39.7727 38.8941 37.9961 35.1431 32.4558 29.2653 28.2443 25.8851 25.2724 23.7246 37.3745 29.9053 19.709 12.4666
threshold=0.020753416001427331 0.0057428810737635205 1.3908352594256612 1.2492700741889398 0.0037971979055971832 2.1373867890188616 -0.5321341907178252 0.95934300958622565 0.0040652689940517015 0.0030624681219525141 22.500000000000004 11.500000000000002 4.5000000000000009 3.5000000000000004 1.0000000180025095e-35 79.950280416738806 1.5000000000000002 1.1152816421392671 0.0017460001913077504 -0.12811553589730076 0.0018144427820961458 -0.82355526205258112 17.500000000000004 0.020016767235743454 -0.81211756584595818 1.5000000000000002 0.23528694097927952 0.48364844176400207 0.48983924933292128 1.5000000000000002
decision_type=2 2 2 2 2 2 2 2 2 2 2 2 2 2 2 2 2 2 2 2 2 2 2 2 2 2 2 2 2 2
left_child=2 6 4 15 7 12 20 9 -9 -1 11 -8 13 -3 23 21 -14 24 -19 -16 -2 -4 -22 -5 -6 26 -7 -27 -17 -12
right_child=1 5 3 14 17 25 10 8 -10 -11 29 -13 16 -15 19 28 -18 18 -20 -21 22 -23 -24 -25 -26 27 -28 -29 -30 -31
leaf_value=-0.00092061846078053905 0.060384628882835127 -0.00020784658663953581 0.006564436718415334 -0.034299226781940244 0.0030637131378139495 0.018448352393841551 0.0017347395800940265 0.0036891542029787033 -0.0057932265189318405 0.0015147129829222571 -0.027472567861868098 0.011047998677241329 0.0070539412559900904 0.004885306117208622 0.052441483001551048 0.0069658421273362386 -0.0040021224732331526 -0.018142542356560081 -0.0033291542556317605 -0.01150728190688091 0.022529874955455234 -0.0034323174557037723 -0.0088227723850115829 0.025029424647531398 -0.0012906670290652015 0.024734300152951 -0.052439917419893935 0.0011493755214189935 -0.027743367329186665 -0.0072690678225737944
leaf_weight=33104.334794782102 46.676719553768635 28174.105018146336 910.10649584233761 296.70964463800192 4066.7642285302281 637.32682029157877 5131.8620695471764 4280.0030190572143 8313.5851682052016 72308.401001557708 108.89264892041683 2869.0660306066275 893.27554707229137 6690.8599595576525 21.858393028378487 50.120859801769257 9101.147676423192 445.60641400516033 15160.510809212923 1254.4110811501741 385.32891065627337 3743.2520068138838 88.29190456867218 19.599275052547455 18448.865422949195 156.04354613274336 19.152482271194458 969.29693471640348 222.29510775208473 255.5277391076088
leaf_count=135589 212 116550 3755 1249 16803 2655 20889 17587 35057 298552 438 12048 3696 27699 91 217 37435 1815 63644 5260 1684 15560 374 82 76699 662 77 4024 944 1030
internal_value=4.32137e-08 0.00106088 -0.000362121 -0.00547174 -0.000148794 0.000266614 0.00522999 0.000395548 -0.00257059 0.00074991 0.00427369 0.0050744 -7.33801e-05 0.000769569 -0.0144262 -0.0025766 -0.00301396 -0.00183381 -0.00375213 -0.010412 0.0206055 -0.00147715 0.0166851 -0.0306231 -0.000504181 0.00882636 0.0163802 0.00441974 -0.0213573 -0.0133061
internal_weight=218173 55526.9 162646 6518.35 156128 46641.2 8885.65 118006 12593.6 105413 8365.35 8000.93 44859.4 34865 1592.58 4925.77 9994.42 38121.7 15606.1 1276.27 520.298 4653.36 473.621 316.309 22515.6 1781.82 656.479 1125.34 272.416 364.42
internal_count=902377 229473 672904 27158 645746 192798 36675 486785 52644 434141 34405 32937 185380 144249 6682 20476 41131 158961 65459 5351 2270 19315 2058 1331 93502 7418 2732 4686 1161 1468
is_linear=0
shrinkage=0.05


Tree=150
num_leaves=31
num_cat=0
split_feature=13 5 15 14 9 15 15 14 14 2 6 15 5 15 17 9 14 14 9 13 15 15 3 13 13 13 3 15 13 15
split_gain=34.8261 94.2776 87.3255 85.9334 83.4593 71.5362 100.507 87.8209 69.6683 93.7709 64.0618 58.7559 56.0639 54.4338 50.414 49.2068 45.4591 65.199 39.4977 37.748 34.0193 57.3221 33.6876 51.0755 51.0722 31.0741 30.695 30.298 22.8955 20.2924
threshold=-0.0065694062116044552 0.0027862889461343658 4.5000000000000009 21.500000000000004 0.49234730113156072 5.5000000000000009 4.5000000000000009 14.500000000000002 7.5000000000000009 0.0049315081167620187 1.6649896644538029 3.5000000000000004 0.0018792267866958412 5.5000000000000009 0.030954439405248949 -1.3377137363638403 21.500000000000004 11.500000000000002 -0.8398531788576673 -0.0057009313067369885 4.5000000000000009 5.5000000000000009 0.01409726437118375 0.0068541086556941364 0.025935916938787721 -0.010991285578337283 0.03799951899951904 1.0000000180025095e-35 0.015813926387441394 1.0000000180025095e-35
decision_type=2 2 2 2 2 2 2 2 2 2 2 2 2 2 2 2 2 2 2 2 2 2 2 2 2 2 2 2 2 2
left_child=1 5 3 4 -3 6 7 -1 9 -4 15 -5 18 -10 -8 20 17 -17 -7 -18 28 -22 23 -12 29 -14 -26 -25 -2 -24
right_child=10 2 8 11 -6 12 14 -9 13 -11 22 -13 25 -15 -16 16 19 -19 -20 -21 21 -23 24 27 26 -27 -28 -29 -30 -31
leaf_value=-0.0091614204270894072 0.0083903631439633305 -0.00086361570335406225 0.011899864353311047 0.0026501972459177657 -0.0070348754253796251 -0.011313238044609306 0.0045710374288923895 0.0029422694276970084 0.0048220410178091769 -0.0028316464199525651 0.001354959502440636 0.016524207094593374 -0.012494725365519955 -0.0025776890425317713 0.072757109254414573 -0.0008711117621383 0.01854826308456178 0.0016663220255951371 -0.034162720888129577 -0.0036982518377681422 -0.013054273780518127 0.017880542325719839 0.0047231410284886482 0.017380759168610947 0.0075621370215087722 0.0027884453814208338 -0.00040302392823113233 0.0068866437267585861 0.027008632136189772 -0.0074671763264484914
leaf_weight=5648.1141966432333 1804.9224587157369 45528.55262567848 3902.3169224783778 4055.430048070848 6228.0001646205783 343.77426691353321 2673.4835909456015 2039.9258571565151 4545.3689853399992 1493.7032642737031 4778.0091451480985 939.98892696201801 956.64281795173883 5483.545930556953 27.385809637606144 58137.881404422224 194.40301793813705 44841.971174292266 420.43238995969296 9961.7746018022299 455.10502945631742 223.18955302238464 413.87733937799931 803.88886390626431 2453.6971649676561 509.84821970760822 2385.4118280261755 4762.8621343150735 181.75239923596382 1949.0382397472858
leaf_count=23403 8487 187637 16103 16647 27332 1392 10982 8366 18826 6241 19944 3871 3950 22668 121 237829 797 186026 1722 40588 2013 1022 1735 3393 10116 2077 9803 20049 1013 8224
internal_value=4.60386e-08 -0.000792189 -9.50669e-05 -0.00100176 -0.00160622 -0.00477933 -0.00303493 -0.00594986 0.00324089 0.00782195 0.000503832 0.00526087 -0.0129034 0.000776064 0.00526242 7.72341e-05 -8.09534e-05 0.000233799 -0.023884 -0.00327242 0.00679277 -0.00287532 0.00331919 0.00514718 0.000693528 -0.0071813 0.00363576 0.00840209 0.0100937 -0.00533198
internal_weight=218144 84796.5 72176.9 56752 51756.6 12619.6 10388.9 7688.04 15424.9 5396.02 133348 4995.42 2230.7 10028.9 2700.87 115801 113136 102980 764.207 10156.2 2664.97 678.295 17546.8 10344.8 7202.02 1466.49 4839.11 5566.75 1986.67 2362.92
internal_count=902377 351338 299325 235487 214969 52013 42872 31769 63838 22344 551039 20518 9141 41494 11103 477775 465240 423855 3114 41385 12535 3035 73264 43386 29878 6027 19919 23442 9500 9959
is_linear=0
shrinkage=0.05


Tree=151
num_leaves=31
num_cat=0
split_feature=13 14 14 9 14 3 14 14 15 14 3 14 12 9 17 6 13 4 3 3 17 17 10 19 15 13 9 14 19 6
split_gain=32.5994 100.158 306.954 137.892 123.38 89.3283 83.0235 145.129 71.6935 64.0817 63.6218 62.2347 52.0346 51.56 48.7562 45.7541 42.5416 74.3077 50.0499 41.4718 41.9451 41.2089 41.102 48.8309 43.7724 39.4373 28.0497 21.3484 20.7925 19.4516
threshold=-0.017545675989803052 11.500000000000002 13.500000000000002 -1.3783587710526093 1.5000000000000002 -0.011360910894399221 3.5000000000000004 5.5000000000000009 1.5000000000000002 21.500000000000004 -0.023209345138601952 19.500000000000004 -1.0000000180025095e-35 -1.4601892222773822 0.0033435339815632297 1.6649896644538029 0.015813926387441394 0.0078555450029234985 0.013158239635786774 0.0039081205327853316 0.0035741472943374157 -0.023208378565340911 50.709376224275694 0.34715849811914679 4.5000000000000009 0.0057036430913650635 0.77714893721536138 6.5000000000000009 -0.11042227385400437 0.62104777083033957
decision_type=2 2 2 2 2 2 2 2 2 2 2 2 2 2 2 2 2 2 2 2 2 2 2 2 2 2 2 2 2 2
left_child=1 4 3 21 5 8 14 -8 -1 11 -5 -4 19 -7 -6 22 18 -18 -17 20 25 -3 23 -14 -24 -2 -11 -22 -21 -30
right_child=12 2 9 10 6 13 7 -9 -10 26 -12 -13 15 -15 -16 16 17 -19 -20 28 27 -23 24 -25 -26 -27 -28 -29 29 -31
leaf_value=-0.012221135189394161 0.0027647507671073874 0.0020309385802703035 -0.0004925346743835478 -0.0080890303611177786 0.0063565147350510779 -0.0016152678892402629 -0.006526518889043896 0.0035482066552548507 0.0047201718207945352 0.0034627958715350462 -0.026456071862134931 -0.0069860819755754831 0.0034783453858357664 -0.019829485357620191 0.020899272905797767 0.0017183932161660956 0.010053562966473077 0.0009429096592172818 -0.0074856783766489039 -0.028900081664940399 0.0035773541450046017 -0.012186350277120901 -0.00020637339942005357 -1.2012505929591567e-05 -0.0028973511539830271 0.016993013772569548 0.022526378474962722 -0.0078217598866079201 0.0040603505601263835 0.013091257944517286
leaf_weight=917.38063763082027 5770.9536964148283 1033.8659542500973 14745.206830337644 611.65684379637241 4261.4223549813032 543.15877063572407 4755.7163190990686 14393.182110108435 1956.008088067174 4777.3395501077175 2057.3778903633356 4921.378141283989 12961.307015500963 1364.8602578490973 666.47349096089602 9255.5315674766898 3930.3658589869738 5197.9626044854522 1757.4701614379883 35.273326843976974 586.09353391826153 1005.2568971812725 50138.486673973501 44166.606993213296 21631.859090425074 531.90359795838594 201.07798579335213 1372.8052425757051 946.07203079760075 1612.5529338866472
leaf_count=3814 23760 4329 60843 2552 17429 2239 19634 59407 8122 19559 9244 20424 53663 6029 2775 38541 16354 21677 7579 148 2419 4187 206517 182745 88465 2594 865 5652 3984 6827
internal_value=3.83541e-08 -0.00101307 -0.00306951 -0.0147677 0.00107865 -0.00625769 0.00253557 0.0010461 -0.000688643 -0.000834699 -0.0222469 -0.00211748 0.000368868 -0.0146444 0.00832335 0.000125438 0.00234166 0.00486567 0.000249595 0.00371098 0.00197934 -0.00497797 -0.000220864 0.000779888 -0.00101744 0.00396549 0.00423277 -0.0044112 0.00922639 0.00975201
internal_weight=218107 58211.4 29353.2 4708.16 28858.2 4781.41 24076.8 19148.9 2873.39 24645 2669.03 19666.6 159895 1908.02 4927.9 149040 20141.3 9128.33 11013 10855.7 8261.76 2039.12 128898 57127.9 71770.3 6302.86 4978.42 1958.9 2593.9 2558.62
internal_count=902377 241452 122003 20312 119449 20204 99245 79041 11936 101691 11796 81267 660925 8268 20204 615541 84151 38031 46120 45384 34425 8516 531390 236408 294982 26354 20424 8071 10959 10811
is_linear=0
shrinkage=0.05


Tree=152
num_leaves=31
num_cat=0
split_feature=13 17 8 13 5 3 19 13 9 8 5 19 7 7 17 6 5 14 17 18 14 19 9 7 2 14 18 9 8 4
split_gain=32.6113 45.0806 48.7354 44.0325 48.1445 47.9659 45.7003 38.759 38.0585 31.1356 32.4366 29.6811 26.5539 25.9096 27.8177 24.5148 24.201 26.3665 22.9045 22.8078 21.2494 25.9902 23.6548 16.4987 16.0817 13.2078 6.88358 6.00139 4.8055 4.11484
threshold=-0.14141431922022427 -0.088607505074445744 -0.048780733591424097 -0.067773744759268603 0.012194816013134265 -0.040435936148103972 0.66756269871527063 -0.013232733449721311 -0.60715483219583188 -0.066598384444458411 0.010397914435676356 0.48988321424477427 0.48326919890722925 0.52839600181299839 -0.097562248152198758 0.16505008919392036 0.015032108175121094 5.5000000000000009 -0.053707777816623718 1.6157992691173224 11.500000000000002 0.55855402715737756 -3.3065112064250908 0.51123479918439563 -0.060119194529092305 5.5000000000000009 1.0669686852078344 -0.45096984328814566 -0.091325756957574986 0.013285987056400302
decision_type=2 2 2 2 2 2 2 2 2 2 2 2 2 2 2 2 2 2 2 2 2 2 2 2 2 2 2 2 2 2
left_child=9 2 13 4 6 15 -3 -7 19 10 24 -6 -10 14 -2 -5 17 27 -19 -4 21 -18 -22 25 -1 -12 -26 -11 -25 -15
right_child=1 3 8 5 11 7 -8 -9 12 16 23 -13 -14 29 -16 -17 20 18 -20 -21 22 -23 -24 28 26 -27 -28 -29 -30 -31
leaf_value=0.038915222074942024 0.023342285324477602 -0.011488939599318331 0.0030632224979303723 -0.023807562029937234 -0.0068868771545581818 -0.0012260216957863711 -0.0023471508661207364 0.00037997234194044808 0.0031013035708443628 -0.0587531594316291 -0.0089493072112015997 0.0055710477047488929 -0.017466565843682284 -0.024980783083517699 0.0011560150343531462 0.0045793009272462387 -0.013559284715729909 -0.0057032724684677643 -0.041932116021994113 0.017766244197664795 0.021973702116985988 0.010159394856424132 -0.018481978020270684 0.10079905628939972 -0.022175629532483476 0.010270798801420728 -0.067237527653096582 0.0021248035229338405 0.038153579586800962 -0.088385582810701468
leaf_weight=5.7728207260370246 587.3334948644042 2366.5165017321706 999.8101629242301 76.931429758667946 654.1759947091341 50295.728156656027 3237.0872069224715 148465.12501610816 292.86807852983475 54.026361897587776 119.51116259396076 1776.4390894770622 338.06700198352337 4.4737020879983884 186.03481374680996 6683.3874029070139 201.80441384017467 149.99848914146423 61.519258569926023 358.27850655466318 39.486205026507378 270.0536954253912 425.43678647279739 5.0671400278806686 13.308515578508375 354.57808136940002 23.334322974085808 4.3762101978063574 7.7331356853246671 5.9784199297428131
leaf_count=24 2467 9922 4159 317 2730 208545 13491 613143 1220 234 502 7326 1395 20 775 28095 836 642 279 1500 166 1121 1755 21 57 1459 100 20 32 24
internal_value=-2.79332e-08 5.47469e-05 0.00638908 -2.74993e-05 -0.00365876 0.000114454 -0.00620792 -2.64187e-05 0.00222788 -0.00682565 0.00328478 0.00221812 -0.00791935 0.0169485 0.0180053 0.00425626 -0.0112605 -0.0244518 -0.0162403 0.00694204 -0.00745958 1.53831e-05 -0.0150461 0.00693806 -0.0386512 0.00542568 -0.0508712 -0.0541915 0.0629525 -0.0612472
internal_weight=218064 216328 2772.84 213555 8034.22 205521 5603.6 198761 1989.02 1736.01 529.305 2430.62 630.935 783.82 773.368 6760.32 1206.7 269.92 211.518 1358.09 936.781 471.858 464.923 486.89 42.4157 474.089 36.6428 58.4026 12.8003 10.4521
internal_count=902377 895129 11560 883569 33469 850100 23413 821688 8274 7248 2195 10056 2615 3286 3242 28412 5053 1175 921 5659 3878 1957 1921 2014 181 1961 157 254 53 44
is_linear=0
shrinkage=0.05


Tree=153
num_leaves=31
num_cat=0
split_feature=13 17 5 17 13 5 9 19 12 19 3 17 15 9 19 18 15 17 11 13 19 4 18 17 7 7 17 19 8 15
split_gain=31.3941 59.8667 53.8804 50.9887 49.4097 54.7268 46.8876 46.5083 45.6294 54.8432 47.1569 41.371 36.6855 38.8728 35.6962 31.604 31.2584 35.8478 37.5359 30.9907 32.895 29.424 27.3718 29.0781 26.3573 25.0231 20.4159 19.5667 21.2085 19.1045
threshold=0.11081522371121745 0.053784005252250751 0.010553796409583529 0.09546506475397333 0.034558853275611263 0.0074921380619832724 -0.91754134738201654 0.62511271213002606 1.0000000180025095e-35 0.41061140189185114 0.020631504238734614 -0.050058541175978792 1.0000000180025095e-35 2.0023441403948157 0.86581804795377093 2.1373867890188616 1.0000000180025095e-35 0.13465265497101039 -1.1705736539865861 -0.02961103302254053 0.29297537003918478 0.018929902717505828 0.20608766624130331 0.23528694097927952 0.47841199076398222 0.45666085318407956 -0.039865382877194093 0.85212198326264299 0.082568715762236594 3.5000000000000004
decision_type=2 2 2 2 2 2 2 2 2 2 2 2 2 2 2 2 2 2 2 2 2 2 2 2 2 2 2 2 2 2
left_child=1 4 3 14 8 6 -6 22 10 -10 -1 -7 15 -14 24 -9 19 21 -19 20 -3 -18 29 -24 -2 -21 -16 28 -5 -4
right_child=2 16 7 27 5 11 -8 12 9 -11 -12 -13 13 -15 26 -17 17 18 -20 25 -22 -23 23 -25 -26 -27 -28 -29 -30 -31
leaf_value=0.00033379938763418952 0.05131769980494473 -0.090095621144942989 -0.035941941994532205 0.0060625767431629514 0.026020756467884959 -0.017760601683773306 0.003511109922626092 0.0052823879254832173 0.0021592012640818587 -0.0044461851111594749 -0.0026831868834129337 -0.00053976681891913564 -0.02304671423181141 -0.0015989035814365422 0.082781717852297265 0.075436109706062127 -0.0031735639401838031 -0.052694620953086559 -0.0099004815502393741 0.033932140220107092 0.031543229855146501 0.0042625024239859215 0.0084646321761293192 -0.0041560361130844681 0.019704334787082792 -0.013586348007990277 -0.014125719046163322 0.069661849929247552 -0.013022883076482526 0.010019561642933749
leaf_weight=148247.35920896381 72.20299468934536 6.0728532969951621 70.036864697933197 454.90067741274834 234.68903005868196 368.11317706108093 16236.325444877148 145.43795965611935 4262.2451404705644 11960.794022887945 14191.985431686044 6633.8829360306263 444.11066591739655 402.93593971431255 5.7558428496122351 18.045861303806305 7009.3292714059353 55.07060931622982 736.88183115422726 28.32349706441164 65.570710428059101 1641.9427999779582 1750.1514366492629 617.3970352858305 759.2080495506525 1268.5338054448366 97.483860209584236 10.221115246415136 214.05555975437164 33.387345880270004
leaf_count=612315 327 28 289 1880 1112 1588 67438 611 17591 49458 59140 27525 1835 1649 25 76 29018 228 3122 120 297 6897 7276 2503 3326 5236 412 42 874 139
internal_value=-4.26485e-08 -9.28482e-05 0.00387854 0.0114304 0.000101041 0.00225773 0.00383184 0.000377926 -0.000182309 -0.00271077 7.02116e-05 -0.00144511 -0.0086588 -0.0128441 0.0190065 0.0130262 -0.00371778 -0.00269433 -0.0128763 -0.01078 0.0212325 -0.00176226 0.00407359 0.00517348 0.0224498 -0.0125485 -0.00872291 0.00100456 -4.44727e-05 -0.0211047
internal_weight=218042 212947 5095.33 1613.83 202135 23473 16471 3481.5 178662 16223 162439 7002 1010.53 847.047 934.651 163.484 10811.7 9443.22 791.952 1368.5 71.6436 8651.27 2470.97 2367.55 831.411 1296.86 103.24 679.177 668.956 103.424
internal_count=902377 881113 21264 6886 836167 97663 68550 14378 738504 67049 671455 29113 4171 3484 4090 687 44946 39265 3350 5681 325 35915 10207 9779 3653 5356 437 2796 2754 428
is_linear=0
shrinkage=0.05


Tree=154
num_leaves=31
num_cat=0
split_feature=16 9 13 3 3 13 17 17 19 13 19 19 11 5 9 19 7 17 13 19 14 13 17 14 11 8 15 13 17 7
split_gain=31.7616 53.2849 47.6699 85.4681 46.9111 56.6487 45.9713 44.8406 47.6677 46.5162 63.3095 62.1504 54.4226 45.8482 42.2474 41.7898 39.414 37.4673 43.0606 42.9144 36.2572 29.087 28.9002 25.9783 26.4392 24.9824 25.6077 16.6936 15.8442 15.0956
threshold=-0.0091222170061657209 -0.5158403882389222 0.044464535041314319 0.024344642112747009 0.069039845960584559 0.15114400478283921 0.053784005252250751 -0.010929958889236422 -0.36180103624256182 -0.011328999442674235 0.30302052678934271 0.23326276868039206 0.4293161182507626 0.016913806602954756 1.845984997944863 0.82788818476056292 0.45959358961779656 -0.0074603819929693329 -0.0014765014740162339 0.43122612808833694 22.500000000000004 0.028892191256001957 -0.088607505074445744 19.500000000000004 0.12534395898585374 -0.034677685578250884 3.5000000000000004 -0.007161066240350177 -0.0049687926128045281 0.50862906562343502
decision_type=2 2 2 2 2 2 2 2 2 2 2 2 2 2 2 2 2 2 2 2 2 2 2 2 2 2 2 2 2 2
left_child=7 16 3 14 6 -6 -4 9 21 11 13 22 -13 -11 -3 -12 25 19 -19 -18 -5 28 -1 24 -10 27 -27 -2 -9 -25
right_child=1 2 4 20 5 -7 -8 8 23 10 15 12 -14 -15 -16 -17 17 18 -20 -21 -22 -23 -24 29 -26 26 -28 -29 -30 -31
leaf_value=-0.00069448586403931915 -0.0190867191939923 6.469057173691895e-05 0.0047586253141277644 -0.0056755372872166927 -0.0076697555908819375 0.0047448475493045775 -0.00052414691387409138 -0.0023841354362297857 -0.0023262201124181429 0.016830113123509134 0.0030363425615499251 0.00045466817657190085 -0.0074631852946701899 -0.054126371267218878 -0.0044386884834949529 -0.0063002696914258279 -0.0028805015061069421 -0.00047045634807258606 0.0033451129856321704 0.0043378178284596471 0.0084753550435661875 0.046638418568591966 -0.015579085457030552 0.0025121711513777646 -0.0068362494437887228 -0.008123801953891915 0.0048366406979269702 -0.0019965892056541495 -0.05780072569927111 -0.010378339377375728
leaf_weight=471.22565075755119 423.76460076868534 74729.002116516232 11573.459453701973 10061.211785405874 2513.8033500015736 1448.2993488907814 6392.9473584592342 15.828968062996863 10272.978697560728 931.52814936637878 7546.5708651393652 17331.172691658139 2480.8797019869089 23.335828706622124 5598.0398665294051 1424.7478802800179 2319.8169995620847 21990.913542866707 11140.257706075907 18319.173958204687 473.97812344133854 9.0680593997240049 1058.9805669188499 2658.5020388588309 4753.1289747059345 751.31980354338884 773.51466261595488 215.5814783424139 69.664327070116997 248.33195867389441
leaf_count=1953 1732 308154 48221 42279 10274 5918 26139 66 42634 3948 31844 71389 10215 107 23388 6007 9629 90478 46547 75884 1967 38 4339 11006 19719 3094 3185 909 289 1025
internal_value=-1.04011e-08 0.000326193 -0.000299535 -0.000804507 0.00179285 -0.00313175 0.00287887 -0.0011165 -0.00310253 2.85201e-05 0.00285632 -0.00128667 -0.000536811 0.015096 -0.000249153 0.00155358 0.00158796 0.00185424 0.000812517 0.00352648 -0.00503889 -0.038509 -0.0109954 -0.00291583 -0.00375285 -0.0050278 -0.00154926 -0.0133241 -0.0475404 0.00141093
internal_weight=218021 168725 112791 90862.2 21928.5 3962.1 17966.4 49295.9 18027.5 31268.4 9926.18 21342.3 19812.1 954.864 80327 8971.32 55934.3 53770.2 33131.2 20639 10535.2 94.5614 1530.21 17932.9 15026.1 2164.18 1524.83 639.346 85.4933 2906.83
internal_count=902377 697798 466340 375788 90552 16192 74360 204579 74777 129802 41906 87896 81604 4055 331542 37851 231458 222538 137025 85513 44246 393 6292 74384 62353 8920 6279 2641 355 12031
is_linear=0
shrinkage=0.05


Tree=155
num_leaves=29
num_cat=0
split_feature=13 14 3 14 14 17 15 12 3 14 2 13 9 6 4 14 4 4 13 14 15 3 17 11 13 10 6 10
split_gain=30.2322 41.3206 40.9583 40.737 86.3157 54.9983 40.8159 36.6641 51.6665 37.6874 62.9353 43.4059 35.638 34.0654 33.6884 33.4798 28.4114 24.8307 20.257 19.5296 19.6166 15.7934 15.7163 26.8568 15.8813 11.0757 10.2164 9.39114
threshold=-0.077142940274329538 1.5000000000000002 -0.062373231789314525 11.500000000000002 9.5000000000000018 -0.055615321964211033 4.5000000000000009 -1.0000000180025095e-35 -0.0014440259696344435 15.500000000000002 -0.0026798219687139131 -0.0048743948545247875 -1.7575156978044089 0.16505008919392036 0.0073626325355953181 22.500000000000004 0.01368981148229763 0.051278765813054371 -0.14141431922022427 22.500000000000004 3.5000000000000004 -0.058424794389902827 -0.03618024661929025 -1.9415080464427803 -0.05731644108187444 44.354260639717914 0.83861016552584056 26.878697239008677
decision_type=2 2 2 2 2 2 2 2 2 2 2 2 2 2 2 2 2 2 2 2 2 2 2 2 2 2 2 2
left_child=1 13 19 4 5 -3 -6 8 14 11 -11 -9 -10 -1 -4 16 -5 18 -15 22 26 -17 23 -2 -24 -19 -21 -22
right_child=2 3 7 15 6 -7 -8 9 12 10 -12 -13 -14 17 -16 21 -18 25 -20 20 27 -23 24 -25 -26 -27 -28 -29
leaf_value=0.086151701093474489 0.037730308535731338 0.0052034884939939179 -0.0038289594119347153 -0.01482300791849385 0.023319241518213116 -0.0083551898391953216 -0.006508287940801126 -0.0020085897480483974 0.014694384203128125 0.00277512999636838 -0.00046875121902343144 -1.9245302693348122e-05 0.0034713975604860566 -0.037952369936692001 0.0021486614021710431 -0.002325418665640705 -0.0043618712766872198 0.039187444650459556 -0.014025655820028205 -0.015672669923174443 0.056379865657306939 0.018413165873146283 -0.003801597875433842 0.010212479215113555 0.0087961051713641835 -0.022331742820228519 -0.057426559026395811 -0.0028740194535620844
leaf_weight=8.3382916003465635 107.05062691122293 1448.1669261157513 4599.8355715498328 832.08972227573395 581.4444578140974 1546.7536729872227 142.875050380826 41046.051509767771 754.51457436382771 24915.039109893143 37392.26558098942 82598.401079244912 11316.49548381567 104.59121589362621 4834.0550988391042 166.95193506777287 2950.4708476699889 28.748492375016212 573.57762736082077 41.757638081908226 10.759658351540567 203.95203010737896 350.76599979400635 516.35041527450085 872.36566037684679 9.8138648122549039 22.568062856793404 17.665829196572304
leaf_count=35 469 5964 19060 3633 2404 6420 592 170603 3124 103591 154137 340316 47188 451 20161 682 12233 126 2439 174 46 828 1437 2295 3759 41 95 74
internal_value=-2.1144e-09 -0.00290586 0.000119312 -0.00185393 0.00194692 -0.00179901 0.0174356 5.17016e-05 0.0020063 -0.000174344 0.000828391 -0.000679645 0.00417291 -0.0143276 -0.000765944 -0.00525741 -0.00666312 -0.0154966 -0.0177158 0.007352 -0.015036 0.00907828 0.00847655 0.0149378 0.00518337 0.0235312 -0.0303216 0.0195549
internal_weight=217994 8597.77 209396 7872.7 3719.24 2994.92 724.32 207457 21504.9 185952 62307.3 123644 12071 725.069 9433.89 4153.46 3782.56 716.731 678.169 1939.28 92.7512 370.904 1846.53 623.401 1223.13 38.5624 64.3257 28.4255
internal_count=902377 35848 866529 32756 15380 12384 2996 858180 89533 768647 257728 510919 50312 3092 39221 17376 15866 3057 2890 8349 389 1510 7960 2764 5196 167 269 120
is_linear=0
shrinkage=0.05


Tree=156
num_leaves=31
num_cat=0
split_feature=16 17 17 9 4 16 19 11 9 17 16 16 9 9 18 18 19 18 5 19 19 9 17 19 18 7 19 17 19 18
split_gain=30.2345 44.7927 41.04 41.6467 78.7075 40.5209 48.8918 39.9092 56.9847 40.4458 35.5081 35.0693 44.1248 44.8366 34.7059 32.2636 31.698 30.6802 28.8933 34.2331 44.6494 26.8169 24.2333 23.9071 23.5823 45.4503 36.9649 22.7946 20.3753 18.4449
threshold=0.00010550889300714462 0.028479892452008163 0.00021975658616046892 0.88312743478476097 0.0038459498862993256 -0.01576583155150579 -0.36180103624256182 0.12534395898585374 -0.67167523877452961 0.017082974353438588 -0.015430832525035241 0.022615543520182194 1.9055199106255092 1.3147645378843913 1.7664321351350198 1.5801408668890116 -0.36180103624256182 0.86615075262580921 0.00039255976572267554 -0.11042227385400437 0.37084316581691795 -0.82355526205258112 0.13465265497101039 0.63900002567856118 0.80001625410837163 0.4237459944796767 0.751360317080351 -0.068848911994032855 0.81118247708578861 1.6157992691173224
decision_type=2 2 2 2 2 2 2 2 2 2 2 2 2 2 2 2 2 2 2 2 2 2 2 2 2 2 2 2 2 2
left_child=2 18 3 5 27 15 -7 14 9 -9 -6 12 13 -3 16 -1 -4 -10 19 -2 -21 28 -16 -23 25 -20 -26 -5 -13 -14
right_child=1 11 7 4 10 6 -8 8 17 -11 -12 21 29 -15 22 -17 -18 -19 24 20 -22 23 -24 -25 26 -27 -28 -29 -30 -31
leaf_value=-0.0023854636252430526 -0.086181074794870124 -0.004367131036151539 -0.031822443819008853 0.051670859855935052 0.0012732846413749878 0.031262820582643125 0.0010895064711475119 -0.0084725501228711479 0.0020480003274541149 -0.025774460016122193 -0.0050235435622041661 0.021257356858041816 -0.010428047202008097 0.0035072758977152292 0.0081036275167122081 0.0025587861755354152 -0.0012509434190700816 -0.0046776582318906875 -0.024755265987478701 0.004471259540106993 -0.033314130513060668 0.0020056760921127854 -0.016739642430809856 -0.0024459033087991977 -0.00048619725364313537 0.0035014970141867027 0.0021902315961585903 0.0037300013330885083 -0.010126659857591527 0.0015970233008951334
leaf_weight=16681.942478895187 15.272444084286688 4803.9104852229357 85.208454221487045 24.947752192616463 2758.297853641212 134.56061065196991 59074.950852349401 1549.8555854484439 2338.479352414608 431.90173232555389 11888.317545481026 254.30067249387503 2359.9737236648798 2898.4539818242192 1442.551352314651 4113.0511090680957 17217.296686343849 6168.0486311092973 143.73519530892372 209.4704020768404 124.73981238901615 7431.8446075245738 105.32702924311161 5076.0673843175173 24226.597256444395 14340.947379298508 27595.893416054547 4042.8504388481379 64.918493494391441 368.7122508585453
leaf_count=69289 62 19878 353 103 11477 559 243848 6423 9670 1789 49370 1064 9750 12213 6015 17188 71257 25527 590 848 502 30898 439 21022 100421 59189 114222 16614 271 1526
internal_value=-8.40359e-09 0.000702752 -0.000493447 -5.47956e-06 -0.00212887 0.000491217 0.00115808 -0.00213536 -0.00460762 -0.0122433 -0.0038377 -0.00118651 -0.00333952 -0.00140394 -0.000759806 -0.00140754 -0.0014015 -0.00282875 0.00136196 -0.0129769 -0.00963167 0.000564324 0.00641314 0.000199098 0.00143754 0.0032211 0.000939023 0.00402402 0.0148749 -0.00880317
internal_weight=217972 89914.8 128058 98718.9 18714.4 80004.5 59209.5 29338.7 10488.3 1981.76 14646.6 23258.2 10431.1 7702.36 18850.4 20795 17302.5 8506.53 66656.7 349.483 334.21 12827.1 1547.88 12507.9 66307.2 14484.7 51822.5 4067.8 319.219 2728.69
internal_count=902377 372456 529921 408448 77564 330884 244407 121473 43409 8212 60847 96622 43367 32091 78064 86477 71610 35197 275834 1412 1350 53255 6454 51920 274422 59779 214643 16717 1335 11276
is_linear=0
shrinkage=0.05


Tree=157
num_leaves=31
num_cat=0
split_feature=13 3 9 15 4 14 17 13 13 4 4 14 14 15 6 13 14 6 15 11 19 19 19 14 3 9 19 4 19 13
split_gain=30.8792 51.0945 110.039 76.1377 46.0634 41.199 42.7139 39.747 37.8319 98.9003 92.288 60.8928 58.4628 47.2459 42.9966 33.9464 28.0997 32.5854 28.2116 26.0657 25.9335 27.2219 20.7433 29.6179 20.4832 18.1541 17.2023 16.0331 11.6301 11.1721
threshold=0.070266078077758656 0.035607953627434193 -0.96372430262621156 1.0000000180025095e-35 0.007062389600168608 22.500000000000004 0.13465265497101039 0.12086604516016321 0.0038268753222271417 0.0028627287521283255 0.0055904151242547528 11.500000000000002 7.5000000000000009 3.5000000000000004 0.81935501552430512 0.15114400478283921 1.5000000000000002 0.29003550126040761 3.5000000000000004 0.36556860938163716 0.71708069451333245 0.89688957436407801 0.66143215902133823 6.5000000000000009 0.082159473228724314 2.0731812735208419 0.71528680398018707 0.010871234008952247 0.54759193044519583 0.13392791933450457
decision_type=2 2 2 2 2 2 2 2 2 2 2 2 2 2 2 2 2 2 2 2 2 2 2 2 2 2 2 2 2 2
left_child=1 8 3 24 20 6 7 -6 10 14 13 -11 -12 -1 -10 -8 18 -18 -4 -5 22 -22 28 -24 -3 -23 27 -7 -2 -28
right_child=4 2 16 19 5 26 15 -9 9 11 12 -13 -14 -15 -16 -17 17 -19 -20 -21 21 25 23 -25 -26 -27 29 -29 -30 -31
leaf_value=-0.0043012964745501861 0.008317897415295197 0.035616531271268674 -0.02015233822546857 0.015561617900297635 0.0021979146064928716 -0.027530289802372709 -0.011739958449511614 0.0099994569907691944 0.0029377269770183394 -0.0010589974348402015 0.0024945635846148652 0.0018663523476804033 -0.00045603291348005677 -0.00090133415705180716 0.011772963009471277 0.00082906711999187219 -0.018457422488103576 -0.0036375038310986724 -0.00090091434419889102 -0.0025321895167294442 0.039555894441293392 0.028591799462633922 0.075249215394893154 -0.053143783991291077 0.079398353843414274 -0.056212054820749126 -0.018722973930159776 -0.00048751922812818692 0.039922976152974098 -0.052006218680845595
leaf_weight=18606.122908115387 195.49137417972088 101.66620215773582 574.7712671905756 415.06789176166058 7380.3583813160658 67.146431908011436 829.74164390563965 2096.3482209518552 2754.9672723859549 35681.530651316047 24809.222229853272 35474.919811628759 51924.705537199974 22663.943367533386 2753.0842321515083 1523.6143020689487 388.26586201041937 8298.6876926235855 284.49548178911209 382.44410966336727 164.64418733119965 11.966099604964258 5.4504925012588528 25.53465661406517 36.236457452178001 13.353004127740858 147.09379488229752 298.31339955329895 34.200223580002785 30.428625747561455
leaf_count=77025 831 418 2423 1709 30694 270 3370 8964 11225 146323 102978 147733 215970 92945 11264 6195 1593 34472 1204 1568 737 52 23 109 150 55 596 1208 150 123
internal_value=-6.39432e-09 -0.000148796 -0.00354939 0.0128166 0.00238029 0.00180839 0.00242651 0.0039237 3.43041e-05 0.000899078 -0.00052752 0.00039943 0.000497939 -0.00243417 0.00735383 -0.0036025 -0.00515305 -0.00429988 -0.0137784 0.0068848 0.0180827 0.0321335 0.00784339 -0.0305586 0.047121 -0.0161328 -0.0116588 -0.00545612 0.0130238 -0.024428
internal_weight=217974 205150 10481.6 935.415 12823.7 12373 11830.1 9476.71 194668 76664.5 118004 71156.5 76733.9 41270.1 5508.05 2353.36 9546.22 8686.95 859.267 797.512 450.64 189.963 260.677 30.9851 137.903 25.3191 542.982 365.46 229.692 177.522
internal_count=902377 849000 43537 3845 53377 51420 49223 39658 805463 316545 488918 294056 318948 169970 22489 9565 39692 36065 3627 3277 1957 844 1113 132 568 107 2197 1478 981 719
is_linear=0
shrinkage=0.05


Tree=158
num_leaves=31
num_cat=0
split_feature=1 18 13 11 5 17 13 5 4 14 14 19 13 15 16 4 15 5 14 18 12 13 11 0 16 13 13 10 8 14
split_gain=31.0523 43.104 37.0172 59.6874 49.0306 35.4576 29.761 106.146 57.5697 49.3448 93.9755 49.2434 45.1409 41.7156 41.4286 40.4126 37.6764 36.1997 34.9423 32.7689 26.6415 44.8609 31.5653 25.8899 31.9102 25.6533 24.5511 23.6307 20.8067 16.1651
threshold=-0.00069130999252203773 1.0737044497205057 0.021742797103567416 1.5309234001016929 0.0049458895797472374 -0.0060720550689797861 -0.00048151043733707372 0.0028861004000870385 0.0071480997678913883 17.500000000000004 11.500000000000002 0.79154666265769524 -0.031652459354726818 4.5000000000000009 0.017938065671130658 0.0087672358590536511 5.5000000000000009 0.00092811917737676164 3.5000000000000004 1.6271941412096431 1.0000000180025095e-35 -0.0051442657798092531 0.3472856023373892 -0.0090595312546531952 -0.015080579612313237 0.056033284771378596 -0.033867254247974758 50.382422511939033 -0.12811553589730076 22.500000000000004
decision_type=2 2 2 2 2 2 2 2 2 2 2 2 2 2 2 2 2 2 2 2 2 2 2 2 2 2 2 2 2 2
left_child=1 20 3 5 27 -3 7 14 9 10 -8 12 -9 18 17 -13 -11 -2 -10 -15 23 29 -23 26 -25 -6 -1 -4 -5 -22
right_child=6 2 4 28 25 -7 8 11 13 16 -12 15 -14 19 -16 -17 -18 -19 -20 -21 21 22 -24 24 -26 -27 -28 -29 -30 -31
leaf_value=0.0015232875085941522 -0.014639949090126317 0.00046674796328614095 0.013655590693270542 0.040359220850774202 -0.0024459182754673599 -0.0028143549420252649 0.00058482982249217564 -0.0038812361855463818 -0.0046278034184252213 -0.0035328447346868134 0.0068371082340150371 -0.00026117469537029642 0.00031748346751859705 -0.0061625531671703352 -0.037291082189158206 0.0060045051707679651 0.0050194922143869808 -0.0044593318581181074 0.00034182723036772192 0.0025267379095849116 -0.020091082985458093 -0.0025561156091247752 0.0038599922444858999 -0.0017246694299234843 0.0023421118721164962 0.0034866058587185696 0.0099892694468813603 0.0037610003109149678 -0.014803765160923774 0.031427659315862583
leaf_weight=1525.8337308466434 947.2907157689333 19795.477121368051 1138.3595679551363 17.42200630903244 4068.7476427480578 14098.103301510215 19660.737699598074 10292.147445466369 4184.783700376749 6700.1434714943171 8656.1230575218797 5286.6039050593972 16933.678942926228 6192.6951134800911 101.77094399929047 5014.4958531036973 1594.1781394034624 11158.703470140696 22852.38940961659 1315.4952318072319 356.41854425147176 5097.6693018525839 3072.2122868150473 5599.0362797230482 34826.986428186297 3300.3164851292968 1951.7756071165204 1284.0913486629725 908.39728829264641 15.905537411570547
leaf_count=6314 3849 82098 4819 72 16940 58462 80202 43029 17245 27380 35946 22013 70625 25491 426 20809 6516 46170 94585 5425 1679 21094 12676 23266 143892 13831 8370 5305 3782 66
internal_value=8.78183e-09 0.000666087 -0.000476399 -0.00124017 0.00223965 -0.000898033 -0.000534748 -0.00147312 0.000121124 0.00150261 0.00249608 -0.000155655 -0.00126975 -0.00134298 -0.00552303 0.00278891 -0.00188908 -0.00525596 -0.000427367 -0.00464012 0.0016379 -0.000916915 -0.000143395 0.00213498 0.00177886 0.000211028 0.00627474 0.00841067 -0.0137657 -0.0178902
internal_weight=217948 97056.8 44610.9 34819.4 9791.52 33893.6 120891 49734.7 71156.5 36611.2 28316.9 37526.9 27225.8 34545.4 12207.8 10301.1 8294.32 12106 27037.2 7508.19 52445.8 8542.21 8169.88 43903.6 40426 7369.06 3477.61 2422.45 925.819 372.324
internal_count=902377 402666 185309 144414 40895 140560 499711 206921 292790 150044 116148 156476 113654 142746 50445 42822 33896 50019 111830 30916 217357 35515 33770 181842 167158 30771 14684 10124 3854 1745
is_linear=0
shrinkage=0.05


Tree=159
num_leaves=31
num_cat=0
split_feature=1 15 7 11 14 5 2 15 14 19 18 14 16 17 19 18 17 15 7 15 19 14 19 7 14 11 18 10 4 5
split_gain=29.0679 40.2778 37.1068 47.7464 36.483 44.0437 36.0608 33.2393 69.6503 31.616 38.0382 31.1995 29.5371 31.5654 38.3556 40.897 31.5257 29.8356 30.1202 28.9707 40.4724 26.8666 26.3239 25.4831 37.0862 28.2291 24.9945 22.0606 19.0966 17.2983
threshold=0.002129495302887197 3.5000000000000004 0.522529538959563 1.9294828403858411 14.500000000000002 0.0046278199021114897 0.00057819781711465634 5.5000000000000009 4.5000000000000009 0.058479582048460536 0.69670428853010369 18.500000000000004 1.0000000180025095e-35 0.028479892452008163 0.54418313869783819 1.3840740968977518 -0.0010626779795101513 4.5000000000000009 0.52659000940470047 1.0000000180025095e-35 0.6714313035666023 6.5000000000000009 -0.36180103624256182 0.48679327161842861 6.5000000000000009 -1.2587678464222156 1.8052940391219654 39.695844032341292 0.051278765813054371 0.012776777419246861
decision_type=2 2 2 2 2 2 2 2 2 2 2 2 2 2 2 2 2 2 2 2 2 2 2 2 2 2 2 2 2 2
left_child=1 2 4 26 5 -1 7 11 -9 21 -11 -3 16 19 15 -15 23 18 -18 20 -14 -8 -6 24 -2 -25 -4 -19 -21 -16
right_child=12 6 3 -5 22 -7 9 8 -10 10 -12 -13 13 14 29 -17 17 27 -20 28 -22 -23 -24 25 -26 -27 -28 -29 -30 -31
leaf_value=-0.0028253403773638879 0.0029518034035235668 0.0024974711690606754 0.0035005408191535799 0.041137914367341433 -0.026284032340458237 0.00026533986365588803 -0.01092612423674978 0.0072565124719309792 -0.0014982877296443916 0.0061831460792055939 -0.00036141163052962012 0.0068576200945927581 -0.0016405454029767093 -0.0011092195023828979 -0.0030075874739399666 0.0092133569547599072 -0.0024113788175898266 0.0015531169495060677 0.011533071519612151 0.00049008148096449085 0.00847946505212889 -0.0016397563420174066 0.0010404455111088686 -0.006070063914137845 -0.00454459397064677 0.0019131331533193911 0.03322218614847005 -0.0078930336736083781 -0.028425921965800151 -0.0093861821970344528
leaf_weight=24375.491006791592 2269.8369015455246 20399.261504366994 2015.6884671896696 93.10878524184227 88.432975172996521 21868.37782433629 1121.5630041733384 2870.0310537442565 10899.062383778393 2618.4728885442019 14598.472065426409 5135.7970144674182 1537.7955808192492 3687.6276976279914 6884.8524958491325 1297.0018001645803 13609.286515876651 723.11763452738523 398.59580535441637 25481.541109278798 2763.1075574010611 2549.0033959150314 26857.542899534106 1233.0528134703636 6040.411762945354 10861.897747635841 73.308446541428566 4255.2542178556323 57.226090602576733 1256.9533910825849
leaf_count=100882 9367 84644 8342 382 370 91019 4570 11852 44797 10726 60023 21294 6371 15356 28667 5414 56431 2969 1650 105701 11447 10427 111509 5077 24934 44905 306 17504 239 5202
internal_value=2.96115e-09 0.000450101 -0.000320083 0.00610501 -0.000511643 -0.00136378 0.00141453 0.00230669 0.000326564 -0.00026426 0.00063393 0.00337442 -0.000740876 0.000165776 -0.00187754 0.00157672 -0.0017298 -0.0031962 -0.00201459 0.00106463 0.00486104 -0.00447726 0.00095077 -0.000365375 -0.00249705 0.00109926 0.00454355 -0.00652096 0.000425288 -0.00399233
internal_weight=217921 135564 75372 2182.11 73189.8 46243.9 60191.7 39304.2 13769.1 20887.5 17216.9 25535.1 82357.6 42966.1 13126.4 4984.63 39391.5 18986.3 14007.9 29839.7 4300.9 3670.57 26946 20405.2 8310.25 12095 2089 4978.37 25538.8 8141.81
internal_count=902377 561143 312810 9030 303780 191901 248333 162587 56649 85746 70749 105938 341234 178397 54639 20770 162837 78554 58081 123758 17818 14997 111879 84283 34301 49982 8648 20473 105940 33869
is_linear=0
shrinkage=0.05


Tree=160
num_leaves=31
num_cat=0
split_feature=13 17 8 13 5 14 9 19 1 13 14 16 8 5 5 17 13 18 19 4 18 19 13 17 14 5 5 1 17 9
split_gain=28.779 40.4288 44.1841 38.6005 70.9522 68.1266 50.3105 41.1735 40.5328 35.8903 33.3131 32.8227 28.8523 32.9272 26.5653 23.0686 22.8832 22.2117 31.8411 29.8761 21.8705 40.3822 19.9491 34.2391 19.5961 16.5714 14.37 12.9938 11.5856 6.76748
threshold=-0.14141431922022427 -0.088607505074445744 -0.048780733591424097 -0.037859382328843554 0.012194816013134265 1.0000000180025095e-35 -1.918451784595923 0.46996731987539969 -0.031937065222575493 0.0011810836065168087 1.5000000000000002 -0.012704630255657932 -0.039649105443105986 0.0116996039356179 0.016913806602954756 -0.097562248152198758 -0.095378020205205902 1.3781920537814354 0.84759203110945325 0.035686965009044898 1.4479150317475196 0.24610557370895833 -0.17912607172223297 -0.1648207366107364 11.500000000000002 0.033515602337055313 0.0050104463108082932 -0.039562356845008632 -0.1300991984347544 -3.3065112064250908
decision_type=2 2 2 2 2 2 2 2 2 2 2 2 2 2 2 2 2 2 2 2 2 2 2 2 2 2 2 2 2 2
left_child=12 2 15 4 5 -3 10 -6 -8 11 -5 -4 13 27 -11 16 -2 19 -19 -15 22 -22 24 -24 -14 -23 -17 29 -29 -1
right_child=1 3 9 6 7 -7 8 -9 -10 14 -12 -13 20 17 -16 26 -18 18 -20 -21 21 25 23 -25 -26 -27 -28 28 -30 -31
leaf_value=-0.030570025880448715 0.0098009964475376191 -0.016567933909618634 0.0002408841064825396 0.016995022752732035 -0.0041727220121779629 -0.0024033484139576963 0.008525465524906085 0.007407559763200961 8.8256693836544927e-06 -0.0076364204990536783 0.0036265817354622512 0.015320236872539326 -0.01433796889143002 0.0011931811460453641 -0.049167542613759524 0.051971450286020793 0.029567588348899877 0.00036195123821980988 -0.045687276872375171 0.029913941619306345 -0.057706234545920471 -0.0074214951961142309 0.03665778331429826 -0.017460770745449477 -0.0440990729946934 0.014410963358200189 -0.0029522336739972064 -0.0033068481657162318 -0.04649202604907305 0.037115647833838951
leaf_weight=5.6560096144676235 259.97493371367455 885.43138015270233 1181.0498362630606 511.00906087458134 1046.3777713775635 20566.307150878012 1407.922568961978 2880.7745503261685 180819.20742332935 240.42595859616995 5291.7126974910498 519.64660753309727 99.867935821413994 236.27008748054504 45.846449360251427 12.782800301909445 335.20428377389908 314.7226704582572 42.622980415821075 146.80827693641186 32.460607007145882 242.36194439232349 33.586088582873344 225.13322580605745 123.97164040803909 135.51081646978855 174.2299215644598 20.955789238214493 59.989603698253632 10.640196859836577
leaf_count=23 1072 3793 4873 2212 4377 85389 6067 11937 747316 1047 22478 2145 415 981 209 54 1434 1299 177 616 136 1021 141 959 518 569 726 90 259 44
internal_value=2.86109e-09 5.14142e-05 0.00605404 -2.64751e-05 -0.00185684 -0.002988 0.000220574 0.00432203 7.46269e-05 0.00209135 0.00480386 0.00484837 -0.0064222 0.000243285 -0.0142876 0.0161203 0.0209335 0.00383579 -0.00513064 0.0121999 -0.0126754 -0.00418934 -0.0198913 -0.0104353 -0.0308209 0.000407951 0.000801941 -0.0271111 -0.0353119 0.0136236
internal_weight=217908 216178 2769.16 213409 25378.9 21451.7 188030 3927.15 182227 1986.97 5802.72 1700.7 1730.56 837.666 286.272 782.192 595.179 740.424 357.346 383.078 892.892 410.333 482.559 258.719 223.84 377.873 187.013 97.2416 80.9454 16.2962
internal_count=902377 895129 11560 883569 105496 89182 778073 16314 753383 8274 24690 7018 7248 3489 1256 3286 2506 3073 1476 1597 3759 1726 2033 1100 933 1590 780 416 349 67
is_linear=0
shrinkage=0.05


Tree=161
num_leaves=31
num_cat=0
split_feature=13 9 4 14 14 10 18 14 19 14 13 16 3 12 17 13 12 17 10 14 4 9 0 19 15 15 13 13 14 11
split_gain=28.2005 61.0466 50.924 59.5699 96.5137 49.4936 46.8793 41.5052 40.9475 35.9565 34.5789 33.33 44.2868 53.2233 42.5505 43.5668 41.3191 30.3321 27.5749 27.3043 29.6403 24.7519 24.6513 26.8779 80.919 24.4778 23.684 23.0384 9.87827 14.2816
threshold=0.056033284771378596 1.8167580290817134 0.014624758959883188 11.500000000000002 13.500000000000002 63.180181756726014 -1.0000000180025095e-35 9.5000000000000018 0.78352290050687723 21.500000000000004 0.011433451326715251 -0.0091222170061657209 -0.0062488840597267328 -1.0000000180025095e-35 -0.033053269114871379 -0.033043470637018783 1.0000000180025095e-35 0.05022295211557793 76.05633802816881 16.500000000000004 0.0088755279040504658 -2.6003772628359245 -0.012866777451899123 0.8801982728774429 1.0000000180025095e-35 1.0000000180025095e-35 0.12086604516016321 0.031524543115821986 15.500000000000002 0.95175513421807423
decision_type=2 2 2 2 2 2 2 2 2 2 2 2 2 2 2 2 2 2 2 2 2 2 2 2 2 2 2 2 2 2
left_child=1 11 3 7 17 19 27 8 -2 -6 -8 14 16 -14 21 -16 -13 -5 -9 20 -3 -1 28 26 -25 -21 -24 -7 29 -4
right_child=2 5 22 4 9 6 10 18 -10 -11 -12 12 13 -15 15 -17 -18 -19 -20 25 -22 -23 23 24 -26 -27 -28 -29 -30 -31
leaf_value=0.0055913282080739066 0.0056540882414783883 -0.006933179626691495 -0.0008076277123689646 0.030337609696659364 0.0076190438785366096 0.0329082758635829 -0.013235793620042569 -0.012119704954678593 -0.0042688580729999363 -0.0034899365863209734 -0.00063378106464252455 0.0024003978096043613 0.0026213806614119044 -0.00055000254363659761 -0.0055039548770596412 -0.0011154571427751594 -0.0046006844345070613 0.0098044762908215174 0.009446454491152988 -0.013649191027380088 -0.017168815593794795 0.00013629017025204311 -0.0041535661772508182 0.042769984647794385 -0.031891423300056614 0.0017545517930645568 0.0018352315256393204 0.0043641261003327424 0.013562630828036347 0.018646524354802848
leaf_weight=2471.3482483103871 3425.283693805337 2872.2298412695527 515.07498747110367 561.35032963752747 3094.7649989277124 145.84821823239326 593.2020024061203 854.50679188966751 1492.7209469377995 952.60903385281563 6608.722649872303 33401.670407749712 15525.601020261645 89456.062794741243 7552.9593718871474 22510.614330895245 2249.3923017755151 264.65632927417755 179.32595357298851 328.29795138537884 938.35193213447928 13114.151616446674 3899.5881127938628 44.259612306952477 201.56727266311646 1202.8206883370876 2862.859655097127 137.17799797654152 318.12359140068293 115.49276560544968
leaf_count=10325 14077 11880 2176 2661 13153 604 3050 3464 6116 3865 27196 138296 64729 368894 31268 93227 9310 1126 730 1368 3968 54531 16109 185 829 4986 11856 561 1359 478
internal_value=-1.42433e-09 -0.000174707 0.00185204 0.00408414 0.00818312 -0.00351116 -0.000887341 0.000727887 0.00264226 0.00500438 -0.00167177 5.50278e-05 0.000436072 -8.09908e-05 -0.00111887 -0.00221799 0.00195867 0.0237587 -0.00837889 -0.00718772 -0.00945369 0.00100128 -0.00118466 -0.0022086 -0.0184491 -0.00154827 -0.00161823 0.0190734 0.00637946 0.00275553
internal_weight=217891 199108 18782.2 10825.2 4873.38 12826.7 7484.95 5951.84 4918 4047.37 7201.92 186282 140633 104982 45649.1 30063.6 35651.1 826.007 1033.83 5341.7 3810.58 15585.5 7956.97 7008.27 245.827 1531.12 6762.45 283.026 948.691 630.568
internal_count=902377 824193 78184 45192 20805 53613 31411 24387 20193 17018 30246 770580 581229 433623 189351 124495 147606 3787 4194 22202 15848 64856 32992 28979 1014 6354 27965 1165 4013 2654
is_linear=0
shrinkage=0.05


Tree=162
num_leaves=31
num_cat=0
split_feature=13 3 16 9 16 13 14 14 14 17 15 16 17 15 17 13 19 11 13 3 5 19 13 11 19 9 12 10 1 14
split_gain=28.5851 38.3409 42.4832 41.7193 48.956 42.7041 37.6147 35.2041 79.0896 48.6029 36.7581 30.5866 34.6755 31.5416 26.3319 49.5541 29.7214 23.027 34.4518 28.8487 20.4479 28.5666 25.6582 25.6319 25.3427 23.3083 17.3066 20.6058 18.3166 16.7118
threshold=-0.077142940274329538 -0.040435936148103972 -0.019365260026650895 -1.6004944430349874 0.025767214100472061 -0.017545675989803052 1.5000000000000002 11.500000000000002 9.5000000000000018 -0.060047069084524445 4.5000000000000009 -0.015080579612313237 -0.1648207366107364 4.5000000000000009 -0.015253683238750202 -0.011328999442674235 -0.36180103624256182 -3.1048298532021907 -0.030933147457815609 -0.062373231789314525 0.015573348427794884 0.46996731987539969 -0.11041276874418558 0.45797635840601286 0.54056359411522747 -2.6919908133646548 1.0000000180025095e-35 21.253332544001776 -0.0088073157511555072 7.5000000000000009
decision_type=2 2 2 2 2 2 2 2 2 2 2 2 2 2 2 2 2 2 2 2 2 2 2 2 2 2 2 2 2 2
left_child=6 17 14 4 -4 -5 20 8 9 -8 -10 12 -9 -13 15 -3 -16 18 19 -2 22 23 -1 -22 -23 -24 28 -28 -19 -20
right_child=1 2 3 5 -6 -7 7 11 10 -11 -12 13 -14 -15 16 -17 -18 26 29 -21 21 24 25 -25 -26 -27 27 -29 -30 -31
leaf_value=-0.039053959575160752 0.011333647683855193 -0.0043704664874281195 0.0023943834664057022 -0.0019038877233885515 0.029227632190695265 0.00028569978081374969 0.0051646195940983561 0.0083764109522159493 0.022110328304899847 -0.0076449562317358836 -0.006200047857732302 -0.0030073844830604802 -0.010755877504135293 0.014843225465001964 -0.041236502835493849 0.0034169906088031611 -0.005303635811923918 0.0067872608407538353 -0.042140394938951956 -0.032839176460415016 -0.0086188743324304342 0.087335863886936968 -0.035719431224197955 -0.072690057677696873 0.0065306865463328704 -0.005990086669917182 -0.10878879591722397 -0.0081047551966300872 0.0018639627095917346 0.039774673860039161
leaf_weight=124.64225681871176 50.132792219519615 4839.4181338250637 14837.1234966591 26246.287324402481 171.95053146779537 146919.529812783 1346.3944142609835 266.26467356085777 581.75402150303125 1645.5712912231684 142.80192257463932 1438.1563007757068 2141.9812982752919 298.89923345297575 58.262425102293491 3535.0058606117964 4688.5066501796246 3831.4559491276741 7.4042539894580832 140.69140668213367 64.312744930386543 10.484271436929701 85.669152289628983 20.612823277711868 130.24526561796665 286.13366013765335 5.2239073961973181 186.65807583928108 3726.7098987102509 39.139524951577187
leaf_count=551 213 19828 61897 109977 723 605865 5548 1102 2404 6836 592 6120 8884 1270 243 14956 19479 16322 31 575 268 46 354 89 549 1235 22 784 15444 170
internal_value=2.25003e-08 0.000116012 -1.87969e-05 0.000173011 0.0027018 -4.61702e-05 -0.0028279 -0.00182481 0.00170877 -0.0018806 0.0165307 -0.00499288 -0.00864054 6.4212e-05 -0.00276957 -0.00108323 -0.00574468 0.00351342 -0.0118266 -0.0212342 -0.0137491 -0.00126922 -0.0194217 -0.02417 0.0125506 -0.0128402 0.00398326 -0.0108458 0.00435973 0.0267435
internal_weight=217867 209284 201296 188175 15009.1 173166 8583.92 7861.82 3716.52 2991.97 724.556 4145.3 2408.25 1737.06 13121.2 8374.42 4746.77 7987.42 237.368 190.824 722.1 225.655 496.445 84.9256 140.73 371.803 7750.05 191.882 7558.17 46.5438
internal_count=902377 866529 832968 778462 62620 715842 35848 32756 15380 12384 2996 17376 9986 7390 54506 34784 19722 33561 989 788 3092 952 2140 357 595 1589 32572 806 31766 201
is_linear=0
shrinkage=0.05


Tree=163
num_leaves=31
num_cat=0
split_feature=13 1 15 3 9 9 14 14 17 13 4 4 14 7 18 4 18 17 13 8 18 17 16 16 2 4 9 14 2 18
split_gain=26.8233 39.7207 44.7994 37.6533 59.7424 31.7346 42.7117 28.2288 27.5626 49.1749 90.588 69.1136 38.0179 54.6447 41.3977 25.2555 25.7357 24.6166 26.859 21.4627 20.3488 22.6929 25.086 22.4144 17.6426 16.8687 13.8086 9.91576 6.32155 12.5668
threshold=-0.10179255162960969 -0.022747356236397561 2.5000000000000004 -0.081864109615992706 -3.0813990775831095 -1.8191970676323865 19.500000000000004 5.5000000000000009 -0.0058539164715440397 -0.00099297576437884483 0.0069399372064714035 0.0078555450029234985 7.5000000000000009 0.49015761035767164 -0.55057143442766243 0.032420569924664945 1.6534188663713072 -0.062579720260764291 -0.17912607172223297 -0.029254983105073767 2.011369609931474 0.023135634069704373 -0.023166845211588235 -0.096623025156759232 0.057861166474196819 0.051278765813054371 -0.57724950226135718 3.5000000000000004 -0.05379101106588579 0.93767643211814544
decision_type=2 2 2 2 2 2 2 2 2 2 2 2 2 2 2 2 2 2 2 2 2 2 2 2 2 2 2 2 2 2
left_child=1 20 17 4 28 6 -4 -7 12 10 -10 -11 14 -14 -5 16 -6 18 -3 -19 21 22 -1 26 -17 -25 -22 -23 -2 -30
right_child=3 2 5 8 15 7 -8 -9 9 11 -12 -13 13 -15 -16 24 -18 19 -20 -21 23 27 -24 25 -26 -27 -28 -29 29 -31
leaf_value=0.0020727236372577811 0.030056969720471734 -0.025486389145071998 0.0091131544889682739 0.034977250748830485 -0.0064827006241979686 -0.027668778066023827 -0.02231363136020555 -0.0037659586084353536 -0.0037108507256882074 0.0015197872090251465 0.00070216954218848106 -0.0012705558464351299 -0.0015588309855446173 0.0017338566308731152 0.0022666458942628364 0.021735223777035018 0.017250670608887294 -0.010988246456590049 -0.0026582951888401993 -0.029869197948127264 0.019459069829838586 -0.058218060229500712 0.018053794265527272 -0.035977067468454797 -0.043922208792037412 0.020065433420221823 -0.04526566748358786 -0.012596495716362101 0.019228824822981456 0.068577252649755796
leaf_weight=832.87900166213512 112.39363871514797 166.30389776825905 765.61898119747639 97.102001920342445 481.15547572076321 165.62367644906044 125.89300517737865 485.87716206163168 25560.509085059166 50492.074245281518 21335.696965105832 39592.902870863676 26443.628296457231 24069.873827040195 24919.009480409324 215.61399976909161 149.78162750601768 273.39890893548727 572.16059817373753 334.86897187680006 55.258595868945122 15.216593727469442 348.23104770481586 89.334833964705467 10.741102799773214 15.80239401757717 9.6845915168523771 54.816521238535643 20.262820512056351 35.507979303598404
leaf_count=3452 499 696 3203 402 2048 696 525 2038 106136 207400 89769 163824 109655 99823 102910 946 657 1152 2371 1451 233 66 1443 369 44 67 39 231 83 149
internal_value=1.15832e-08 -0.00390478 -0.00727061 7.88434e-05 0.00963685 -0.00145451 0.00467529 -0.0098425 3.27219e-05 -0.00039011 -0.00170312 0.000293414 0.000799574 1.01471e-05 0.00239361 0.00429176 -0.000848505 -0.0139344 -0.00779923 -0.0213828 0.00293889 0.00514477 0.00678448 -0.013288 0.0186196 -0.0275537 0.00980705 -0.022509 0.0368858 0.0506478
internal_weight=217847 4310.97 2889.75 213536 1025.46 1543.01 891.512 651.501 212511 136981 46896.2 90085 75529.6 50513.5 25016.1 857.292 630.937 1346.73 738.464 608.268 1421.22 1251.14 1181.11 170.08 226.355 105.137 64.9432 70.0331 168.164 55.7708
internal_count=902377 18032 12132 884345 4426 6462 3728 2734 879919 567129 195905 371224 312790 209478 103312 3695 2705 5670 3067 2603 5900 5192 4895 708 990 436 272 297 731 232
is_linear=0
shrinkage=0.05


Tree=164
num_leaves=31
num_cat=0
split_feature=13 9 5 10 18 17 19 13 14 5 12 3 18 11 14 18 19 19 15 14 5 10 7 13 13 17 19 15 19 13
split_gain=27.1438 49.2045 61.2537 50.9736 46.1886 43.2642 47.8583 41.643 104.349 101.929 56.8648 43.6279 40.5608 39.9547 38.283 34.5547 34.4789 30.8635 29.4779 29.467 28.9468 32.4173 28.7166 27.2117 24.3821 38.4705 24.4983 20.688 20.0602 25.1293
threshold=0.082783554866759604 1.8167580290817134 0.0082994022264483245 63.180181756726014 -1.0000000180025095e-35 0.10219800772300099 0.74963607032552437 0.013534745958751372 21.500000000000004 0.0044249464853770891 1.0000000180025095e-35 -0.00043305038605123686 -0.36361369332752863 0.63042171315406581 16.500000000000004 0.31001726999836215 0.21912988213614135 0.80994055763731254 1.0000000180025095e-35 12.500000000000002 0.012480520359050886 82.898924282414853 0.50471029950193913 0.12086604516016321 0.15114400478283921 0.15237252525133174 0.68598122941938378 3.5000000000000004 0.85379817041795769 0.12086604516016321
decision_type=2 2 2 2 2 2 2 2 2 2 2 2 2 2 2 2 2 2 2 2 2 2 2 2 2 2 2 2 2 2
left_child=1 7 3 14 -5 6 16 10 9 -9 13 -12 -10 -1 -3 27 22 24 -18 -17 23 -22 -2 -8 26 -26 -7 -4 -19 -30
right_child=5 2 15 4 -6 17 20 8 12 -11 11 -13 -14 -15 -16 19 18 28 -20 -21 21 -23 -24 -25 25 -27 -28 -29 29 -31
leaf_value=0.00030624734175292777 -0.01548001799316793 -0.0075116115634322996 -0.022676778999399946 0.019310228204279953 0.00023608937638747567 -0.0074697252977652638 -0.00056864040980631001 0.0050656655745804184 -0.071919991087444429 3.7287137977094354e-05 -0.0081616198857511826 -0.00117056164099611 -0.0061534535786282561 -0.0021349583604723106 0.0015374506823099005 -0.014266938838488001 -0.0012270131445094919 -0.044254087435188896 0.012838224938693368 -0.0029600434839245075 -0.0079772668978764054 -0.059105573925969115 0.0078431375107271811 0.016426783026515297 0.014978646917798344 -0.0011448029400241355 0.010149927258522101 -0.065432187807444586 -0.072544353866257891 0.012386156344897051
leaf_weight=117484.3260345161 245.28558187186718 4298.614716514945 144.06098781526089 329.6377926170826 8537.7847215533257 1459.5403888523579 1296.5146573707461 17474.858209393919 23.593594953417778 23810.029404848814 3852.3328169360757 5304.3745966777205 3703.7567987442017 19550.101170174778 1605.2715225294232 1089.5005897320807 433.37792293727398 68.30436860024929 2652.456178933382 1223.1045944467187 437.70344081521034 33.365623816847801 285.69792565703392 287.80387070775032 505.91506080329418 1376.6636279523373 228.11174987256527 35.207294628024101 10.778142943978308 45.378159925341606
leaf_count=485787 1043 17801 600 1356 35584 5932 5427 72377 95 98909 16029 22187 15090 80985 6653 4597 1841 277 11268 5122 1806 134 1218 1238 2135 5583 930 144 44 185
internal_value=2.78194e-09 -0.000118308 -0.00267478 -0.00145149 0.000945152 0.00263308 0.0053756 0.000112509 0.00144232 0.00216567 -0.000296938 -0.00411178 -0.00656975 -4.20288e-05 -0.00505116 -0.00992619 0.00883783 -0.00157732 0.0108629 -0.00828688 -0.000716814 -0.0115987 -0.0029309 0.00251871 -0.00072408 0.00318813 -0.00508816 -0.0310737 -0.026053 -0.00391465
internal_weight=217833 208467 17263.2 14771.3 8867.42 9366.9 5672.21 191203 45012.2 41284.9 146191 9156.71 3727.35 137034 5903.89 2491.87 3616.82 3694.69 3085.83 2312.61 2055.39 471.069 530.984 1584.32 3570.23 1882.58 1687.65 179.268 124.461 56.1563
internal_count=902377 863316 71857 61394 36940 39061 23975 791459 186471 171286 604988 38216 15185 566772 24454 10463 15370 15086 13109 9719 8605 1940 2261 6665 14580 7718 6862 744 506 229
is_linear=0
shrinkage=0.05


Tree=165
num_leaves=31
num_cat=0
split_feature=13 5 11 18 14 3 14 14 14 9 18 18 5 3 17 13 5 13 13 15 15 18 15 17 11 19 7 19 17 8
split_gain=26.4082 73.8605 56.8643 56.2275 54.643 54.815 51.765 131.903 55.2612 49.1224 66.7722 46.269 42.6101 42.1803 41.0297 40.2218 39.0516 65.8261 37.3226 34.0129 33.3522 32.8345 31.5759 37.6418 30.1026 29.9694 27.0816 26.7359 22.5952 20.9251
threshold=0.027092901571398546 0.0074921380619832724 1.3515596627692983 1.2492700741889398 1.0000000180025095e-35 0.024905399539602472 11.500000000000002 13.500000000000002 10.500000000000002 1.5927154240783239 -1.0000000180025095e-35 2.1373867890188616 0.0017460001913077504 0.01879694334002369 -0.050058541175978792 0.039623923311291394 0.012194816013134265 -0.05731644108187444 -0.14141431922022427 1.0000000180025095e-35 3.5000000000000004 1.0978320978026526 1.5000000000000002 0.23528694097927952 2.3012351926869394 0.71354073890924941 0.52376210773547338 0.21912988213614135 -0.002363994380381373 -0.018171032317874283
decision_type=2 2 2 2 2 2 2 2 2 2 2 2 2 2 2 2 2 2 2 2 2 2 2 2 2 2 2 2 2 2
left_child=2 4 9 13 5 19 8 -8 -6 16 20 14 -12 24 25 -16 17 -1 -18 -2 -11 -15 23 -13 -4 -3 29 -24 -7 -5
right_child=1 11 3 26 6 28 7 -9 -10 10 12 22 -14 21 15 -17 18 -19 -20 -21 -22 -23 27 -25 -26 -27 -28 -29 -30 -31
leaf_value=-0.0039865153250871191 0.049980118301111445 -0.0079917581284500525 -0.001493297825635852 -0.019607049678112616 0.0011049408647198879 0.022948383607699123 0.015424284671728572 0.0021666826620002013 -0.009845075637899426 0.026744739953438769 0.0061404825851890631 0.021632624349302257 -0.0065432662648919025 -0.01294462941464577 -0.0073993428395308335 -0.00058696326191057637 -0.0039538445681341055 0.00019576855564444791 0.004780646944276306 0.017737720118250307 -0.015919721966278593 0.0056431834789992426 -0.074139760533560403 -0.050071503975484766 0.0091912985385388581 -0.035346280204719555 0.016500176005338908 0.0027319117293278226 -0.0065428001072452228 -0.008769738649093901
leaf_weight=10094.515928186476 94.609266519546509 309.19340385496616 3858.693271920085 727.83060114085674 12078.298622205853 80.56334625184536 2276.3102181106806 10672.068218000233 1273.7129227817059 246.77363373339176 743.10833936184645 435.61803197860718 6077.9304447881877 1210.1794444993138 2573.686840750277 13702.644386284053 1466.1895044744015 138400.96616259962 7374.519878603518 603.92449240386486 56.24801941215992 295.61786615103483 11.522254168987272 19.105758860707283 795.04160104691982 148.0847914069891 81.308047905564308 617.01424779742956 335.10718536376953 1147.9045669957995
leaf_count=42087 404 1343 15933 3028 49318 331 10112 44421 5149 1025 3100 1830 26720 5101 10674 56664 6120 570994 30826 2551 232 1257 48 77 3281 626 342 2576 1367 4840
internal_value=1.76881e-08 0.00107542 -0.000281841 -0.00436732 0.00270427 0.0135497 0.00224481 0.00449735 6.03659e-05 -8.0211e-05 -0.00414118 -0.00143086 -0.00516145 -0.00202155 -0.00207916 -0.00166417 0.000103667 -8.85373e-05 0.00333207 0.0221046 0.0188252 -0.00929547 0.0085836 0.0186199 0.000332053 -0.0168502 -0.0117503 0.00132271 -0.000826955 -0.0129749
internal_weight=217808 45231.5 172577 8116.58 27414.6 1114.2 26300.4 12948.4 13352 164460 7124.06 17816.9 6821.04 6159.53 16733.6 16276.3 157336 148495 8840.71 698.534 303.022 1505.8 1083.26 454.724 4653.73 457.278 1957.04 628.537 415.671 1875.74
internal_count=902377 187491 714886 33782 113653 4653 109000 54533 54467 681104 31077 73838 29820 25572 69307 67338 650027 613081 36946 2955 1257 6358 4531 1907 19214 1969 8210 2624 1698 7868
is_linear=0
shrinkage=0.05


Tree=166
num_leaves=31
num_cat=0
split_feature=0 11 9 13 13 4 4 5 15 16 8 13 13 17 11 12 4 6 6 16 9 2 10 8 2 5 7 4 7 6
split_gain=28.0188 27.5322 23.8277 37.3824 29.4955 92.1456 58.5984 27.8771 21.6454 28.1547 25.0122 28.1758 18.6221 31.0927 29.0441 24.0491 22.166 22.1566 19.9296 19.4126 17.4767 16.5089 16.3401 16.1441 14.4866 14.0203 13.3158 14.0076 11.8104 8.57576
threshold=-0.002822201317027206 -3.1048298532021907 2.1901236674099076 0.012502620026312196 -0.0014765014740162339 0.0049310634251676939 0.0044887207978424716 0.006836773160951006 5.5000000000000009 -0.010568300360058345 0.11947412665217892 -0.019323140966179205 0.039623923311291394 0.0090764642061710882 0.59430570066185384 1.0000000180025095e-35 0.0079041013792054624 2.6584057022211911 1.2540367530472383 -0.000924308404931795 1.4653554562806692 0.0059483178073131979 21.927710843373436 0.095022511841453508 -0.013246565590463331 0.023660688457875285 0.43640503948189219 0.018177753415289603 0.53329321073187674 1.5636244757095319
decision_type=2 2 2 2 2 2 2 2 2 2 2 2 2 2 2 2 2 2 2 2 2 2 2 2 2 2 2 2 2 2
left_child=12 8 4 23 5 -3 -6 -5 10 29 11 -2 13 14 17 24 -16 -1 26 -17 21 -20 -11 -4 -15 -22 27 -14 -28 -10
right_child=1 2 3 7 6 -7 -8 -9 9 22 -12 -13 18 15 16 19 -18 -19 20 -21 25 -23 -24 -25 -26 -27 28 -29 -30 -31
leaf_value=0.0025286292424376864 -0.01159993152835135 -0.0037044199896425684 -0.024119243831806626 0.00013139270073901367 0.0025739528910885723 0.00025730865714583605 -0.00033081897212067473 -0.0050508858340742591 -0.078874434753634259 0.022174925600293015 -0.065080035493663993 0.015372214401180931 -0.008033791701159464 0.002609316223163659 0.0020729820602842495 -0.014284965676654941 -0.004495377292156824 -0.0020052383357879247 0.018833119005535151 -0.0033055900912871577 0.004763939717754683 0.0053132558746123715 -0.029166632701544723 0.0019792964574149468 -0.0021403970445421014 -0.019051391914873164 0.0016680449101338557 -0.079586416909618179 0.023938242078277272 -0.01996351633658737
leaf_weight=24027.861808158457 365.33459594845772 20319.059563234448 276.93138633668423 6359.707651630044 24724.405640929937 52860.586235918105 58305.75550467521 4383.8687226623297 29.265847966074944 22.805946499109268 17.614099994301796 131.73919001221657 21.679578587412838 2304.3074179142714 2079.5555894449353 622.34990754723549 3359.3532831147313 3035.048482067883 491.52215380966663 1140.1490825004876 1206.4206971228123 417.6580403149128 48.35785648226738 75.384497337043285 5292.5608120188117 65.135898604989052 5713.95862916857 9.9926401376724225 60.159535571932793 7.8305336087942115
leaf_count=99988 1506 83719 1344 26113 101152 219773 241337 18013 120 94 73 552 92 9601 8603 2588 13954 12764 2242 4781 4993 1756 197 387 22181 267 23860 43 251 33
internal_value=3.22719e-08 -0.000308961 -0.000269895 -0.00250876 -0.000110864 -0.000842705 0.000534153 -0.00198321 -0.0108009 -0.0311229 -0.0065264 -0.00445152 0.00104098 0.000618861 0.00135011 -0.0019205 -0.00198398 0.00202017 0.00325351 -0.00718248 0.0073289 0.0126224 -0.0127131 -0.018535 -0.000699698 0.00354399 0.00172273 -0.0306088 0.00190007 -0.0664392
internal_weight=217776 167929 167306 11095.9 156210 73179.6 83030.2 10743.6 622.948 108.26 514.688 497.074 49847.7 41861.2 32501.8 9359.37 5438.91 27062.9 7986.53 1762.5 2180.74 909.18 71.1638 352.316 7596.87 1271.56 5805.79 31.6722 5774.12 37.0964
internal_count=902377 694413 691838 45857 645981 303492 342489 44126 2575 444 2131 2058 207964 174460 135309 39151 22557 112752 33504 7369 9258 3998 291 1731 31782 5260 24246 135 24111 153
is_linear=0
shrinkage=0.05


Tree=167
num_leaves=31
num_cat=0
split_feature=1 15 11 9 11 18 3 2 7 3 18 18 19 17 14 17 15 7 11 7 14 14 7 18 10 14 19 14 14 8
split_gain=26.6769 36.418 35.4799 34.019 39.5153 38.8639 33.9147 28.9358 28.9169 28.7107 26.8427 37.4624 34.6065 41.4632 32.7172 32.1821 28.2037 44.4556 26.0688 40.182 30.6062 25.7455 25.5817 20.9985 38.9298 21.6233 17.4035 14.1534 8.45725 12.6369
threshold=0.002129495302887197 3.5000000000000004 -0.46343370922798083 -2.6003772628359245 -0.7234030300024078 1.234723467133102 -0.012837450546615557 -0.0050267824809990804 0.52376210773547338 -0.0028359124689981137 0.20608766624130331 0.57992862038620541 0.28301886651273939 0.024313405605168485 16.500000000000004 0.09546506475397333 2.5000000000000004 0.52144842621864818 0.43865051653224935 0.47553358300140219 6.5000000000000009 3.5000000000000004 0.5098815176392143 2.1373867890188616 60.100954710518216 2.5000000000000004 1.0000000180025095e-35 17.500000000000004 14.500000000000002 0.043031469676145788
decision_type=2 2 2 2 2 2 2 2 2 2 2 2 2 2 2 2 2 2 2 2 2 2 2 2 2 2 2 2 2 2
left_child=1 3 9 4 6 8 -1 -7 -5 22 15 12 13 -12 -14 16 17 -2 20 -20 -13 -18 -3 25 -25 -4 -6 -11 -17 -30
right_child=10 2 23 5 26 7 -8 -9 -10 27 11 18 14 -15 -16 28 21 -19 19 -21 -22 -23 -24 24 -26 -27 -28 -29 29 -31
leaf_value=0.001037598113557065 -0.0014114081134768862 0.0053452137924235683 0.0034715955431816174 -1.4349824988350123e-05 0.021764767437588029 -0.0041820668590763022 -0.028622686547069238 -0.00043805384832629765 0.0069987451753601706 0.0018305483388314503 0.0045010159334940942 0.0020221696496151341 0.0048690868100591178 -0.013180438930814393 0.018679787477054424 -0.043513362327999114 -0.01214213278371111 0.014645394008547745 -0.0088260764035982923 -0.0013658678308593639 -0.00078963892888074961 -0.0035235487175629431 -0.0044388375288587755 0.013614648360730099 -0.011679967193035042 -3.6553070721984151e-07 0.0076995810408100373 -0.0038837592061273202 -0.049345490036061174 0.0059314365582671339
leaf_weight=2003.8621191084385 5043.5164185538888 10650.493510253727 5102.9970455244184 49237.804963506758 256.89027605205774 10703.905759215355 101.2475922703743 9964.9646436721087 1515.0766598060727 4343.3407504931092 1025.4815032109618 13780.064551152289 1570.6601586267352 489.98857722431421 589.88273200392723 57.565751612186432 1034.4586131572723 471.35703637450933 2001.9926107823849 18340.687938719988 32509.36160575971 5336.8208245709538 712.79855956882238 703.82870329171419 194.05161564052105 36999.282758325338 1528.6090025752783 1443.8286445140839 16.388012304902077 28.013011515140533
leaf_count=8294 20934 44279 21129 204328 1071 44639 416 41422 6271 17879 4270 57028 6510 2047 2429 236 4252 1957 8314 76152 134901 22023 2948 2945 797 152436 6369 5920 66 115
internal_value=2.88809e-08 0.000431378 0.00134872 -0.000301286 0.00425178 -0.000549308 -0.000388946 -0.00237699 0.000195005 0.00327154 -0.000709989 -0.000337112 0.0045767 -0.00121583 0.00863976 -0.00289685 -0.0026569 -3.90309e-05 -0.000608201 -0.00210005 4.74184e-05 -0.00492289 0.00473148 0.000581809 0.00814793 0.000420453 0.00972322 0.000404898 -0.0308669 -0.0144708
internal_weight=217759 135463 60150.6 75312.4 3890.61 71421.8 2105.11 20668.9 50752.9 17150.5 82296.2 70308.1 3676.01 1515.47 2160.54 11988.1 11886.2 5514.87 66632.1 20342.7 46289.4 6371.28 11363.3 43000.2 897.88 42102.3 1785.5 5787.17 101.967 44.401
internal_count=902377 561143 248333 312810 16150 296660 8710 86061 210599 71026 341234 291651 15256 6317 8939 49583 49166 22891 276395 84466 191929 26275 47227 177307 3742 173565 7440 23799 417 181
is_linear=0
shrinkage=0.05


Tree=168
num_leaves=31
num_cat=0
split_feature=13 17 14 4 13 14 14 14 9 18 15 14 18 14 13 11 13 13 14 6 4 9 16 2 5 8 11 10 19 16
split_gain=26.4647 42.331 39.6189 45.3999 31.5714 90.9904 189.821 102.215 43.8124 48.8664 37.6411 29.829 33.4799 32.8945 25.3273 46.0934 29.0397 27.4254 24.77 22.1615 20.4516 17.6213 15.7684 15.3529 16.2961 11.6964 11.0532 8.27928 14.7233 10.8972
threshold=0.070266078077758656 0.048602036662721844 22.500000000000004 0.011741483198457364 -0.024286901879996544 11.500000000000002 13.500000000000002 1.5000000000000002 -1.6742701433092002 1.464109078801082 1.0000000180025095e-35 15.500000000000002 2.1373867890188616 17.500000000000004 -0.0048743948545247875 -1.44307060001325 0.00050611262051603056 -0.0051442657798092531 13.500000000000002 4.6892803946898729 0.007062389600168608 -0.5469735398813349 0.08266771111384115 0.00021796429593823333 0.012194816013134265 0.067080043722901231 0.2975447529751023 75.532853214918575 0.66949025927025696 0.13009895313872624
decision_type=2 2 2 2 2 2 2 2 2 2 2 2 2 2 2 2 2 2 2 2 2 2 2 2 2 2 2 2 2 2
left_child=1 4 3 19 5 7 -7 -1 9 -6 -10 12 -5 -13 15 25 21 -17 -18 20 -2 -16 23 -4 -25 -3 -21 29 -29 -24
right_child=2 14 22 11 8 6 -8 -9 10 -11 -12 13 -14 -15 16 17 18 -19 -20 26 -22 -23 27 24 -26 -27 -28 28 -30 -31
leaf_value=-0.0064605543318205366 0.017479156060540131 -0.042194694889016005 0.0026545768414048257 -0.002339909529294408 0.0035434345961772684 -0.013960789670511287 -0.0014028711516559003 0.0025950912896210137 0.0022080863533194806 0.022254204435056525 -0.00011763009368898806 0.013388333156724309 0.012278211205553093 0.0016258123340591763 -0.049668978914417065 0.004298913935041079 -0.0066147410986466875 0.077900853905044851 -0.00075416219182831631 -0.033839667290367026 0.0056796244045871774 -0.015173235005173348 0.010098964503004158 -0.013279771263411275 -0.037707473843794956 0.013396105366676077 0.047935798328027364 0.039592531124625296 -0.04403427618381936 -0.035601561649122607
leaf_weight=3730.9081620201468 416.38959532976151 67.590322241187096 101.01233395934105 5294.0492517799139 4683.9116206690669 3569.9352857545018 19157.322247363627 18911.048199668527 20200.583367697895 377.04312747716904 125379.33849881589 827.72536265850067 422.98398453742266 2108.3688095211983 45.826641902327538 1276.0802030973136 4157.3850508704782 12.783312886953352 3183.5981206744909 4.5435016751289359 3110.4218430221081 192.66481251269579 42.198409259319305 273.69549822807312 90.966361075639725 11.002322815358637 45.646440267562866 31.680378153920174 6.3119043111801139 18.880196437239647
leaf_count=15804 1832 283 410 21869 20502 15532 79022 77936 83391 1814 517398 3505 1769 8811 187 5867 17161 57 13129 21 13089 869 172 1105 370 48 193 129 26 76
internal_value=2.92548e-08 -0.000137695 0.00220619 0.00280407 1.58256e-05 -0.00114047 -0.00337543 0.00110292 0.000364072 0.00493739 0.000205085 0.000845424 -0.00125836 0.00494183 -0.00350103 0.00276208 -0.00463099 0.00502892 -0.00407316 0.00754222 0.00707272 -0.0218017 -0.0107415 -0.0145951 -0.0193734 -0.0344124 0.040533 0.00737211 0.0256991 -0.00402767
internal_weight=217752 204957 12794.9 12230.1 196010 45369.2 22727.3 22642 150641 5060.95 145580 8653.13 5717.03 2936.09 8946.93 1367.46 7579.47 1288.86 7340.98 3577 3526.81 238.491 564.745 465.674 364.662 78.5926 50.1899 99.0709 37.9923 61.0786
internal_count=902377 849000 53377 51089 811399 188294 94554 93740 623105 22316 600789 35954 23638 12316 37601 6255 31346 5924 30290 15135 14921 1056 2288 1885 1475 331 214 403 155 248
is_linear=0
shrinkage=0.05


Tree=169
num_leaves=30
num_cat=0
split_feature=0 13 17 16 3 17 13 17 1 5 7 2 6 15 19 17 5 18 13 6 8 3 13 7 19 3 7 7 15
split_gain=26.604 31.4006 31.4301 27.4538 42.5143 38.611 22.4213 21.3402 22.5062 26.3378 18.6 17.2734 19.7296 16.2605 14.9662 23.2384 21.5906 13.2576 13.2357 16.2382 14.1573 10.5097 18.2138 10.1441 9.69835 9.50089 7.95878 7.06783 6.94504
threshold=-0.016021419622621044 -0.14141431922022427 -0.1648207366107364 -0.019365260026650895 -0.011360910894399221 -0.033053269114871379 0.018429271440399412 -0.068848911994032855 -0.022747356236397561 0.018807529424379198 0.5014687172348915 -0.028703841721266606 2.6584057022211911 1.0000000180025095e-35 0.38921965276271214 -0.1648207366107364 0.011936200923294629 1.076919291191939 -0.05731644108187444 0.87809895798899562 -0.044884881632486648 -0.12038775307873127 -0.12253817901829754 0.47585558168894798 0.41061140189185114 0.015381371354478481 0.4237459944796767 0.45959358961779656 5.5000000000000009
decision_type=2 2 2 2 2 2 2 2 2 2 2 2 2 2 2 2 2 2 2 2 2 2 2 2 2 2 2 2 2
left_child=11 7 6 5 -5 -4 10 14 13 -10 -3 12 17 -9 15 -2 -16 24 19 20 -13 28 -23 -21 -1 -19 -20 -28 -14
right_child=1 2 3 4 -6 -7 -8 8 9 -11 -12 18 21 -15 16 -17 -18 25 26 23 -22 22 -24 -25 -26 -27 27 -29 -30
leaf_value=0.010339166944345514 -0.0013405847104734792 0.02927136329984293 0.00054531512209032927 0.0017047854119094789 -0.00021794534760028887 -0.0038260637725589216 -0.061151001895402096 -0.024557379725175063 -0.039292917081802249 -0.0094252656830327991 -0.0083191291361710325 0.029595462332435065 0.025867861605103321 0.012620912922093287 -0.028181027086980771 -0.029846381640840077 0.0050531459615030328 0.0061344386120531641 -0.047927613288582305 -0.035124060583541339 -0.0035486533179302504 -0.029331766435841518 0.0010894669739174715 -0.0098887644354899249 0.025709562982351997 0.026428275218645981 0.018943807235045275 0.0023838978505678881 -0.02772791862148313
leaf_weight=198.43174120783806 187.96471744775772 170.95837368071079 9423.4499186128378 35218.51380392164 156533.26036149636 10887.810977712274 8.4224251210689527 44.252435237169266 150.93584526330233 144.44794347882271 40.751891389489174 44.72538872808218 55.511121734976768 87.685000032186508 54.351141914725304 115.38412262499332 484.51559981703758 861.39466853439808 7.6948686987161627 48.271580159664154 115.2165884450078 53.762145519256592 580.12705732882023 227.54199701175094 212.56824115663767 61.811982914805412 67.081192716956139 1632.3280451968312 6.7829739898443213
leaf_count=861 785 718 39257 145893 647998 45221 39 185 673 607 169 186 254 368 233 495 2001 3669 32 199 479 222 2484 952 928 264 285 6891 29
internal_value=1.94534e-08 -7.72438e-05 -3.0357e-05 -4.99587e-05 0.000135197 -0.00179795 0.0188528 -0.00791734 -0.0170182 -0.0246871 0.0220356 0.00395372 0.0072584 0.000151139 -0.00329978 -0.0121833 0.00170108 0.0108187 0.00082249 -0.00695527 0.0057196 0.000435183 -0.00149065 -0.0143053 0.0182887 0.00749318 0.00280784 0.00303757 0.020032
internal_weight=217726 213553 212283 212063 191752 20311.3 220.133 1269.54 427.321 295.384 211.71 4173.25 2030.39 131.937 842.216 303.349 538.867 1334.21 2142.86 435.756 159.942 696.183 633.889 275.814 411 923.207 1707.1 1699.41 62.2941
internal_count=902377 884642 879295 878369 793891 84478 926 5347 1833 1280 887 17735 8711 553 3514 1280 2234 5722 9024 1816 665 2989 2706 1151 1789 3933 7208 7176 283
is_linear=0
shrinkage=0.05


Tree=170
num_leaves=31
num_cat=0
split_feature=16 17 17 3 7 11 9 17 16 9 9 7 18 9 18 2 16 9 18 17 5 5 9 3 18 8 9 11 17 11
split_gain=25.8153 36.0459 34.5022 39.2364 42.7984 35.0182 50.7596 36.6572 33.9092 39.8431 33.1274 31.285 31.0523 30.1006 33.9116 26.9255 25.993 25.857 30.7196 28.6243 23.6735 22.8609 38.514 27.3254 29.2143 26.6046 26.1883 24.3203 21.6491 20.9008
threshold=0.00010550889300714462 0.013452146839900871 0.00021975658616046892 0.011464090463528366 0.53329321073187674 0.12534395898585374 -0.67167523877452961 0.012011313421629534 0.02070299362735201 -0.82355526205258112 -1.2099153606478728 0.51196254885445625 1.7664321351350198 1.7619115304602044 0.92256979710324971 -0.006925322119912535 -0.01576583155150579 1.8769643440563415 1.0669686852078344 0.027006827504226064 0.001779810315309345 0.00039255976572267554 0.47617585199048335 0.0019965878647125739 -0.55057143442766243 0.02243337970417239 -1.8191970676323865 -1.4858530580035745 0.13465265497101039 -2.4781233808418541
decision_type=2 2 2 2 2 2 2 2 2 2 2 2 2 2 2 2 2 2 2 2 2 2 2 2 2 2 2 2 2 2
left_child=2 21 3 13 10 12 7 -7 17 29 -5 -8 15 16 -15 -4 -1 18 -3 -19 -11 22 27 24 -23 -24 -25 -2 -14 -10
right_child=1 8 5 4 -6 6 11 -9 9 20 -12 -13 28 14 -16 -17 -18 19 -20 -21 -22 23 25 26 -26 -27 -28 -29 -30 -31
leaf_value=-0.00099811373509774257 0.063673170370662169 0.0012459783307748127 0.0012140465826548528 0.0092305207880241501 0.015778165777278304 -0.0064864838479700999 -0.0016538091373018188 -0.02074065423669548 -0.046660980217876666 -0.029621705441872682 -0.0037190382384284949 -0.012334340328780809 0.0077164888645489989 -0.0031602243576612115 -0.022393244119692676 -0.0028416635609825776 0.0010154750721519813 0.00041955168345016234 -0.0030222749035422017 -0.0084492408852446504 0.00078234321913320563 0.045529328054465579 -0.01581116450134127 0.011237010423591818 0.0030986067058569543 0.039129965601955169 0.00058404934926668307 -0.027526752025022042 -0.015793808410213599 0.014626972234924058
leaf_weight=21481.639109522104 7.5880621373653403 7988.8900254070759 6653.7099628299475 516.46953140199184 306.30810907483101 1285.2166939005256 7743.7488805279136 694.91822934150696 14.221912667155264 64.280636057257652 11289.452741526067 752.23267263174057 1440.0485123693943 1624.5279523730278 266.83366541564465 10630.576439730823 63119.178944498301 1375.1534589603543 8925.1802891716361 2688.5365173220634 16009.25592276454 40.662387475371361 39.207896187901497 586.90965516120195 17329.717080034316 50.305575370788574 33853.307817272842 199.5058665573597 105.06225575506687 635.92652479559183
leaf_count=89518 31 33131 27648 2151 1266 5327 32092 2885 59 262 46645 3105 6015 6764 1107 43962 260997 5735 37184 11151 66667 172 160 2443 71717 204 140084 804 439 2652
internal_value=1.47207e-08 0.000649777 -0.000456199 -8.51842e-06 -0.0026738 -0.00196251 -0.00427969 -0.0114889 -0.000527853 0.00115158 -0.00315254 -0.00259946 -0.000673299 0.000364723 -0.00587362 -0.00128039 0.000504189 -0.00186672 -0.00100628 -0.00544804 0.000660753 0.00150183 -0.0123397 0.00158107 0.00319793 0.0150651 0.000765591 -0.0241851 0.00611787 0.0132863
internal_weight=217719 89808.6 127910 98604.4 12112.2 29305.5 10476.1 1980.13 37701.4 16723.7 11805.9 8495.98 18829.4 86492.2 1891.36 17284.3 84600.8 20977.8 16914.1 4063.69 16073.5 52107.2 296.607 51810.6 17370.4 89.5135 34440.2 207.094 1545.11 650.148
internal_count=902377 372456 529921 408448 50062 121473 43409 8212 156841 69640 48796 35197 78064 358386 7871 71610 350515 87201 70315 16886 66929 215615 1199 214416 71889 364 142527 835 6454 2711
is_linear=0
shrinkage=0.05


Tree=171
num_leaves=31
num_cat=0
split_feature=13 4 14 14 18 14 9 4 12 15 15 14 16 18 9 14 14 14 4 13 9 4 6 17 14 19 10 9 13 14
split_gain=28.0113 77.1001 76.5678 88.015 85.9972 70.9952 50.2912 49.1261 45.8927 41.0777 41.9605 57.3398 41.3632 72.1607 40.6371 40.3335 39.5882 50.16 46.5381 38.6744 34.6436 31.6005 26.5474 26.1186 23.2636 22.1067 18.8815 33.9027 20.7525 16.4016
threshold=0.018917804575654843 0.0062533277454129947 21.500000000000004 11.500000000000002 1.1344842485004614 14.500000000000002 1.7619115304602044 0.0038459498862993256 1.0000000180025095e-35 4.5000000000000009 3.5000000000000004 3.5000000000000004 0.012827623693563552 1.8520707455117196 1.4653554562806692 16.500000000000004 7.5000000000000009 14.500000000000002 0.0066542539546273335 0.0091790115076376706 -0.18225036903897099 0.0026143452051435598 0.30739067733687225 -0.0027884209491040308 17.500000000000004 0.85212198326264299 75.532853214918575 2.4926677103386496 0.033742152217435047 11.500000000000002
decision_type=2 2 2 2 2 2 2 2 2 2 2 2 2 2 2 2 2 2 2 2 2 2 2 2 2 2 2 2 2 2
left_child=6 2 3 4 -2 -5 8 19 16 10 14 -12 13 -11 -3 21 18 -18 -1 -8 -14 -10 -17 -21 29 -26 27 -4 -28 -9
right_child=1 9 26 5 -6 -7 7 24 15 12 11 -13 20 -15 -16 22 17 -19 -20 23 -22 -23 -24 -25 25 -27 28 -29 -30 -31
leaf_value=-0.00037121677170696689 -0.00080055496127913895 0.0018035992456690516 -0.0079988343377313306 0.019116497770024308 0.011302116889837411 0.0059353107001572465 -0.012285159244305708 -0.00991202633101986 0.0023046817548054797 -0.0076594155444819484 -0.0062474679808242669 0.0063095094606343757 -0.011702842934258051 0.013293769543518054 -0.0019562817605514727 0.012651396348395381 -0.001865167492313578 0.00043554994137790594 0.0027398000509423603 0.028207871408110898 0.0019346227884211584 -0.0063504899949615281 -0.00032940821898904744 0.0041217667300508876 0.00077118264339773735 -0.033069064499239333 0.021750512723820545 -0.04093372843809838 -0.01403704928055741 -0.020510257949380301
leaf_weight=23922.162983842194 5721.620549634099 14453.817164599895 853.28485479950905 1717.5482257679105 1974.2395929694176 2520.934498347342 300.58718603849411 877.3386883623898 1237.865376316011 4859.5155244022608 1081.6584260612726 5699.7172445729375 521.13905468583107 448.85810934007168 14292.87579575181 464.67706353962421 41897.045761603862 54515.768295191228 24163.453318849206 143.61405944824219 4376.7311100512743 7122.6846864894032 2585.0048272460699 520.39844380319118 511.70425715297461 53.286681607365608 99.571991100907326 86.014484345912933 68.290874361991882 625.19995254650712
leaf_count=98240 23366 60569 3455 7520 8055 10488 1351 4181 5058 20133 4448 23714 2145 1896 58695 1903 173841 225230 100325 582 17947 29782 10644 2107 2374 253 405 346 275 3049
internal_value=1.42006e-08 0.000932644 0.00432386 0.00549076 0.00230418 0.0112767 -0.000344869 -0.0067225 -0.000220836 -3.43882e-05 0.000768767 0.00430662 -0.00283018 -0.00588769 -6.58162e-05 -0.00327358 2.0222e-05 -0.000564247 0.0011921 0.00259511 0.000483581 -0.005069 0.00164846 0.00933116 -0.0110696 -0.00242043 -0.00825447 -0.0110148 0.00719122 -0.0143219
internal_weight=217717 58775.8 13041.5 11934.3 7695.86 4238.48 158941 3032.13 155909 45734.3 35528.1 6781.38 10206.2 5308.37 28746.7 11410.2 144498 96412.8 48085.6 964.6 4897.87 8360.55 3049.68 664.013 2067.53 564.991 1107.16 939.299 167.863 1502.54
internal_count=902377 243457 53910 49429 31421 18008 658920 13897 645023 189547 147426 28162 42121 22029 119264 47387 597636 399071 198565 4040 20092 34840 12547 2689 9857 2627 4481 3801 680 7230
is_linear=0
shrinkage=0.05


Tree=172
num_leaves=31
num_cat=0
split_feature=13 5 9 19 13 18 14 12 14 3 12 14 13 3 14 16 13 8 7 14 16 19 13 11 5 6 5 13 5 14
split_gain=27.0473 75.4544 66.5425 60.4057 55.2165 53.2087 41.7791 40.0255 48.5342 41.7866 92.0483 84.3189 50.9529 40.6096 40.0054 38.9667 46.8169 38.7764 34.5903 34.5237 33.7353 31.0382 30.9799 28.8763 24.5174 24.0987 22.49 19.9965 18.668 11.8923
threshold=-0.013232733449721311 0.0071782822065012929 0.85260345723513542 0.50054879060623048 -0.065337035676673191 1.0737044497205057 11.500000000000002 -1.0000000180025095e-35 1.0000000180025095e-35 -0.0023659854806169496 1.0000000180025095e-35 1.0000000180025095e-35 0.027092901571398546 0.00098053635364725466 14.500000000000002 0.00010550889300714462 -0.0019840225194532319 0.013894106348728745 0.52839600181299839 22.500000000000004 -0.0014952491099453067 0.44248350194693908 -0.034597127908593699 -3.1048298532021907 0.00081531623728872172 0.508943736794777 0.0011638227925402928 -0.0068507250080809814 0.003876857676796719 21.500000000000004
decision_type=2 2 2 2 2 2 2 2 2 2 2 2 2 2 2 2 2 2 2 2 2 2 2 2 2 2 2 2 2 2
left_child=1 2 4 17 19 23 -7 8 26 10 11 -9 -12 24 -6 16 -11 18 -3 -1 -19 -17 29 -5 -10 -24 -2 -28 -15 -4
right_child=7 3 22 5 14 6 -8 9 13 15 12 -13 -14 28 -16 21 -18 20 -20 -21 -22 -23 25 -25 -26 -27 27 -29 -30 -31
leaf_value=-0.0098980657147007128 -0.031742014111651 0.00036609277071471919 -0.032186662152713146 -0.014447988169486501 -0.002399744184363263 0.0044745314088526621 -0.0012346978753600118 0.016096521298909202 -0.017913464985441968 -0.0057523253949649956 -0.0065625747152438327 0.0022772877069723173 0.0012685610119752009 0.0042354759035769154 0.000896212744680198 0.002846985797459125 -0.00088191990296728081 -0.01528837853452183 -0.039568025009637138 0.022001832724816515 -0.0021940434851123254 -9.9264831889057698e-05 0.0043719473279945648 0.0089641125491630603 0.00073120845640627964 -0.011936068940335741 0.0087736322761481009 0.031231590002814714 0.012124539452608628 0.021522201424473295
leaf_weight=2454.5682654902339 20.099470928311348 4666.8570803776383 201.42466381937265 136.44040563702583 25186.331313796341 6156.6964870467782 6682.3424116000533 1145.4063474014401 182.74580954015255 5762.7517538145185 4703.5834417417645 30399.549494832754 3719.7582609504461 1960.8116463944316 14510.707942068577 10862.672145187855 34315.968585506082 941.40867650508881 54.863341942429543 87.851981684565544 1030.0966408215463 50482.854559205472 274.4473252967 3794.372398853302 5015.7771646007895 1297.5598898977041 163.2194550037384 252.38189759105444 1214.2270894870162 10.862331077456473
leaf_count=10476 83 19403 1020 570 104135 25569 27791 4912 743 24008 19347 127020 15564 8186 59478 44761 140890 3925 226 357 4450 208242 1216 15778 21014 6073 668 1130 5293 49
internal_value=1.84994e-08 -0.000831442 -0.00205198 0.00145865 -0.00165245 0.00306142 0.00150305 0.0003736 0.00364357 0.000169869 0.00153914 0.00277907 -0.00310434 0.002797 -0.00119495 -0.000369719 -0.00158222 -0.00255707 -9.79159e-05 -0.00879578 -0.00844669 0.000422438 -0.01151 0.00815147 7.57846e-05 -0.00908895 0.0199135 0.0224117 0.00725248 -0.0294385
internal_weight=217689 67486.8 44023.8 23463.1 42239.5 16769.9 12839 150202 8809.26 141393 39968.3 31545 8423.34 8373.56 39697 101424 40078.7 6693.23 4721.72 2542.42 1971.51 61345.5 1784.29 3930.81 5198.52 1572.01 435.701 415.601 3175.04 212.287
internal_count=902377 280516 182804 97712 174446 69708 53360 621861 37117 584744 166843 131932 34911 35236 163613 417901 164898 28004 19629 10833 8375 253003 8358 16348 21757 7289 1881 1798 13479 1069
is_linear=0
shrinkage=0.05


Tree=173
num_leaves=31
num_cat=0
split_feature=0 15 9 13 13 15 19 9 15 13 3 19 14 3 16 1 1 15 19 13 9 11 13 14 13 10 15 14 13 8
split_gain=25.8887 31.1378 31.4812 59.2103 57.0035 84.6817 33.75 32.9155 26.9363 48.4834 73.4074 51.5608 26.828 24.7037 36.8329 32.9951 22.766 22.3444 46.3499 32.5683 31.5047 26.0565 21.3134 18.9043 27.7305 32.8521 32.841 16.6588 27.6471 21.2592
threshold=0.00028407503391558736 3.5000000000000004 0.82271414467052861 0.0071278068366028577 -0.00099297576437884483 1.0000000180025095e-35 -1.0000000180025095e-35 -0.11082208471531092 5.5000000000000009 0.00050611262051603056 -0.016207477428055391 0.41798027129100351 1.5000000000000002 -0.00017865125341204322 -0.019365260026650895 -0.0041698123168381609 0.0013613798057774409 1.0000000180025095e-35 0.79707360190117071 -0.0035301708668836192 0.37515596648577054 -2.4781233808418541 0.042466118205885424 1.5000000000000002 -0.0027248908727874883 42.377387417286677 1.0000000180025095e-35 15.500000000000002 -0.048455457278874063 0.0049471307835447075
decision_type=2 2 2 2 2 2 2 2 2 2 2 2 2 2 2 2 2 2 2 2 2 2 2 2 2 2 2 2 2 2
left_child=1 2 4 12 7 -6 -5 -1 13 10 -10 -11 -4 14 -3 -15 23 18 19 -18 -20 -19 -23 24 26 -26 -2 29 -29 -25
right_child=16 8 3 6 5 -7 -8 -9 9 11 -12 -13 -14 15 -16 -17 17 21 20 -21 -22 22 -24 27 25 -27 -28 28 -30 -31
leaf_value=0.0001192940393503103 -0.017425749895927888 -0.0013255890143813558 -0.019121484758818124 0.014788921130222763 0.0098552965598453935 0.00094148310394393865 -0.00077158899488356206 -0.0039177320303458449 0.0048974365916006528 0.0087621963863817303 -0.0054617783073038599 5.1014639445738869e-05 -0.005741906949642871 0.005133908439683363 0.0046974967621080796 -0.00030800314322806786 -0.0057899432143666265 -0.014220344963717262 0.013197284329245463 0.0016067069306475419 0.0011500663789822069 -0.0020332116026751672 0.00061323206648422417 -0.0022524322515783796 0.020630972537724557 0.0044573406358714238 0.0021887330294196412 -0.0049103661644672907 0.0020972236478394089 0.00062036885409481575
leaf_weight=24740.27385481447 250.37677778303623 3102.5812921077013 413.54246901720762 357.00275462865829 3507.1110769957304 11088.780080549419 14580.078232482076 6343.8341327756643 2318.7327473908663 2398.4014759659767 6515.3099264800549 5822.1857985258102 3985.3699405938387 3563.8159584254026 13955.341400757432 12752.255312800407 2294.9687043726444 407.80193798243999 1134.4753181636333 4233.4972581118345 1040.3129251524806 39972.8016516231 9396.3496787771583 12591.535135038197 411.02620330452919 1329.6394752338529 1445.1529183536768 1579.3693077638745 12934.918577715755 13181.392852894962
leaf_count=102216 1055 13049 1855 1472 14685 46584 60019 26199 9572 9863 26799 23963 17296 14772 57965 52487 9564 1689 4680 17497 4333 166098 38794 51991 1754 5506 6078 6504 53577 54461
internal_value=5.06071e-09 0.000513095 -0.0002101 -0.00190119 0.000505723 0.0030833 -0.000399686 -0.000704607 0.00144549 -0.000171042 -0.00274272 0.00259255 -0.00699972 0.00227156 0.00360199 0.000880639 -0.000579558 -0.00122481 0.00111253 -0.000993457 0.00743448 -0.00163349 -0.00152952 0.000283474 0.00384337 0.00827645 -0.000707713 -2.01582e-05 0.00133469 -0.000783157
internal_weight=217648 115445 65016 19336 45680 14595.9 14937.1 31084.1 50428.6 17054.6 8834.04 8220.59 4398.91 33374 17057.9 16316.1 102204 58480.2 8703.25 6528.47 2174.79 49777 49369.2 43723.4 3436.2 1740.67 1695.53 40287.2 14514.3 25772.9
internal_count=902377 478796 270326 80642 189684 61269 61491 128415 208470 70197 36371 33826 19151 138273 71014 67259 423581 242655 36074 27061 9013 206581 204892 180926 14393 7260 7133 166533 60081 106452
is_linear=0
shrinkage=0.05


Tree=174
num_leaves=31
num_cat=0
split_feature=13 14 5 14 17 14 3 9 18 5 15 17 19 5 14 5 17 13 5 9 18 3 5 9 18 19 5 11 9 8
split_gain=24.2109 48.7121 78.6211 66.8044 72.7057 44.1556 45.7265 42.1938 37.8161 36.92 36.6172 36.365 36.0884 35.7945 34.6573 33.3161 32.7929 49.0103 65.1027 40.9357 31.3402 34.4069 30.6279 30.5511 30.2397 53.7895 25.3597 23.0923 20.5729 18.5246
threshold=0.052987677202534396 11.500000000000002 0.012776777419246861 13.500000000000002 0.05022295211557793 1.5000000000000002 0.040681830766916456 2.1901236674099076 3.1391708528306146 0.015032108175121094 2.5000000000000004 0.13465265497101039 0.70964500787431672 0.014566853500636167 15.500000000000002 0.011063682162994503 -0.044392032547185316 -0.048455457278874063 0.012194816013134265 -2.1183917854881638 -1.0000000180025095e-35 0.007438616120775011 0.0075566738031952871 2.4926677103386496 0.13576030293004618 -0.22841295831812389 0.0058353339241632484 1.9294828403858411 3.1908535147393375 0.036643693519269764
decision_type=2 2 2 2 2 2 2 2 2 2 2 2 2 2 2 2 2 2 2 2 2 2 2 2 2 2 2 2 2 2
left_child=7 5 3 4 -3 6 10 16 13 11 -2 -7 -8 -4 -5 20 24 18 -18 -19 22 -22 -9 -11 25 -1 -26 29 -10 -17
right_child=1 2 8 14 -6 9 12 15 28 23 -12 -13 -14 -15 -16 27 17 19 -20 -21 21 -23 -24 -25 26 -27 -28 -29 -30 -31
leaf_value=0.016749939663943284 0.025683876826434793 0.027103917431495178 -0.014875620629559253 -0.0029066544419353939 0.0015181547416752848 -0.0026562172105071371 0.0054359084019862201 0.016863168400321839 0.056126141581157196 0.0105426620107708 0.0057823944104591178 -0.017180162788038199 -0.016654908751094717 -0.00087194387082878324 0.0064986874289356417 0.015368269936959498 -0.0051382086403130153 0.004438307529743093 0.0037136123383671275 -0.00014370169988701164 -0.017309489681768282 -0.0032666412995892903 -0.05792084169781854 -0.0066331656307003955 0.0067347234076957771 -0.011349190711294959 0.0016626050371301706 -0.049406419035072723 -0.054943634380104425 -0.0272911008365497
leaf_weight=211.68156859278679 388.73590105772018 747.11057255417109 604.82495306432247 1217.0777024328709 441.88137686252594 6963.1488043814898 530.60810546576977 257.78042948246002 37.106965944170952 911.09193199872971 570.0780064612627 459.41188579797745 283.73997586965561 1858.5293112546206 5016.7066322416067 39.891672618687153 9789.7173979356885 5028.9863048940897 2636.6160668730736 158682.43293373287 477.77862419933081 5010.9053417667747 14.459076240658758 361.67481146752834 3186.382629275322 871.52750477939844 10875.67689742893 65.097743652760983 4.6968173533678046 70.287011113017797
leaf_count=881 1640 3551 2521 5175 1872 28486 2174 1060 157 3749 2383 1861 1155 7781 21061 178 41050 21084 11002 656342 1963 20842 60 1462 13270 3627 45366 279 19 326
internal_value=4.95424e-09 0.00163994 0.00414908 0.00673398 0.0175951 -0.000739628 0.00645138 -0.000169598 -0.00350999 -0.00220603 0.0138511 -0.00355516 -0.0022611 -0.00431025 0.0046624 -0.00432108 -4.07621e-05 -0.000232733 -0.00326003 -2.94877e-06 -0.00366771 -0.00448904 0.0128913 0.00566191 0.00219183 -0.00585804 0.00281192 -0.0257958 0.043647 -0.0118457
internal_weight=217616 20396.4 9927.93 7422.78 1188.99 10468.5 1773.16 197219 2505.16 8695.33 958.814 7422.56 814.348 2463.35 6233.78 5936.2 191283 176138 12426.3 163711 5760.92 5488.68 272.24 1272.77 15145.3 1083.21 14062.1 175.276 41.8038 110.179
internal_count=902377 85047 42137 31659 5423 42910 7352 817330 10478 35558 4023 30347 3329 10302 26236 24708 792622 729478 52052 677426 23925 22805 1120 5211 63144 4508 58636 783 176 504
is_linear=0
shrinkage=0.05


Tree=175
num_leaves=31
num_cat=0
split_feature=13 14 15 9 3 11 15 13 4 12 3 3 16 4 3 19 15 11 3 9 8 18 18 15 15 16 14 18 17 11
split_gain=24.6017 44.3996 46.896 41.8615 41.7749 39.2384 32.7541 40.9956 36.08 29.5781 45.5876 34.3621 28.5595 39.2376 24.8464 23.7429 25.9122 23.494 21.714 20.0669 19.7558 23.4335 23.2787 17.9625 16.6032 15.2374 13.3941 13.2836 17.5998 10.4591
threshold=-0.089871567638469249 1.5000000000000002 3.5000000000000004 -2.6919908133646548 -0.062373231789314525 -2.7239003046760977 1.0000000180025095e-35 -0.013232733449721311 0.0043656905856978541 -1.0000000180025095e-35 0.0066298045713312223 -0.0023659854806169496 -0.030852175869518935 0.013549974360152752 -0.094714025598822124 0.32237315905898828 1.5000000000000002 0.24988411933419125 -0.07358404238887227 0.79254492052837378 -0.0064473177081081001 1.1263852368037339 1.6534188663713072 1.0000000180025095e-35 3.5000000000000004 0.0062461515992557901 3.5000000000000004 1.4726499661997872 -0.0032096639737818062 1.2807808572206196
decision_type=2 2 2 2 2 2 2 2 2 2 2 2 2 2 2 2 2 2 2 2 2 2 2 2 2 2 2 2 2 2
left_child=1 14 3 25 15 6 8 -8 -6 10 -7 -11 18 -14 23 16 19 -5 -4 -2 22 -22 -17 -1 -25 -3 -18 29 -29 -16
right_child=4 2 12 17 5 9 7 -9 -10 11 -12 -13 13 -15 27 20 26 -19 -20 -21 21 -23 -24 24 -26 -27 -28 28 -30 -31
leaf_value=-0.064655214205798214 -0.028248286889227467 0.0050684664144017115 0.0032311144018345541 -0.01149205334234172 -0.037872319712025829 0.00060050417091459039 -0.018499688503000985 0.0020679244951166708 0.013234692098375189 0.00069077703811766468 0.0061324069459229805 -0.00069404143919489774 -0.0046931736421800367 0.015328346409238046 -0.028193529968127296 0.0029467555463657839 -0.025263238430144764 -0.00088135964225600257 -0.013740966780023164 0.046332305981930472 0.033203980745512056 0.0096197546504766182 0.017653317489345774 0.02957883297175895 -0.011377154747357262 -0.033130791309462518 0.0091590055066509777 -0.014877858872576347 0.064894886347289502 -0.084212145573344888
leaf_weight=8.8521002382040006 122.90449351072311 876.31370157003403 522.69716020673513 1887.3433861024678 39.816592276096344 16955.345758222044 781.5820210725069 351.11443464457989 260.2880093306303 75213.52202180773 4772.5249235630035 110764.23307045177 349.96676950156689 813.61442029476166 248.62410827726126 1282.1500642672181 32.549323722720146 720.97172785550356 294.71284890174866 9.7334925979375821 160.17966061085463 307.5628809183836 340.54522063583136 50.940848097205162 48.121629357337952 26.907563894987106 214.45578579604626 116.73850677907467 7.3494563400745383 8.6213052421808225
leaf_count=37 518 3629 2187 7905 164 70622 3223 1475 1081 311769 20005 458418 1501 3377 1082 5469 140 3019 1207 42 681 1310 1500 212 212 111 912 498 34 37
internal_value=3.05873e-08 -0.00316213 -0.00187648 -0.0053466 8.9419e-05 1.30706e-05 -0.00823287 -0.0121241 0.00645403 6.9953e-05 0.00181559 -0.00013399 0.00427471 0.00930653 -0.0175954 0.00655373 -0.0049493 -0.00855912 -0.00288808 -0.0227753 0.00864279 0.0176962 0.00603313 0.0035857 0.00968362 0.00393049 0.00462298 -0.0235896 -0.0101531 -0.0300709
internal_weight=217590 5981.78 5492.53 3511.54 211609 209138 1432.8 1132.7 300.105 207706 21727.9 185978 1980.99 1163.58 489.248 2470.08 379.643 2608.32 817.41 132.638 2090.44 467.743 1622.7 107.915 99.0625 903.221 247.005 381.333 124.088 257.245
internal_count=902377 25048 22936 14664 877329 866757 5943 4698 1245 860814 90627 770187 8272 4878 2112 10572 1612 10924 3394 560 8960 1991 6969 461 424 3740 1052 1651 532 1119
is_linear=0
shrinkage=0.05


Tree=176
num_leaves=31
num_cat=0
split_feature=13 14 14 17 14 15 5 14 4 5 13 4 14 12 10 14 14 13 15 17 4 14 14 18 13 5 5 16 16 19
split_gain=24.1965 85.9421 194.513 106.6 99.2705 72.2189 66.4782 64.8132 51.5584 50.6078 56.991 46.6034 43.8146 36.1287 38.4014 78.9312 76.5613 46.4626 43.4107 46.3217 35.9396 30.6167 30.5059 26.9852 26.3272 26.85 26.5101 18.8947 25.0057 14.2294
threshold=-0.022647389793296387 11.500000000000002 13.500000000000002 -0.019792079114583191 9.5000000000000018 1.5000000000000002 0.0055319173466016952 1.5000000000000002 0.0070219629914862773 0.0026050922362493086 -0.049719712456009472 0.0057054877195009349 17.500000000000004 -1.0000000180025095e-35 46.581391362612955 1.5000000000000002 15.500000000000002 -0.0019840225194532319 2.5000000000000004 0.024959142662278947 0.0010517825401678857 15.500000000000002 9.5000000000000018 0.74177391829989259 0.0059830007904381208 0.0033085283868144496 0.0038032507151074166 -0.0033128749493901983 0.0026240045962242502 0.90546165212068108
decision_type=2 2 2 2 2 2 2 2 2 2 2 2 2 2 2 2 2 2 2 2 2 2 2 2 2 2 2 2 2 2
left_child=1 4 3 23 5 7 -7 -1 -5 29 -11 21 -13 20 15 17 -17 -15 19 -16 27 -4 -20 -3 26 -26 -22 -2 -29 -6
right_child=13 2 11 8 9 6 -8 -9 -10 10 -12 12 -14 14 18 16 -18 -19 22 -21 24 -23 -24 -25 25 -27 -28 28 -30 -31
leaf_value=-0.015568386671246657 -0.052001341336927479 -0.021033281391789213 0.0025565895552408235 -0.031247082415552033 0.031527550979932935 -0.0024987247621108682 0.0044795445393366494 -0.0023738814882037721 -0.014961356577472596 0.014012481220545533 0.0015863852640272359 -0.0034293948554036018 0.0014834477598205447 0.0017306396432040499 0.0016452958695526371 -0.00081852964023929357 0.0032557956222093475 0.01228694562236334 -0.0027518266274271438 -0.0022212855570094693 0.0003365048023308316 -0.013428466837247034 -0.00043211952111661705 -0.0021192754464483205 0.025551805544850634 0.0064307902862667495 0.0051411521069120274 0.001660168161061743 -0.044736856535064623 -0.047307051312943688
leaf_weight=1146.8409242331982 35.59045422077179 214.6015073210001 400.95789977908134 782.72210972756147 251.46570810675621 5737.2183291763067 8424.2171502932906 4938.7396815866232 1281.9343064725399 1593.7313967347145 2191.6507305577397 7513.7584362626076 11460.317722700536 1847.2015814706683 32087.563179507852 33415.188502214849 17605.00604339689 2392.3607133701444 24161.337240129709 10210.704056411982 6517.4055191278458 1184.4021501094103 34283.075938604772 1555.3019054979086 235.86721552163363 828.44658436626196 5131.3795343637466 103.80381618440151 40.320160940289497 5.8572343438863745
leaf_count=4912 145 922 1681 3587 1054 23868 35011 20329 5693 6574 9028 31124 47285 7704 132930 138337 73757 10165 99110 42442 26744 4909 141459 6610 1127 3928 21330 423 164 25
internal_value=2.01936e-08 -0.000982078 -0.00307837 -0.0134167 0.00112321 -0.000305108 0.00165244 -0.00486041 -0.0211354 0.00827662 0.00681805 -0.00115015 -0.000462044 0.000283108 7.28775e-05 0.00113208 0.000587355 0.0076875 -0.000508122 0.000711912 0.00282689 -0.00938564 -0.0013911 -0.00441261 0.00314076 0.0106683 0.00245299 -0.0193764 -0.0113199 0.0297331
internal_weight=217579 48683.7 24394 3834.56 24289.7 20247 14161.4 6085.58 2064.66 4042.71 3785.38 20559.4 18974.1 168895 156002 55259.8 51020.2 4239.56 100743 42298.3 12892.8 1585.36 58444.4 1769.9 12713.1 1064.31 11648.8 179.714 144.124 257.323
internal_count=902377 202612 101811 16812 100801 84120 58879 25241 9280 16681 15602 84999 78409 699765 645904 229963 212094 17869 415941 175372 53861 6590 240569 7532 53129 5055 48074 732 587 1079
is_linear=0
shrinkage=0.05


Tree=177
num_leaves=31
num_cat=0
split_feature=16 2 17 18 14 15 17 14 11 4 9 19 5 15 4 9 19 19 2 9 9 14 10 4 8 19 10 18 11 11
split_gain=24.3786 41.9298 36.4037 35.9613 35.4167 38.2264 42.2705 39.0302 35.1249 34.2068 30.5817 30.5354 32.6041 28.6888 34.4393 28.7884 27.9195 34.6032 27.585 26.9458 23.7723 21.8413 21.6576 21.3177 20.6346 20.2638 19.0907 18.3086 15.1947 11.8646
threshold=-0.0040870374708405479 -0.00048205019114538889 -0.027362859358239285 1.176435626561011 18.500000000000004 2.5000000000000004 0.18043513354790788 3.5000000000000004 1.6942248477718096 0.035686965009044898 1.8769643440563415 0.8801982728774429 0.021587067679451708 3.5000000000000004 0.04083685116503219 -0.037968623960288779 0.84434402558535726 0.058479582048460536 0.030868873107714915 1.0984433543312995 1.2466018608107046 18.500000000000004 45.586582638645559 0.0005697396257177918 -0.0047079315179921919 0.87652469002659517 87.121969965914403 0.26676573378627128 -0.32229244814065489 -1.2587678464222156
decision_type=2 2 2 2 2 2 2 2 2 2 2 2 2 2 2 2 2 2 2 2 2 2 2 2 2 2 2 2 2 2
left_child=2 3 18 9 5 6 -3 -7 21 10 -2 13 20 14 -4 -15 17 -6 23 -18 -13 -5 -14 -1 28 -10 -26 -25 -20 -11
right_child=1 4 11 8 16 7 -8 -9 25 29 -12 12 22 15 -16 -17 19 -19 24 -21 -22 -23 -24 27 26 -27 -28 -29 -30 -31
leaf_value=-0.064694402019005864 0.0024659280780963948 0.0018334913502227328 -0.002995683355207673 -0.0010852065076771816 -0.0056791514774049076 -0.0036380574611242452 -0.015780775268212061 6.0394008842497316e-05 -0.0087922766235183376 -0.0080485174119872983 -0.0042579196517319711 0.0051742885819893048 -0.006514221288926661 -0.0022446974038637844 0.022374922147333678 0.0015806814575791688 -0.0035582395958493034 -0.00022180745529202866 -0.018301808143060157 -0.014825749411638698 -0.0078500563815957249 0.0038552475072855443 -0.086240269811787229 -0.003837573764866454 -0.017729831311816532 -0.035994302770512181 0.022047559483056089 0.0016735607585969985 0.0098437409780371427 0.028029329007242074
leaf_weight=12.255978375673292 37407.485204964876 28666.929558373988 27195.751746416092 11346.357373543084 3768.9120360985398 9075.7923846915364 344.69841513037682 33332.423930391669 555.48225013166666 26.348223432898521 1771.1567403152585 2923.4804147705436 17.403600186109543 10020.557548820972 134.42317838966846 9658.9988780841231 1628.0260574072599 12666.685100413859 64.126714460551739 787.16349113732576 398.0489464327693 2786.4869469031692 16.684515491127968 1627.1523803025484 433.67926025390625 78.087727576494217 32.418895691633224 20408.313694410026 190.12292617559433 168.66510803252459
leaf_count=50 155034 119489 112961 47234 15490 37487 1410 137875 2303 113 7324 12120 74 41495 573 39895 6682 52277 265 3280 1658 11546 69 6773 1800 321 133 85136 793 717
internal_value=-2.18292e-08 0.000376647 -0.000743799 0.00147678 -0.000283162 0.000225649 0.00162421 -0.000731112 -0.000627452 0.00226594 0.00216196 -0.00149383 0.00311417 -0.00182276 -0.0028709 -0.000367148 -0.00221089 -0.00147325 0.000915358 -0.00723057 0.00361346 -0.000111127 -0.0455363 0.00122994 -0.00871304 -0.0121449 -0.0149632 0.00126661 0.00274488 0.0231549
internal_weight=217544 144411 73133.4 54140.1 90270.6 71419.8 29011.6 42408.2 14766.4 39373.7 39178.6 50365.3 3355.62 47009.7 27330.2 19679.6 18850.8 16435.6 22768.1 2415.19 3321.53 14132.8 34.0881 22047.7 720.348 633.57 466.098 22035.5 254.25 195.013
internal_count=902377 598582 303795 224592 373990 296261 120899 175362 61404 163188 162358 208845 13921 194924 113534 81390 77729 67767 94950 9962 13778 58780 143 91959 2991 2624 1933 91909 1058 830
is_linear=0
shrinkage=0.05


Tree=178
num_leaves=31
num_cat=0
split_feature=13 11 18 6 14 14 14 14 17 15 4 14 5 19 4 19 18 19 5 16 5 17 8 17 16 5 14 13 17 0
split_gain=25.697 49.8564 56.565 48.6887 44.9303 49.1326 106.193 39.6598 38.2385 35.7498 34.7491 34.6374 35.5318 34.6627 33.1518 32.6423 32.2574 54.9361 36.5688 30.299 48.4894 40.6537 30.0301 27.3718 18.8625 16.9254 16.2359 13.8549 14.7249 9.39099
threshold=0.02125398975760551 1.4802726790007501 1.2626588350025878 2.1860669627034546 1.0000000180025095e-35 11.500000000000002 17.500000000000004 8.5000000000000018 0.0037971979055971832 1.0000000180025095e-35 0.0068588223281171104 17.500000000000004 0.014566853500636167 -0.17610872394667185 0.010544986395408745 0.78352290050687723 1.1152816421392671 0.54759193044519583 0.0017460001913077504 -0.0039510436578530919 0.010713502632448524 -0.043164145202743136 -0.12811553589730076 0.028479892452008163 -0.0083703155576159687 0.026984370599121139 15.500000000000002 0.051604306510617988 0.020385168392053957 0.0137777385391622
decision_type=2 2 2 2 2 2 2 2 2 2 2 2 2 2 2 2 2 2 2 2 2 2 2 2 2 2 2 2 2 2
left_child=1 8 11 4 14 7 -7 -6 19 25 27 13 -13 -3 23 -16 17 -10 -18 21 -21 -1 -11 -2 29 -4 -26 28 -5 -12
right_child=3 2 9 10 5 6 -8 -9 16 22 24 12 -14 -15 15 -17 18 -19 -20 20 -22 -23 -24 -25 26 -27 -28 -29 -30 -31
leaf_value=0.0019916373324663796 0.017311164229232057 0.023145766023801587 -0.033308864884971132 0.014367084106593606 -0.00018116519115928239 0.0052979426635497845 -0.0012878029837147073 -0.0047934401452720734 -0.0039398238680065948 0.055815041481586017 0.018706752461420059 0.0040434971476529576 0.05539139583890932 -0.0056890653420491018 0.0052788983094008285 -0.018684842462074712 -0.017340193040600603 0.0013487192650164603 -0.0028401874632438102 0.00069345394244829694 0.0071006884879656262 -0.0013919743463029913 -0.011025780872311534 0.00029549083692650225 -0.00040897921118447498 0.03168619513289208 0.0089624838435564333 0.026753924377233142 0.00030887684700687374 -0.0021289911584814157
leaf_weight=11462.431752242148 916.91765812039375 107.83011999726295 248.18440236151218 811.65278298407793 17314.812265977263 11417.153539732099 13195.663190796971 6377.4958899989724 7158.5545928329229 17.080097526311874 263.38978720456362 1007.2740803360939 34.856734916567802 3116.4248629137874 643.06619067490101 182.416275203228 447.47165538370609 15636.633936591446 15384.643268503249 64899.483186416328 3093.634197562933 39360.933642834425 1039.5703559666872 318.41951747983694 1994.7942561283708 10.437836930155752 601.54034596681595 164.24647137522697 241.74202100932598 68.052180096507072
leaf_count=47755 3869 444 1060 3397 70858 48616 54590 25934 29887 71 1167 4173 146 13044 2700 759 1826 65025 64810 268039 12853 162800 4391 1308 8303 44 2503 730 989 286
internal_value=-1.83127e-08 -0.000314258 -0.00495817 0.000939768 0.000511065 0.000202608 0.00176713 -0.0014227 -0.000149623 -0.0140235 0.00614841 -0.00216344 0.00576096 -0.00472473 0.00774122 -1.66428e-05 -0.00151625 -0.000312084 -0.00325001 0.000294667 0.000984978 -0.000628853 -0.00994534 0.0129252 0.0031962 -0.0306857 0.00176228 0.0132469 0.0111409 0.0144287
internal_weight=217537 163025 5581.66 54511.4 50365.9 48305.1 24612.8 23692.3 157444 1315.27 4145.42 4266.39 1042.13 3224.25 2060.82 825.482 38627.3 22795.2 15832.1 118816 67993.1 50823.4 1056.65 1235.34 2927.78 258.622 2596.33 1217.64 1053.39 331.442
internal_count=902377 676368 23373 226009 208634 199998 103206 96792 652995 5566 17375 17807 4319 13488 8636 3459 161548 94912 66636 491447 280892 210555 4462 5177 12259 1104 10806 5116 4386 1453
is_linear=0
shrinkage=0.05


Tree=179
num_leaves=31
num_cat=0
split_feature=13 17 13 3 16 12 3 19 5 14 13 14 19 17 15 4 19 13 17 13 11 16 7 4 5 15 15 5 19 19
split_gain=25.4134 34.8858 32.2527 31.1984 34.554 32.025 44.4506 39.276 29.078 38.211 44.7934 32.0955 23.7736 38.0625 22.233 38.8158 23.6798 22.0279 18.5311 26.8612 26.5688 24.868 22.5718 21.9583 17.5304 33.2627 32.2578 16.8335 49.8753 46.7861
threshold=-0.077142940274329538 -0.097562248152198758 -0.17912607172223297 -0.040435936148103972 -0.017625174656639705 -1.0000000180025095e-35 -0.0023659854806169496 0.69426483615966772 0.020016767235743454 5.5000000000000009 -0.11041276874418558 11.500000000000002 -0.36180103624256182 -0.043164145202743136 5.5000000000000009 0.021405368746602517 0.90918721649410972 -0.037859382328843554 -0.068848911994032855 -0.067773744759268603 -0.69647966360197444 -0.042276140781750619 0.47915642589573765 0.011838239224997519 0.026984370599121139 2.5000000000000004 5.5000000000000009 0.016170133281396267 0.058479582048460536 -0.11042227385400437
decision_type=2 2 2 2 2 2 2 2 2 2 2 2 2 2 2 2 2 2 2 2 2 2 2 2 2 2 2 2 2 2
left_child=1 2 24 18 12 7 -7 -6 9 10 -3 -11 13 -5 16 -16 -10 -14 20 23 -2 -21 -22 -20 26 -26 -1 29 -29 -4
right_child=3 8 27 4 5 6 -8 -9 14 11 -12 -13 17 -15 15 -17 -18 -19 19 21 22 -23 -24 -25 25 -27 -28 28 -30 -31
leaf_value=-0.011518000890584076 0.023188583844758692 -0.027788837108777883 0.070922537329787413 0.022451933986321244 -0.00010413358049522707 0.0010661750993019555 -0.00065374996059262217 0.0043051262267716633 0.0034975581023343944 0.0025928653319272146 -0.0076369702342605527 -0.0064868256316906459 -0.0057575123664476936 -0.041743148616423337 -0.062797060952574965 0.043044774623550774 -0.036727137628217686 -0.0011300237831205393 -0.021286821149864348 -0.0020079397146356899 0.017787348004997268 0.0052575365947038931 -0.0066653408629987441 -0.0016706374252986125 -0.012331787309496968 0.023919244258161398 -0.091181528863774938 -0.072196376331896336 0.016883971786277263 0.00075855463238515492
leaf_weight=287.32191224396229 271.79061884433031 365.44475261867046 24.498142495751381 31.490920260548592 10303.626450560987 57807.141487449408 107287.99107385054 9906.2406693175435 769.33307217434049 1505.3260694518685 1123.5790382549167 2753.7943815439939 3250.0548703074455 86.560167461633682 9.9275683462619764 67.967320062220097 38.414341226220131 12321.424953885376 184.31177678704262 1546.7709299102426 154.92615730315447 4936.621510386467 241.46074663102627 631.32160818576813 152.8771567940712 107.96891619265079 13.295372545719145 16.194420397281647 528.66309510171413 787.46561127901077
leaf_count=1200 1194 1556 102 132 42965 239397 444047 41324 3221 6241 4703 11670 13337 359 40 295 158 51407 754 6612 667 20705 1050 2579 631 461 53 65 2200 3252
internal_value=-9.25674e-09 -0.00267151 0.00326708 0.000109326 -1.23104e-05 0.00017845 -5.15278e-05 0.00205715 -0.00438877 -0.00568815 -0.0125828 -0.00327774 -0.00226533 -0.0246187 0.0040447 0.0295554 0.00158458 -0.00209587 0.00317794 0.00244834 0.0111479 0.00352418 0.00289189 -0.00610338 -0.00681145 0.00267317 -0.0150413 0.00743765 0.0142363 0.00287551
internal_weight=217514 8552.07 1918.28 208962 200995 185305 165095 20209.9 6633.79 5748.14 1489.02 4259.12 15689.5 118.051 885.642 77.8949 807.747 15571.5 7967.2 7299.03 668.178 6483.39 396.387 815.633 561.463 260.846 300.617 1356.82 544.858 811.964
internal_count=902377 35848 7964 866529 832968 767733 683444 84289 27884 24170 6259 17911 65235 491 3714 335 3379 64744 33561 30650 2911 27317 1717 3333 2345 1092 1253 5619 2265 3354
is_linear=0
shrinkage=0.05


Tree=180
num_leaves=17
num_cat=0
split_feature=6 16 12 3 15 19 3 17 19 4 16 11 18 17 19 11
split_gain=23.3272 22.398 34.0626 42.5579 56.1029 36.5982 35.1477 29.1096 31.9597 36.798 30.9936 26.2867 25.7054 23.3804 22.2903 21.8188
threshold=1.0000000180025095e-35 0.00010550889300714462 1.0000000180025095e-35 0.01409726437118375 2.5000000000000004 0.61300630628848551 -0.020521705566829692 0.013452146839900871 0.71354073890924941 0.0057054877195009349 0.02070299362735201 -2.7239003046760977 1.6945089594473441 -0.045675891527710392 0.77035691256146721 2.1499486948815032
decision_type=2 2 2 2 2 2 2 2 2 2 2 2 2 2 2 2
left_child=-1 2 3 13 -5 6 -4 8 12 -10 15 -12 -3 -2 -7 -9
right_child=1 7 5 4 -6 14 -8 10 9 -11 11 -13 -14 -15 -16 -17
leaf_value=-0.11296589240833191 0.0023572119151723872 0.00055003114810375038 -0.012820246573732567 0.00012061425732708841 -0.0070897879493286957 -0.0080327665761145799 0.0010151347493476618 -0.0019970048637944775 0.00024333777788076557 0.0039337200178622784 -0.049230754210352147 0.0012332750651260973 -0.0050633292719838609 -8.0852479588299932e-05 -0.0025789766175990918 0.008085698113859412
leaf_weight=4.5698198676109305 11014.479349777102 21354.782294891775 496.28534533083439 6033.3305443376303 4879.7239900454879 3508.9504098892212 6117.3218579590321 20402.420555599034 11034.797706656158 17416.302979663014 25.845463156700134 16683.304125826806 2254.8163023665547 91701.729102902114 4019.8142227232456 551.0493963509798
leaf_count=19 46062 88404 2077 25032 20142 14587 25446 84913 45473 72354 107 69532 9381 379874 16695 2279
internal_value=-1.01584e-08 2.36339e-06 -0.000422829 -0.000134819 -0.00310349 -0.00273689 -2.30728e-05 0.000607864 0.00137388 0.0025024 -0.000450988 0.00115522 1.39315e-05 0.000180586 -0.00512084 -0.00173184
internal_weight=217500 217495 127772 113629 10913.1 14142.4 6613.61 89723.3 52060.7 28451.1 37662.6 16709.1 23609.6 102716 7528.76 20953.5
internal_count=902377 902358 529915 471110 45174 58805 27523 372443 215612 117827 156831 69639 97785 425936 31282 87192
is_linear=0
shrinkage=0.05


Tree=181
num_leaves=31
num_cat=0
split_feature=13 5 15 14 14 15 15 14 1 14 2 5 19 15 9 14 14 15 13 15 15 3 9 14 15 14 17 14 16 17
split_gain=27.1514 73.3627 74.1665 73.0253 87.6959 64.2777 87.8473 72.0055 61.4299 54.0936 83.543 51.1152 46.2405 46.053 44.9733 38.857 44.7338 95.5733 79.0417 35.6572 43.7047 36.215 35.1486 29.7543 27.4685 19.3691 15.5099 15.1259 13.5901 14.8619
threshold=-0.0065694062116044552 0.0027862889461343658 4.5000000000000009 18.500000000000004 11.500000000000002 5.5000000000000009 4.5000000000000009 14.500000000000002 0.0049318288865488622 7.5000000000000009 0.0049315081167620187 0.0018792267866958412 0.66949025927025696 5.5000000000000009 -1.6247147686815533 21.500000000000004 11.500000000000002 1.0000000180025095e-35 0.00027193727485930191 2.5000000000000004 4.5000000000000009 -0.0029904492528152744 -0.8398531788576673 15.500000000000002 1.5000000000000002 21.500000000000004 -0.021477463264763349 19.500000000000004 -0.038127070769060738 -0.060047069084524445
decision_type=2 2 2 2 2 2 2 2 2 2 2 2 2 2 2 2 2 2 2 2 2 2 2 2 2 2 2 2 2 2
left_child=1 5 3 4 -3 6 7 -1 -5 10 -4 22 -8 -11 24 16 17 -16 -18 21 -21 -17 -7 -13 28 27 -27 -26 29 -2
right_child=14 2 9 8 -6 11 12 -9 -10 13 -12 23 -14 -15 15 19 18 -19 -20 20 -22 -23 -24 -25 25 26 -28 -29 -30 -31
leaf_value=-0.0082180295168443572 -0.11374181506225836 -0.00014559004958380429 0.010889764324399554 0.0044378341578707363 -0.0047503655133878699 -0.010594757962625856 0.011565390441836139 0.0027543462111805357 -0.0037232195799007414 0.0045443121522809309 -0.0030331849409431133 -0.0011522480953381957 -0.0015337842681198664 -0.0022711350213362978 0.004475609416880728 -0.014143587376734677 -0.0026525603516024238 -0.00099522807539765635 0.0025360998773160809 0.0042990251786426499 -0.0039020721699374906 -0.0034604155634247406 -0.032192493566587689 -0.016043780835735502 0.0038244048783389003 -0.11085747769056034 -0.017493133124622466 0.029373520046963399 0.024126685470683949 0.019595385698413612
leaf_weight=5623.0785024091601 3.7816945165395737 27455.178251989186 3891.9208609163761 9461.816140204668 16585.704440101981 343.18984712660313 1384.8493032455444 2036.8230843916535 3048.8263220638037 4534.0532686635852 1489.8785917982459 939.65892700850964 1311.9710086062551 5467.54511757195 9267.9459075406194 1023.0432649701834 8756.1208877339959 57581.809148348868 45377.870475880802 3031.1359853297472 3500.6805416345596 3532.2276170104742 417.60374244302511 521.65753887593746 469.42698155343533 5.3331499993801108 26.807994484901428 66.086336836218834 338.96319499611855 4.6712868586182577
leaf_count=23403 28 113957 16103 39084 69775 1392 5701 8366 12671 18826 6241 3870 5402 22668 38071 4210 36312 236591 189830 12395 14303 14426 1722 2157 2514 27 132 356 1812 32
internal_value=-8.37023e-09 -0.000700779 -8.47599e-05 -0.000922112 -0.00187974 -0.00422362 -0.00256804 -0.0053004 0.002449 0.00299346 0.00703538 -0.0119399 0.0051928 0.000818531 0.000445338 0.000368801 0.000628426 -0.00023676 0.00169684 -0.00246426 -9.62945e-05 -0.00585969 -0.0224499 -0.00646819 0.0114917 0.00471465 -0.032985 0.00697736 0.022565 -0.040057
internal_weight=217500 84513.8 71934.9 56551.5 44040.9 12578.8 10356.7 7659.9 12510.6 15383.4 5381.8 2222.11 2696.82 10001.6 132986 132071 120984 66849.8 54134 11087.1 6531.82 4555.27 760.794 1461.32 915.071 567.654 32.1411 535.513 347.416 8.45298
internal_count=902377 351338 299325 235487 183732 52013 42872 31769 51755 63838 22344 9141 11103 41494 551039 546138 500804 274662 226142 45334 26698 18636 3114 6027 4901 3029 159 2870 1872 60
is_linear=0
shrinkage=0.05


Tree=182
num_leaves=31
num_cat=0
split_feature=0 11 8 17 2 18 9 9 14 9 4 14 7 9 7 18 8 19 8 6 7 3 8 18 18 3 11 17 16 3
split_gain=23.8086 20.1337 19.9629 36.9054 33.8006 37.401 24.3167 23.4232 22.9936 23.507 21.2423 17.2809 33.5316 27.9626 26.385 18.0132 17.8029 17.3237 16.8705 16.8646 15.5316 23.9098 15.2064 15.6459 15.1247 14.2133 14.1739 7.40043 5.64064 5.25784
threshold=0.00028407503391558736 -2.4781233808418541 -0.033058988909386348 -0.097562248152198758 -0.0029161472209586754 1.1730783051166098 2.1901236674099076 -2.7982300559947606 15.500000000000002 -0.5321341907178252 0.020275111914369624 5.5000000000000009 0.50537864731979065 3.1908535147393375 0.52506894393668979 2.265476543987575 -0.088548462154184229 0.79019881355742305 0.12679315962427368 0.29003550126040761 0.52839600181299839 0.00042522329770999795 -0.062385872755885759 0.52052287374546702 1.6672416296616592 -0.0033202135928111494 -3.1048298532021907 -0.10972319070745955 -0.0099326255714123884 -0.0034854353212139806
decision_type=2 2 2 2 2 2 2 2 2 2 2 2 2 2 2 2 2 2 2 2 2 2 2 2 2 2 2 2 2 2
left_child=2 18 3 22 5 6 -4 -7 10 -10 -5 12 13 -3 17 -14 -16 -13 19 25 26 -22 23 -1 -21 -2 -6 -24 -20 -30
right_child=1 11 4 8 20 7 -8 -9 9 -11 -12 14 15 -15 16 -17 -18 -19 28 24 21 -23 27 -25 -26 -27 -28 -29 29 -31
leaf_value=0.038861334955539888 0.0063559260786987095 0.0018748440545486638 0.0036468233690015745 -0.0023004705882677511 -0.017891505534316184 0.012822240515984169 -0.011112931664266986 -0.00043285414952093696 -0.0011272575453041792 0.0040047676188283074 0.0053534063902488938 -0.0014949407399971861 -0.0030035813201590958 -0.016151212497051672 -0.028546951918012493 0.018332942766613829 0.0047345664131610149 0.00023798602861512081 8.0044894534893893e-05 -0.0065743561252956471 -0.0065581705766179863 0.0076867797648115556 -0.0020750109165275032 0.012059308811334189 -0.029882361857452917 0.068817239885020295 -1.7784094673089539e-05 0.015595514707715384 -0.08599275289860947 -0.035430691062497292
leaf_weight=62.674350500106812 109.77312795817852 18969.552245728672 20241.766222842038 18287.049192018807 111.1560787409544 342.98313438892365 282.95337089896202 11791.89043019712 5062.4139359071851 3989.886202737689 953.80621013045311 53658.899553585798 5799.6309016346931 217.60555125027895 40.847953081130981 100.63652432709932 2461.9612269774079 19722.660489492118 5.0831558853387859 934.49633023142815 372.78741963207722 1404.0294182300568 269.69124502688646 414.98840524256229 75.202267304062843 9.9318353831768018 51681.434329271317 75.934105895459652 9.5264893472194725 11.170479729771609
leaf_count=265 453 78655 84338 75862 461 1450 1171 49184 21288 16508 4060 222711 23960 891 167 416 10193 81796 21 3875 1525 5780 1132 1759 314 42 213694 319 41 46
internal_value=-2.36875e-09 -0.00055599 0.00049227 -0.00063971 0.000874499 0.00214232 0.00344335 -5.82088e-05 -0.000943365 0.00113473 -0.00192105 -0.000480899 0.00065673 0.00167041 -0.000857 -0.00263966 0.00419138 -0.00102918 -0.00711949 -0.00620659 0.000101547 0.0046981 0.00979572 0.015576 -0.00831033 0.0115383 -5.61443e-05 0.00180721 -0.047113 -0.0587036
internal_weight=217472 102127 115345 29116.4 86229 32659.6 20524.7 12134.9 28293.2 9052.3 19240.9 100972 25087.4 19187.2 75884.4 5900.27 2502.81 73381.6 1155.18 1129.4 53569.4 1776.82 823.288 477.663 1009.7 119.705 51792.6 345.625 25.7801 20.697
internal_count=902377 423581 478796 121193 357603 136143 85509 50634 117718 37796 79922 418789 103922 79546 314867 24376 10360 304507 4792 4684 221460 7305 3475 2024 4189 495 214155 1451 108 87
is_linear=0
shrinkage=0.05


Tree=183
num_leaves=31
num_cat=0
split_feature=2 15 5 18 18 5 9 5 16 16 1 9 8 18 5 16 17 15 14 3 9 18 18 17 18 16 16 15 9 15
split_gain=21.4054 32.7062 56.4583 50.0884 45.086 45.9168 43.0074 40.8532 37.6953 32.1026 32.002 37.8338 33.8245 31.6724 29.2553 26.5299 46.7708 43.956 45.74 37.8608 24.687 22.226 41.7242 23.5202 21.8363 21.3732 20.7312 20.1057 20.087 16.8227
threshold=0.0057916529109944834 3.5000000000000004 0.0030624681219525141 1.9482691232871514 0.86615075262580921 0.006836773160951006 0.27041556814710976 0.0019754080830941142 -0.030852175869518935 -0.00035371109936044304 -0.00038615167749600493 0.39305879424211049 -0.018793125672697374 0.06940075803978725 0.0022399964907578135 0.0079689535553244557 0.019376211099559396 1.0000000180025095e-35 20.500000000000004 0.012009083753011575 2.6339370912617768 2.5240468910463103 3.1391708528306146 0.030954439405248949 0.20608766624130331 0.018446232076098416 0.013491720040673007 2.5000000000000004 0.50863310098175063 1.0000000180025095e-35
decision_type=2 2 2 2 2 2 2 2 2 2 2 2 2 2 2 2 2 2 2 2 2 2 2 2 2 2 2 2 2 2
left_child=1 2 9 10 8 -6 7 -5 -4 13 12 -12 -3 -1 -8 16 17 18 -2 -19 28 23 26 24 -17 -25 -23 -11 -18 -24
right_child=15 3 4 6 5 -7 14 -9 -10 27 11 -13 -14 -15 -16 21 20 19 -20 -21 -22 22 29 25 -26 -27 -28 -29 -30 -31
leaf_value=0.0083116984417223455 0.0047203223529719493 4.2365547163438783e-06 -0.0049292238377553546 0.053435323708214244 -0.0017586475945696211 0.0015786710254826173 -0.044350144984266371 0.011551692734644903 0.0031317243689567374 0.00025478227946519144 -0.0017696771272954952 0.0018969731826867326 0.0031679872135243372 -0.0055721789218790389 0.00064978427844580204 -0.0070705733714360635 -0.011242730185781834 -0.00042776236793770324 -0.0086011427037161869 -0.0042910021325328054 -0.027745347716071539 0.0063111818308996996 -0.025006506202019621 -0.0056520070242953874 0.0021267172986858393 -0.0001395729523826331 -0.024927222386485821 -0.0045479218029976613 -0.0036437888152788533 0.013814013087315162
leaf_weight=432.04148000478745 4999.047199241817 13979.400452613831 1582.6572965979576 60.623253837227821 26623.985514566302 16816.636784084141 38.254131659865379 1469.0521093085408 17340.316576935351 9038.8127601742744 17751.842001393437 11653.8188046664 21352.064240664244 8343.1068226322532 646.7327054515481 671.76086689531803 1214.0773434340954 17782.293799266219 739.71190232038498 9857.7296811193228 132.10154205560684 64.297204405069351 32.803580865263939 2140.2978422790766 16418.559187963605 9855.4496581740677 305.28656343370676 2871.4199052751064 3065.5268350541592 186.95367445796728
leaf_count=1788 20763 58166 6650 250 110678 70282 156 6188 72122 37386 72880 47913 88377 34433 2690 2791 5017 73782 3044 40866 547 268 135 8957 68395 41054 1269 11876 12866 788
internal_value=-9.78149e-10 0.000332682 -0.000330224 0.00115497 0.000420591 -0.000466712 0.00854899 0.0132116 0.00245753 -0.00259383 0.000902021 -0.000316539 0.0019162 -0.00488861 -0.00186331 -0.000739674 -0.0016183 -0.000978807 0.00300322 -0.00180557 -0.00645666 0.000379219 -0.00923383 0.000573999 0.0017652 -0.00112311 -0.0194926 -0.000903094 -0.00579953 0.0080192
internal_weight=217467 150001 83049 66951.8 62363.6 43440.6 2214.66 1529.68 18923 20685.4 64737.1 29405.7 35331.5 8775.15 684.987 67465.9 37790.5 33378.8 5738.76 27640 4411.71 29675.4 589.341 29086.1 17090.3 11995.7 369.584 11910.2 4279.6 219.757
internal_count=902377 621835 345215 276620 259732 180960 9284 6438 78772 85483 267336 120793 146543 36221 2846 280542 156885 138455 23807 114648 18430 123657 2460 121197 71186 50011 1537 49262 17883 923
is_linear=0
shrinkage=0.05


Tree=184
num_leaves=31
num_cat=0
split_feature=13 2 15 5 9 11 3 9 17 19 11 15 5 8 13 13 17 5 15 5 16 5 10 11 3 17 14 5 11 19
split_gain=26.1424 33.8073 30.4878 40.1285 51.641 44.2339 29.3623 53.9268 29.173 27.9759 27.8873 31.0929 41.3512 30.1492 27.5615 25.3982 46.8841 45.8351 22.1506 32.0104 28.1543 17.5101 17.6825 17.2855 17.0132 17.206 16.6973 8.79841 9.66729 7.79647
threshold=-0.10179255162960969 -0.02135894946088612 3.5000000000000004 0.023660688457875285 -1.4178677351439013 -0.47299013885449515 -0.081864109615992706 -3.0813990775831095 -0.037974134111067752 0.87652469002659517 -2.7239003046760977 1.0000000180025095e-35 0.0037287614804975599 -0.0076535250719020845 -0.17912607172223297 0.11081522371121745 0.068443476263228123 0.010553796409583529 1.0000000180025095e-35 0.018807529424379198 -0.00012184271391890709 0.017775564718260136 64.318181818181856 0.95175513421807423 -0.058424794389902827 -0.1648207366107364 22.500000000000004 0.013740339812210145 -0.79702335918184652 0.72059417441896378
decision_type=2 2 2 2 2 2 2 2 2 2 2 2 2 2 2 2 2 2 2 2 2 2 2 2 2 2 2 2 2 2
left_child=1 9 8 5 -5 -4 7 27 14 18 11 13 -13 -8 -3 16 -12 -17 19 -1 -20 23 -23 -9 25 -11 -10 28 -2 -29
right_child=6 2 3 4 -6 -7 10 21 26 24 15 12 -14 -15 -16 17 -18 -19 20 -21 -22 22 -24 -25 -26 -27 -28 29 -30 -31
leaf_value=-0.020633801034777965 0.015637049783649989 -0.028364567499292365 0.013268788195721557 0.044188571029726759 -0.01671293029666111 -0.016679989668045739 0.024144622951579774 -0.00076283621261454557 -0.028922686798778786 0.07730098554231378 0.00013633820559884996 0.011689250102133949 -0.014060212541233059 -0.00644224680699702 -0.0046731130134600165 0.010581972900686106 -0.0041987009197802273 0.00033708997643222614 -0.001345286315644771 0.0087253857415797702 0.017675162361641478 0.015033315167910949 -0.05506159206207039 -0.068919341111150681 0.043392323493658375 0.0036458980520948808 0.035690887230965938 0.068796377072776457 0.045425908090322799 0.029063111254830368
leaf_weight=301.4740599617362 71.423355624079704 150.43128281831741 182.30046662688255 95.868487522006035 54.650450050830841 380.90374946594238 144.60052716732025 532.59722747653723 309.72866396978498 8.5551929622888547 199116.9897775501 183.03139655292034 1052.4724490270019 181.92580410838127 667.39013428986073 1600.9195496886969 6438.7336614094675 3432.685343682766 1611.7368433699012 134.15638101100922 221.26481507718563 301.13387168198824 9.2743667364120466 9.4680500328540784 52.103571683168411 108.3161688297987 10.332159638404844 29.209221854805946 44.022577792406082 21.385122790932655
leaf_count=1256 306 642 761 412 226 1613 601 2293 1385 38 825473 756 4382 756 2802 6886 26857 14208 6705 555 924 1324 38 40 216 455 42 133 194 98
internal_value=-1.20758e-10 -0.00386481 -0.00895805 -0.000856974 0.0220764 -0.00698603 7.77641e-05 0.00854695 -0.0140394 4.01378e-06 3.71045e-05 -0.00661906 -0.0102456 0.00710299 -0.00903095 8.64761e-05 5.49419e-07 0.00359544 -0.00145786 -0.0115924 0.000950705 0.00346939 0.012939 -0.0019533 0.0196309 0.00903758 -0.0268368 0.0346158 0.0269963 0.052002
internal_weight=217459 4289.21 1851.61 713.723 150.519 563.204 213170 1018.51 1137.88 2437.61 212151 1562.03 1235.5 326.526 817.821 210589 205556 5033.6 2268.63 435.63 1833 852.474 310.408 542.065 168.975 116.871 320.061 166.04 115.446 50.5943
internal_count=902377 18032 7883 3012 638 2374 884345 4426 4871 10149 879919 6495 5138 1357 3444 873424 852330 21094 9440 1811 7629 3695 1362 2333 709 493 1427 731 500 231
is_linear=0
shrinkage=0.05


Tree=185
num_leaves=31
num_cat=0
split_feature=13 4 15 15 9 14 15 14 2 14 19 6 15 14 4 15 9 19 16 14 19 18 16 9 13 4 10 19 5 13
split_gain=25.2781 74.6632 87.1051 76.6565 69.582 88.2389 67.0689 66.7481 76.0029 54.0216 52.9776 46.5091 45.8064 35.3679 31.983 53.0528 62.9628 33.3907 46.0839 36.2623 31.9141 41.9399 30.9242 29.8412 34.4013 57.1413 27.0766 26.9391 23.0555 20.9469
threshold=-0.0090001092050511194 0.0041113019054684159 5.5000000000000009 4.5000000000000009 -0.055700967326613178 1.5000000000000002 4.5000000000000009 7.5000000000000009 0.0050706117033277884 19.500000000000004 0.79154666265769524 1.6649896644538029 5.5000000000000009 17.500000000000004 0.010706568234145461 4.5000000000000009 -0.093035269972557469 -1.0000000180025095e-35 0.003984395426092858 1.0000000180025095e-35 0.39593123543529885 0.53765426769664348 -0.0014952491099453067 -0.60715483219583188 0.0068541086556941364 0.0074966519148236335 68.094011500567248 1.0000000180025095e-35 0.0010919153196262039 0.0040762848439994679
decision_type=2 2 2 2 2 2 2 2 2 2 2 2 2 2 2 2 2 2 2 2 2 2 2 2 2 2 2 2 2 2
left_child=1 2 6 4 10 -6 13 8 -5 -8 -3 14 -9 -1 17 27 -17 18 -2 -19 22 -22 -4 28 26 -26 -25 -16 29 -13
right_child=11 3 20 7 5 -7 9 12 -10 -11 -12 23 -14 -15 15 16 -18 19 -20 -21 21 -23 -24 24 25 -27 -28 -29 -30 -31
leaf_value=-0.0086826043933620582 0.013933357080627035 -0.0012459314942992541 -0.064057015159612415 0.011226884259951098 -0.018351211776136609 -0.0031454476590015885 0.0075327788123690249 0.0042514622143041735 -0.002488773839781782 -0.022539465468934053 0.0026535433207415817 -0.016865679932754635 -0.0025330899290745656 0.003859938447827789 -0.0080902981403995749 -0.014773919317515944 -0.0026837342119267193 0.0051609158409964438 -0.00077295902869033151 0.00013903881870622233 0.058075478568025252 -0.015182104316456968 -0.024099448622393101 -9.543793732912354e-05 0.0071214598535390434 -6.8293639648733955e-05 -0.01055966134358385 6.6820453990102971e-05 0.0085487609593491477 0.035902902155882571
leaf_weight=3517.4679829180241 1079.2882923781872 31481.711441457272 61.948787420988083 3765.3755422309041 1046.2798704169691 10826.520684145391 1655.3007352203131 4552.6505428999662 1380.2889154404402 164.14921292662621 12041.563475400209 151.11025235056877 5485.4152747541666 668.9435396194458 1063.9824219718575 1443.174865655601 4242.4853589385748 3747.6833254992962 1051.8570741862059 88061.622392728925 20.007779404520988 830.65728501230478 221.75282868742943 3539.4823537021875 5269.6960533559322 5810.7851609289646 749.0052746757865 20781.212819166481 2712.4452994540334 21.479824617505074
leaf_count=14637 4469 130016 255 15588 4629 46316 6810 18908 5789 671 49731 622 22759 2728 4477 6085 17536 15735 4319 363063 83 3422 917 14673 21874 24254 3273 86823 11825 90
internal_value=1.7002e-09 -0.000722831 -0.00559521 -0.000229916 -0.0010926 -0.00448544 -0.00319513 0.0029175 0.00754775 0.00481969 -0.000167066 0.000402066 0.000543967 -0.00667844 4.84407e-05 -0.00145024 -0.00575255 0.000487655 0.00667485 0.000344033 -0.0183023 -0.0134591 -0.0328245 0.00275527 0.00187937 0.00335104 -0.00192307 -0.000330477 0.00742128 -0.0102983
internal_weight=217445 77720 7140.23 70579.8 55396.1 11872.8 6005.86 15183.7 5145.66 1819.45 43523.3 139725 10038.1 4186.41 121471 27530.9 5685.66 93940.5 2131.15 91809.3 1134.37 850.665 283.702 18254 15369 11080.5 4288.49 21845.2 2885.04 172.59
internal_count=902377 323259 29523 293736 230692 50945 24846 63044 21377 7481 179747 579118 41667 17365 502507 114921 23621 387586 8788 378798 4677 3505 1172 76611 64074 46128 17946 91300 12537 712
is_linear=0
shrinkage=0.05


Tree=186
num_leaves=31
num_cat=0
split_feature=13 4 9 14 14 9 17 18 14 7 12 3 13 3 9 13 19 19 1 18 16 19 7 19 18 17 15 14 17 1
split_gain=25.4598 49.1327 41.0148 40.0418 45.0036 45.1888 35.8319 38.5709 35.4514 36.6518 34.6799 43.1146 40.1664 34.4799 84.923 60.0764 30.8715 42.9267 35.269 29.8942 28.7176 28.0739 27.4889 25.4507 23.5857 20.6839 18.814 16.6548 16.0992 15.7365
threshold=0.042466118205885424 0.009579348883746076 2.2339856440650476 1.5000000000000002 3.5000000000000004 -0.019209541917219679 -0.050058541175978792 0.72998035825299923 5.5000000000000009 0.54205680351239061 1.0000000180025095e-35 -0.011084528136298176 0.0040762848439994679 0.021115315224298329 -0.97933591271079257 0.0038268753222271417 1.0000000180025095e-35 0.6590912395423103 0.010303446862782952 -1.0000000180025095e-35 -0.044914143835039104 0.8946019223438223 0.51020874523470894 0.8591522252912781 1.1654093634463798 0.048602036662721844 2.5000000000000004 15.500000000000002 0.034649522118003991 0.016397275562472838
decision_type=2 2 2 2 2 2 2 2 2 2 2 2 2 2 2 2 2 2 2 2 2 2 2 2 2 2 2 2 2 2
left_child=2 3 10 23 29 -6 7 27 19 21 13 22 -13 15 -15 -1 18 -18 -8 -4 -9 -10 -12 25 -21 -2 -25 -3 -11 -5
right_child=1 6 8 4 5 -7 16 20 9 28 11 12 -14 14 -16 -17 17 -19 -20 24 -22 -23 -24 26 -26 -27 -28 -29 -30 -31
leaf_value=-0.00026018856875829687 0.022378112133531036 -0.0051562257955909555 0.031419093373845755 -0.010213952091552056 0.016911676158990981 0.0033427179001555376 -0.0019924604208902881 0.015653473489044428 -0.0025276666881383224 0.042250205440451084 -0.007998750699857695 -0.0057081213281503845 1.2740252221831066e-05 0.0074064365000503013 -0.0036017386995867299 0.0019670504269432101 0.0029518505725397992 -0.0020449211701314743 -0.024152170271258835 -0.018435650331161128 -0.031137756708918093 -0.036913155896970244 -0.032895759340086324 0.014500119849856342 0.0015545992277591256 0.0016871015597917944 -0.031984682123426283 0.033483829121448594 -0.051346220655952381 0.011765964425859057
leaf_weight=110177.95414810628 572.27378262579441 76.863403469324112 36.201441809535027 733.74751558899879 670.62529063224792 7214.5358970090747 545.44538567960262 37.841892763972282 2737.553262129426 59.092777207493782 1586.6038140505552 4065.2079437859356 12509.933203950524 2019.6600475907326 13220.046873167157 41749.573262289166 9457.8909449279308 7878.8077265396714 267.67610822618008 818.75910699740052 245.69643864780664 60.675386562943459 119.19626515358686 40.436093121767044 179.99259406328201 153.0966567248106 47.146278381347656 43.766026020050049 4.9816948920488349 91.597550794482231
leaf_count=456327 2409 325 150 2988 2985 30158 2293 171 11493 244 6583 17599 51199 8325 55350 173204 39232 32675 1103 3414 1060 254 491 170 772 624 194 191 22 372
internal_value=-1.40186e-08 0.00140504 -0.000208365 0.00432447 0.003334 0.00449674 -9.34541e-05 -0.014818 -0.00528463 -0.00241709 -0.000101686 -0.00216932 -0.00139035 0.000124425 -0.00214287 0.000351855 0.000234438 0.000681026 -0.00928734 -0.0132152 -0.0248929 -0.00327326 -0.00973848 0.014937 -0.0148331 0.0180111 -0.010523 0.00886292 0.0349732 -0.0077746
internal_weight=217423 28077.4 189345 9523.46 8710.51 7885.16 18554 404.168 3897.26 2862.3 185448 18280.9 16575.1 167167 15239.7 151928 18149.8 17336.7 813.121 1034.95 283.538 2798.23 1705.8 812.953 998.752 725.37 87.5824 120.629 64.0745 825.345
internal_count=902377 116950 785427 39900 36503 33143 77050 1747 16349 12013 769078 75872 68798 693206 63675 629531 75303 71907 3396 4336 1231 11747 7074 3397 4186 3033 364 516 266 3360
is_linear=0
shrinkage=0.05


Tree=187
num_leaves=31
num_cat=0
split_feature=0 15 9 18 7 19 4 4 18 9 14 5 5 18 18 3 7 15 18 14 14 7 9 15 19 8 17 17 7 5
split_gain=21.4039 25.2182 28.2569 43.8671 39.2554 30.7825 36.9041 28.3361 26.5334 23.4444 52.3334 47.1852 46.0019 35.9298 32.3777 30.3136 16.7282 39.898 24.7741 23.1947 19.5511 34.1089 25.1142 23.6625 19.4679 27.5089 19.2628 18.484 19.6092 15.0527
threshold=0.00028407503391558736 3.5000000000000004 0.82271414467052861 -1.0000000180025095e-35 0.53329321073187674 0.86581804795377093 0.0038459498862993256 0.0028627287521283255 1.1080315112108752 0.47617585199048335 12.500000000000002 0.0012804025762561558 0.00039255976572267554 1.9482691232871514 -0.13450098754285666 0.00030326361026755683 0.52506894393668979 3.5000000000000004 1.8272769796679136 3.5000000000000004 5.5000000000000009 0.50537864731979065 3.1908535147393375 2.5000000000000004 0.74790668472499156 -0.0058606881137736591 0.0047800506484708691 0.15237252525133174 0.48890432587634697 0.014122381981560557
decision_type=2 2 2 2 2 2 2 2 2 2 2 2 2 2 2 2 2 2 2 2 2 2 2 2 2 2 2 2 2 2
left_child=1 2 5 7 -5 8 -7 -4 -1 12 11 -11 14 -14 -3 -12 20 18 19 -18 21 22 -2 -23 25 -19 -26 28 -22 -29
right_child=16 9 3 4 -6 6 -8 -9 -10 10 15 -13 13 -15 -16 -17 17 24 -20 -21 27 23 -24 -25 26 -27 -28 29 -30 -31
leaf_value=0.001133057128609446 0.0017158135882499868 -0.076293766327817994 0.059638090077346564 -0.0024543795611255415 0.01619485771597845 -0.010141542785614056 0.0061534274708007737 0.0099162944527638047 -0.0014399081883439413 0.012198660877837808 0.0096896806452701698 -0.00065483893354369984 0.00037076456335503514 0.0087007277986980349 -0.011798895863420554 0.0033957659511176827 -0.0047200330417497766 -0.01399949553421645 0.036823399903057309 0.0096901686080443292 -0.0019842600806197585 0.00083865027376765072 -0.015368765529963977 -0.0061523077635619759 -0.00095019803020881329 0.0040662637173938523 -0.022658701241849454 -0.018914792171891834 -0.00030870549716031752 -0.0042815877433204554
leaf_weight=24626.154750905931 19198.876678243279 20.256320685148239 30.578367695212364 18538.523843184114 286.535753890872 383.32530449330807 3713.8258216008544 455.33354236185551 16893.642013162374 772.74136504530907 3000.4068142920732 9394.0749720856547 30061.478538393974 1352.7721636742353 494.790143430233 5279.0958962589502 348.70550662279129 265.0819013863802 71.615045592188835 1401.9198980480433 28681.270591005683 2131.2516695782542 217.54281055182219 2801.357706412673 198.02100852131844 1027.4668046832085 211.15189917385578 239.37870156019926 44637.557346716523 661.07551380246878
leaf_count=102239 79636 83 129 77434 1190 1576 15472 1889 70397 3150 12484 38785 124418 5674 2000 21876 1445 1086 301 5831 118955 8841 892 11556 813 4229 873 978 185433 2712
internal_value=1.5983e-09 0.00046684 -0.000184489 -0.00178765 -0.00217052 0.000494176 0.00462889 0.0130453 8.61648e-05 0.00130632 0.00272544 0.000322107 0.000486463 0.000729473 -0.0143354 0.00567662 -0.000527248 0.00285769 0.00799897 0.00681981 -0.000648264 0.000581169 0.0015244 -0.0031317 -0.0026477 0.000361254 -0.0121528 -0.0010516 -0.000964158 -0.00817171
internal_weight=217396 115304 64927.9 19311 18825.1 45616.9 4097.15 485.912 41519.8 50375.6 18446.3 10166.8 31929.3 31414.3 515.046 8279.5 102092 3523.96 1822.24 1750.63 98568.3 24349 19416.4 4932.61 1701.72 1292.55 409.173 74219.3 73318.8 900.454
internal_count=902377 478796 270326 80642 78624 189684 17048 2018 172636 208470 76295 41935 132175 130092 2083 34360 423581 14578 7577 7276 409003 100925 80528 20397 7001 5315 1686 308078 304388 3690
is_linear=0
shrinkage=0.05


Tree=188
num_leaves=31
num_cat=0
split_feature=13 3 9 15 4 12 3 13 13 4 10 11 14 19 15 2 19 14 18 3 19 10 11 3 5 14 4 18 11 7
split_gain=25.1208 39.8039 87.6526 67.0058 36.4754 30.8493 41.5342 44.814 38.2039 63.2416 43.1671 34.3267 29.9102 29.8662 31.9803 31.7385 32.4214 26.1082 26.0631 23.1569 22.8493 31.0988 27.9702 24.7728 22.5492 21.4372 19.4061 19.332 23.3073 19.0742
threshold=0.063351810841041814 0.035607953627434193 -0.96372430262621156 1.0000000180025095e-35 0.014295610185645022 1.0000000180025095e-35 -0.018595730660950546 0.0040762848439994679 -0.013232733449721311 0.0092744385858688824 46.759428214635157 0.64232567524060857 22.500000000000004 0.78352290050687723 4.5000000000000009 0.0096133755997196441 0.73049564016474033 11.500000000000002 1.5457140391088395 0.082159473228724314 0.63900002567856118 81.855964448742412 -0.47299013885449515 0.092099095757880348 0.0045086918202827979 1.5000000000000002 0.012335682476270241 0.26676573378627128 1.0135184598408149 0.5204672096993358
decision_type=2 2 2 2 2 2 2 2 2 2 2 2 2 2 2 2 2 2 2 2 2 2 2 2 2 2 2 2 2 2
left_child=1 5 3 26 13 8 11 -8 9 -1 -10 -7 25 15 -15 16 -2 -16 -5 -14 27 22 -22 -23 -17 -4 -3 28 -6 -29
right_child=4 2 12 18 20 6 7 -9 10 -11 -12 -13 19 14 17 24 -18 -19 -20 -21 21 23 -24 -25 -26 -27 -28 29 -30 -31
leaf_value=-0.0022297290908506883 0.0083280343286156935 0.00042129207754217464 -0.01348652712794338 0.011504311085936383 -0.00079221650286647848 -0.0097909368449446074 -0.0059804820437531171 -0.00013591721084238646 0.0023363703141266769 0.00087698021336152655 0.00014655457090436417 -0.046714152761486188 0.011715940812728582 0.0023510356494169287 -0.020858146438435553 0.017487517322700187 0.024806258838176564 0.0070048492137214638 -0.0085771951078447324 -0.031389675565489862 -0.017013690600746138 -0.00014275340064956687 -0.00063933770817583982 -0.035242653514919418 0.0019457326028579037 -0.0047206711263795276 0.051896787181256315 0.00158742098184321 -0.028871186504106444 0.01619238897990154
leaf_weight=33773.601067870855 1903.7642313018441 21.789801597595215 770.04752985388041 561.11554904282093 221.83231276273727 739.44540543854237 4157.2113501988351 15540.103619709611 32312.323859296739 31809.375897876918 74146.736065976322 68.803848423063755 381.92949494719505 1865.7619268521667 297.90131135284901 253.4014682918787 354.01244293153286 117.13076360523701 226.91533826291561 33.924217090010643 297.19431385397911 79.234188959002495 2129.6479964777827 137.51365199685097 2954.2236697971821 7399.1586322560906 114.63556765019894 4373.7434497848153 110.82655571401119 235.59700836241245
leaf_count=140258 8084 89 3285 2309 932 3069 18029 63835 135209 132144 305776 286 1579 7874 1210 1100 1514 504 935 142 1243 324 8836 560 12279 30883 477 18182 455 975
internal_value=3.94918e-09 -0.000148053 -0.00330586 0.0113227 0.00195124 7.90473e-06 -0.00182527 -0.00136944 0.0002264 -0.000722898 0.000811205 -0.0129341 -0.00488109 0.00436461 -0.000441387 0.00637022 0.0109118 -0.0129946 0.00572179 0.0081995 -0.000513233 -0.00426526 -0.00264456 -0.0224116 0.00317353 -0.00554696 0.0436751 0.00149381 -0.0101468 0.00233392
internal_weight=217389 202057 9509.52 924.456 15331.8 192548 20505.6 19697.3 172042 65583 106459 808.249 8585.06 7746.2 2280.79 5465.4 2257.78 415.032 788.031 415.854 7585.59 2643.59 2426.84 216.748 3207.63 8169.21 136.425 4942 332.659 4609.34
internal_count=902377 838305 39699 3810 64072 798606 85219 81864 713387 272402 440985 3355 35889 32565 9588 22977 9598 1714 3244 1721 31507 10963 10079 884 13379 34168 566 20544 1387 19157
is_linear=0
shrinkage=0.05


Tree=189
num_leaves=31
num_cat=0
split_feature=13 2 17 13 5 12 16 17 9 9 17 5 13 11 13 7 9 5 15 16 17 15 11 16 19 5 11 19 16 1
split_gain=25.6938 30.442 29.7645 40.9262 89.1699 56.5064 33.6268 45.7383 31.1081 30.8703 37.1055 57.7176 30.4503 29.6335 28.8637 45.6862 32.1566 26.5264 41.5237 42.2125 31.6038 30.4006 29.8888 21.801 21.2726 21.334 21.5499 20.2 17.3613 7.70685
threshold=-0.077142940274329538 0.0047924341672501711 -0.0099123225091095595 -0.013615362394699902 0.0071782822065012929 1.0000000180025095e-35 0.00010550889300714462 0.028479892452008163 1.6848796967387787 -2.3782906850939578 -0.047043752767793816 0.0041269092065626739 -0.061008915177177318 0.49799444030569795 -0.037859382328843554 0.45291475181193513 0.77714893721536138 0.0071168566696252393 5.5000000000000009 -0.048057787750887974 -0.068848911994032855 1.0000000180025095e-35 -0.34726910580641052 -0.018051186769887036 0.90918721649410972 0.012480520359050886 -0.79702335918184652 0.39593123543529885 0.010003248534018851 0.014373656639203427
decision_type=2 2 2 2 2 2 2 2 2 2 2 2 2 2 2 2 2 2 2 2 2 2 2 2 2 2 2 2 2 2
left_child=1 17 9 4 5 -4 8 -8 -5 10 11 -2 -12 -6 15 -11 -16 18 19 -1 -20 22 -19 -23 25 26 -3 -27 29 -26
right_child=2 24 3 6 13 -7 7 -9 -10 14 12 -13 -14 -15 16 -17 -18 21 20 -21 -22 23 -24 -25 28 27 -28 -29 -30 -31
leaf_value=-0.046182357573216676 -0.026272972253263249 0.0037061445506340746 -0.0033366764215406806 -0.00031354385495330303 0.0047599365016624991 -0.030589754373743335 0.001912952805753463 -0.00091831783209516673 -0.0038724417148804321 -0.018168889189403067 -0.0076872858969861766 0.020215856975054344 0.0056091264609948984 -0.0039891392756703252 0.0020258931646156791 -0.00089933188207094576 -0.001197983578692273 -0.015672868722616095 0.016016693798062424 -0.0028772842913856603 -0.056151178795026249 -0.00068905635106447682 0.0016770585663448306 0.0063914532650231511 -0.085035057865244457 -0.016352250152093468 -0.019829009381746129 0.00044719861531375513 0.021325248350484452 -0.032729128076892891
leaf_weight=59.780512288212776 74.18841378390789 120.92589263617992 20862.357381172478 51437.724661685526 5239.1676746308804 191.94831176847219 40997.77005071938 21875.898648492992 6972.519306011498 397.22478458285332 539.71966011822224 667.26791145652533 2129.5338799580932 1187.1278930455446 35703.093564398587 10670.133606649935 9874.0345876142383 545.47973738610744 19.279982894659042 959.2388970553875 71.166723534464836 3082.4062937572598 455.52173222601414 1679.4924477040768 17.369393765926365 232.55821181833744 497.06801996007562 776.07014481723309 7.5282472521066657 11.844647154211996
leaf_count=248 303 521 87319 212548 21980 1033 169371 90633 29008 1645 2209 2869 8887 5145 148471 44056 41052 2271 82 4182 318 12774 1892 7009 72 997 2162 3239 32 49
internal_value=1.20846e-08 -0.00268882 0.000109921 -0.000269359 -0.0020116 -0.00358514 0.000125401 0.000927857 -0.000738375 0.00104945 0.00566923 0.0155643 0.00292061 0.00314372 0.000771277 -0.00151916 0.00132746 -0.00121981 -0.00829958 -0.00541777 -0.0407676 0.000143183 -0.00777751 0.0018082 -0.00875822 -0.00790841 -0.0152238 -0.00342623 -0.0463806 -0.063828
internal_weight=217355 8535.73 208820 148765 27480.6 21054.3 121284 62873.7 58410.2 60055.2 3410.71 741.456 2669.25 6426.3 56644.5 11067.4 45577.1 6872.37 1109.47 1019.02 90.4467 5762.9 1001 4761.9 1663.36 1626.62 617.994 1008.63 36.7423 29.214
internal_count=902377 35848 866529 617037 115477 88352 501560 260004 241556 249492 14268 3172 11096 27125 235224 45701 189523 28776 4830 4430 400 23946 4163 19783 7072 6919 2683 4236 153 121
is_linear=0
shrinkage=0.05


Tree=190
num_leaves=31
num_cat=0
split_feature=13 14 14 14 9 14 7 9 11 18 10 9 11 9 19 14 3 9 15 15 14 7 13 7 17 15 13 14 16 16
split_gain=25.3464 54.915 49.0563 85.4771 108.5 61.1888 44.8963 44.7673 43.8782 46.0217 39.4492 36.4537 38.387 34.1895 54.7239 40.5187 31.5703 30.5745 29.4631 28.9363 28.3728 52.552 40.618 24.2308 26.5679 23.5548 20.9985 20.5376 17.0802 15.6489
threshold=0.027092901571398546 22.500000000000004 11.500000000000002 12.500000000000002 1.7344038511832873 9.5000000000000018 0.50892128613469689 0.109569471918558 1.3515596627692983 1.2492700741889398 40.492363925883062 -0.82355526205258112 2.1499486948815032 1.5927154240783239 -1.0000000180025095e-35 1.0000000180025095e-35 0.017173847078166164 1.7089859756620036 3.5000000000000004 1.5000000000000002 7.5000000000000009 0.50584559868237855 -0.033867254247974758 0.51453373974236016 0.011669046091953296 5.5000000000000009 0.067859925677143176 17.500000000000004 0.01160617348818538 0.005900634172667397
decision_type=2 2 2 2 2 2 2 2 2 2 2 2 2 2 2 2 2 2 2 2 2 2 2 2 2 2 2 2 2 2
left_child=8 2 5 4 -4 10 -7 -5 13 11 -2 12 -10 20 18 -16 -13 25 -15 28 21 -1 -22 27 -25 29 -21 -11 -19 -3
right_child=1 17 3 7 -6 6 -8 -9 9 23 -12 16 -14 14 15 -17 -18 19 -20 26 22 -23 -24 24 -26 -27 -28 -29 -30 -31
leaf_value=0.0017172466897481396 0.0076679398577533895 -0.016443841242493505 0.023839074650970959 0.007747814144262225 -0.0018634187832482292 -0.0086968472954087536 0.004828897160471253 0.0011351927665652641 0.0026953382929611777 -0.015605818114738858 0.00021296357439244001 -0.00092671385917847339 0.029352250206445538 0.024572749614576013 -0.022009304765790591 -0.0035785678381664078 -0.0095278244792548379 -0.02495558362404561 -0.015511418922575263 0.014682300801898597 -0.0023562579026265591 -0.0024901422474299939 8.0095879472768887e-05 0.019551677884877383 -0.023438143442348413 -0.032050895404879418 -0.0044141342545030177 -0.003497332451113202 -0.0019224851614514746 -0.0031484041378250349
leaf_weight=43626.937340267003 1980.7460758090019 461.5447156727314 1056.0891435742378 3062.5301919803023 671.78621403872967 3031.7710125148296 769.17162416875362 15582.254260249436 879.72532245516777 1291.6308155059814 17045.688474476337 3585.6914437711239 159.54629145562649 249.37030653655529 312.60659062862396 6471.5587333701551 1518.7462997213006 148.43764747679234 56.16872963309288 322.88309754431248 21555.944120697677 8943.0863289386034 82889.7386694327 124.75552776455879 50.481518760323524 141.2760443687439 259.77035290002823 480.45928268879652 175.82603476941586 425.21854770183563
leaf_count=180375 8301 1872 4857 13368 2867 12296 3124 65016 3644 5471 69811 14815 663 1041 1441 28363 6450 597 232 1312 89932 36837 342883 522 217 572 1053 2000 716 1729
internal_value=-2.0517e-08 0.00105466 0.00142377 0.0032073 0.0138461 -0.000167967 -0.00595973 0.00222136 -0.000276467 -0.00387099 0.000989064 -0.00174798 0.00678764 -9.92429e-05 -0.00349559 -0.00442784 -0.00348584 -0.00718606 0.0172039 -0.000494384 5.41119e-05 0.0010015 -0.000422729 -0.010569 0.00716736 -0.0130893 0.00616834 -0.0123229 -0.0124663 -0.0100684
internal_weight=217331 45135 43200 20372.7 1727.88 22827.4 3800.94 18644.8 172196 8091.04 19026.4 6143.71 1039.27 164105 7089.7 6784.17 5104.44 1934.96 305.539 906.917 157016 52570 104446 1947.33 175.237 1028.04 582.653 1772.09 324.264 886.763
internal_count=902377 187491 179640 86108 7724 93532 15420 78384 714886 33782 78112 25572 4307 681104 31077 29804 21265 7851 1273 3678 650027 217212 432815 8210 739 4173 2365 7471 1313 3601
is_linear=0
shrinkage=0.05


Tree=191
num_leaves=31
num_cat=0
split_feature=13 17 17 3 13 14 14 13 4 14 18 4 13 3 13 3 14 9 14 5 14 4 18 16 9 5 13 18 16 18
split_gain=24.1698 36.7346 34.6912 34.1574 40.0425 30.8864 43.9761 29.1567 72.9535 52.9223 45.278 40.7052 48.532 40.9777 25.2052 27.1344 26.4889 24.9744 24.0566 23.3674 23.3563 36.4799 27.6511 23.2438 19.895 41.3603 19.4987 18.8638 16.9823 10.1788
threshold=0.082783554866759604 0.13465265497101039 0.053784005252250751 0.10912186581183438 0.12086604516016321 21.500000000000004 11.500000000000002 0.013534745958751372 0.01039439156019697 1.0000000180025095e-35 2.1373867890188616 0.016193637415483419 -0.12253817901829754 0.0099207305445172551 0.15114400478283921 -0.058424794389902827 4.5000000000000009 2.1480688232766978 13.500000000000002 0.015032108175121094 5.5000000000000009 0.0039788318947362273 2.7906115442712909 0.065157378206777986 0.95934300958622565 0.0016363910423001569 0.15114400478283921 0.40525636304094764 0.02070299362735201 1.5922743567798365
decision_type=2 2 2 2 2 2 2 2 2 2 2 2 2 2 2 2 2 2 2 2 2 2 2 2 2 2 2 2 2 2
left_child=2 3 7 5 29 6 -2 11 9 -9 -10 13 -13 -1 15 -3 28 24 -17 -18 21 -19 -22 -6 25 -4 -7 -26 -16 -5
right_child=1 14 17 4 23 26 -8 8 10 -11 -12 12 -14 -15 16 18 19 20 -20 -21 22 -23 -24 -25 27 -27 -28 -29 -30 -31
leaf_value=-0.00024515787950554502 0.0025733698849946013 0.04416061222023638 -0.054804278297679233 -0.038781479386240575 -0.024456401684228905 -0.0029231263899976677 0.011293627616416132 0.010711219409119418 -0.0028116743994433522 0.0016831812856783167 0.01215778685790722 -0.0041554052062731687 0.0039381930519777385 -0.002767420130187815 -0.015210154137641771 -0.019545372183994006 -0.013401891259074088 0.053308462482479405 -0.0013444140253058301 0.0016245599835447858 -0.0056810078327001025 -0.020474800210616439 0.073631153555424197 0.0065885263897423694 -0.010545716163231003 -0.0046987094808390601 -0.034943926442270026 0.0011576247667478105 0.016632441464455788 -0.0095412485711402015
leaf_weight=114484.10410876945 3300.5658075362444 22.192472711205482 41.973579347133636 102.74766166508198 74.859675273299217 501.02003759145737 2572.7028562650084 1693.4649714231491 12692.823432408273 39163.519440367818 526.08013708889484 2279.2770614847541 9884.6990029290318 18738.756277754903 48.178450480103493 434.63205496966839 366.87293270230293 17.378113880753517 311.77216589450836 877.66821493208408 1375.0747799016535 465.28309113159776 11.077919512987135 309.8506773263216 376.60650852695107 2195.6160188317299 52.526685953140259 4014.8998734205961 319.85820028185844 41.899940371513367
leaf_count=473382 13644 96 170 414 308 2041 11273 7120 53003 161806 2235 9577 41323 79161 199 1764 1494 71 1266 3584 5722 1963 46 1297 1575 9119 216 17043 1294 171
internal_value=-9.09787e-09 0.0024886 -0.000111747 0.00432348 -0.00788469 0.00532903 0.00639316 2.15484e-05 0.00101277 0.00205738 -0.00221593 -0.00034713 0.00242162 -0.000599932 -0.00287165 -0.0103229 0.000679815 -0.00324045 -0.0119429 -0.00280502 -0.00834557 -0.0178182 -0.00504716 0.000547584 -0.00180126 -0.00563861 -0.00596162 0.00015397 0.012464 -0.0303115
internal_weight=217298 9337.35 207961 6956.17 529.358 6426.82 5873.27 199463 54075.9 40857 13218.9 145387 12164 133223 2381.17 768.597 1612.58 8497.91 746.404 1244.54 1868.81 482.661 1386.15 384.71 6629.1 2237.59 553.547 4391.51 368.037 144.648
internal_count=902377 39061 863316 29364 2190 27174 24917 827607 224164 168926 55238 603443 50900 552543 9697 3126 6571 35709 3030 5078 7802 2034 5768 1605 27907 9289 2257 18618 1493 585
is_linear=0
shrinkage=0.05


Tree=192
num_leaves=29
num_cat=0
split_feature=13 19 17 5 17 13 14 14 17 18 9 7 19 19 9 16 11 18 18 14 1 9 19 14 16 11 17 5
split_gain=22.7796 41.8913 57.8489 45.8732 38.0824 33.1851 38.7697 44.9974 33.1033 40.6852 36.9385 27.8753 26.5882 36.2921 25.737 41.9352 31.0267 34.8267 29.2866 25.1654 25.0378 23.2784 22.7513 21.7069 21.1296 13.976 5.91306 5.1341
threshold=0.11081522371121745 0.87103455402450092 0.089297339739333029 0.011063682162994503 0.068443476263228123 0.035345090142432485 1.0000000180025095e-35 11.500000000000002 0.0037971979055971832 0.87466923780137684 0.95934300958622565 0.47841199076398222 0.85558221037962812 0.80749260533131706 2.1480688232766978 0.017938065671130658 -1.1705736539865861 1.0704124844102016 3.1391708528306146 18.500000000000004 0.013125490084068383 -1.0419701176236817 0.35519410670702506 1.5000000000000002 0.065157378206777986 1.6942248477718096 0.055772365909552486 0.016913806602954756
decision_type=2 2 2 2 2 2 2 2 2 2 2 2 2 2 2 2 2 2 2 2 2 2 2 2 2 2 2 2
left_child=4 2 3 11 5 8 20 -8 10 -10 -1 -2 13 -4 16 25 17 -6 -17 -5 -7 -3 -18 26 -25 -16 -23 -14
right_child=1 21 12 19 14 6 7 -9 9 -11 -12 -13 27 -15 15 18 22 -19 -20 -21 -22 23 -24 24 -26 -27 -28 -29
leaf_value=0.00055406057421714464 0.051405005022695571 0.076225499029626331 0.0010609955027006779 0.0083552816045202212 0.0033095369423914497 0.015361930462692013 -0.00089618924737010523 0.0034301433148689526 0.00081394016602747993 -0.0022921806002731233 -0.0018571519978393216 0.017625979704324671 0.07267881109471723 -0.03149925652240082 -0.030332842847066745 -0.0064687604570538675 -0.0081186742076351879 -0.032241210039804721 0.061125117660834796 -0.013303589181672749 -0.0029511666466406346 -0.087843234345083149 0.00096556204080482447 -0.020099037744947132 0.033140935367207087 0.023417450882863903 -0.028762028813254445 0.018032805908322579
leaf_weight=113271.94203007966 66.427961885929108 6.5118642747402182 3149.0878523737192 562.21199363470078 116.03217079490423 809.44312387704849 11663.47028503567 12399.767856433988 15423.061592154205 33314.433554533869 18474.132831543684 757.96121916174889 14.800844416022302 87.971710711717606 241.01897242292762 1640.6373214945197 854.63938864693046 169.55951698869467 16.182948656380177 176.12827309221029 242.57753051817417 13.735456496477129 3561.3401659838855 194.11225506663322 20.615357428789139 12.732675060629843 6.1228259801864615 6.0572485625743857
leaf_count=468706 312 29 12955 2422 485 3434 47666 52684 63978 138949 77026 3378 61 359 984 6809 3607 708 67 751 1001 55 14957 807 85 52 25 25
internal_value=1.84315e-09 0.00331493 0.00433218 0.0122407 -7.90673e-05 4.10509e-05 0.00174392 0.00133317 -0.000195913 -0.00130924 0.000215948 0.0203478 0.000538707 0.000176124 -0.00381404 -0.00870751 -0.00182548 -0.0177974 -0.00580854 0.00318864 0.0111393 -0.0170245 -0.000792541 -0.019613 -0.0149876 -0.0276358 -0.069627 0.0568095
internal_weight=217273 5061.74 4820.65 1562.73 212211 205599 25115.3 24063.2 180484 48737.5 131746 824.389 3257.92 3237.06 6612.14 1910.57 4701.57 285.592 1656.82 738.34 1052.02 241.098 4415.98 234.586 214.728 253.752 19.8583 20.8581
internal_count=902377 21264 20263 6863 881113 853444 104785 100350 748659 202927 545732 3690 13400 13314 27669 7912 19757 1193 6876 3173 4435 1001 18564 972 892 1036 80 86
is_linear=0
shrinkage=0.05


Tree=193
num_leaves=31
num_cat=0
split_feature=13 14 14 14 14 4 9 17 12 2 18 13 4 13 19 11 16 19 2 4 1 2 15 16 15 14 8 15 2 4
split_gain=23.0314 58.3713 55.1252 110.797 51.4879 58.262 46.1517 33.106 30.2326 32.8349 42.9761 37.2661 31.9096 30.0563 28.3788 37.5737 30.4287 26.7513 24.5505 22.8161 23.8224 19.9162 16.7343 16.6763 13.5857 33.4823 12.9662 12.1677 9.51425 7.88036
threshold=-0.049719712456009472 1.0000000180025095e-35 11.500000000000002 10.500000000000002 21.500000000000004 0.013832979149244994 -2.1183917854881638 -0.068848911994032855 -1.0000000180025095e-35 -0.034080819597531169 1.0041178309811805 0.011433451326715251 0.0010517825401678857 -0.0027248908727874883 0.52890381311114909 -2.7239003046760977 -0.014743258539614832 0.52517727872528297 -0.027620077083500113 0.01368981148229763 0.0036009788117544743 0.0021112968224056288 1.0000000180025095e-35 -0.016112916671227991 1.0000000180025095e-35 17.500000000000004 0.081425492108567657 1.0000000180025095e-35 -0.040029937838966793 0.0091581816526141672
decision_type=2 2 2 2 2 2 2 2 2 2 2 2 2 2 2 2 2 2 2 2 2 2 2 2 2 2 2 2 2 2
left_child=1 19 3 17 5 -4 7 24 12 10 -10 -11 21 -14 16 -16 -9 -3 -6 26 22 -8 -21 -5 25 -2 27 -1 -26 -28
right_child=6 2 4 23 18 -7 8 14 9 11 -12 -13 13 -15 15 -17 -18 -19 -20 20 -22 -23 -24 -25 28 -27 29 -29 -30 -31
leaf_value=-0.04820675761688914 0.034315768250130795 -0.0042523164317090009 -0.010029772381340245 0.011363019703215288 -0.0044908859124741362 -0.0015102107686194464 -0.021514870752453695 -0.013332923826146183 0.012908175751960245 -0.00092545139406423739 0.00091464159112076562 0.00057153914949357673 0.0011862314848375369 0.0063723571559790877 -0.014421573014080613 0.0078793685179546821 0.0023171602901256197 0.0019006350670199943 0.0084866888061356834 -0.030564304185930508 -0.025081957583921288 0.080543462433728841 0.0054786232090092554 0.025773864558336253 0.0028028630608611465 -0.1298316382003169 -0.020278083752740497 -0.021809655196683882 0.044995227189406947 0.051907553342516614
leaf_weight=50.493021249771118 10.862893357872961 2552.0283137559891 3627.4411575682461 362.09309735894203 536.80394573509693 4491.4570770822465 179.2373860180378 389.54311559349298 1080.2740611732006 95903.544974129647 2420.4657608121634 73385.458382792771 15487.37153109163 3408.6451018303633 199.84599421918392 3440.9376780390739 1532.4616169258952 5739.1993202194571 1134.8901310935616 36.771665200591087 124.2970351986587 4.9112226217985144 259.2437886968255 450.54386472702026 15.950048126280306 4.3508987277746192 6.5620392411947241 322.3600275143981 82.320716895163059 8.9204470887780172
leaf_count=227 49 10619 15484 1494 2202 18724 731 1635 4666 397871 10351 303577 63710 15163 830 14559 6388 23772 4678 163 540 21 1104 1862 90 25 32 1394 374 42
internal_value=2.38479e-08 -0.00163009 -0.00106708 0.00173364 -0.00367135 -0.00531666 0.00016261 0.00460587 3.11608e-05 -0.000177402 0.00461566 -0.000276518 0.0019199 0.00212175 0.00406047 0.00665525 -0.000854727 6.76517e-06 0.00431941 -0.0147851 -0.00671218 -0.018793 0.00100129 0.0193527 0.0313402 -0.0126277 -0.0235227 -0.0253844 0.0381471 0.0213127
internal_weight=217249 19703.1 18894.5 9103.86 9790.59 8118.9 197546 5676.27 191870 172790 3500.74 169289 19080.2 18896 5562.79 3640.78 1922 8291.23 1671.69 808.648 420.312 184.149 296.015 812.637 113.485 15.2138 388.336 372.853 98.2708 15.4825
internal_count=902377 82337 78835 37747 41088 34208 820040 23950 796090 716465 15017 701448 79625 78873 23412 15389 8023 34391 6880 3502 1807 752 1267 3356 538 74 1695 1621 464 74
is_linear=0
shrinkage=0.05


Tree=194
num_leaves=31
num_cat=0
split_feature=13 14 15 9 3 16 5 3 9 9 16 13 16 5 5 14 19 15 3 1 9 9 18 15 15 5 5 14 16 2
split_gain=22.2718 38.6244 36.4035 37.6567 32.63 27.5953 37.6736 30.4773 41.258 34.6404 30.4652 29.6573 26.923 35.3034 25.221 22.1069 22.0776 22.92 20.8191 19.2476 18.216 18.0165 17.8384 17.6523 17.1718 16.0464 15.4765 12.3707 9.52353 9.44474
threshold=-0.089871567638469249 1.5000000000000002 3.5000000000000004 -2.6919908133646548 -0.062373231789314525 -0.033341347596943842 0.0056381118560191934 -0.029412791623214415 -1.8844227584113193 -2.9228685649240109 -0.096623025156759232 -0.028408019940257708 -0.030852175869518935 0.020016767235743454 0.015573348427794884 22.500000000000004 0.32237315905898828 1.5000000000000002 -0.0097799835013546704 0.02309063862265737 -2.7982300559947606 0.79254492052837378 1.1654093634463798 1.0000000180025095e-35 1.0000000180025095e-35 0.014122381981560557 0.013080051946802432 3.5000000000000004 -0.074501209565842982 -0.017528092537560543
decision_type=2 2 2 2 2 2 2 2 2 2 2 2 2 2 2 2 2 2 2 2 2 2 2 2 2 2 2 2 2 2
left_child=1 14 3 26 16 6 11 9 -9 -7 -8 -6 19 -14 28 -5 17 21 23 -4 22 -2 -18 -16 -20 -22 -3 -19 -1 -30
right_child=4 2 12 15 5 7 10 8 -10 -11 -12 -13 13 -15 18 -17 20 27 24 -21 25 -23 -24 -25 -26 -27 -28 -29 29 -31
leaf_value=0.00408559195884325 -0.02721991007304635 -0.0028132995085393825 -0.0010137624273951946 -0.0089966724163771123 -0.0076962186782236989 -0.0057311417898849512 0.037671865239123352 0.0033880162780350479 -0.0001953404651868385 0.0035244888377247139 -0.0059604987109827222 0.010859883281635023 0.0042518576391873519 0.026401606689969461 -0.051877916557083528 0.012160723798655286 0.0066152678983001385 -0.025010110639407175 0.037809446884651356 -0.028574671596691199 0.0020201613027333435 0.043908497892571036 0.027481960287378426 0.0082957714179596447 -0.058961057443788649 0.0123880967227316 0.010299366568774067 0.0081120023575214622 -0.036848655471008185 -0.017338785882978599
leaf_weight=23.737770110368729 122.85959634929895 437.77444443106651 745.05865654349327 2466.507191605866 310.78801426291466 1120.6814301684499 40.382088482379913 8400.3148811236024 183618.89013882354 10320.064946904778 4296.6784835010767 701.03124742954969 936.92343857139349 222.64377665519714 13.202111661434172 129.97101046144962 200.44005104899406 32.482329666614532 5.61887960135937 69.234065383672714 1107.2691737264395 9.5982940047979337 209.44053744524717 158.6528035402298 24.896909132599831 562.92032346129417 463.03229333460331 213.33500239253044 154.37420845031738 103.70499227941036
leaf_count=99 518 1814 3107 10395 1276 4614 173 35061 761725 42953 18003 2952 3939 939 56 529 865 140 25 287 4709 42 917 675 109 2469 1926 912 668 480
internal_value=1.80969e-08 -0.00301548 -0.00181759 -0.00488163 8.50208e-05 1.75975e-05 -0.00352744 0.000110795 -3.85784e-05 0.00261785 -0.00555424 0.00516023 0.00361128 0.00850474 -0.0165512 -0.0079376 0.00581187 -0.0052993 -0.0030847 -0.00335709 0.00783251 -0.0220657 0.0172777 0.00367315 -0.0411427 0.00551457 0.00392687 0.00373524 -0.0262213 -0.0290089
internal_weight=217223 5955.33 5471.14 3497.28 211267 208809 5348.88 203460 192019 11440.7 4337.06 1011.82 1973.86 1159.57 484.188 2596.48 2458.35 378.275 202.371 814.293 2080.07 132.458 409.881 171.855 30.5158 1670.19 900.807 245.817 281.817 258.079
internal_count=902377 25048 22936 14664 877329 866757 22404 844353 796786 47567 18176 4228 8272 4878 2112 10924 10572 1612 865 3394 8960 560 1782 731 134 7178 3740 1052 1247 1148
is_linear=0
shrinkage=0.05


Tree=195
num_leaves=29
num_cat=0
split_feature=17 5 14 5 16 17 9 17 11 18 18 18 9 5 6 7 11 15 4 8 9 15 6 7 14 7 4 18
split_gain=20.6799 32.8245 40.4872 24.0956 27.2079 33.2471 32.3772 30.6989 27.5807 23.4388 23.1086 29.4716 51.1421 25.7575 21.0878 20.6781 19.6613 33.8057 19.2753 21.0697 19.9889 19.1608 18.2345 17.125 16.5873 11.9021 9.55683 8.36545
threshold=0.18043513354790788 0.014566853500636167 4.5000000000000009 0.015032108175121094 -0.017625174656639705 -0.015599575948984199 1.3338342698756673 -0.088607505074445744 -0.47299013885449515 0.68269215289543939 0.59413050000028311 0.98930839161469797 0.109569471918558 0.017775564718260136 0.63242389044355896 0.44313096789402873 -0.92800233233232687 1.5000000000000002 0.019368741955743733 -0.044884881632486648 0.60799742945298985 5.5000000000000009 0.59817783316248929 0.48578610928511651 20.500000000000004 0.51453373974236016 0.023537793803678288 1.3840740968977518
decision_type=2 2 2 2 2 2 2 2 2 2 2 2 2 2 2 2 2 2 2 2 2 2 2 2 2 2 2 2
left_child=3 2 25 4 5 6 -1 9 -9 -6 13 12 -12 23 -7 -3 17 -17 19 -4 -20 -15 -18 -5 -13 26 -2 -27
right_child=1 15 18 10 7 14 -8 8 -10 -11 11 24 -14 21 -16 16 22 -19 20 -21 -22 -23 -24 -25 -26 27 -28 -29
leaf_value=-0.00098249148302330413 0.013949518086722849 0.10337996957443513 0.091287694700807429 0.01987195353753788 0.02586179706436615 -0.0081130156639380325 0.0079677997051749074 0.0011411107479521265 -0.00025971823205670717 0.0048792879381457776 0.022156177961642293 0.0033456677163798253 0.0013502430930232708 -0.0085007288146359012 -0.0025289273533286478 0.061376237286511807 0.0092518119052889865 -0.034237179983040149 0.057734646751054636 -0.02051370829991794 -0.049595136064574059 -0.041378607277528234 -0.0048395188749827192 -0.0028317754465081147 -0.0040843141375930311 0.0085263122383874464 -0.040341634578901386 0.087513081418046076
leaf_weight=14159.788844004273 39.497462891042233 4.6159193664789191 4.3880848586559287 135.26581930369139 188.80992040038109 2536.2994319722056 1088.0708167403936 47275.15214318037 136862.85770577192 451.03740739822388 544.23399501293898 5078.7544735968113 645.86328033357859 521.57051800191402 5071.0796000808477 10.336488068103789 322.96152992546558 87.523074358701706 4.5164257287979117 106.27304033562541 109.80057695508003 48.429363697767258 793.9870148524642 215.18768735975027 881.55837574601173 5.6732978522777548 10.198830768465994 8.1931270062923414
leaf_count=59134 162 21 19 572 794 10485 4541 196147 567993 1892 2298 21396 2728 2197 21210 43 1332 362 19 435 444 206 3278 898 3673 23 41 34
internal_value=1.80863e-08 -0.00583492 -0.0210001 4.08096e-05 -6.33794e-05 -0.00169081 -0.000343808 0.000137918 9.99272e-05 0.0110709 0.0027212 0.00368111 0.0108648 -0.00473575 -0.00439066 -0.00224653 -0.00264788 -0.0241379 -0.0309554 -0.0160804 -0.0453548 -0.0112942 -0.000765063 0.00593127 0.00224674 0.0142365 0.00280772 0.0551965
internal_weight=217212 1507.96 288.541 215704 207633 22855.2 15247.9 184778 184138 639.847 8070.86 7150.41 1190.1 920.453 7607.38 1219.42 1214.81 97.8596 224.978 110.661 114.317 570 1116.95 350.454 5960.31 63.5627 49.6963 13.8664
internal_count=902377 6213 1177 896164 862196 95370 63675 766826 764140 2686 33968 30095 5026 3873 31695 5036 5015 405 917 454 463 2403 4610 1470 25069 260 203 57
is_linear=0
shrinkage=0.05


Tree=196
num_leaves=30
num_cat=0
split_feature=13 17 8 15 5 19 13 5 17 19 13 9 13 19 15 14 14 15 15 11 7 5 7 18 16 7 5 6 17
split_gain=21.6284 31.5267 24.4827 36.0339 33.3676 22.5698 22.438 21.3901 45.156 56.9821 56.9611 30.4655 41.6176 27.0548 19.3366 51.3271 29.4847 28.0515 22.2126 19.8783 18.9487 17.2702 18.7363 16.5809 11.5606 10.5702 7.15768 3.43244 1.91408
threshold=-0.14141431922022427 -0.1648207366107364 -0.039649105443105986 5.5000000000000009 0.0116996039356179 0.68216293478212076 0.030156785118923283 0.015032108175121094 0.18043513354790788 0.18328570563067434 0.11081522371121745 2.8007701885305174 0.17895713904814195 0.33066342531201814 3.5000000000000004 4.5000000000000009 11.500000000000002 1.0000000180025095e-35 1.0000000180025095e-35 -1.9415080464427803 0.51453373974236016 0.0070581746617719944 0.5014687172348915 2.3508849655888819 -0.074501209565842982 0.47273111539257912 0.0052121346410487464 0.65934302206345741 -0.072710332081253035
decision_type=2 2 2 2 2 2 2 2 2 2 2 2 2 2 2 2 2 2 2 2 2 2 2 2 2 2 2 2 2
left_child=2 6 3 4 25 24 21 8 10 -10 -3 13 -13 -9 16 23 17 -4 -18 -17 -6 26 -23 -16 -5 -1 -2 -8 -7
right_child=1 7 14 5 20 28 27 11 9 -11 -12 12 -14 -15 15 19 18 -19 -20 -21 -22 22 -24 -25 -26 -27 -28 -29 -30
leaf_value=-0.056058632795233501 0.018614013793613948 -0.00013923547774333407 0.024813594036106702 0.055704866238915532 0.0052090319802847035 -0.096603928106040432 -0.091115317561230563 -0.0028172981432450237 0.042462184357269298 -0.026249073392974588 0.0072435443643244102 -0.022133286676803095 0.0029930626385281781 0.0050369986790318811 -0.053912975684502901 -0.029424423231303627 -0.053626240777431611 -0.013648297907894095 -0.020498788964918049 0.014440072660418019 0.068676600636148416 0.022705065622832938 -0.013837653635018043 0.0084618373473707518 -0.045390116608457286 -0.016259895280821446 0.088963793034209093 -0.028134793716498907 -0.065110122543243998
leaf_weight=22.08526773750782 5.1468845605850246 204448.56498218328 62.062341958284378 5.5769989937543869 695.34212309122086 11.95008470118046 4.6593992263078672 1352.3988555595279 33.770658791065216 283.25475883483887 2646.4543348923326 283.94007742404938 392.76019148528576 5792.2015489004552 51.217829614877701 29.360756769776344 63.832552656531334 200.74376513063908 244.12347368523479 214.66306386888027 11.962555155158041 201.21504806727171 42.48270146548748 13.452907606959341 5.7367386296391505 68.209974318742752 12.153214916586874 4.0384020432829857 8.0909400135278684
leaf_count=96 22 848534 261 24 2912 48 20 5692 137 1154 11306 1171 1589 24393 218 125 280 850 1057 909 50 861 178 59 26 300 51 21 33
internal_value=2.08232e-08 4.4444e-05 -0.00560363 0.000561548 0.00262845 -0.0520161 0.0171289 2.30366e-05 -7.37565e-05 -0.0189297 -4.48914e-05 0.00258988 -0.00754983 0.00355026 -0.0114148 -0.00133349 -0.0168672 -0.00456542 -0.0273654 0.00916233 0.00628245 0.0197616 0.0163347 -0.0409377 0.00444369 -0.0259942 0.0680343 -0.0618734 -0.0838893
internal_weight=217211 215503 1708.41 828.955 797.6 31.3548 269.696 215233 207412 317.025 207095 7821.3 676.7 7144.6 879.457 308.695 570.762 262.806 307.956 244.024 707.305 260.998 243.698 64.6707 11.3137 90.2952 17.3001 8.6978 20.041
internal_count=902377 895129 7248 3489 3358 131 1153 893976 861131 1291 859840 32845 2760 30085 3759 1311 2448 1111 1337 1034 2962 1112 1039 277 50 396 73 41 81
is_linear=0
shrinkage=0.05


Tree=197
num_leaves=31
num_cat=0
split_feature=1 8 18 19 1 2 9 18 18 19 4 11 7 15 7 3 9 4 10 19 16 16 6 7 7 19 15 8 3 9
split_gain=20.4633 27.5565 31.7929 32.7417 27.7209 27.4913 22.5896 21.3251 34.5753 31.3718 31.8155 21.9583 42.6675 21.8758 38.5402 25.088 22.2952 31.5563 21.1459 20.8516 19.9397 19.7749 19.455 18.8894 18.7573 16.7794 14.5808 14.1111 14.0482 11.5034
threshold=0.002129495302887197 -0.039649105443105986 1.0000000180025095e-35 0.20175720494550961 -0.04612090114610528 0.0057916529109944834 1.528152746499887 0.20608766624130331 0.57992862038620541 0.28301886651273939 0.0064100487260426711 0.2975447529751023 0.47553358300140219 2.5000000000000004 0.52144842621864818 -0.029412791623214415 0.85260345723513542 0.0043656905856978541 68.659226931265621 0.85065739491189085 0.0121834617842298 0.055184158319325723 0.4968236624932959 0.4549374091641169 0.52659000940470047 0.82555224768731039 5.5000000000000009 -0.061130918933929683 0.013158239635786774 0.018316048423755654
decision_type=2 2 2 2 2 2 2 2 2 2 2 2 2 2 2 2 2 2 2 2 2 2 2 2 2 2 2 2 2 2
left_child=1 2 3 -1 29 6 19 13 9 10 -9 27 -13 14 15 -2 21 -18 25 -3 -8 -15 -5 -6 -20 -7 -11 -10 -16 -4
right_child=7 5 4 22 23 18 20 8 11 26 -12 12 -14 16 28 -17 17 -19 24 -21 -22 -23 -24 -25 -26 -27 -28 -29 -30 -31
leaf_value=0.0018296772247650532 -0.019264220884770384 0.0011150457373133103 0.0060676733403871811 -0.0027834100672803103 -0.0082253073160630831 -0.0011637730514397126 -0.0030565266602687515 0.010230210754664119 0.0043241037245069997 0.0095992492600993178 -0.0057403638997625822 -0.0079396227244015079 -0.0010371120861185417 -0.0019331848420720253 0.022591303805387899 -0.00085685201523912145 -0.00030214535956661745 -0.012243678470178617 0.0010238746160605239 0.0036743410839645239 0.0026530494273972263 -0.047291977364511545 0.029851887977940906 -0.0016240242316326748 0.0143518637097764 -0.0057788526458767428 -0.0047892142923413377 -5.5356981296652338e-05 0.0053842205083362918 0.026437403536601897
leaf_weight=4655.9205483496189 192.40384870767593 67982.590226992965 569.28397036343813 62.48160982131958 1135.7482545301318 12116.03376064077 5432.5513942837715 440.01354152709246 1928.1889800354838 1962.4932124093175 1070.5825252570212 2490.8887541145086 22125.559810038656 3892.3362057358027 219.75993159413338 4880.8993782028556 829.71652071923018 1660.2045123949647 5507.2745390683413 9013.8820800557733 2128.194223061204 24.178045123815536 169.68442710489035 23638.226348087192 277.27738569676876 2351.810566060245 193.42642465233803 39914.271578408778 257.72705406695604 78.918437153100967
leaf_count=19357 796 282032 2470 260 4712 50324 22611 1831 7996 8135 4486 10368 92127 16048 915 20317 3424 6912 22779 37387 8868 99 723 98382 1147 9745 804 165904 1072 346
internal_value=1.38197e-08 0.000378274 -0.000949513 0.00274347 -0.00165959 0.000762262 0.00115857 -0.000622658 -0.00028987 0.00443691 -0.00108838 -0.000550645 -0.00173556 -0.00257435 -0.000276789 -0.00155495 -0.00456506 -0.0082644 -0.000892382 0.00141466 -0.0014494 -0.0022132 0.0210689 -0.00192666 0.00166274 -0.00191397 0.00830833 0.000146458 0.0133037 0.00854768
internal_weight=217203 135120 30310.3 4888.09 25422.2 104810 84557.2 82082.7 70125.4 3666.52 1510.6 66458.9 24616.4 11957.2 5550.79 5073.3 6406.44 2489.92 20252.4 76996.5 7560.75 3916.51 232.166 24774 5784.55 14467.8 2155.92 41842.5 477.487 648.202
internal_count=902377 561143 126250 20340 105910 434893 350898 341234 291651 15256 6317 276395 102495 49583 23100 21113 26483 10336 83995 319419 31479 16147 983 103094 23926 60069 8939 173900 1987 2816
is_linear=0
shrinkage=0.05


Tree=198
num_leaves=31
num_cat=0
split_feature=13 14 14 9 14 15 11 15 4 5 4 14 2 3 9 18 13 15 17 19 13 4 14 10 11 14 14 19 17 13
split_gain=21.531 65.29 145.306 95.1575 93.9126 61.9776 55.7802 57.3607 56.2526 53.7611 53.1666 49.9352 39.5576 44.8377 34.0738 43.5697 33.8761 31.9093 28.8599 52.5587 68.7256 62.9341 27.5568 25.8398 38.0729 32.9668 12.8444 14.3644 12.6205 11.3499
threshold=-0.024286901879996544 11.500000000000002 13.500000000000002 -1.9921828679041178 9.5000000000000018 1.5000000000000002 -1.7774282407047197 1.0000000180025095e-35 0.0058205647881457998 0.0055319173466016952 0.0082417582417582524 1.5000000000000002 -0.060119194529092305 -0.017370015708623284 -1.6742701433092002 1.464109078801082 0.013194525758403743 2.5000000000000004 -0.0012650273861571912 0.35519410670702506 -0.00026451694608692339 0.0010517825401678857 1.5000000000000002 41.634270308854319 0.059251004062980506 3.5000000000000004 22.500000000000004 0.72219084380956944 -0.072710332081253035 -0.017545675989803052
decision_type=2 2 2 2 2 2 2 2 2 2 2 2 2 2 2 2 2 2 2 2 2 2 2 2 2 2 2 2 2 2
left_child=1 4 3 17 5 11 7 -4 -8 -7 -5 -1 28 -14 15 16 22 -3 19 20 -16 -21 -2 24 -20 -25 29 -28 -6 -17
right_child=14 2 6 10 12 9 8 -9 -10 -11 -12 -13 13 -15 18 26 -18 -19 23 21 -22 -23 -24 25 -26 -27 27 -29 -30 -31
leaf_value=-0.014517342942127498 0.014850373602321727 -0.006166145990262821 0.0093546703401979313 -0.025681127936123607 0.014178949968477968 -0.0026207358059874173 -0.010207511027051223 -0.01471869323316384 0.00046452167200140598 0.0038977061969315933 -0.01120609803886435 -0.0026022979352019202 0.0012308407968577631 0.012247477855486622 -0.00037421245367951411 0.012731926498673832 0.045677771873273022 0.012543480440240909 0.002922324087283051 -0.024368257081326131 0.011131222620679721 0.00067601642005073864 0.0013573168838907372 -0.0028961534213732629 -0.0014264498452381605 -0.00029422334559089675 -0.089155253287791933 0.014834289489016614 0.045118388978791224 0.030622477230844297
leaf_weight=1081.875645428896 415.76672118157148 547.99419757723808 306.28473453223705 1046.7781157493591 51.722246214747429 5169.9136116430163 1334.5309682562947 1288.0824579298496 16519.165587626398 8149.0708561688662 1610.1388203389943 4697.0434371009469 1746.1729846298695 1960.6491196155548 2413.5240585803986 160.78400299698114 46.028176434338093 390.13390490412712 12817.372679904103 252.03003022074699 2808.0132762342691 53444.888644956052 4210.0065855160356 14673.283220831305 8286.959166482091 71466.333372756839 5.5059864670038214 8.3675773441791517 90.864419057965279 197.60335043072701
leaf_count=4668 1881 2316 1265 4851 224 21539 5584 5317 68397 33934 7080 19357 7121 8153 9888 706 333 1649 53190 1016 11780 221244 18346 60647 34317 296070 25 39 391 1049
internal_value=1.28779e-08 -0.000960498 -0.00284049 -0.0120753 0.000927339 -0.000508713 -0.0011334 -0.0100941 -0.000333193 0.0013675 -0.016909 -0.00483292 0.00805196 0.00705787 0.00025803 0.00430655 0.00299479 0.00161452 0.000135133 0.00102415 0.00581313 0.000558469 0.00257008 -0.000353284 0.00121471 -0.000737444 0.0207689 -0.0264359 0.0338953 0.0225962
internal_weight=217197 45990.4 23043.1 3595.05 22947.3 19097.9 19448.1 1594.37 17853.7 13319 2656.92 5778.92 3849.41 3706.82 171206 5044.06 4671.8 938.128 166162 58918.5 5221.54 53696.9 4625.77 107244 21104.3 86139.6 372.261 13.8736 142.587 358.387
internal_count=902377 191846 96459 15896 95387 79498 80563 6582 73981 55473 11931 24025 15889 15274 710531 22379 20560 3965 688152 243928 21668 222260 20227 444224 87507 356717 1819 64 615 1755
is_linear=0
shrinkage=0.05


Tree=199
num_leaves=31
num_cat=0
split_feature=13 17 13 17 19 4 9 15 19 13 16 13 4 6 11 5 14 18 14 14 2 3 15 4 16 3 19 19 5 15
split_gain=21.7557 31.2509 27.9337 25.2884 41.8011 41.0358 56.8043 39.5112 38.9457 57.2218 47.1061 29.2609 45.9662 42.7644 38.6236 49.703 44.654 35.122 24.185 65.5847 50.2092 34.6785 53.869 43.8007 31.0428 16.5051 39.0329 31.8141 15.849 28.2541
threshold=-0.077142940274329538 -0.097562248152198758 -0.17912607172223297 -0.039865382877194093 0.058479582048460536 0.0071480997678913883 -2.4469336032909808 2.5000000000000004 -0.22841295831812389 -0.00048151043733707372 -0.015430832525035241 0.020753416001427331 0.0057428810737635205 0.64806878629780673 1.4802726790007501 0.0116996039356179 17.500000000000004 2.1373867890188616 8.5000000000000018 11.500000000000002 -0.010166195056912962 -0.01379429720380426 1.0000000180025095e-35 0.026740941516130937 -0.015080579612313237 -0.12038775307873127 0.28301886651273939 -0.11042227385400437 0.026984370599121139 5.5000000000000009
decision_type=2 2 2 2 2 2 2 2 2 2 2 2 2 2 2 2 2 2 2 2 2 2 2 2 2 2 2 2 2 2
left_child=1 2 28 4 8 7 -7 -6 9 -2 -10 14 13 -13 15 -5 -16 -14 21 20 -20 22 -3 -23 -21 26 -4 -27 29 -1
right_child=3 18 25 11 5 6 -8 -9 10 -11 -12 12 17 -15 16 -17 -18 -19 19 24 -22 23 -24 -25 -26 27 -28 -29 -30 -31
leaf_value=-0.010793831061019993 0.019718504186609878 -0.023293937801816447 -0.021888659414418553 -0.00042694007419444318 0.0013730970476746136 0.014463438798513528 0.00063285237324836824 0.015730045322311755 -0.003485423276210103 -0.06496146620248576 -0.033094206213916115 -0.00062993267112046133 2.5646727013181327e-05 0.0067730358204400572 -0.0074184198070671422 0.0052148638200894349 0.0034390123561271278 0.0073167966561749264 0.021254968486074013 -0.0097911925938602914 -0.0034069663528712457 -0.024610777685356092 -0.0013872890786186043 0.021465037535397649 7.1268766040366878e-05 0.060148884499202797 0.036531621062383862 0.0038406710102670862 0.0027936948390000363 -0.085464098833806471
leaf_weight=285.48675610125065 171.93838649988174 335.62012711167336 37.750655099749565 132625.25478648022 843.00686679780483 801.94375282526016 9999.4170189127326 1110.5092274844646 314.18802141398191 22.568477109074593 234.6594270914793 2945.2357032895088 43007.218847595155 5777.6374002695084 3796.5030596405268 4022.1808983273804 1261.7082014009356 1717.6508029028773 482.63219024240971 1631.8004565089941 360.56292377412319 460.55633879452944 1712.6021772921085 58.084284670650959 1561.2283928282559 25.634357109665871 117.85089120268822 1170.7368299365044 258.94606947898865 13.256812036037443
leaf_count=1200 715 1406 155 549915 3515 3446 41935 4616 1308 98 971 12109 178342 24102 15997 17025 5248 7187 1997 6844 1513 2003 7145 254 6722 107 514 4843 1092 53
internal_value=-3.19547e-09 -0.00247764 0.00315564 0.000101082 0.00219408 0.0028658 0.0016597 0.00953455 -0.00933157 0.00989315 -0.0161446 -4.36856e-05 0.000953222 0.00427346 -0.000419693 -0.000260875 -0.00471017 0.000305662 -0.00410683 -0.00169369 0.0107092 -0.00790134 -0.0049769 -0.0194506 -0.00496895 0.00703954 0.0223582 0.00504717 -0.00625986 -0.0141073
internal_weight=217164 8512.75 1909.66 208652 13498.2 12754.9 10801.4 1953.52 743.354 194.507 548.847 195153 53447.7 8722.87 141706 136647 5058.21 44724.9 6603.09 4036.22 843.195 2566.86 2048.22 518.641 3193.03 1351.97 155.602 1196.37 557.69 298.744
internal_count=902377 35848 7964 866529 56604 53512 45381 8131 3092 813 2279 809925 221740 36211 588185 566940 21245 185529 27884 17076 3510 10808 8551 2257 13566 5619 669 4950 2345 1253
is_linear=0
shrinkage=0.05


end of trees

feature_importances:
h4_momentum=1053
hour=744
zscore=557
rel_ret_60=443
atr_pct=371
dow=365
corr_20=342
ret_20=332
std_20=325
beta_20=280
sma_cross=183
skew=173
rel_ret_20=147
ret_10=146
rsi=117
taker_buy=112
ret_4=84
clv=77
vol_ratio=71
ret_1=50

parameters:
[boosting: gbdt]
[objective: binary]
[metric: binary_logloss]
[tree_learner: serial]
[device_type: cpu]
[data_sample_strategy: bagging]
[data: ]
[valid: ]
[num_iterations: 200]
[learning_rate: 0.05]
[num_leaves: 31]
[num_threads: 2]
[seed: 42]
[deterministic: 0]
[force_col_wise: 0]
[force_row_wise: 0]
[histogram_pool_size: -1]
[max_depth: 5]
[min_data_in_leaf: 20]
[min_sum_hessian_in_leaf: 0.001]
[bagging_fraction: 0.8]
[pos_bagging_fraction: 1]
[neg_bagging_fraction: 1]
[bagging_freq: 0]
[bagging_seed: 400]
[bagging_by_query: 0]
[feature_fraction: 0.8]
[feature_fraction_bynode: 1]
[feature_fraction_seed: 30056]
[extra_trees: 0]
[extra_seed: 12879]
[early_stopping_round: 0]
[early_stopping_min_delta: 0]
[first_metric_only: 0]
[max_delta_step: 0]
[lambda_l1: 0]
[lambda_l2: 0]
[linear_lambda: 0]
[min_gain_to_split: 0]
[drop_rate: 0.1]
[max_drop: 50]
[skip_drop: 0.5]
[xgboost_dart_mode: 0]
[uniform_drop: 0]
[drop_seed: 17869]
[top_rate: 0.2]
[other_rate: 0.1]
[min_data_per_group: 100]
[max_cat_threshold: 32]
[cat_l2: 10]
[cat_smooth: 10]
[max_cat_to_onehot: 4]
[top_k: 20]
[monotone_constraints: ]
[monotone_constraints_method: basic]
[monotone_penalty: 0]
[feature_contri: ]
[forcedsplits_filename: ]
[refit_decay_rate: 0.9]
[cegb_tradeoff: 1]
[cegb_penalty_split: 0]
[cegb_penalty_feature_lazy: ]
[cegb_penalty_feature_coupled: ]
[path_smooth: 0]
[interaction_constraints: ]
[verbosity: -1]
[saved_feature_importance_type: 0]
[use_quantized_grad: 0]
[num_grad_quant_bins: 4]
[quant_train_renew_leaf: 0]
[stochastic_rounding: 1]
[linear_tree: 0]
[max_bin: 255]
[max_bin_by_feature: ]
[min_data_in_bin: 3]
[bin_construct_sample_cnt: 200000]
[data_random_seed: 175]
[is_enable_sparse: 1]
[enable_bundle: 1]
[use_missing: 1]
[zero_as_missing: 0]
[feature_pre_filter: 1]
[pre_partition: 0]
[two_round: 0]
[header: 0]
[label_column: ]
[weight_column: ]
[group_column: ]
[ignore_column: ]
[categorical_feature: ]
[forcedbins_filename: ]
[precise_float_parser: 0]
[parser_config_file: ]
[objective_seed: 16083]
[num_class: 1]
[is_unbalance: 0]
[scale_pos_weight: 1]
[sigmoid: 1]
[boost_from_average: 1]
[reg_sqrt: 0]
[alpha: 0.9]
[fair_c: 1]
[poisson_max_delta_step: 0.7]
[tweedie_variance_power: 1.5]
[lambdarank_truncation_level: 30]
[lambdarank_norm: 1]
[label_gain: ]
[lambdarank_position_bias_regularization: 0]
[eval_at: ]
[multi_error_top_k: 1]
[auc_mu_weights: ]
[num_machines: 1]
[local_listen_port: 12400]
[time_out: 120]
[machine_list_filename: ]
[machines: ]
[gpu_platform_id: -1]
[gpu_device_id: -1]
[gpu_device_id_list: ]
[gpu_use_dp: 0]
[num_gpu: 1]

end of parameters

pandas_categorical:[]
